cycle,arm,target_rate,t_rel,deploy,container,hpa_util_pct,current_replicas,desired_replicas,ready_replicas,pending_pods
1,normal,200,0,adservice,server,7,2,2,2,0
1,normal,200,0,cartservice,server,1,2,2,2,0
1,normal,200,0,checkoutservice,checkout,0,2,2,2,0
1,normal,200,0,currencyservice,server,0,2,2,2,0
1,normal,200,0,emailservice,email,2,2,2,2,0
1,normal,200,0,frontend,server,0,2,2,2,0
1,normal,200,0,paymentservice,-,,,0,2,0
1,normal,200,0,productcatalogservice,-,,,0,2,0
1,normal,200,0,recommendationservice,-,,,0,2,0
1,normal,200,0,redis-cart,-,,1,1,1,0
1,normal,200,0,shippingservice,-,,,0,2,0
1,normal,200,15,adservice,server,5,2,2,2,0
1,normal,200,15,cartservice,server,49,2,2,2,0
1,normal,200,15,checkoutservice,checkout,56,2,2,2,0
1,normal,200,15,currencyservice,server,77,2,2,2,0
1,normal,200,15,emailservice,email,20,2,2,2,0
1,normal,200,15,frontend,server,45,2,2,2,0
1,normal,200,15,paymentservice,payment,42,2,2,2,0
1,normal,200,15,productcatalogservice,server,0,2,2,2,0
1,normal,200,15,recommendationservice,server,0,2,2,2,0
1,normal,200,15,redis-cart,-,,1,1,1,0
1,normal,200,15,shippingservice,server,0,2,2,2,0
1,normal,200,30,adservice,server,3,2,2,2,0
1,normal,200,30,cartservice,server,97,2,2,2,0
1,normal,200,30,checkoutservice,checkout,76,2,2,2,0
1,normal,200,30,currencyservice,server,79,2,3,2,1
1,normal,200,30,emailservice,email,86,2,2,2,0
1,normal,200,30,frontend,server,74,2,2,2,0
1,normal,200,30,paymentservice,payment,125,2,2,2,0
1,normal,200,30,productcatalogservice,server,71,2,2,2,0
1,normal,200,30,recommendationservice,server,66,2,2,2,0
1,normal,200,30,redis-cart,-,,1,1,1,0
1,normal,200,30,shippingservice,server,29,2,2,2,0
1,normal,200,46,adservice,server,313,2,2,2,0
1,normal,200,46,cartservice,server,87,2,3,2,0
1,normal,200,46,checkoutservice,checkout,70,2,2,2,0
1,normal,200,46,currencyservice,server,76,3,3,3,0
1,normal,200,46,emailservice,email,84,2,3,2,1
1,normal,200,46,frontend,server,71,2,2,2,0
1,normal,200,46,paymentservice,payment,86,2,3,2,1
1,normal,200,46,productcatalogservice,server,68,2,2,2,0
1,normal,200,46,recommendationservice,server,69,2,2,2,0
1,normal,200,46,redis-cart,-,,1,1,1,0
1,normal,200,46,shippingservice,server,77,2,2,2,0
1,normal,200,61,adservice,server,182,2,6,2,0
1,normal,200,61,cartservice,server,79,3,3,2,0
1,normal,200,61,checkoutservice,checkout,78,2,2,2,0
1,normal,200,61,currencyservice,server,74,3,3,3,0
1,normal,200,61,emailservice,email,81,3,3,3,0
1,normal,200,61,frontend,server,72,2,2,2,0
1,normal,200,61,paymentservice,payment,88,3,3,3,0
1,normal,200,61,productcatalogservice,server,65,2,2,2,0
1,normal,200,61,recommendationservice,server,69,2,2,2,0
1,normal,200,61,redis-cart,-,,1,1,1,0
1,normal,200,61,shippingservice,server,74,2,2,2,0
1,normal,200,76,adservice,server,138,6,6,2,0
1,normal,200,76,cartservice,server,79,3,3,3,0
1,normal,200,76,checkoutservice,checkout,75,2,2,2,0
1,normal,200,76,currencyservice,server,50,3,3,3,0
1,normal,200,76,emailservice,email,86,3,3,3,0
1,normal,200,76,frontend,server,71,2,2,2,0
1,normal,200,76,paymentservice,payment,53,3,3,3,0
1,normal,200,76,productcatalogservice,server,73,2,2,2,0
1,normal,200,76,recommendationservice,server,70,2,2,2,0
1,normal,200,76,redis-cart,-,,1,1,1,0
1,normal,200,76,shippingservice,server,75,2,2,2,0
1,normal,200,91,adservice,server,138,6,6,2,0
1,normal,200,91,cartservice,server,49,3,3,3,0
1,normal,200,91,checkoutservice,checkout,68,2,2,2,0
1,normal,200,91,currencyservice,server,49,3,3,3,0
1,normal,200,91,emailservice,email,53,3,3,3,0
1,normal,200,91,frontend,server,70,2,2,2,0
1,normal,200,91,paymentservice,payment,54,3,3,3,0
1,normal,200,91,productcatalogservice,server,67,2,2,2,0
1,normal,200,91,recommendationservice,server,67,2,2,2,0
1,normal,200,91,redis-cart,-,,1,1,1,0
1,normal,200,91,shippingservice,server,66,2,2,2,0
1,normal,200,106,adservice,server,67,6,6,6,0
1,normal,200,106,cartservice,server,50,3,3,3,0
1,normal,200,106,checkoutservice,checkout,74,2,2,2,0
1,normal,200,106,currencyservice,server,48,3,3,3,0
1,normal,200,106,emailservice,email,56,3,3,3,0
1,normal,200,106,frontend,server,72,2,2,2,0
1,normal,200,106,paymentservice,payment,52,3,3,3,0
1,normal,200,106,productcatalogservice,server,69,2,2,2,0
1,normal,200,106,recommendationservice,server,72,2,2,2,0
1,normal,200,106,redis-cart,-,,1,1,1,0
1,normal,200,106,shippingservice,server,76,2,2,2,0
1,normal,200,122,adservice,server,26,6,6,6,0
1,normal,200,122,cartservice,server,57,3,3,3,0
1,normal,200,122,checkoutservice,checkout,68,2,2,2,0
1,normal,200,122,currencyservice,server,48,3,3,3,0
1,normal,200,122,emailservice,email,57,3,3,3,0
1,normal,200,122,frontend,server,73,2,2,2,0
1,normal,200,122,paymentservice,payment,53,3,3,3,0
1,normal,200,122,productcatalogservice,server,69,2,2,2,0
1,normal,200,122,recommendationservice,server,68,2,2,2,0
1,normal,200,122,redis-cart,-,,1,1,1,0
1,normal,200,122,shippingservice,server,75,2,2,2,0
1,normal,200,137,adservice,server,26,6,6,6,0
1,normal,200,137,cartservice,server,56,3,3,3,0
1,normal,200,137,checkoutservice,checkout,77,2,2,2,0
1,normal,200,137,currencyservice,server,49,3,3,3,0
1,normal,200,137,emailservice,email,56,3,3,3,0
1,normal,200,137,frontend,server,72,2,2,2,0
1,normal,200,137,paymentservice,payment,55,3,3,3,0
1,normal,200,137,productcatalogservice,server,69,2,2,2,0
1,normal,200,137,recommendationservice,server,69,2,2,2,0
1,normal,200,137,redis-cart,-,,1,1,1,0
1,normal,200,137,shippingservice,server,76,2,2,2,0
1,normal,200,152,adservice,server,21,6,6,6,0
1,normal,200,152,cartservice,server,57,3,3,3,0
1,normal,200,152,checkoutservice,checkout,71,2,2,2,0
1,normal,200,152,currencyservice,server,48,3,3,3,0
1,normal,200,152,emailservice,email,55,3,3,3,0
1,normal,200,152,frontend,server,69,2,2,2,0
1,normal,200,152,paymentservice,payment,58,3,3,3,0
1,normal,200,152,productcatalogservice,server,69,2,2,2,0
1,normal,200,152,recommendationservice,server,67,2,2,2,0
1,normal,200,152,redis-cart,-,,1,1,1,0
1,normal,200,152,shippingservice,server,75,2,2,2,0
1,normal,200,167,adservice,server,21,6,2,2,0
1,normal,200,167,cartservice,server,55,3,3,3,0
1,normal,200,167,checkoutservice,checkout,76,2,2,2,0
1,normal,200,167,currencyservice,server,47,3,3,3,0
1,normal,200,167,emailservice,email,54,3,3,3,0
1,normal,200,167,frontend,server,69,2,2,2,0
1,normal,200,167,paymentservice,payment,53,3,3,3,0
1,normal,200,167,productcatalogservice,server,68,2,2,2,0
1,normal,200,167,recommendationservice,server,65,2,2,2,0
1,normal,200,167,redis-cart,-,,1,1,1,0
1,normal,200,167,shippingservice,server,69,2,2,2,0
1,normal,200,182,adservice,server,65,2,2,2,0
1,normal,200,182,cartservice,server,51,3,3,3,0
1,normal,200,182,checkoutservice,checkout,76,2,2,2,0
1,normal,200,182,currencyservice,server,52,3,3,3,0
1,normal,200,182,emailservice,email,55,3,3,3,0
1,normal,200,182,frontend,server,72,2,2,2,0
1,normal,200,182,paymentservice,payment,60,3,3,3,0
1,normal,200,182,productcatalogservice,server,69,2,2,2,0
1,normal,200,182,recommendationservice,server,71,2,2,2,0
1,normal,200,182,redis-cart,-,,1,1,1,0
1,normal,200,182,shippingservice,server,79,2,2,2,0
1,normal,200,198,adservice,server,65,2,2,2,0
1,normal,200,198,cartservice,server,61,3,3,3,0
1,normal,200,198,checkoutservice,checkout,76,2,2,2,0
1,normal,200,198,currencyservice,server,49,3,3,3,0
1,normal,200,198,emailservice,email,57,3,3,3,0
1,normal,200,198,frontend,server,74,2,2,2,0
1,normal,200,198,paymentservice,payment,57,3,3,3,0
1,normal,200,198,productcatalogservice,server,71,2,2,2,0
1,normal,200,198,recommendationservice,server,69,2,2,2,0
1,normal,200,198,redis-cart,-,,1,1,1,0
1,normal,200,198,shippingservice,server,76,2,2,2,0
1,normal,200,213,adservice,server,68,2,2,2,0
1,normal,200,213,cartservice,server,54,3,3,3,0
1,normal,200,213,checkoutservice,checkout,75,2,2,2,0
1,normal,200,213,currencyservice,server,50,3,3,3,0
1,normal,200,213,emailservice,email,56,3,3,3,0
1,normal,200,213,frontend,server,73,2,2,2,0
1,normal,200,213,paymentservice,payment,55,3,3,3,0
1,normal,200,213,productcatalogservice,server,68,2,2,2,0
1,normal,200,213,recommendationservice,server,69,2,2,2,0
1,normal,200,213,redis-cart,-,,1,1,1,0
1,normal,200,213,shippingservice,server,75,2,2,2,0
1,normal,200,228,adservice,server,57,2,2,2,0
1,normal,200,228,cartservice,server,58,3,3,3,0
1,normal,200,228,checkoutservice,checkout,77,2,2,2,0
1,normal,200,228,currencyservice,server,46,3,3,3,0
1,normal,200,228,emailservice,email,54,3,3,3,0
1,normal,200,228,frontend,server,68,2,2,2,0
1,normal,200,228,paymentservice,payment,53,3,3,3,0
1,normal,200,228,productcatalogservice,server,68,2,2,2,0
1,normal,200,228,recommendationservice,server,67,2,2,2,0
1,normal,200,228,redis-cart,-,,1,1,1,0
1,normal,200,228,shippingservice,server,77,2,2,2,0
1,normal,200,243,adservice,server,59,2,2,2,0
1,normal,200,243,cartservice,server,50,3,3,3,0
1,normal,200,243,checkoutservice,checkout,68,2,2,2,0
1,normal,200,243,currencyservice,server,49,3,3,3,0
1,normal,200,243,emailservice,email,54,3,3,3,0
1,normal,200,243,frontend,server,74,2,2,2,0
1,normal,200,243,paymentservice,payment,55,3,3,3,0
1,normal,200,243,productcatalogservice,server,70,2,2,2,0
1,normal,200,243,recommendationservice,server,71,2,2,2,0
1,normal,200,243,redis-cart,-,,1,1,1,0
1,normal,200,243,shippingservice,server,75,2,2,2,0
1,normal,200,259,adservice,server,58,2,2,2,0
1,normal,200,259,cartservice,server,51,3,3,3,0
1,normal,200,259,checkoutservice,checkout,78,2,2,2,0
1,normal,200,259,currencyservice,server,49,3,3,3,0
1,normal,200,259,emailservice,email,57,3,3,3,0
1,normal,200,259,frontend,server,73,2,2,2,0
1,normal,200,259,paymentservice,payment,55,3,3,3,0
1,normal,200,259,productcatalogservice,server,69,2,2,2,0
1,normal,200,259,recommendationservice,server,70,2,2,2,0
1,normal,200,259,redis-cart,-,,1,1,1,0
1,normal,200,259,shippingservice,server,75,2,2,2,0
1,normal,200,274,adservice,server,58,2,2,2,0
1,normal,200,274,cartservice,server,51,3,3,3,0
1,normal,200,274,checkoutservice,checkout,70,2,2,2,0
1,normal,200,274,currencyservice,server,48,3,3,3,0
1,normal,200,274,emailservice,email,57,3,3,3,0
1,normal,200,274,frontend,server,70,2,2,2,0
1,normal,200,274,paymentservice,payment,54,3,3,3,0
1,normal,200,274,productcatalogservice,server,69,2,2,2,0
1,normal,200,274,recommendationservice,server,69,2,2,2,0
1,normal,200,274,redis-cart,-,,1,1,1,0
1,normal,200,274,shippingservice,server,72,2,2,2,0
1,normal,200,289,adservice,server,63,2,2,2,0
1,normal,200,289,cartservice,server,53,3,3,3,0
1,normal,200,289,checkoutservice,checkout,75,2,2,2,0
1,normal,200,289,currencyservice,server,53,3,3,3,0
1,normal,200,289,emailservice,email,59,3,3,3,0
1,normal,200,289,frontend,server,74,2,2,2,0
1,normal,200,289,paymentservice,payment,56,3,3,3,0
1,normal,200,289,productcatalogservice,server,72,2,2,2,0
1,normal,200,289,recommendationservice,server,74,2,2,2,0
1,normal,200,289,redis-cart,-,,1,1,1,0
1,normal,200,289,shippingservice,server,70,2,2,2,0
1,normal,200,304,adservice,server,56,2,2,2,0
1,normal,200,304,cartservice,server,53,3,3,3,0
1,normal,200,304,checkoutservice,checkout,76,2,2,2,0
1,normal,200,304,currencyservice,server,50,3,3,3,0
1,normal,200,304,emailservice,email,54,3,3,3,0
1,normal,200,304,frontend,server,73,2,2,2,0
1,normal,200,304,paymentservice,payment,51,3,3,3,0
1,normal,200,304,productcatalogservice,server,69,2,2,2,0
1,normal,200,304,recommendationservice,server,70,2,2,2,0
1,normal,200,304,redis-cart,-,,1,1,1,0
1,normal,200,304,shippingservice,server,80,2,2,2,0
1,normal,200,319,adservice,server,59,2,2,2,0
1,normal,200,319,cartservice,server,57,3,3,3,0
1,normal,200,319,checkoutservice,checkout,71,2,2,2,0
1,normal,200,319,currencyservice,server,53,3,3,3,0
1,normal,200,319,emailservice,email,58,3,3,3,0
1,normal,200,319,frontend,server,70,2,2,2,0
1,normal,200,319,paymentservice,payment,60,3,3,3,0
1,normal,200,319,productcatalogservice,server,69,2,2,2,0
1,normal,200,319,recommendationservice,server,70,2,2,2,0
1,normal,200,319,redis-cart,-,,1,1,1,0
1,normal,200,319,shippingservice,server,78,2,3,3,0
1,normal,200,335,adservice,server,60,2,2,2,0
1,normal,200,335,cartservice,server,53,3,3,3,0
1,normal,200,335,checkoutservice,checkout,81,2,2,2,0
1,normal,200,335,currencyservice,server,57,3,3,3,0
1,normal,200,335,emailservice,email,56,3,3,3,0
1,normal,200,335,frontend,server,71,2,2,2,0
1,normal,200,335,paymentservice,payment,50,3,3,3,0
1,normal,200,335,productcatalogservice,server,71,2,2,2,0
1,normal,200,335,recommendationservice,server,73,2,2,2,0
1,normal,200,335,redis-cart,-,,1,1,1,0
1,normal,200,335,shippingservice,server,77,3,3,3,0
1,normal,200,350,adservice,server,60,2,2,2,0
1,normal,200,350,cartservice,server,68,3,3,3,0
1,normal,200,350,checkoutservice,checkout,73,2,2,2,0
1,normal,200,350,currencyservice,server,51,3,3,3,0
1,normal,200,350,emailservice,email,59,3,3,3,0
1,normal,200,350,frontend,server,78,2,2,2,0
1,normal,200,350,paymentservice,payment,61,3,3,3,0
1,normal,200,350,productcatalogservice,server,74,2,2,2,0
1,normal,200,350,recommendationservice,server,71,2,2,2,0
1,normal,200,350,redis-cart,-,,1,1,1,0
1,normal,200,350,shippingservice,server,77,3,3,3,0
1,normal,200,365,adservice,server,58,2,2,2,0
1,normal,200,365,cartservice,server,66,3,3,3,0
1,normal,200,365,checkoutservice,checkout,80,2,2,2,0
1,normal,200,365,currencyservice,server,51,3,3,3,0
1,normal,200,365,emailservice,email,58,3,3,3,0
1,normal,200,365,frontend,server,73,2,2,2,0
1,normal,200,365,paymentservice,payment,59,3,3,3,0
1,normal,200,365,productcatalogservice,server,71,2,2,2,0
1,normal,200,365,recommendationservice,server,71,2,2,2,0
1,normal,200,365,redis-cart,-,,1,1,1,0
1,normal,200,365,shippingservice,server,54,3,3,3,0
1,normal,200,380,adservice,server,57,2,2,2,0
1,normal,200,380,cartservice,server,63,3,3,3,0
1,normal,200,380,checkoutservice,checkout,78,2,3,3,0
1,normal,200,380,currencyservice,server,51,3,3,3,0
1,normal,200,380,emailservice,email,55,3,3,3,0
1,normal,200,380,frontend,server,72,2,2,2,0
1,normal,200,380,paymentservice,payment,57,3,3,3,0
1,normal,200,380,productcatalogservice,server,71,2,2,2,0
1,normal,200,380,recommendationservice,server,71,2,2,2,0
1,normal,200,380,redis-cart,-,,1,1,1,0
1,normal,200,380,shippingservice,server,52,3,3,3,0
1,normal,200,396,adservice,server,56,2,2,2,0
1,normal,200,396,cartservice,server,54,3,3,3,0
1,normal,200,396,checkoutservice,checkout,74,3,3,3,0
1,normal,200,396,currencyservice,server,51,3,3,3,0
1,normal,200,396,emailservice,email,53,3,3,3,0
1,normal,200,396,frontend,server,73,2,2,2,0
1,normal,200,396,paymentservice,payment,57,3,3,3,0
1,normal,200,396,productcatalogservice,server,71,2,2,2,0
1,normal,200,396,recommendationservice,server,69,2,2,2,0
1,normal,200,396,redis-cart,-,,1,1,1,0
1,normal,200,396,shippingservice,server,50,3,3,3,0
1,normal,200,411,adservice,server,62,2,2,2,0
1,normal,200,411,cartservice,server,62,3,3,3,0
1,normal,200,411,checkoutservice,checkout,49,3,3,3,0
1,normal,200,411,currencyservice,server,51,3,3,3,0
1,normal,200,411,emailservice,email,58,3,3,3,0
1,normal,200,411,frontend,server,80,2,2,2,0
1,normal,200,411,paymentservice,payment,55,3,3,3,0
1,normal,200,411,productcatalogservice,server,72,2,2,2,0
1,normal,200,411,recommendationservice,server,74,2,2,2,0
1,normal,200,411,redis-cart,-,,1,1,1,0
1,normal,200,411,shippingservice,server,52,3,3,3,0
1,normal,200,426,adservice,server,58,2,2,2,0
1,normal,200,426,cartservice,server,50,3,3,3,0
1,normal,200,426,checkoutservice,checkout,44,3,3,3,0
1,normal,200,426,currencyservice,server,49,3,3,3,0
1,normal,200,426,emailservice,email,54,3,3,3,0
1,normal,200,426,frontend,server,68,2,2,2,0
1,normal,200,426,paymentservice,payment,52,3,3,3,0
1,normal,200,426,productcatalogservice,server,68,2,2,2,0
1,normal,200,426,recommendationservice,server,68,2,2,2,0
1,normal,200,426,redis-cart,-,,1,1,1,0
1,normal,200,426,shippingservice,server,42,3,3,3,0
1,normal,200,441,adservice,server,42,2,2,2,0
1,normal,200,441,cartservice,server,16,3,3,3,0
1,normal,200,441,checkoutservice,checkout,13,3,3,3,0
1,normal,200,441,currencyservice,server,18,3,3,3,0
1,normal,200,441,emailservice,email,28,3,3,3,0
1,normal,200,441,frontend,server,32,2,2,2,0
1,normal,200,441,paymentservice,payment,21,3,3,3,0
1,normal,200,441,productcatalogservice,server,33,2,2,2,0
1,normal,200,441,recommendationservice,server,39,2,2,2,0
1,normal,200,441,redis-cart,-,,1,1,1,0
1,normal,200,441,shippingservice,server,25,3,3,3,0
1,frontcatalog,200,0,adservice,server,5,2,2,2,0
1,frontcatalog,200,0,cartservice,server,1,2,2,2,0
1,frontcatalog,200,0,checkoutservice,checkout,0,2,2,2,0
1,frontcatalog,200,0,currencyservice,server,0,2,2,2,0
1,frontcatalog,200,0,emailservice,-,,,0,2,0
1,frontcatalog,200,0,frontend,-,,,0,2,0
1,frontcatalog,200,0,paymentservice,-,,,0,2,0
1,frontcatalog,200,0,recommendationservice,-,,,0,2,0
1,frontcatalog,200,0,redis-cart,-,,1,1,1,0
1,frontcatalog,200,0,shippingservice,-,,,0,2,0
1,frontcatalog,200,16,adservice,server,5,2,2,2,0
1,frontcatalog,200,16,cartservice,server,4,2,2,2,0
1,frontcatalog,200,16,checkoutservice,checkout,1,2,2,2,0
1,frontcatalog,200,16,currencyservice,server,5,2,2,2,0
1,frontcatalog,200,16,emailservice,email,16,2,2,2,0
1,frontcatalog,200,16,frontend,productcatalog,0,2,2,2,0
1,frontcatalog,200,16,frontend,server,0,2,2,2,0
1,frontcatalog,200,16,paymentservice,payment,1,2,2,2,0
1,frontcatalog,200,16,recommendationservice,server,0,2,2,2,0
1,frontcatalog,200,16,redis-cart,-,,1,1,1,0
1,frontcatalog,200,16,shippingservice,server,1,2,2,2,0
1,frontcatalog,200,31,adservice,server,430,2,2,2,0
1,frontcatalog,200,31,cartservice,server,130,2,2,2,0
1,frontcatalog,200,31,checkoutservice,checkout,75,2,2,2,0
1,frontcatalog,200,31,currencyservice,server,69,2,2,2,0
1,frontcatalog,200,31,emailservice,email,82,2,2,2,0
1,frontcatalog,200,31,frontend,productcatalog,58,2,2,2,0
1,frontcatalog,200,31,frontend,server,65,2,2,2,0
1,frontcatalog,200,31,paymentservice,payment,1,2,2,2,0
1,frontcatalog,200,31,recommendationservice,server,12,2,2,2,0
1,frontcatalog,200,31,redis-cart,-,,1,1,1,0
1,frontcatalog,200,31,shippingservice,server,0,2,2,2,0
1,frontcatalog,200,46,adservice,server,294,2,6,2,0
1,frontcatalog,200,46,cartservice,server,87,2,3,2,0
1,frontcatalog,200,46,checkoutservice,checkout,76,2,2,2,0
1,frontcatalog,200,46,currencyservice,server,77,2,2,2,0
1,frontcatalog,200,46,emailservice,email,85,2,3,2,1
1,frontcatalog,200,46,frontend,productcatalog,66,2,2,2,0
1,frontcatalog,200,46,frontend,server,71,2,2,2,0
1,frontcatalog,200,46,paymentservice,payment,95,2,3,2,1
1,frontcatalog,200,46,recommendationservice,server,69,2,2,2,0
1,frontcatalog,200,46,redis-cart,-,,1,1,1,0
1,frontcatalog,200,46,shippingservice,server,71,2,2,2,0
1,frontcatalog,200,61,adservice,server,176,6,6,2,0
1,frontcatalog,200,61,cartservice,server,87,3,3,2,0
1,frontcatalog,200,61,checkoutservice,checkout,75,2,2,2,0
1,frontcatalog,200,61,currencyservice,server,77,2,3,2,1
1,frontcatalog,200,61,emailservice,email,85,3,3,3,0
1,frontcatalog,200,61,frontend,productcatalog,65,2,2,2,0
1,frontcatalog,200,61,frontend,server,69,2,2,2,0
1,frontcatalog,200,61,paymentservice,payment,85,3,3,3,0
1,frontcatalog,200,61,recommendationservice,server,68,2,2,2,0
1,frontcatalog,200,61,redis-cart,-,,1,1,1,0
1,frontcatalog,200,61,shippingservice,server,74,2,2,2,0
1,frontcatalog,200,76,adservice,server,184,6,6,2,0
1,frontcatalog,200,76,cartservice,server,92,3,3,3,0
1,frontcatalog,200,76,checkoutservice,checkout,86,2,2,2,0
1,frontcatalog,200,76,currencyservice,server,84,3,3,3,0
1,frontcatalog,200,76,emailservice,email,92,3,3,3,0
1,frontcatalog,200,76,frontend,productcatalog,71,2,2,2,0
1,frontcatalog,200,76,frontend,server,79,2,2,2,0
1,frontcatalog,200,76,paymentservice,payment,64,3,3,3,0
1,frontcatalog,200,76,recommendationservice,server,77,2,2,2,0
1,frontcatalog,200,76,redis-cart,-,,1,1,1,0
1,frontcatalog,200,76,shippingservice,server,80,2,2,2,0
1,frontcatalog,200,92,adservice,server,148,6,6,6,0
1,frontcatalog,200,92,cartservice,server,84,3,3,3,0
1,frontcatalog,200,92,checkoutservice,checkout,68,2,2,2,0
1,frontcatalog,200,92,currencyservice,server,51,3,3,3,0
1,frontcatalog,200,92,emailservice,email,80,3,3,3,0
1,frontcatalog,200,92,frontend,productcatalog,66,2,2,2,0
1,frontcatalog,200,92,frontend,server,74,2,2,2,0
1,frontcatalog,200,92,paymentservice,payment,53,3,3,3,0
1,frontcatalog,200,92,recommendationservice,server,67,2,2,2,0
1,frontcatalog,200,92,redis-cart,-,,1,1,1,0
1,frontcatalog,200,92,shippingservice,server,69,2,2,2,0
1,frontcatalog,200,107,adservice,server,60,6,6,6,0
1,frontcatalog,200,107,cartservice,server,51,3,3,3,0
1,frontcatalog,200,107,checkoutservice,checkout,70,2,2,2,0
1,frontcatalog,200,107,currencyservice,server,51,3,3,3,0
1,frontcatalog,200,107,emailservice,email,56,3,3,3,0
1,frontcatalog,200,107,frontend,productcatalog,64,2,2,2,0
1,frontcatalog,200,107,frontend,server,70,2,2,2,0
1,frontcatalog,200,107,paymentservice,payment,53,3,3,3,0
1,frontcatalog,200,107,recommendationservice,server,70,2,2,2,0
1,frontcatalog,200,107,redis-cart,-,,1,1,1,0
1,frontcatalog,200,107,shippingservice,server,68,2,2,2,0
1,frontcatalog,200,122,adservice,server,31,6,6,6,0
1,frontcatalog,200,122,cartservice,server,62,3,3,3,0
1,frontcatalog,200,122,checkoutservice,checkout,79,2,2,2,0
1,frontcatalog,200,122,currencyservice,server,50,3,3,3,0
1,frontcatalog,200,122,emailservice,email,55,3,3,3,0
1,frontcatalog,200,122,frontend,productcatalog,65,2,2,2,0
1,frontcatalog,200,122,frontend,server,68,2,2,2,0
1,frontcatalog,200,122,paymentservice,payment,57,3,3,3,0
1,frontcatalog,200,122,recommendationservice,server,70,2,2,2,0
1,frontcatalog,200,122,redis-cart,-,,1,1,1,0
1,frontcatalog,200,122,shippingservice,server,77,2,2,2,0
1,frontcatalog,200,137,adservice,server,31,6,6,6,0
1,frontcatalog,200,137,cartservice,server,51,3,3,3,0
1,frontcatalog,200,137,checkoutservice,checkout,65,2,2,2,0
1,frontcatalog,200,137,currencyservice,server,50,3,3,3,0
1,frontcatalog,200,137,emailservice,email,53,3,3,3,0
1,frontcatalog,200,137,frontend,productcatalog,63,2,2,2,0
1,frontcatalog,200,137,frontend,server,68,2,2,2,0
1,frontcatalog,200,137,paymentservice,payment,42,3,3,3,0
1,frontcatalog,200,137,recommendationservice,server,69,2,2,2,0
1,frontcatalog,200,137,redis-cart,-,,1,1,1,0
1,frontcatalog,200,137,shippingservice,server,71,2,2,2,0
1,frontcatalog,200,153,adservice,server,31,6,3,3,0
1,frontcatalog,200,153,cartservice,server,43,3,3,3,0
1,frontcatalog,200,153,checkoutservice,checkout,64,2,2,2,0
1,frontcatalog,200,153,currencyservice,server,47,3,3,3,0
1,frontcatalog,200,153,emailservice,email,52,3,3,3,0
1,frontcatalog,200,153,frontend,productcatalog,64,2,2,2,0
1,frontcatalog,200,153,frontend,server,68,2,2,2,0
1,frontcatalog,200,153,paymentservice,payment,51,3,3,3,0
1,frontcatalog,200,153,recommendationservice,server,67,2,2,2,0
1,frontcatalog,200,153,redis-cart,-,,1,1,1,0
1,frontcatalog,200,153,shippingservice,server,61,2,2,2,0
1,frontcatalog,200,168,adservice,server,48,3,3,3,0
1,frontcatalog,200,168,cartservice,server,56,3,3,3,0
1,frontcatalog,200,168,checkoutservice,checkout,70,2,2,2,0
1,frontcatalog,200,168,currencyservice,server,48,3,3,3,0
1,frontcatalog,200,168,emailservice,email,56,3,3,3,0
1,frontcatalog,200,168,frontend,productcatalog,63,2,2,2,0
1,frontcatalog,200,168,frontend,server,70,2,2,2,0
1,frontcatalog,200,168,paymentservice,payment,51,3,3,3,0
1,frontcatalog,200,168,recommendationservice,server,66,2,2,2,0
1,frontcatalog,200,168,redis-cart,-,,1,1,1,0
1,frontcatalog,200,168,shippingservice,server,72,2,2,2,0
1,frontcatalog,200,183,adservice,server,46,3,3,3,0
1,frontcatalog,200,183,cartservice,server,54,3,3,3,0
1,frontcatalog,200,183,checkoutservice,checkout,73,2,2,2,0
1,frontcatalog,200,183,currencyservice,server,48,3,3,3,0
1,frontcatalog,200,183,emailservice,email,52,3,3,3,0
1,frontcatalog,200,183,frontend,productcatalog,65,2,2,2,0
1,frontcatalog,200,183,frontend,server,71,2,2,2,0
1,frontcatalog,200,183,paymentservice,payment,55,3,3,3,0
1,frontcatalog,200,183,recommendationservice,server,67,2,2,2,0
1,frontcatalog,200,183,redis-cart,-,,1,1,1,0
1,frontcatalog,200,183,shippingservice,server,69,2,2,2,0
1,frontcatalog,200,198,adservice,server,42,3,3,3,0
1,frontcatalog,200,198,cartservice,server,49,3,3,3,0
1,frontcatalog,200,198,checkoutservice,checkout,69,2,2,2,0
1,frontcatalog,200,198,currencyservice,server,48,3,3,3,0
1,frontcatalog,200,198,emailservice,email,54,3,3,3,0
1,frontcatalog,200,198,frontend,productcatalog,66,2,2,2,0
1,frontcatalog,200,198,frontend,server,72,2,2,2,0
1,frontcatalog,200,198,paymentservice,payment,55,3,3,3,0
1,frontcatalog,200,198,recommendationservice,server,68,2,2,2,0
1,frontcatalog,200,198,redis-cart,-,,1,1,1,0
1,frontcatalog,200,198,shippingservice,server,68,2,2,2,0
1,frontcatalog,200,213,adservice,server,43,3,3,3,0
1,frontcatalog,200,213,cartservice,server,55,3,3,3,0
1,frontcatalog,200,213,checkoutservice,checkout,69,2,2,2,0
1,frontcatalog,200,213,currencyservice,server,49,3,3,3,0
1,frontcatalog,200,213,emailservice,email,56,3,3,3,0
1,frontcatalog,200,213,frontend,productcatalog,66,2,2,2,0
1,frontcatalog,200,213,frontend,server,70,2,2,2,0
1,frontcatalog,200,213,paymentservice,payment,50,3,3,3,0
1,frontcatalog,200,213,recommendationservice,server,71,2,2,2,0
1,frontcatalog,200,213,redis-cart,-,,1,1,1,0
1,frontcatalog,200,213,shippingservice,server,72,2,2,2,0
1,frontcatalog,200,229,adservice,server,42,3,2,2,0
1,frontcatalog,200,229,cartservice,server,61,3,3,3,0
1,frontcatalog,200,229,checkoutservice,checkout,78,2,2,2,0
1,frontcatalog,200,229,currencyservice,server,51,3,3,3,0
1,frontcatalog,200,229,emailservice,email,55,3,3,3,0
1,frontcatalog,200,229,frontend,productcatalog,66,2,2,2,0
1,frontcatalog,200,229,frontend,server,70,2,2,2,0
1,frontcatalog,200,229,paymentservice,payment,63,3,3,3,0
1,frontcatalog,200,229,recommendationservice,server,69,2,2,2,0
1,frontcatalog,200,229,redis-cart,-,,1,1,1,0
1,frontcatalog,200,229,shippingservice,server,78,2,2,2,0
1,frontcatalog,200,244,adservice,server,61,2,2,2,0
1,frontcatalog,200,244,cartservice,server,55,3,3,3,0
1,frontcatalog,200,244,checkoutservice,checkout,78,2,3,3,0
1,frontcatalog,200,244,currencyservice,server,50,3,3,3,0
1,frontcatalog,200,244,emailservice,email,58,3,3,3,0
1,frontcatalog,200,244,frontend,productcatalog,63,2,2,2,0
1,frontcatalog,200,244,frontend,server,67,2,2,2,0
1,frontcatalog,200,244,paymentservice,payment,56,3,3,3,0
1,frontcatalog,200,244,recommendationservice,server,68,2,2,2,0
1,frontcatalog,200,244,redis-cart,-,,1,1,1,0
1,frontcatalog,200,244,shippingservice,server,74,2,2,2,0
1,frontcatalog,200,259,adservice,server,60,2,2,2,0
1,frontcatalog,200,259,cartservice,server,52,3,3,3,0
1,frontcatalog,200,259,checkoutservice,checkout,73,3,3,3,0
1,frontcatalog,200,259,currencyservice,server,49,3,3,3,0
1,frontcatalog,200,259,emailservice,email,55,3,3,3,0
1,frontcatalog,200,259,frontend,productcatalog,64,2,2,2,0
1,frontcatalog,200,259,frontend,server,72,2,2,2,0
1,frontcatalog,200,259,paymentservice,payment,55,3,3,3,0
1,frontcatalog,200,259,recommendationservice,server,70,2,2,2,0
1,frontcatalog,200,259,redis-cart,-,,1,1,1,0
1,frontcatalog,200,259,shippingservice,server,71,2,2,2,0
1,frontcatalog,200,274,adservice,server,60,2,2,2,0
1,frontcatalog,200,274,cartservice,server,57,3,3,3,0
1,frontcatalog,200,274,checkoutservice,checkout,74,3,3,3,0
1,frontcatalog,200,274,currencyservice,server,51,3,3,3,0
1,frontcatalog,200,274,emailservice,email,57,3,3,3,0
1,frontcatalog,200,274,frontend,productcatalog,66,2,2,2,0
1,frontcatalog,200,274,frontend,server,69,2,2,2,0
1,frontcatalog,200,274,paymentservice,payment,56,3,3,3,0
1,frontcatalog,200,274,recommendationservice,server,67,2,2,2,0
1,frontcatalog,200,274,redis-cart,-,,1,1,1,0
1,frontcatalog,200,274,shippingservice,server,77,2,2,2,0
1,frontcatalog,200,289,adservice,server,60,2,2,2,0
1,frontcatalog,200,289,cartservice,server,53,3,3,3,0
1,frontcatalog,200,289,checkoutservice,checkout,47,3,3,3,0
1,frontcatalog,200,289,currencyservice,server,47,3,3,3,0
1,frontcatalog,200,289,emailservice,email,53,3,3,3,0
1,frontcatalog,200,289,frontend,productcatalog,65,2,2,2,0
1,frontcatalog,200,289,frontend,server,70,2,2,2,0
1,frontcatalog,200,289,paymentservice,payment,53,3,3,3,0
1,frontcatalog,200,289,recommendationservice,server,67,2,2,2,0
1,frontcatalog,200,289,redis-cart,-,,1,1,1,0
1,frontcatalog,200,289,shippingservice,server,68,2,2,2,0
1,frontcatalog,200,305,adservice,server,65,2,2,2,0
1,frontcatalog,200,305,cartservice,server,56,3,3,3,0
1,frontcatalog,200,305,checkoutservice,checkout,48,3,3,3,0
1,frontcatalog,200,305,currencyservice,server,51,3,3,3,0
1,frontcatalog,200,305,emailservice,email,58,3,3,3,0
1,frontcatalog,200,305,frontend,productcatalog,64,2,2,2,0
1,frontcatalog,200,305,frontend,server,68,2,2,2,0
1,frontcatalog,200,305,paymentservice,payment,58,3,3,3,0
1,frontcatalog,200,305,recommendationservice,server,68,2,2,2,0
1,frontcatalog,200,305,redis-cart,-,,1,1,1,0
1,frontcatalog,200,305,shippingservice,server,78,2,2,2,0
1,frontcatalog,200,320,adservice,server,61,2,2,2,0
1,frontcatalog,200,320,cartservice,server,58,3,3,3,0
1,frontcatalog,200,320,checkoutservice,checkout,51,3,3,3,0
1,frontcatalog,200,320,currencyservice,server,49,3,3,3,0
1,frontcatalog,200,320,emailservice,email,56,3,3,3,0
1,frontcatalog,200,320,frontend,productcatalog,65,2,2,2,0
1,frontcatalog,200,320,frontend,server,69,2,2,2,0
1,frontcatalog,200,320,paymentservice,payment,56,3,3,3,0
1,frontcatalog,200,320,recommendationservice,server,68,2,2,2,0
1,frontcatalog,200,320,redis-cart,-,,1,1,1,0
1,frontcatalog,200,320,shippingservice,server,71,2,2,2,0
1,frontcatalog,200,335,adservice,server,65,2,2,2,0
1,frontcatalog,200,335,cartservice,server,56,3,3,3,0
1,frontcatalog,200,335,checkoutservice,checkout,48,3,3,3,0
1,frontcatalog,200,335,currencyservice,server,49,3,3,3,0
1,frontcatalog,200,335,emailservice,email,55,3,3,3,0
1,frontcatalog,200,335,frontend,productcatalog,65,2,2,2,0
1,frontcatalog,200,335,frontend,server,70,2,2,2,0
1,frontcatalog,200,335,paymentservice,payment,53,3,3,3,0
1,frontcatalog,200,335,recommendationservice,server,71,2,2,2,0
1,frontcatalog,200,335,redis-cart,-,,1,1,1,0
1,frontcatalog,200,335,shippingservice,server,76,2,2,2,0
1,frontcatalog,200,350,adservice,server,70,2,2,2,0
1,frontcatalog,200,350,cartservice,server,56,3,3,3,0
1,frontcatalog,200,350,checkoutservice,checkout,50,3,3,3,0
1,frontcatalog,200,350,currencyservice,server,50,3,3,3,0
1,frontcatalog,200,350,emailservice,email,55,3,3,3,0
1,frontcatalog,200,350,frontend,productcatalog,68,2,2,2,0
1,frontcatalog,200,350,frontend,server,75,2,2,2,0
1,frontcatalog,200,350,paymentservice,payment,59,3,3,3,0
1,frontcatalog,200,350,recommendationservice,server,69,2,2,2,0
1,frontcatalog,200,350,redis-cart,-,,1,1,1,0
1,frontcatalog,200,350,shippingservice,server,72,2,2,2,0
1,frontcatalog,200,365,adservice,server,69,2,2,2,0
1,frontcatalog,200,365,cartservice,server,64,3,3,3,0
1,frontcatalog,200,365,checkoutservice,checkout,54,3,3,3,0
1,frontcatalog,200,365,currencyservice,server,54,3,3,3,0
1,frontcatalog,200,365,emailservice,email,56,3,3,3,0
1,frontcatalog,200,365,frontend,productcatalog,67,2,2,2,0
1,frontcatalog,200,365,frontend,server,73,2,2,2,0
1,frontcatalog,200,365,paymentservice,payment,55,3,3,3,0
1,frontcatalog,200,365,recommendationservice,server,73,2,2,2,0
1,frontcatalog,200,365,redis-cart,-,,1,1,1,0
1,frontcatalog,200,365,shippingservice,server,79,2,2,2,0
1,frontcatalog,200,381,adservice,server,59,2,2,2,0
1,frontcatalog,200,381,cartservice,server,61,3,3,3,0
1,frontcatalog,200,381,checkoutservice,checkout,51,3,3,3,0
1,frontcatalog,200,381,currencyservice,server,51,3,3,3,0
1,frontcatalog,200,381,emailservice,email,58,3,3,3,0
1,frontcatalog,200,381,frontend,productcatalog,65,2,2,2,0
1,frontcatalog,200,381,frontend,server,72,2,2,2,0
1,frontcatalog,200,381,paymentservice,payment,62,3,3,3,0
1,frontcatalog,200,381,recommendationservice,server,70,2,2,2,0
1,frontcatalog,200,381,redis-cart,-,,1,1,1,0
1,frontcatalog,200,381,shippingservice,server,77,2,3,3,0
1,frontcatalog,200,396,adservice,server,62,2,2,2,0
1,frontcatalog,200,396,cartservice,server,61,3,3,3,0
1,frontcatalog,200,396,checkoutservice,checkout,51,3,3,3,0
1,frontcatalog,200,396,currencyservice,server,54,3,3,3,0
1,frontcatalog,200,396,emailservice,email,58,3,3,3,0
1,frontcatalog,200,396,frontend,productcatalog,69,2,2,2,0
1,frontcatalog,200,396,frontend,server,71,2,2,2,0
1,frontcatalog,200,396,paymentservice,payment,59,3,3,3,0
1,frontcatalog,200,396,recommendationservice,server,70,2,2,2,0
1,frontcatalog,200,396,redis-cart,-,,1,1,1,0
1,frontcatalog,200,396,shippingservice,server,77,3,3,3,0
1,frontcatalog,200,411,adservice,server,60,2,2,2,0
1,frontcatalog,200,411,cartservice,server,55,3,3,3,0
1,frontcatalog,200,411,checkoutservice,checkout,50,3,3,3,0
1,frontcatalog,200,411,currencyservice,server,49,3,3,3,0
1,frontcatalog,200,411,emailservice,email,54,3,3,3,0
1,frontcatalog,200,411,frontend,productcatalog,65,2,2,2,0
1,frontcatalog,200,411,frontend,server,71,2,2,2,0
1,frontcatalog,200,411,paymentservice,payment,55,3,3,3,0
1,frontcatalog,200,411,recommendationservice,server,70,2,2,2,0
1,frontcatalog,200,411,redis-cart,-,,1,1,1,0
1,frontcatalog,200,411,shippingservice,server,74,3,3,3,0
1,frontcatalog,200,426,adservice,server,57,2,2,2,0
1,frontcatalog,200,426,cartservice,server,59,3,3,3,0
1,frontcatalog,200,426,checkoutservice,checkout,50,3,3,3,0
1,frontcatalog,200,426,currencyservice,server,52,3,3,3,0
1,frontcatalog,200,426,emailservice,email,55,3,3,3,0
1,frontcatalog,200,426,frontend,productcatalog,68,2,2,2,0
1,frontcatalog,200,426,frontend,server,71,2,2,2,0
1,frontcatalog,200,426,paymentservice,payment,59,3,3,3,0
1,frontcatalog,200,426,recommendationservice,server,67,2,2,2,0
1,frontcatalog,200,426,redis-cart,-,,1,1,1,0
1,frontcatalog,200,426,shippingservice,server,51,3,3,3,0
1,frontcatalog,200,441,adservice,server,63,2,2,2,0
1,frontcatalog,200,441,cartservice,server,65,3,3,3,0
1,frontcatalog,200,441,checkoutservice,checkout,55,3,3,3,0
1,frontcatalog,200,441,currencyservice,server,39,3,3,3,0
1,frontcatalog,200,441,emailservice,email,54,3,3,3,0
1,frontcatalog,200,441,frontend,productcatalog,65,2,2,2,0
1,frontcatalog,200,441,frontend,server,75,2,2,2,0
1,frontcatalog,200,441,paymentservice,payment,59,3,3,3,0
1,frontcatalog,200,441,recommendationservice,server,74,2,2,2,0
1,frontcatalog,200,441,redis-cart,-,,1,1,1,0
1,frontcatalog,200,441,shippingservice,server,53,3,3,3,0
1,frontreco,200,0,adservice,server,4,2,2,2,0
1,frontreco,200,0,cartservice,server,1,2,2,2,0
1,frontreco,200,0,checkoutservice,checkout,0,2,2,2,0
1,frontreco,200,0,currencyservice,server,0,2,2,2,0
1,frontreco,200,0,emailservice,email,1,2,2,2,0
1,frontreco,200,0,frontend,-,,,0,2,0
1,frontreco,200,0,paymentservice,-,,,0,2,0
1,frontreco,200,0,productcatalogservice,-,,,0,2,0
1,frontreco,200,0,redis-cart,-,,1,1,1,0
1,frontreco,200,0,shippingservice,-,,,0,2,0
1,frontreco,200,15,adservice,server,5,2,2,2,0
1,frontreco,200,15,cartservice,server,11,2,2,2,0
1,frontreco,200,15,checkoutservice,checkout,2,2,2,2,0
1,frontreco,200,15,currencyservice,server,0,2,2,2,0
1,frontreco,200,15,emailservice,email,5,2,2,2,0
1,frontreco,200,15,frontend,recommendation,0,2,2,2,0
1,frontreco,200,15,frontend,server,0,2,2,2,0
1,frontreco,200,15,paymentservice,payment,1,2,2,2,0
1,frontreco,200,15,productcatalogservice,server,0,2,2,2,0
1,frontreco,200,15,redis-cart,-,,1,1,1,0
1,frontreco,200,15,shippingservice,server,0,2,2,2,0
1,frontreco,200,31,adservice,server,244,2,2,2,0
1,frontreco,200,31,cartservice,server,75,2,2,2,0
1,frontreco,200,31,checkoutservice,checkout,2,2,2,2,0
1,frontreco,200,31,currencyservice,server,57,2,2,2,0
1,frontreco,200,31,emailservice,email,65,2,2,2,0
1,frontreco,200,31,frontend,recommendation,79,2,2,2,0
1,frontreco,200,31,frontend,server,42,2,2,2,0
1,frontreco,200,31,paymentservice,payment,1,2,2,2,0
1,frontreco,200,31,productcatalogservice,server,1,2,2,2,0
1,frontreco,200,31,redis-cart,-,,1,1,1,0
1,frontreco,200,31,shippingservice,server,0,2,2,2,0
1,frontreco,200,46,adservice,server,290,2,6,2,0
1,frontreco,200,46,cartservice,server,100,2,2,2,0
1,frontreco,200,46,checkoutservice,checkout,69,2,2,2,0
1,frontreco,200,46,currencyservice,server,76,2,2,2,0
1,frontreco,200,46,emailservice,email,84,2,2,2,0
1,frontreco,200,46,frontend,recommendation,71,2,2,2,0
1,frontreco,200,46,frontend,server,72,2,2,2,0
1,frontreco,200,46,paymentservice,payment,103,2,2,2,0
1,frontreco,200,46,productcatalogservice,server,44,2,2,2,0
1,frontreco,200,46,redis-cart,-,,1,1,1,0
1,frontreco,200,46,shippingservice,server,59,2,2,2,0
1,frontreco,200,61,adservice,server,197,6,6,2,0
1,frontreco,200,61,cartservice,server,79,2,3,2,0
1,frontreco,200,61,checkoutservice,checkout,75,2,2,2,0
1,frontreco,200,61,currencyservice,server,73,2,2,2,0
1,frontreco,200,61,emailservice,email,84,2,3,2,1
1,frontreco,200,61,frontend,recommendation,73,2,2,2,0
1,frontreco,200,61,frontend,server,74,2,2,2,0
1,frontreco,200,61,paymentservice,payment,80,2,3,2,1
1,frontreco,200,61,productcatalogservice,server,70,2,2,2,0
1,frontreco,200,61,redis-cart,-,,1,1,1,0
1,frontreco,200,61,shippingservice,server,74,2,2,2,0
1,frontreco,200,76,adservice,server,123,6,6,2,0
1,frontreco,200,76,cartservice,server,86,3,3,2,0
1,frontreco,200,76,checkoutservice,checkout,72,2,2,2,0
1,frontreco,200,76,currencyservice,server,75,2,2,2,0
1,frontreco,200,76,emailservice,email,86,3,3,3,0
1,frontreco,200,76,frontend,recommendation,73,2,2,2,0
1,frontreco,200,76,frontend,server,68,2,2,2,0
1,frontreco,200,76,paymentservice,payment,83,3,3,3,0
1,frontreco,200,76,productcatalogservice,server,66,2,2,2,0
1,frontreco,200,76,redis-cart,-,,1,1,1,0
1,frontreco,200,76,shippingservice,server,72,2,2,2,0
1,frontreco,200,92,adservice,server,71,6,6,6,0
1,frontreco,200,92,cartservice,server,84,3,3,3,0
1,frontreco,200,92,checkoutservice,checkout,74,2,2,2,0
1,frontreco,200,92,currencyservice,server,78,2,2,2,0
1,frontreco,200,92,emailservice,email,84,3,3,3,0
1,frontreco,200,92,frontend,recommendation,74,2,2,2,0
1,frontreco,200,92,frontend,server,71,2,2,2,0
1,frontreco,200,92,paymentservice,payment,80,3,3,3,0
1,frontreco,200,92,productcatalogservice,server,70,2,2,2,0
1,frontreco,200,92,redis-cart,-,,1,1,1,0
1,frontreco,200,92,shippingservice,server,73,2,2,2,0
1,frontreco,200,107,adservice,server,71,6,6,6,0
1,frontreco,200,107,cartservice,server,93,3,3,3,0
1,frontreco,200,107,checkoutservice,checkout,78,2,2,2,0
1,frontreco,200,107,currencyservice,server,76,2,2,2,0
1,frontreco,200,107,emailservice,email,57,3,3,3,0
1,frontreco,200,107,frontend,recommendation,72,2,2,2,0
1,frontreco,200,107,frontend,server,76,2,2,2,0
1,frontreco,200,107,paymentservice,payment,55,3,3,3,0
1,frontreco,200,107,productcatalogservice,server,70,2,2,2,0
1,frontreco,200,107,redis-cart,-,,1,1,1,0
1,frontreco,200,107,shippingservice,server,75,2,2,2,0
1,frontreco,200,122,adservice,server,37,6,6,6,0
1,frontreco,200,122,cartservice,server,87,3,3,3,0
1,frontreco,200,122,checkoutservice,checkout,73,2,2,2,0
1,frontreco,200,122,currencyservice,server,76,2,2,2,0
1,frontreco,200,122,emailservice,email,56,3,3,3,0
1,frontreco,200,122,frontend,recommendation,75,2,2,2,0
1,frontreco,200,122,frontend,server,73,2,2,2,0
1,frontreco,200,122,paymentservice,payment,57,3,3,3,0
1,frontreco,200,122,productcatalogservice,server,71,2,2,2,0
1,frontreco,200,122,redis-cart,-,,1,1,1,0
1,frontreco,200,122,shippingservice,server,72,2,2,2,0
1,frontreco,200,137,adservice,server,23,6,6,6,0
1,frontreco,200,137,cartservice,server,58,3,3,3,0
1,frontreco,200,137,checkoutservice,checkout,75,2,2,2,0
1,frontreco,200,137,currencyservice,server,75,2,2,2,0
1,frontreco,200,137,emailservice,email,56,3,3,3,0
1,frontreco,200,137,frontend,recommendation,70,2,2,2,0
1,frontreco,200,137,frontend,server,72,2,2,2,0
1,frontreco,200,137,paymentservice,payment,57,3,3,3,0
1,frontreco,200,137,productcatalogservice,server,68,2,2,2,0
1,frontreco,200,137,redis-cart,-,,1,1,1,0
1,frontreco,200,137,shippingservice,server,72,2,2,2,0
1,frontreco,200,152,adservice,server,21,6,6,6,0
1,frontreco,200,152,cartservice,server,61,3,3,3,0
1,frontreco,200,152,checkoutservice,checkout,80,2,2,2,0
1,frontreco,200,152,currencyservice,server,78,2,2,2,0
1,frontreco,200,152,emailservice,email,57,3,3,3,0
1,frontreco,200,152,frontend,recommendation,72,2,2,2,0
1,frontreco,200,152,frontend,server,71,2,2,2,0
1,frontreco,200,152,paymentservice,payment,56,3,3,3,0
1,frontreco,200,152,productcatalogservice,server,72,2,2,2,0
1,frontreco,200,152,redis-cart,-,,1,1,1,0
1,frontreco,200,152,shippingservice,server,77,2,2,2,0
1,frontreco,200,168,adservice,server,21,6,3,3,0
1,frontreco,200,168,cartservice,server,57,3,3,3,0
1,frontreco,200,168,checkoutservice,checkout,76,2,2,2,0
1,frontreco,200,168,currencyservice,server,76,2,2,2,0
1,frontreco,200,168,emailservice,email,56,3,3,3,0
1,frontreco,200,168,frontend,recommendation,74,2,2,2,0
1,frontreco,200,168,frontend,server,73,2,2,2,0
1,frontreco,200,168,paymentservice,payment,56,3,3,3,0
1,frontreco,200,168,productcatalogservice,server,70,2,2,2,0
1,frontreco,200,168,redis-cart,-,,1,1,1,0
1,frontreco,200,168,shippingservice,server,74,2,2,2,0
1,frontreco,200,183,adservice,server,41,3,2,2,0
1,frontreco,200,183,cartservice,server,57,3,3,3,0
1,frontreco,200,183,checkoutservice,checkout,73,2,2,2,0
1,frontreco,200,183,currencyservice,server,74,2,2,2,0
1,frontreco,200,183,emailservice,email,58,3,3,3,0
1,frontreco,200,183,frontend,recommendation,72,2,2,2,0
1,frontreco,200,183,frontend,server,73,2,2,2,0
1,frontreco,200,183,paymentservice,payment,53,3,3,3,0
1,frontreco,200,183,productcatalogservice,server,68,2,2,2,0
1,frontreco,200,183,redis-cart,-,,1,1,1,0
1,frontreco,200,183,shippingservice,server,73,2,2,2,0
1,frontreco,200,198,adservice,server,62,2,2,2,0
1,frontreco,200,198,cartservice,server,59,3,3,3,0
1,frontreco,200,198,checkoutservice,checkout,76,2,2,2,0
1,frontreco,200,198,currencyservice,server,75,2,2,2,0
1,frontreco,200,198,emailservice,email,56,3,3,3,0
1,frontreco,200,198,frontend,recommendation,72,2,2,2,0
1,frontreco,200,198,frontend,server,70,2,2,2,0
1,frontreco,200,198,paymentservice,payment,53,3,3,3,0
1,frontreco,200,198,productcatalogservice,server,69,2,2,2,0
1,frontreco,200,198,redis-cart,-,,1,1,1,0
1,frontreco,200,198,shippingservice,server,73,2,2,2,0
1,frontreco,200,213,adservice,server,61,2,2,2,0
1,frontreco,200,213,cartservice,server,56,3,3,3,0
1,frontreco,200,213,checkoutservice,checkout,76,2,2,2,0
1,frontreco,200,213,currencyservice,server,75,2,2,2,0
1,frontreco,200,213,emailservice,email,58,3,3,3,0
1,frontreco,200,213,frontend,recommendation,71,2,2,2,0
1,frontreco,200,213,frontend,server,73,2,2,2,0
1,frontreco,200,213,paymentservice,payment,56,3,3,3,0
1,frontreco,200,213,productcatalogservice,server,71,2,2,2,0
1,frontreco,200,213,redis-cart,-,,1,1,1,0
1,frontreco,200,213,shippingservice,server,74,2,2,2,0
1,frontreco,200,228,adservice,server,64,2,2,2,0
1,frontreco,200,228,cartservice,server,56,3,3,3,0
1,frontreco,200,228,checkoutservice,checkout,76,2,2,2,0
1,frontreco,200,228,currencyservice,server,75,2,2,2,0
1,frontreco,200,228,emailservice,email,54,3,3,3,0
1,frontreco,200,228,frontend,recommendation,72,2,2,2,0
1,frontreco,200,228,frontend,server,74,2,2,2,0
1,frontreco,200,228,paymentservice,payment,53,3,3,3,0
1,frontreco,200,228,productcatalogservice,server,72,2,2,2,0
1,frontreco,200,228,redis-cart,-,,1,1,1,0
1,frontreco,200,228,shippingservice,server,73,2,2,2,0
1,frontreco,200,244,adservice,server,65,2,2,2,0
1,frontreco,200,244,cartservice,server,53,3,3,3,0
1,frontreco,200,244,checkoutservice,checkout,73,2,2,2,0
1,frontreco,200,244,currencyservice,server,70,2,2,2,0
1,frontreco,200,244,emailservice,email,57,3,3,3,0
1,frontreco,200,244,frontend,recommendation,79,2,2,2,0
1,frontreco,200,244,frontend,server,76,2,2,2,0
1,frontreco,200,244,paymentservice,payment,46,3,3,3,0
1,frontreco,200,244,productcatalogservice,server,71,2,2,2,0
1,frontreco,200,244,redis-cart,-,,1,1,1,0
1,frontreco,200,244,shippingservice,server,70,2,2,2,0
1,frontreco,200,259,adservice,server,64,2,2,2,0
1,frontreco,200,259,cartservice,server,64,3,3,3,0
1,frontreco,200,259,checkoutservice,checkout,76,2,2,2,0
1,frontreco,200,259,currencyservice,server,81,2,2,2,0
1,frontreco,200,259,emailservice,email,60,3,3,3,0
1,frontreco,200,259,frontend,recommendation,74,2,2,2,0
1,frontreco,200,259,frontend,server,74,2,2,2,0
1,frontreco,200,259,paymentservice,payment,59,3,3,3,0
1,frontreco,200,259,productcatalogservice,server,72,2,2,2,0
1,frontreco,200,259,redis-cart,-,,1,1,1,0
1,frontreco,200,259,shippingservice,server,76,2,2,2,0
1,frontreco,200,274,adservice,server,60,2,2,2,0
1,frontreco,200,274,cartservice,server,60,3,3,3,0
1,frontreco,200,274,checkoutservice,checkout,79,2,2,2,0
1,frontreco,200,274,currencyservice,server,79,2,3,3,0
1,frontreco,200,274,emailservice,email,60,3,3,3,0
1,frontreco,200,274,frontend,recommendation,74,2,2,2,0
1,frontreco,200,274,frontend,server,74,2,2,2,0
1,frontreco,200,274,paymentservice,payment,56,3,3,3,0
1,frontreco,200,274,productcatalogservice,server,73,2,2,2,0
1,frontreco,200,274,redis-cart,-,,1,1,1,0
1,frontreco,200,274,shippingservice,server,77,2,2,2,0
1,frontreco,200,289,adservice,server,58,2,2,2,0
1,frontreco,200,289,cartservice,server,62,3,3,3,0
1,frontreco,200,289,checkoutservice,checkout,76,2,2,2,0
1,frontreco,200,289,currencyservice,server,78,3,3,3,0
1,frontreco,200,289,emailservice,email,55,3,3,3,0
1,frontreco,200,289,frontend,recommendation,73,2,2,2,0
1,frontreco,200,289,frontend,server,76,2,2,2,0
1,frontreco,200,289,paymentservice,payment,58,3,3,3,0
1,frontreco,200,289,productcatalogservice,server,70,2,2,2,0
1,frontreco,200,289,redis-cart,-,,1,1,1,0
1,frontreco,200,289,shippingservice,server,77,2,3,3,0
1,frontreco,200,305,adservice,server,63,2,2,2,0
1,frontreco,200,305,cartservice,server,57,3,3,3,0
1,frontreco,200,305,checkoutservice,checkout,77,2,2,2,0
1,frontreco,200,305,currencyservice,server,51,3,3,3,0
1,frontreco,200,305,emailservice,email,60,3,3,3,0
1,frontreco,200,305,frontend,recommendation,76,2,2,2,0
1,frontreco,200,305,frontend,server,74,2,2,2,0
1,frontreco,200,305,paymentservice,payment,57,3,3,3,0
1,frontreco,200,305,productcatalogservice,server,72,2,2,2,0
1,frontreco,200,305,redis-cart,-,,1,1,1,0
1,frontreco,200,305,shippingservice,server,74,3,3,3,0
1,frontreco,200,320,adservice,server,60,2,2,2,0
1,frontreco,200,320,cartservice,server,62,3,3,3,0
1,frontreco,200,320,checkoutservice,checkout,80,2,3,3,0
1,frontreco,200,320,currencyservice,server,52,3,3,3,0
1,frontreco,200,320,emailservice,email,57,3,3,3,0
1,frontreco,200,320,frontend,recommendation,75,2,2,2,0
1,frontreco,200,320,frontend,server,73,2,2,2,0
1,frontreco,200,320,paymentservice,payment,55,3,3,3,0
1,frontreco,200,320,productcatalogservice,server,73,2,2,2,0
1,frontreco,200,320,redis-cart,-,,1,1,1,0
1,frontreco,200,320,shippingservice,server,75,3,3,3,0
1,frontreco,200,335,adservice,server,60,2,2,2,0
1,frontreco,200,335,cartservice,server,64,3,3,3,0
1,frontreco,200,335,checkoutservice,checkout,77,3,3,3,0
1,frontreco,200,335,currencyservice,server,52,3,3,3,0
1,frontreco,200,335,emailservice,email,56,3,3,3,0
1,frontreco,200,335,frontend,recommendation,75,2,2,2,0
1,frontreco,200,335,frontend,server,75,2,2,2,0
1,frontreco,200,335,paymentservice,payment,60,3,3,3,0
1,frontreco,200,335,productcatalogservice,server,71,2,2,2,0
1,frontreco,200,335,redis-cart,-,,1,1,1,0
1,frontreco,200,335,shippingservice,server,49,3,3,3,0
1,frontreco,200,350,adservice,server,62,2,2,2,0
1,frontreco,200,350,cartservice,server,54,3,3,3,0
1,frontreco,200,350,checkoutservice,checkout,48,3,3,3,0
1,frontreco,200,350,currencyservice,server,50,3,3,3,0
1,frontreco,200,350,emailservice,email,55,3,3,3,0
1,frontreco,200,350,frontend,recommendation,72,2,2,2,0
1,frontreco,200,350,frontend,server,71,2,2,2,0
1,frontreco,200,350,paymentservice,payment,53,3,3,3,0
1,frontreco,200,350,productcatalogservice,server,69,2,2,2,0
1,frontreco,200,350,redis-cart,-,,1,1,1,0
1,frontreco,200,350,shippingservice,server,48,3,3,3,0
1,frontreco,200,365,adservice,server,60,2,2,2,0
1,frontreco,200,365,cartservice,server,58,3,3,3,0
1,frontreco,200,365,checkoutservice,checkout,51,3,3,3,0
1,frontreco,200,365,currencyservice,server,52,3,3,3,0
1,frontreco,200,365,emailservice,email,58,3,3,3,0
1,frontreco,200,365,frontend,recommendation,75,2,2,2,0
1,frontreco,200,365,frontend,server,76,2,2,2,0
1,frontreco,200,365,paymentservice,payment,57,3,3,3,0
1,frontreco,200,365,productcatalogservice,server,73,2,2,2,0
1,frontreco,200,365,redis-cart,-,,1,1,1,0
1,frontreco,200,365,shippingservice,server,48,3,3,3,0
1,frontreco,200,381,adservice,server,60,2,2,2,0
1,frontreco,200,381,cartservice,server,59,3,3,3,0
1,frontreco,200,381,checkoutservice,checkout,51,3,3,3,0
1,frontreco,200,381,currencyservice,server,49,3,3,3,0
1,frontreco,200,381,emailservice,email,58,3,3,3,0
1,frontreco,200,381,frontend,recommendation,71,2,2,2,0
1,frontreco,200,381,frontend,server,74,2,2,2,0
1,frontreco,200,381,paymentservice,payment,53,3,3,3,0
1,frontreco,200,381,productcatalogservice,server,68,2,2,2,0
1,frontreco,200,381,redis-cart,-,,1,1,1,0
1,frontreco,200,381,shippingservice,server,49,3,3,3,0
1,frontreco,200,396,adservice,server,58,2,2,2,0
1,frontreco,200,396,cartservice,server,55,3,3,3,0
1,frontreco,200,396,checkoutservice,checkout,47,3,3,3,0
1,frontreco,200,396,currencyservice,server,50,3,3,3,0
1,frontreco,200,396,emailservice,email,52,3,3,3,0
1,frontreco,200,396,frontend,recommendation,69,2,2,2,0
1,frontreco,200,396,frontend,server,69,2,2,2,0
1,frontreco,200,396,paymentservice,payment,53,3,3,3,0
1,frontreco,200,396,productcatalogservice,server,69,2,2,2,0
1,frontreco,200,396,redis-cart,-,,1,1,1,0
1,frontreco,200,396,shippingservice,server,47,3,3,3,0
1,frontreco,200,411,adservice,server,61,2,2,2,0
1,frontreco,200,411,cartservice,server,55,3,3,3,0
1,frontreco,200,411,checkoutservice,checkout,52,3,3,3,0
1,frontreco,200,411,currencyservice,server,52,3,3,3,0
1,frontreco,200,411,emailservice,email,59,3,3,3,0
1,frontreco,200,411,frontend,recommendation,76,2,2,2,0
1,frontreco,200,411,frontend,server,77,2,2,2,0
1,frontreco,200,411,paymentservice,payment,56,3,3,3,0
1,frontreco,200,411,productcatalogservice,server,71,2,2,2,0
1,frontreco,200,411,redis-cart,-,,1,1,1,0
1,frontreco,200,411,shippingservice,server,50,3,3,3,0
1,frontreco,200,426,adservice,server,59,2,2,2,0
1,frontreco,200,426,cartservice,server,58,3,3,3,0
1,frontreco,200,426,checkoutservice,checkout,52,3,3,3,0
1,frontreco,200,426,currencyservice,server,53,3,3,3,0
1,frontreco,200,426,emailservice,email,58,3,3,3,0
1,frontreco,200,426,frontend,recommendation,73,2,2,2,0
1,frontreco,200,426,frontend,server,75,2,2,2,0
1,frontreco,200,426,paymentservice,payment,56,3,3,3,0
1,frontreco,200,426,productcatalogservice,server,73,2,2,2,0
1,frontreco,200,426,redis-cart,-,,1,1,1,0
1,frontreco,200,426,shippingservice,server,49,3,3,3,0
1,frontreco,200,441,adservice,server,55,2,2,2,0
1,frontreco,200,441,cartservice,server,54,3,3,3,0
1,frontreco,200,441,checkoutservice,checkout,46,3,3,3,0
1,frontreco,200,441,currencyservice,server,48,3,3,3,0
1,frontreco,200,441,emailservice,email,52,3,3,3,0
1,frontreco,200,441,frontend,recommendation,70,2,2,2,0
1,frontreco,200,441,frontend,server,73,2,2,2,0
1,frontreco,200,441,paymentservice,payment,50,3,3,3,0
1,frontreco,200,441,productcatalogservice,server,68,2,2,2,0
1,frontreco,200,441,redis-cart,-,,1,1,1,0
1,frontreco,200,441,shippingservice,server,46,3,3,3,0
1,frontcart,200,0,adservice,server,5,2,2,2,0
1,frontcart,200,0,checkoutservice,checkout,0,2,2,2,0
1,frontcart,200,0,currencyservice,server,0,2,2,2,0
1,frontcart,200,0,emailservice,email,2,2,2,2,0
1,frontcart,200,0,frontend,-,,2,0,2,0
1,frontcart,200,0,paymentservice,-,,,0,2,0
1,frontcart,200,0,productcatalogservice,-,,,0,2,0
1,frontcart,200,0,recommendationservice,-,,,0,2,0
1,frontcart,200,0,redis-cart,-,,1,1,1,0
1,frontcart,200,0,shippingservice,-,,,0,2,0
1,frontcart,200,15,adservice,server,4,2,2,2,0
1,frontcart,200,15,checkoutservice,checkout,0,2,2,2,0
1,frontcart,200,15,currencyservice,server,0,2,2,2,0
1,frontcart,200,15,emailservice,email,4,2,2,2,0
1,frontcart,200,15,frontend,cartservice,1,2,2,2,0
1,frontcart,200,15,frontend,server,0,2,2,2,0
1,frontcart,200,15,paymentservice,payment,24,2,2,2,0
1,frontcart,200,15,productcatalogservice,server,0,2,2,2,0
1,frontcart,200,15,recommendationservice,server,0,2,2,2,0
1,frontcart,200,15,redis-cart,-,,1,1,1,0
1,frontcart,200,15,shippingservice,server,0,2,2,2,0
1,frontcart,200,30,adservice,server,292,2,2,2,0
1,frontcart,200,30,checkoutservice,checkout,33,2,2,2,0
1,frontcart,200,30,currencyservice,server,74,2,2,2,0
1,frontcart,200,30,emailservice,email,80,2,2,2,0
1,frontcart,200,30,frontend,cartservice,98,2,2,2,0
1,frontcart,200,30,frontend,server,57,2,2,2,0
1,frontcart,200,30,paymentservice,payment,102,2,2,2,0
1,frontcart,200,30,productcatalogservice,server,35,2,2,2,0
1,frontcart,200,30,recommendationservice,server,22,2,2,2,0
1,frontcart,200,30,redis-cart,-,,1,1,1,0
1,frontcart,200,30,shippingservice,server,7,2,2,2,0
1,frontcart,200,46,adservice,server,199,2,6,2,0
1,frontcart,200,46,checkoutservice,checkout,74,2,2,2,0
1,frontcart,200,46,currencyservice,server,78,2,2,2,0
1,frontcart,200,46,emailservice,email,82,2,3,2,1
1,frontcart,200,46,frontend,cartservice,90,2,3,2,1
1,frontcart,200,46,frontend,server,72,2,3,2,1
1,frontcart,200,46,paymentservice,payment,82,2,3,2,1
1,frontcart,200,46,productcatalogservice,server,68,2,2,2,0
1,frontcart,200,46,recommendationservice,server,69,2,2,2,0
1,frontcart,200,46,redis-cart,-,,1,1,1,0
1,frontcart,200,46,shippingservice,server,51,2,2,2,0
1,frontcart,200,61,adservice,server,163,6,6,2,0
1,frontcart,200,61,checkoutservice,checkout,72,2,2,2,0
1,frontcart,200,61,currencyservice,server,76,2,2,2,0
1,frontcart,200,61,emailservice,email,81,3,3,3,0
1,frontcart,200,61,frontend,cartservice,79,3,3,2,0
1,frontcart,200,61,frontend,server,71,3,3,2,0
1,frontcart,200,61,paymentservice,payment,76,3,3,3,0
1,frontcart,200,61,productcatalogservice,server,66,2,2,2,0
1,frontcart,200,61,recommendationservice,server,69,2,2,2,0
1,frontcart,200,61,redis-cart,-,,1,1,1,0
1,frontcart,200,61,shippingservice,server,75,2,2,2,0
1,frontcart,200,76,adservice,server,101,6,6,2,0
1,frontcart,200,76,checkoutservice,checkout,75,2,2,2,0
1,frontcart,200,76,currencyservice,server,80,2,2,2,0
1,frontcart,200,76,emailservice,email,84,3,3,3,0
1,frontcart,200,76,frontend,cartservice,82,3,3,3,0
1,frontcart,200,76,frontend,server,70,3,3,3,0
1,frontcart,200,76,paymentservice,payment,90,3,3,3,0
1,frontcart,200,76,productcatalogservice,server,65,2,2,2,0
1,frontcart,200,76,recommendationservice,server,70,2,2,2,0
1,frontcart,200,76,redis-cart,-,,1,1,1,0
1,frontcart,200,76,shippingservice,server,75,2,2,2,0
1,frontcart,200,91,adservice,server,80,6,6,6,0
1,frontcart,200,91,checkoutservice,checkout,74,2,2,2,0
1,frontcart,200,91,currencyservice,server,80,2,3,3,0
1,frontcart,200,91,emailservice,email,54,3,3,3,0
1,frontcart,200,91,frontend,cartservice,84,3,3,3,0
1,frontcart,200,91,frontend,server,72,3,3,3,0
1,frontcart,200,91,paymentservice,payment,55,3,3,3,0
1,frontcart,200,91,productcatalogservice,server,67,2,2,2,0
1,frontcart,200,91,recommendationservice,server,67,2,2,2,0
1,frontcart,200,91,redis-cart,-,,1,1,1,0
1,frontcart,200,91,shippingservice,server,77,2,2,2,0
1,frontcart,200,107,adservice,server,56,6,6,6,0
1,frontcart,200,107,checkoutservice,checkout,72,2,2,2,0
1,frontcart,200,107,currencyservice,server,78,3,3,3,0
1,frontcart,200,107,emailservice,email,52,3,3,3,0
1,frontcart,200,107,frontend,cartservice,60,3,3,3,0
1,frontcart,200,107,frontend,server,48,3,3,3,0
1,frontcart,200,107,paymentservice,payment,50,3,3,3,0
1,frontcart,200,107,productcatalogservice,server,66,2,2,2,0
1,frontcart,200,107,recommendationservice,server,71,2,2,2,0
1,frontcart,200,107,redis-cart,-,,1,1,1,0
1,frontcart,200,107,shippingservice,server,72,2,2,2,0
1,frontcart,200,122,adservice,server,25,6,6,6,0
1,frontcart,200,122,checkoutservice,checkout,78,2,2,2,0
1,frontcart,200,122,currencyservice,server,55,3,3,3,0
1,frontcart,200,122,emailservice,email,56,3,3,3,0
1,frontcart,200,122,frontend,cartservice,58,3,3,3,0
1,frontcart,200,122,frontend,server,50,3,3,3,0
1,frontcart,200,122,paymentservice,payment,61,3,3,3,0
1,frontcart,200,122,productcatalogservice,server,70,2,2,2,0
1,frontcart,200,122,recommendationservice,server,71,2,2,2,0
1,frontcart,200,122,redis-cart,-,,1,1,1,0
1,frontcart,200,122,shippingservice,server,78,2,2,2,0
1,frontcart,200,137,adservice,server,23,6,6,6,0
1,frontcart,200,137,checkoutservice,checkout,64,2,2,2,0
1,frontcart,200,137,currencyservice,server,51,3,3,3,0
1,frontcart,200,137,emailservice,email,53,3,3,3,0
1,frontcart,200,137,frontend,cartservice,54,3,3,3,0
1,frontcart,200,137,frontend,server,48,3,3,3,0
1,frontcart,200,137,paymentservice,payment,48,3,3,3,0
1,frontcart,200,137,productcatalogservice,server,68,2,2,2,0
1,frontcart,200,137,recommendationservice,server,69,2,2,2,0
1,frontcart,200,137,redis-cart,-,,1,1,1,0
1,frontcart,200,137,shippingservice,server,67,2,2,2,0
1,frontcart,200,152,adservice,server,21,6,3,3,0
1,frontcart,200,152,checkoutservice,checkout,71,2,2,2,0
1,frontcart,200,152,currencyservice,server,52,3,3,3,0
1,frontcart,200,152,emailservice,email,49,3,3,3,0
1,frontcart,200,152,frontend,cartservice,50,3,3,3,0
1,frontcart,200,152,frontend,server,50,3,3,3,0
1,frontcart,200,152,paymentservice,payment,48,3,3,3,0
1,frontcart,200,152,productcatalogservice,server,68,2,2,2,0
1,frontcart,200,152,recommendationservice,server,72,2,2,2,0
1,frontcart,200,152,redis-cart,-,,1,1,1,0
1,frontcart,200,152,shippingservice,server,72,2,2,2,0
1,frontcart,200,168,adservice,server,45,3,3,3,0
1,frontcart,200,168,checkoutservice,checkout,78,2,2,2,0
1,frontcart,200,168,currencyservice,server,54,3,3,3,0
1,frontcart,200,168,emailservice,email,57,3,3,3,0
1,frontcart,200,168,frontend,cartservice,59,3,3,3,0
1,frontcart,200,168,frontend,server,47,3,3,3,0
1,frontcart,200,168,paymentservice,payment,52,3,3,3,0
1,frontcart,200,168,productcatalogservice,server,66,2,2,2,0
1,frontcart,200,168,recommendationservice,server,69,2,2,2,0
1,frontcart,200,168,redis-cart,-,,1,1,1,0
1,frontcart,200,168,shippingservice,server,79,2,2,2,0
1,frontcart,200,183,adservice,server,42,3,2,2,0
1,frontcart,200,183,checkoutservice,checkout,75,2,2,2,0
1,frontcart,200,183,currencyservice,server,54,3,3,3,0
1,frontcart,200,183,emailservice,email,56,3,3,3,0
1,frontcart,200,183,frontend,cartservice,55,3,3,3,0
1,frontcart,200,183,frontend,server,47,3,3,3,0
1,frontcart,200,183,paymentservice,payment,55,3,3,3,0
1,frontcart,200,183,productcatalogservice,server,68,2,2,2,0
1,frontcart,200,183,recommendationservice,server,71,2,2,2,0
1,frontcart,200,183,redis-cart,-,,1,1,1,0
1,frontcart,200,183,shippingservice,server,76,2,2,2,0
1,frontcart,200,198,adservice,server,59,2,2,2,0
1,frontcart,200,198,checkoutservice,checkout,76,2,2,2,0
1,frontcart,200,198,currencyservice,server,53,3,3,3,0
1,frontcart,200,198,emailservice,email,56,3,3,3,0
1,frontcart,200,198,frontend,cartservice,57,3,3,3,0
1,frontcart,200,198,frontend,server,48,3,3,3,0
1,frontcart,200,198,paymentservice,payment,55,3,3,3,0
1,frontcart,200,198,productcatalogservice,server,67,2,2,2,0
1,frontcart,200,198,recommendationservice,server,69,2,2,2,0
1,frontcart,200,198,redis-cart,-,,1,1,1,0
1,frontcart,200,198,shippingservice,server,78,2,2,2,0
1,frontcart,200,213,adservice,server,60,2,2,2,0
1,frontcart,200,213,checkoutservice,checkout,73,2,2,2,0
1,frontcart,200,213,currencyservice,server,52,3,3,3,0
1,frontcart,200,213,emailservice,email,54,3,3,3,0
1,frontcart,200,213,frontend,cartservice,53,3,3,3,0
1,frontcart,200,213,frontend,server,48,3,3,3,0
1,frontcart,200,213,paymentservice,payment,51,3,3,3,0
1,frontcart,200,213,productcatalogservice,server,68,2,2,2,0
1,frontcart,200,213,recommendationservice,server,68,2,2,2,0
1,frontcart,200,213,redis-cart,-,,1,1,1,0
1,frontcart,200,213,shippingservice,server,75,2,2,2,0
1,frontcart,200,228,adservice,server,61,2,2,2,0
1,frontcart,200,228,checkoutservice,checkout,75,2,2,2,0
1,frontcart,200,228,currencyservice,server,53,3,3,3,0
1,frontcart,200,228,emailservice,email,55,3,3,3,0
1,frontcart,200,228,frontend,cartservice,52,3,3,3,0
1,frontcart,200,228,frontend,server,48,3,3,3,0
1,frontcart,200,228,paymentservice,payment,59,3,3,3,0
1,frontcart,200,228,productcatalogservice,server,68,2,2,2,0
1,frontcart,200,228,recommendationservice,server,71,2,2,2,0
1,frontcart,200,228,redis-cart,-,,1,1,1,0
1,frontcart,200,228,shippingservice,server,77,2,2,2,0
1,frontcart,200,244,adservice,server,60,2,2,2,0
1,frontcart,200,244,checkoutservice,checkout,75,2,2,2,0
1,frontcart,200,244,currencyservice,server,52,3,3,3,0
1,frontcart,200,244,emailservice,email,52,3,3,3,0
1,frontcart,200,244,frontend,cartservice,51,3,3,3,0
1,frontcart,200,244,frontend,server,48,3,3,3,0
1,frontcart,200,244,paymentservice,payment,52,3,3,3,0
1,frontcart,200,244,productcatalogservice,server,67,2,2,2,0
1,frontcart,200,244,recommendationservice,server,69,2,2,2,0
1,frontcart,200,244,redis-cart,-,,1,1,1,0
1,frontcart,200,244,shippingservice,server,74,2,2,2,0
1,frontcart,200,259,adservice,server,60,2,2,2,0
1,frontcart,200,259,checkoutservice,checkout,68,2,2,2,0
1,frontcart,200,259,currencyservice,server,51,3,3,3,0
1,frontcart,200,259,emailservice,email,54,3,3,3,0
1,frontcart,200,259,frontend,cartservice,50,3,3,3,0
1,frontcart,200,259,frontend,server,47,3,3,3,0
1,frontcart,200,259,paymentservice,payment,48,3,3,3,0
1,frontcart,200,259,productcatalogservice,server,68,2,2,2,0
1,frontcart,200,259,recommendationservice,server,70,2,2,2,0
1,frontcart,200,259,redis-cart,-,,1,1,1,0
1,frontcart,200,259,shippingservice,server,74,2,2,2,0
1,frontcart,200,274,adservice,server,63,2,2,2,0
1,frontcart,200,274,checkoutservice,checkout,80,2,2,2,0
1,frontcart,200,274,currencyservice,server,56,3,3,3,0
1,frontcart,200,274,emailservice,email,56,3,3,3,0
1,frontcart,200,274,frontend,cartservice,62,3,3,3,0
1,frontcart,200,274,frontend,server,51,3,3,3,0
1,frontcart,200,274,paymentservice,payment,60,3,3,3,0
1,frontcart,200,274,productcatalogservice,server,68,2,2,2,0
1,frontcart,200,274,recommendationservice,server,70,2,2,2,0
1,frontcart,200,274,redis-cart,-,,1,1,1,0
1,frontcart,200,274,shippingservice,server,77,2,2,2,0
1,frontcart,200,289,adservice,server,58,2,2,2,0
1,frontcart,200,289,checkoutservice,checkout,71,2,2,2,0
1,frontcart,200,289,currencyservice,server,52,3,3,3,0
1,frontcart,200,289,emailservice,email,54,3,3,3,0
1,frontcart,200,289,frontend,cartservice,51,3,3,3,0
1,frontcart,200,289,frontend,server,46,3,3,3,0
1,frontcart,200,289,paymentservice,payment,52,3,3,3,0
1,frontcart,200,289,productcatalogservice,server,67,2,2,2,0
1,frontcart,200,289,recommendationservice,server,71,2,2,2,0
1,frontcart,200,289,redis-cart,-,,1,1,1,0
1,frontcart,200,289,shippingservice,server,75,2,2,2,0
1,frontcart,200,304,adservice,server,62,2,2,2,0
1,frontcart,200,304,checkoutservice,checkout,78,2,2,2,0
1,frontcart,200,304,currencyservice,server,52,3,3,3,0
1,frontcart,200,304,emailservice,email,55,3,3,3,0
1,frontcart,200,304,frontend,cartservice,58,3,3,3,0
1,frontcart,200,304,frontend,server,50,3,3,3,0
1,frontcart,200,304,paymentservice,payment,56,3,3,3,0
1,frontcart,200,304,productcatalogservice,server,70,2,2,2,0
1,frontcart,200,304,recommendationservice,server,71,2,2,2,0
1,frontcart,200,304,redis-cart,-,,1,1,1,0
1,frontcart,200,304,shippingservice,server,78,2,2,2,0
1,frontcart,200,320,adservice,server,59,2,2,2,0
1,frontcart,200,320,checkoutservice,checkout,78,2,3,3,0
1,frontcart,200,320,currencyservice,server,56,3,3,3,0
1,frontcart,200,320,emailservice,email,57,3,3,3,0
1,frontcart,200,320,frontend,cartservice,63,3,3,3,0
1,frontcart,200,320,frontend,server,47,3,3,3,0
1,frontcart,200,320,paymentservice,payment,55,3,3,3,0
1,frontcart,200,320,productcatalogservice,server,69,2,2,2,0
1,frontcart,200,320,recommendationservice,server,71,2,2,2,0
1,frontcart,200,320,redis-cart,-,,1,1,1,0
1,frontcart,200,320,shippingservice,server,78,2,3,3,0
1,frontcart,200,335,adservice,server,59,2,2,2,0
1,frontcart,200,335,checkoutservice,checkout,73,3,3,3,0
1,frontcart,200,335,currencyservice,server,54,3,3,3,0
1,frontcart,200,335,emailservice,email,50,3,3,3,0
1,frontcart,200,335,frontend,cartservice,52,3,3,3,0
1,frontcart,200,335,frontend,server,48,3,3,3,0
1,frontcart,200,335,paymentservice,payment,52,3,3,3,0
1,frontcart,200,335,productcatalogservice,server,66,2,2,2,0
1,frontcart,200,335,recommendationservice,server,70,2,2,2,0
1,frontcart,200,335,redis-cart,-,,1,1,1,0
1,frontcart,200,335,shippingservice,server,72,3,3,3,0
1,frontcart,200,350,adservice,server,61,2,2,2,0
1,frontcart,200,350,checkoutservice,checkout,72,3,3,3,0
1,frontcart,200,350,currencyservice,server,53,3,3,3,0
1,frontcart,200,350,emailservice,email,55,3,3,3,0
1,frontcart,200,350,frontend,cartservice,49,3,3,3,0
1,frontcart,200,350,frontend,server,52,3,3,3,0
1,frontcart,200,350,paymentservice,payment,57,3,3,3,0
1,frontcart,200,350,productcatalogservice,server,68,2,2,2,0
1,frontcart,200,350,recommendationservice,server,69,2,2,2,0
1,frontcart,200,350,redis-cart,-,,1,1,1,0
1,frontcart,200,350,shippingservice,server,70,3,3,3,0
1,frontcart,200,365,adservice,server,57,2,2,2,0
1,frontcart,200,365,checkoutservice,checkout,49,3,3,3,0
1,frontcart,200,365,currencyservice,server,53,3,3,3,0
1,frontcart,200,365,emailservice,email,56,3,3,3,0
1,frontcart,200,365,frontend,cartservice,59,3,3,3,0
1,frontcart,200,365,frontend,server,48,3,3,3,0
1,frontcart,200,365,paymentservice,payment,53,3,3,3,0
1,frontcart,200,365,productcatalogservice,server,70,2,2,2,0
1,frontcart,200,365,recommendationservice,server,72,2,2,2,0
1,frontcart,200,365,redis-cart,-,,1,1,1,0
1,frontcart,200,365,shippingservice,server,51,3,3,3,0
1,frontcart,200,380,adservice,server,59,2,2,2,0
1,frontcart,200,380,checkoutservice,checkout,52,3,3,3,0
1,frontcart,200,380,currencyservice,server,54,3,3,3,0
1,frontcart,200,380,emailservice,email,57,3,3,3,0
1,frontcart,200,380,frontend,cartservice,58,3,3,3,0
1,frontcart,200,380,frontend,server,49,3,3,3,0
1,frontcart,200,380,paymentservice,payment,53,3,3,3,0
1,frontcart,200,380,productcatalogservice,server,68,2,2,2,0
1,frontcart,200,380,recommendationservice,server,72,2,2,2,0
1,frontcart,200,380,redis-cart,-,,1,1,1,0
1,frontcart,200,380,shippingservice,server,52,3,3,3,0
1,frontcart,200,396,adservice,server,60,2,2,2,0
1,frontcart,200,396,checkoutservice,checkout,52,3,3,3,0
1,frontcart,200,396,currencyservice,server,56,3,3,3,0
1,frontcart,200,396,emailservice,email,58,3,3,3,0
1,frontcart,200,396,frontend,cartservice,62,3,3,3,0
1,frontcart,200,396,frontend,server,49,3,3,3,0
1,frontcart,200,396,paymentservice,payment,59,3,3,3,0
1,frontcart,200,396,productcatalogservice,server,74,2,2,2,0
1,frontcart,200,396,recommendationservice,server,73,2,2,2,0
1,frontcart,200,396,redis-cart,-,,1,1,1,0
1,frontcart,200,396,shippingservice,server,54,3,3,3,0
1,frontcart,200,411,adservice,server,57,2,2,2,0
1,frontcart,200,411,checkoutservice,checkout,52,3,3,3,0
1,frontcart,200,411,currencyservice,server,56,3,3,3,0
1,frontcart,200,411,emailservice,email,57,3,3,3,0
1,frontcart,200,411,frontend,cartservice,54,3,3,3,0
1,frontcart,200,411,frontend,server,48,3,3,3,0
1,frontcart,200,411,paymentservice,payment,59,3,3,3,0
1,frontcart,200,411,productcatalogservice,server,68,2,2,2,0
1,frontcart,200,411,recommendationservice,server,69,2,2,2,0
1,frontcart,200,411,redis-cart,-,,1,1,1,0
1,frontcart,200,411,shippingservice,server,52,3,3,3,0
1,frontcart,200,426,adservice,server,59,2,2,2,0
1,frontcart,200,426,checkoutservice,checkout,49,3,3,3,0
1,frontcart,200,426,currencyservice,server,53,3,3,3,0
1,frontcart,200,426,emailservice,email,54,3,3,3,0
1,frontcart,200,426,frontend,cartservice,58,3,3,3,0
1,frontcart,200,426,frontend,server,48,3,3,3,0
1,frontcart,200,426,paymentservice,payment,56,3,3,3,0
1,frontcart,200,426,productcatalogservice,server,68,2,2,2,0
1,frontcart,200,426,recommendationservice,server,68,2,2,2,0
1,frontcart,200,426,redis-cart,-,,1,1,1,0
1,frontcart,200,426,shippingservice,server,51,3,3,3,0
1,frontcart,200,441,adservice,server,58,2,2,2,0
1,frontcart,200,441,checkoutservice,checkout,37,3,3,3,0
1,frontcart,200,441,currencyservice,server,39,3,3,3,0
1,frontcart,200,441,emailservice,email,56,3,3,3,0
1,frontcart,200,441,frontend,cartservice,54,3,3,3,0
1,frontcart,200,441,frontend,server,42,3,3,3,0
1,frontcart,200,441,paymentservice,payment,55,3,3,3,0
1,frontcart,200,441,productcatalogservice,server,67,2,2,2,0
1,frontcart,200,441,recommendationservice,server,65,2,2,2,0
1,frontcart,200,441,redis-cart,-,,1,1,1,0
1,frontcart,200,441,shippingservice,server,51,3,3,3,0
2,normal,200,0,adservice,server,2,2,2,2,0
2,normal,200,0,cartservice,server,1,2,2,2,0
2,normal,200,0,checkoutservice,checkout,0,2,2,2,0
2,normal,200,0,currencyservice,server,0,2,2,2,0
2,normal,200,0,emailservice,email,2,2,2,2,0
2,normal,200,0,frontend,server,0,2,2,2,0
2,normal,200,0,paymentservice,-,,,0,2,0
2,normal,200,0,productcatalogservice,-,,,0,2,0
2,normal,200,0,recommendationservice,-,,,0,2,0
2,normal,200,0,redis-cart,-,,1,1,1,0
2,normal,200,0,shippingservice,-,,,0,2,0
2,normal,200,15,adservice,server,297,2,2,2,0
2,normal,200,15,cartservice,server,31,2,2,2,0
2,normal,200,15,checkoutservice,checkout,16,2,2,2,0
2,normal,200,15,currencyservice,server,30,2,2,2,0
2,normal,200,15,emailservice,email,15,2,2,2,0
2,normal,200,15,frontend,server,24,2,2,2,0
2,normal,200,15,paymentservice,payment,1,2,2,2,0
2,normal,200,15,productcatalogservice,server,0,2,2,2,0
2,normal,200,15,recommendationservice,server,0,2,2,2,0
2,normal,200,15,redis-cart,-,,1,1,1,0
2,normal,200,15,shippingservice,server,0,2,2,2,0
2,normal,200,30,adservice,server,382,2,5,2,0
2,normal,200,30,cartservice,server,109,2,2,2,0
2,normal,200,30,checkoutservice,checkout,72,2,2,2,0
2,normal,200,30,currencyservice,server,70,2,2,2,0
2,normal,200,30,emailservice,email,86,2,2,2,0
2,normal,200,30,frontend,server,73,2,2,2,0
2,normal,200,30,paymentservice,payment,101,2,2,2,0
2,normal,200,30,productcatalogservice,server,68,2,2,2,0
2,normal,200,30,recommendationservice,server,25,2,2,2,0
2,normal,200,30,redis-cart,-,,1,1,1,0
2,normal,200,30,shippingservice,server,22,2,2,2,0
2,normal,200,45,adservice,server,223,5,7,2,0
2,normal,200,45,cartservice,server,81,2,3,2,0
2,normal,200,45,checkoutservice,checkout,72,2,2,2,0
2,normal,200,45,currencyservice,server,69,2,2,2,0
2,normal,200,45,emailservice,email,81,2,3,2,1
2,normal,200,45,frontend,server,72,2,2,2,0
2,normal,200,45,paymentservice,payment,79,2,3,2,1
2,normal,200,45,productcatalogservice,server,69,2,2,2,0
2,normal,200,45,recommendationservice,server,70,2,2,2,0
2,normal,200,45,redis-cart,-,,1,1,1,0
2,normal,200,45,shippingservice,server,72,2,2,2,0
2,normal,200,61,adservice,server,183,7,7,2,0
2,normal,200,61,cartservice,server,83,3,3,2,0
2,normal,200,61,checkoutservice,checkout,73,2,2,2,0
2,normal,200,61,currencyservice,server,71,2,2,2,0
2,normal,200,61,emailservice,email,84,3,3,3,0
2,normal,200,61,frontend,server,71,2,2,2,0
2,normal,200,61,paymentservice,payment,79,3,3,3,0
2,normal,200,61,productcatalogservice,server,66,2,2,2,0
2,normal,200,61,recommendationservice,server,70,2,2,2,0
2,normal,200,61,redis-cart,-,,1,1,1,0
2,normal,200,61,shippingservice,server,74,2,2,2,0
2,normal,200,76,adservice,server,226,7,7,5,0
2,normal,200,76,cartservice,server,77,3,3,3,0
2,normal,200,76,checkoutservice,checkout,74,2,2,2,0
2,normal,200,76,currencyservice,server,69,2,2,2,0
2,normal,200,76,emailservice,email,54,3,3,3,0
2,normal,200,76,frontend,server,73,2,2,2,0
2,normal,200,76,paymentservice,payment,58,3,3,3,0
2,normal,200,76,productcatalogservice,server,69,2,2,2,0
2,normal,200,76,recommendationservice,server,69,2,2,2,0
2,normal,200,76,redis-cart,-,,1,1,1,0
2,normal,200,76,shippingservice,server,71,2,2,2,0
2,normal,200,91,adservice,server,68,7,7,7,0
2,normal,200,91,cartservice,server,76,3,3,3,0
2,normal,200,91,checkoutservice,checkout,70,2,2,2,0
2,normal,200,91,currencyservice,server,67,2,2,2,0
2,normal,200,91,emailservice,email,51,3,3,3,0
2,normal,200,91,frontend,server,70,2,2,2,0
2,normal,200,91,paymentservice,payment,50,3,3,3,0
2,normal,200,91,productcatalogservice,server,70,2,2,2,0
2,normal,200,91,recommendationservice,server,68,2,2,2,0
2,normal,200,91,redis-cart,-,,1,1,1,0
2,normal,200,91,shippingservice,server,71,2,2,2,0
2,normal,200,106,adservice,server,35,7,7,7,0
2,normal,200,106,cartservice,server,59,3,3,3,0
2,normal,200,106,checkoutservice,checkout,76,2,2,2,0
2,normal,200,106,currencyservice,server,71,2,2,2,0
2,normal,200,106,emailservice,email,56,3,3,3,0
2,normal,200,106,frontend,server,73,2,2,2,0
2,normal,200,106,paymentservice,payment,56,3,3,3,0
2,normal,200,106,productcatalogservice,server,70,2,2,2,0
2,normal,200,106,recommendationservice,server,69,2,2,2,0
2,normal,200,106,redis-cart,-,,1,1,1,0
2,normal,200,106,shippingservice,server,71,2,2,2,0
2,normal,200,122,adservice,server,26,7,7,7,0
2,normal,200,122,cartservice,server,49,3,3,3,0
2,normal,200,122,checkoutservice,checkout,69,2,2,2,0
2,normal,200,122,currencyservice,server,67,2,2,2,0
2,normal,200,122,emailservice,email,49,3,3,3,0
2,normal,200,122,frontend,server,71,2,2,2,0
2,normal,200,122,paymentservice,payment,47,3,3,3,0
2,normal,200,122,productcatalogservice,server,69,2,2,2,0
2,normal,200,122,recommendationservice,server,69,2,2,2,0
2,normal,200,122,redis-cart,-,,1,1,1,0
2,normal,200,122,shippingservice,server,71,2,2,2,0
2,normal,200,137,adservice,server,27,7,7,7,0
2,normal,200,137,cartservice,server,51,3,3,3,0
2,normal,200,137,checkoutservice,checkout,73,2,2,2,0
2,normal,200,137,currencyservice,server,69,2,2,2,0
2,normal,200,137,emailservice,email,56,3,3,3,0
2,normal,200,137,frontend,server,71,2,2,2,0
2,normal,200,137,paymentservice,payment,53,3,3,3,0
2,normal,200,137,productcatalogservice,server,69,2,2,2,0
2,normal,200,137,recommendationservice,server,68,2,2,2,0
2,normal,200,137,redis-cart,-,,1,1,1,0
2,normal,200,137,shippingservice,server,68,2,2,2,0
2,normal,200,152,adservice,server,23,7,3,3,0
2,normal,200,152,cartservice,server,55,3,3,3,0
2,normal,200,152,checkoutservice,checkout,73,2,2,2,0
2,normal,200,152,currencyservice,server,71,2,2,2,0
2,normal,200,152,emailservice,email,56,3,3,3,0
2,normal,200,152,frontend,server,73,2,2,2,0
2,normal,200,152,paymentservice,payment,58,3,3,3,0
2,normal,200,152,productcatalogservice,server,70,2,2,2,0
2,normal,200,152,recommendationservice,server,72,2,2,2,0
2,normal,200,152,redis-cart,-,,1,1,1,0
2,normal,200,152,shippingservice,server,75,2,2,2,0
2,normal,200,167,adservice,server,48,3,3,3,0
2,normal,200,167,cartservice,server,57,3,3,3,0
2,normal,200,167,checkoutservice,checkout,74,2,2,2,0
2,normal,200,167,currencyservice,server,73,2,2,2,0
2,normal,200,167,emailservice,email,57,3,3,3,0
2,normal,200,167,frontend,server,74,2,2,2,0
2,normal,200,167,paymentservice,payment,57,3,3,3,0
2,normal,200,167,productcatalogservice,server,72,2,2,2,0
2,normal,200,167,recommendationservice,server,70,2,2,2,0
2,normal,200,167,redis-cart,-,,1,1,1,0
2,normal,200,167,shippingservice,server,75,2,2,2,0
2,normal,200,182,adservice,server,46,3,3,3,0
2,normal,200,182,cartservice,server,67,3,3,3,0
2,normal,200,182,checkoutservice,checkout,79,2,2,2,0
2,normal,200,182,currencyservice,server,74,2,2,2,0
2,normal,200,182,emailservice,email,58,3,3,3,0
2,normal,200,182,frontend,server,76,2,2,2,0
2,normal,200,182,paymentservice,payment,61,3,3,3,0
2,normal,200,182,productcatalogservice,server,73,2,2,2,0
2,normal,200,182,recommendationservice,server,78,2,2,2,0
2,normal,200,182,redis-cart,-,,1,1,1,0
2,normal,200,182,shippingservice,server,76,2,2,2,0
2,normal,200,198,adservice,server,44,3,3,3,0
2,normal,200,198,cartservice,server,63,3,3,3,0
2,normal,200,198,checkoutservice,checkout,73,2,2,2,0
2,normal,200,198,currencyservice,server,72,2,2,2,0
2,normal,200,198,emailservice,email,58,3,3,3,0
2,normal,200,198,frontend,server,72,2,2,2,0
2,normal,200,198,paymentservice,payment,53,3,3,3,0
2,normal,200,198,productcatalogservice,server,68,2,2,2,0
2,normal,200,198,recommendationservice,server,69,2,2,2,0
2,normal,200,198,redis-cart,-,,1,1,1,0
2,normal,200,198,shippingservice,server,76,2,2,2,0
2,normal,200,213,adservice,server,47,3,3,3,0
2,normal,200,213,cartservice,server,49,3,3,3,0
2,normal,200,213,checkoutservice,checkout,71,2,2,2,0
2,normal,200,213,currencyservice,server,67,2,2,2,0
2,normal,200,213,emailservice,email,54,3,3,3,0
2,normal,200,213,frontend,server,74,2,2,2,0
2,normal,200,213,paymentservice,payment,53,3,3,3,0
2,normal,200,213,productcatalogservice,server,70,2,2,2,0
2,normal,200,213,recommendationservice,server,71,2,2,2,0
2,normal,200,213,redis-cart,-,,1,1,1,0
2,normal,200,213,shippingservice,server,71,2,2,2,0
2,normal,200,228,adservice,server,42,3,3,3,0
2,normal,200,228,cartservice,server,50,3,3,3,0
2,normal,200,228,checkoutservice,checkout,71,2,2,2,0
2,normal,200,228,currencyservice,server,68,2,2,2,0
2,normal,200,228,emailservice,email,52,3,3,3,0
2,normal,200,228,frontend,server,70,2,2,2,0
2,normal,200,228,paymentservice,payment,50,3,3,3,0
2,normal,200,228,productcatalogservice,server,69,2,2,2,0
2,normal,200,228,recommendationservice,server,64,2,2,2,0
2,normal,200,228,redis-cart,-,,1,1,1,0
2,normal,200,228,shippingservice,server,71,2,2,2,0
2,normal,200,243,adservice,server,40,3,3,3,0
2,normal,200,243,cartservice,server,50,3,3,3,0
2,normal,200,243,checkoutservice,checkout,67,2,2,2,0
2,normal,200,243,currencyservice,server,66,2,2,2,0
2,normal,200,243,emailservice,email,52,3,3,3,0
2,normal,200,243,frontend,server,72,2,2,2,0
2,normal,200,243,paymentservice,payment,50,3,3,3,0
2,normal,200,243,productcatalogservice,server,66,2,2,2,0
2,normal,200,243,recommendationservice,server,71,2,2,2,0
2,normal,200,243,redis-cart,-,,1,1,1,0
2,normal,200,243,shippingservice,server,68,2,2,2,0
2,normal,200,258,adservice,server,41,3,3,3,0
2,normal,200,258,cartservice,server,53,3,3,3,0
2,normal,200,258,checkoutservice,checkout,71,2,2,2,0
2,normal,200,258,currencyservice,server,67,2,2,2,0
2,normal,200,258,emailservice,email,52,3,3,3,0
2,normal,200,258,frontend,server,71,2,2,2,0
2,normal,200,258,paymentservice,payment,52,3,3,3,0
2,normal,200,258,productcatalogservice,server,68,2,2,2,0
2,normal,200,258,recommendationservice,server,68,2,2,2,0
2,normal,200,258,redis-cart,-,,1,1,1,0
2,normal,200,258,shippingservice,server,67,2,2,2,0
2,normal,200,274,adservice,server,42,3,2,2,0
2,normal,200,274,cartservice,server,49,3,3,3,0
2,normal,200,274,checkoutservice,checkout,71,2,2,2,0
2,normal,200,274,currencyservice,server,69,2,2,2,0
2,normal,200,274,emailservice,email,53,3,3,3,0
2,normal,200,274,frontend,server,75,2,2,2,0
2,normal,200,274,paymentservice,payment,51,3,3,3,0
2,normal,200,274,productcatalogservice,server,70,2,2,2,0
2,normal,200,274,recommendationservice,server,71,2,2,2,0
2,normal,200,274,redis-cart,-,,1,1,1,0
2,normal,200,274,shippingservice,server,71,2,2,2,0
2,normal,200,289,adservice,server,67,2,2,2,0
2,normal,200,289,cartservice,server,51,3,3,3,0
2,normal,200,289,checkoutservice,checkout,68,2,2,2,0
2,normal,200,289,currencyservice,server,69,2,2,2,0
2,normal,200,289,emailservice,email,49,3,3,3,0
2,normal,200,289,frontend,server,69,2,2,2,0
2,normal,200,289,paymentservice,payment,54,3,3,3,0
2,normal,200,289,productcatalogservice,server,68,2,2,2,0
2,normal,200,289,recommendationservice,server,67,2,2,2,0
2,normal,200,289,redis-cart,-,,1,1,1,0
2,normal,200,289,shippingservice,server,68,2,2,2,0
2,normal,200,304,adservice,server,61,2,2,2,0
2,normal,200,304,cartservice,server,50,3,3,3,0
2,normal,200,304,checkoutservice,checkout,69,2,2,2,0
2,normal,200,304,currencyservice,server,66,2,2,2,0
2,normal,200,304,emailservice,email,51,3,3,3,0
2,normal,200,304,frontend,server,76,2,2,2,0
2,normal,200,304,paymentservice,payment,42,3,3,3,0
2,normal,200,304,productcatalogservice,server,67,2,2,2,0
2,normal,200,304,recommendationservice,server,70,2,2,2,0
2,normal,200,304,redis-cart,-,,1,1,1,0
2,normal,200,304,shippingservice,server,65,2,2,2,0
2,normal,200,319,adservice,server,62,2,2,2,0
2,normal,200,319,cartservice,server,45,3,3,3,0
2,normal,200,319,checkoutservice,checkout,63,2,2,2,0
2,normal,200,319,currencyservice,server,63,2,2,2,0
2,normal,200,319,emailservice,email,54,3,3,3,0
2,normal,200,319,frontend,server,73,2,2,2,0
2,normal,200,319,paymentservice,payment,51,3,3,3,0
2,normal,200,319,productcatalogservice,server,68,2,2,2,0
2,normal,200,319,recommendationservice,server,69,2,2,2,0
2,normal,200,319,redis-cart,-,,1,1,1,0
2,normal,200,319,shippingservice,server,65,2,2,2,0
2,normal,200,334,adservice,server,63,2,2,2,0
2,normal,200,334,cartservice,server,51,3,3,3,0
2,normal,200,334,checkoutservice,checkout,70,2,2,2,0
2,normal,200,334,currencyservice,server,68,2,2,2,0
2,normal,200,334,emailservice,email,51,3,3,3,0
2,normal,200,334,frontend,server,71,2,2,2,0
2,normal,200,334,paymentservice,payment,48,3,3,3,0
2,normal,200,334,productcatalogservice,server,68,2,2,2,0
2,normal,200,334,recommendationservice,server,68,2,2,2,0
2,normal,200,334,redis-cart,-,,1,1,1,0
2,normal,200,334,shippingservice,server,71,2,2,2,0
2,normal,200,350,adservice,server,61,2,2,2,0
2,normal,200,350,cartservice,server,57,3,3,3,0
2,normal,200,350,checkoutservice,checkout,73,2,2,2,0
2,normal,200,350,currencyservice,server,70,2,2,2,0
2,normal,200,350,emailservice,email,58,3,3,3,0
2,normal,200,350,frontend,server,75,2,2,2,0
2,normal,200,350,paymentservice,payment,58,3,3,3,0
2,normal,200,350,productcatalogservice,server,70,2,2,2,0
2,normal,200,350,recommendationservice,server,70,2,2,2,0
2,normal,200,350,redis-cart,-,,1,1,1,0
2,normal,200,350,shippingservice,server,70,2,2,2,0
2,normal,200,365,adservice,server,63,2,2,2,0
2,normal,200,365,cartservice,server,58,3,3,3,0
2,normal,200,365,checkoutservice,checkout,74,2,2,2,0
2,normal,200,365,currencyservice,server,71,2,2,2,0
2,normal,200,365,emailservice,email,55,3,3,3,0
2,normal,200,365,frontend,server,73,2,2,2,0
2,normal,200,365,paymentservice,payment,52,3,3,3,0
2,normal,200,365,productcatalogservice,server,70,2,2,2,0
2,normal,200,365,recommendationservice,server,72,2,2,2,0
2,normal,200,365,redis-cart,-,,1,1,1,0
2,normal,200,365,shippingservice,server,72,2,2,2,0
2,normal,200,380,adservice,server,60,2,2,2,0
2,normal,200,380,cartservice,server,57,3,3,3,0
2,normal,200,380,checkoutservice,checkout,71,2,2,2,0
2,normal,200,380,currencyservice,server,71,2,2,2,0
2,normal,200,380,emailservice,email,50,3,3,3,0
2,normal,200,380,frontend,server,73,2,2,2,0
2,normal,200,380,paymentservice,payment,52,3,3,3,0
2,normal,200,380,productcatalogservice,server,68,2,2,2,0
2,normal,200,380,recommendationservice,server,69,2,2,2,0
2,normal,200,380,redis-cart,-,,1,1,1,0
2,normal,200,380,shippingservice,server,69,2,2,2,0
2,normal,200,395,adservice,server,62,2,2,2,0
2,normal,200,395,cartservice,server,64,3,3,3,0
2,normal,200,395,checkoutservice,checkout,75,2,2,2,0
2,normal,200,395,currencyservice,server,68,2,2,2,0
2,normal,200,395,emailservice,email,50,3,3,3,0
2,normal,200,395,frontend,server,72,2,2,2,0
2,normal,200,395,paymentservice,payment,54,3,3,3,0
2,normal,200,395,productcatalogservice,server,70,2,2,2,0
2,normal,200,395,recommendationservice,server,69,2,2,2,0
2,normal,200,395,redis-cart,-,,1,1,1,0
2,normal,200,395,shippingservice,server,76,2,2,2,0
2,normal,200,410,adservice,server,59,2,2,2,0
2,normal,200,410,cartservice,server,59,3,3,3,0
2,normal,200,410,checkoutservice,checkout,76,2,2,2,0
2,normal,200,410,currencyservice,server,72,2,2,2,0
2,normal,200,410,emailservice,email,57,3,3,3,0
2,normal,200,410,frontend,server,69,2,2,2,0
2,normal,200,410,paymentservice,payment,57,3,3,3,0
2,normal,200,410,productcatalogservice,server,68,2,2,2,0
2,normal,200,410,recommendationservice,server,70,2,2,2,0
2,normal,200,410,redis-cart,-,,1,1,1,0
2,normal,200,410,shippingservice,server,73,2,2,2,0
2,normal,200,426,adservice,server,56,2,2,2,0
2,normal,200,426,cartservice,server,59,3,3,3,0
2,normal,200,426,checkoutservice,checkout,76,2,2,2,0
2,normal,200,426,currencyservice,server,70,2,2,2,0
2,normal,200,426,emailservice,email,57,3,3,3,0
2,normal,200,426,frontend,server,72,2,2,2,0
2,normal,200,426,paymentservice,payment,56,3,3,3,0
2,normal,200,426,productcatalogservice,server,70,2,2,2,0
2,normal,200,426,recommendationservice,server,68,2,2,2,0
2,normal,200,426,redis-cart,-,,1,1,1,0
2,normal,200,426,shippingservice,server,75,2,2,2,0
2,normal,200,441,adservice,server,15,2,2,2,0
2,normal,200,441,cartservice,server,28,3,3,3,0
2,normal,200,441,checkoutservice,checkout,76,2,2,2,0
2,normal,200,441,currencyservice,server,41,2,2,2,0
2,normal,200,441,emailservice,email,51,3,3,3,0
2,normal,200,441,frontend,server,52,2,2,2,0
2,normal,200,441,paymentservice,payment,17,3,3,3,0
2,normal,200,441,productcatalogservice,server,26,2,2,2,0
2,normal,200,441,recommendationservice,server,25,2,2,2,0
2,normal,200,441,redis-cart,-,,1,1,1,0
2,normal,200,441,shippingservice,server,40,2,2,2,0
2,frontcatalog,200,0,adservice,server,5,2,2,2,0
2,frontcatalog,200,0,cartservice,server,2,2,2,2,0
2,frontcatalog,200,0,checkoutservice,checkout,0,2,2,2,0
2,frontcatalog,200,0,currencyservice,server,0,2,2,2,0
2,frontcatalog,200,0,emailservice,email,2,2,2,2,0
2,frontcatalog,200,0,frontend,-,,,0,2,0
2,frontcatalog,200,0,paymentservice,-,,,0,2,0
2,frontcatalog,200,0,recommendationservice,-,,,0,2,0
2,frontcatalog,200,0,redis-cart,-,,1,1,1,0
2,frontcatalog,200,0,shippingservice,-,,,0,2,0
2,frontcatalog,200,15,adservice,server,98,2,2,2,0
2,frontcatalog,200,15,cartservice,server,23,2,2,2,0
2,frontcatalog,200,15,checkoutservice,checkout,2,2,2,2,0
2,frontcatalog,200,15,currencyservice,server,13,2,2,2,0
2,frontcatalog,200,15,emailservice,email,1,2,2,2,0
2,frontcatalog,200,15,frontend,productcatalog,15,2,2,2,0
2,frontcatalog,200,15,frontend,server,3,2,2,2,0
2,frontcatalog,200,15,paymentservice,payment,2,2,2,2,0
2,frontcatalog,200,15,recommendationservice,server,0,2,2,2,0
2,frontcatalog,200,15,redis-cart,-,,1,1,1,0
2,frontcatalog,200,15,shippingservice,server,0,2,2,2,0
2,frontcatalog,200,30,adservice,server,431,2,3,2,0
2,frontcatalog,200,30,cartservice,server,96,2,2,2,0
2,frontcatalog,200,30,checkoutservice,checkout,78,2,2,2,0
2,frontcatalog,200,30,currencyservice,server,97,2,2,2,0
2,frontcatalog,200,30,emailservice,email,75,2,2,2,0
2,frontcatalog,200,30,frontend,productcatalog,68,2,2,2,0
2,frontcatalog,200,30,frontend,server,66,2,2,2,0
2,frontcatalog,200,30,paymentservice,payment,111,2,2,2,0
2,frontcatalog,200,30,recommendationservice,server,16,2,2,2,0
2,frontcatalog,200,30,redis-cart,-,,1,1,1,0
2,frontcatalog,200,30,shippingservice,server,22,2,2,2,0
2,frontcatalog,200,46,adservice,server,343,3,7,2,0
2,frontcatalog,200,46,cartservice,server,95,2,3,2,0
2,frontcatalog,200,46,checkoutservice,checkout,76,2,2,2,0
2,frontcatalog,200,46,currencyservice,server,80,2,3,2,1
2,frontcatalog,200,46,emailservice,email,84,2,2,2,0
2,frontcatalog,200,46,frontend,productcatalog,65,2,2,2,0
2,frontcatalog,200,46,frontend,server,65,2,2,2,0
2,frontcatalog,200,46,paymentservice,payment,91,2,3,2,1
2,frontcatalog,200,46,recommendationservice,server,71,2,2,2,0
2,frontcatalog,200,46,redis-cart,-,,1,1,1,0
2,frontcatalog,200,46,shippingservice,server,22,2,2,2,0
2,frontcatalog,200,61,adservice,server,175,7,7,2,0
2,frontcatalog,200,61,cartservice,server,83,3,3,2,0
2,frontcatalog,200,61,checkoutservice,checkout,77,2,2,2,0
2,frontcatalog,200,61,currencyservice,server,81,3,3,3,0
2,frontcatalog,200,61,emailservice,email,84,2,3,2,1
2,frontcatalog,200,61,frontend,productcatalog,65,2,2,2,0
2,frontcatalog,200,61,frontend,server,68,2,2,2,0
2,frontcatalog,200,61,paymentservice,payment,85,3,3,3,0
2,frontcatalog,200,61,recommendationservice,server,72,2,2,2,0
2,frontcatalog,200,61,redis-cart,-,,1,1,1,0
2,frontcatalog,200,61,shippingservice,server,77,2,2,2,0
2,frontcatalog,200,76,adservice,server,210,7,7,3,0
2,frontcatalog,200,76,cartservice,server,89,3,3,3,0
2,frontcatalog,200,76,checkoutservice,checkout,86,2,3,3,0
2,frontcatalog,200,76,currencyservice,server,60,3,3,3,0
2,frontcatalog,200,76,emailservice,email,86,3,3,3,0
2,frontcatalog,200,76,frontend,productcatalog,73,2,2,2,0
2,frontcatalog,200,76,frontend,server,78,2,2,2,0
2,frontcatalog,200,76,paymentservice,payment,63,3,3,3,0
2,frontcatalog,200,76,recommendationservice,server,76,2,2,2,0
2,frontcatalog,200,76,redis-cart,-,,1,1,1,0
2,frontcatalog,200,76,shippingservice,server,86,2,3,2,1
2,frontcatalog,200,91,adservice,server,186,7,7,7,0
2,frontcatalog,200,91,cartservice,server,92,3,3,3,0
2,frontcatalog,200,91,checkoutservice,checkout,76,3,3,3,0
2,frontcatalog,200,91,currencyservice,server,57,3,3,3,0
2,frontcatalog,200,91,emailservice,email,86,3,3,3,0
2,frontcatalog,200,91,frontend,productcatalog,67,2,2,2,0
2,frontcatalog,200,91,frontend,server,75,2,2,2,0
2,frontcatalog,200,91,paymentservice,payment,59,3,3,3,0
2,frontcatalog,200,91,recommendationservice,server,76,2,2,2,0
2,frontcatalog,200,91,redis-cart,-,,1,1,1,0
2,frontcatalog,200,91,shippingservice,server,77,3,3,3,0
2,frontcatalog,200,107,adservice,server,69,7,7,7,0
2,frontcatalog,200,107,cartservice,server,75,3,3,3,0
2,frontcatalog,200,107,checkoutservice,checkout,49,3,3,3,0
2,frontcatalog,200,107,currencyservice,server,53,3,3,3,0
2,frontcatalog,200,107,emailservice,email,56,3,3,3,0
2,frontcatalog,200,107,frontend,productcatalog,64,2,2,2,0
2,frontcatalog,200,107,frontend,server,71,2,2,2,0
2,frontcatalog,200,107,paymentservice,payment,55,3,3,3,0
2,frontcatalog,200,107,recommendationservice,server,69,2,2,2,0
2,frontcatalog,200,107,redis-cart,-,,1,1,1,0
2,frontcatalog,200,107,shippingservice,server,46,3,3,3,0
2,frontcatalog,200,122,adservice,server,25,7,7,7,0
2,frontcatalog,200,122,cartservice,server,52,3,3,3,0
2,frontcatalog,200,122,checkoutservice,checkout,45,3,3,3,0
2,frontcatalog,200,122,currencyservice,server,53,3,3,3,0
2,frontcatalog,200,122,emailservice,email,54,3,3,3,0
2,frontcatalog,200,122,frontend,productcatalog,61,2,2,2,0
2,frontcatalog,200,122,frontend,server,66,2,2,2,0
2,frontcatalog,200,122,paymentservice,payment,50,3,3,3,0
2,frontcatalog,200,122,recommendationservice,server,66,2,2,2,0
2,frontcatalog,200,122,redis-cart,-,,1,1,1,0
2,frontcatalog,200,122,shippingservice,server,48,3,3,3,0
2,frontcatalog,200,137,adservice,server,32,7,7,7,0
2,frontcatalog,200,137,cartservice,server,51,3,3,3,0
2,frontcatalog,200,137,checkoutservice,checkout,50,3,3,3,0
2,frontcatalog,200,137,currencyservice,server,53,3,3,3,0
2,frontcatalog,200,137,emailservice,email,54,3,3,3,0
2,frontcatalog,200,137,frontend,productcatalog,66,2,2,2,0
2,frontcatalog,200,137,frontend,server,71,2,2,2,0
2,frontcatalog,200,137,paymentservice,payment,53,3,3,3,0
2,frontcatalog,200,137,recommendationservice,server,70,2,2,2,0
2,frontcatalog,200,137,redis-cart,-,,1,1,1,0
2,frontcatalog,200,137,shippingservice,server,48,3,3,3,0
2,frontcatalog,200,152,adservice,server,27,7,7,7,0
2,frontcatalog,200,152,cartservice,server,53,3,3,3,0
2,frontcatalog,200,152,checkoutservice,checkout,51,3,3,3,0
2,frontcatalog,200,152,currencyservice,server,54,3,3,3,0
2,frontcatalog,200,152,emailservice,email,56,3,3,3,0
2,frontcatalog,200,152,frontend,productcatalog,65,2,2,2,0
2,frontcatalog,200,152,frontend,server,73,2,2,2,0
2,frontcatalog,200,152,paymentservice,payment,58,3,3,3,0
2,frontcatalog,200,152,recommendationservice,server,72,2,2,2,0
2,frontcatalog,200,152,redis-cart,-,,1,1,1,0
2,frontcatalog,200,152,shippingservice,server,51,3,3,3,0
2,frontcatalog,200,168,adservice,server,22,7,4,4,0
2,frontcatalog,200,168,cartservice,server,60,3,3,3,0
2,frontcatalog,200,168,checkoutservice,checkout,52,3,3,3,0
2,frontcatalog,200,168,currencyservice,server,54,3,3,3,0
2,frontcatalog,200,168,emailservice,email,56,3,3,3,0
2,frontcatalog,200,168,frontend,productcatalog,67,2,2,2,0
2,frontcatalog,200,168,frontend,server,71,2,2,2,0
2,frontcatalog,200,168,paymentservice,payment,59,3,3,3,0
2,frontcatalog,200,168,recommendationservice,server,70,2,2,2,0
2,frontcatalog,200,168,redis-cart,-,,1,1,1,0
2,frontcatalog,200,168,shippingservice,server,53,3,3,3,0
2,frontcatalog,200,183,adservice,server,35,4,4,4,0
2,frontcatalog,200,183,cartservice,server,66,3,3,3,0
2,frontcatalog,200,183,checkoutservice,checkout,54,3,3,3,0
2,frontcatalog,200,183,currencyservice,server,56,3,3,3,0
2,frontcatalog,200,183,emailservice,email,56,3,3,3,0
2,frontcatalog,200,183,frontend,productcatalog,66,2,2,2,0
2,frontcatalog,200,183,frontend,server,71,2,2,2,0
2,frontcatalog,200,183,paymentservice,payment,56,3,3,3,0
2,frontcatalog,200,183,recommendationservice,server,71,2,2,2,0
2,frontcatalog,200,183,redis-cart,-,,1,1,1,0
2,frontcatalog,200,183,shippingservice,server,51,3,3,3,0
2,frontcatalog,200,198,adservice,server,36,4,3,3,0
2,frontcatalog,200,198,cartservice,server,51,3,3,3,0
2,frontcatalog,200,198,checkoutservice,checkout,54,3,3,3,0
2,frontcatalog,200,198,currencyservice,server,52,3,3,3,0
2,frontcatalog,200,198,emailservice,email,55,3,3,3,0
2,frontcatalog,200,198,frontend,productcatalog,65,2,2,2,0
2,frontcatalog,200,198,frontend,server,71,2,2,2,0
2,frontcatalog,200,198,paymentservice,payment,53,3,3,3,0
2,frontcatalog,200,198,recommendationservice,server,68,2,2,2,0
2,frontcatalog,200,198,redis-cart,-,,1,1,1,0
2,frontcatalog,200,198,shippingservice,server,50,3,3,3,0
2,frontcatalog,200,213,adservice,server,43,3,3,3,0
2,frontcatalog,200,213,cartservice,server,52,3,3,3,0
2,frontcatalog,200,213,checkoutservice,checkout,45,3,3,3,0
2,frontcatalog,200,213,currencyservice,server,53,3,3,3,0
2,frontcatalog,200,213,emailservice,email,54,3,3,3,0
2,frontcatalog,200,213,frontend,productcatalog,65,2,2,2,0
2,frontcatalog,200,213,frontend,server,70,2,2,2,0
2,frontcatalog,200,213,paymentservice,payment,54,3,3,3,0
2,frontcatalog,200,213,recommendationservice,server,69,2,2,2,0
2,frontcatalog,200,213,redis-cart,-,,1,1,1,0
2,frontcatalog,200,213,shippingservice,server,47,3,3,3,0
2,frontcatalog,200,228,adservice,server,40,3,3,3,0
2,frontcatalog,200,228,cartservice,server,54,3,3,3,0
2,frontcatalog,200,228,checkoutservice,checkout,49,3,3,3,0
2,frontcatalog,200,228,currencyservice,server,51,3,3,3,0
2,frontcatalog,200,228,emailservice,email,54,3,3,3,0
2,frontcatalog,200,228,frontend,productcatalog,65,2,2,2,0
2,frontcatalog,200,228,frontend,server,71,2,2,2,0
2,frontcatalog,200,228,paymentservice,payment,50,3,3,3,0
2,frontcatalog,200,228,recommendationservice,server,69,2,2,2,0
2,frontcatalog,200,228,redis-cart,-,,1,1,1,0
2,frontcatalog,200,228,shippingservice,server,48,3,3,3,0
2,frontcatalog,200,244,adservice,server,41,3,3,3,0
2,frontcatalog,200,244,cartservice,server,55,3,3,3,0
2,frontcatalog,200,244,checkoutservice,checkout,52,3,3,3,0
2,frontcatalog,200,244,currencyservice,server,55,3,3,3,0
2,frontcatalog,200,244,emailservice,email,56,3,3,3,0
2,frontcatalog,200,244,frontend,productcatalog,66,2,2,2,0
2,frontcatalog,200,244,frontend,server,70,2,2,2,0
2,frontcatalog,200,244,paymentservice,payment,57,3,3,3,0
2,frontcatalog,200,244,recommendationservice,server,71,2,2,2,0
2,frontcatalog,200,244,redis-cart,-,,1,1,1,0
2,frontcatalog,200,244,shippingservice,server,52,3,3,3,0
2,frontcatalog,200,259,adservice,server,41,3,2,2,0
2,frontcatalog,200,259,cartservice,server,62,3,3,3,0
2,frontcatalog,200,259,checkoutservice,checkout,54,3,3,3,0
2,frontcatalog,200,259,currencyservice,server,56,3,3,3,0
2,frontcatalog,200,259,emailservice,email,58,3,3,3,0
2,frontcatalog,200,259,frontend,productcatalog,68,2,2,2,0
2,frontcatalog,200,259,frontend,server,73,2,2,2,0
2,frontcatalog,200,259,paymentservice,payment,60,3,3,3,0
2,frontcatalog,200,259,recommendationservice,server,72,2,2,2,0
2,frontcatalog,200,259,redis-cart,-,,1,1,1,0
2,frontcatalog,200,259,shippingservice,server,52,3,3,3,0
2,frontcatalog,200,274,adservice,server,32,2,2,2,0
2,frontcatalog,200,274,cartservice,server,60,3,3,3,0
2,frontcatalog,200,274,checkoutservice,checkout,54,3,3,3,0
2,frontcatalog,200,274,currencyservice,server,54,3,3,3,0
2,frontcatalog,200,274,emailservice,email,54,3,3,3,0
2,frontcatalog,200,274,frontend,productcatalog,66,2,2,2,0
2,frontcatalog,200,274,frontend,server,68,2,2,2,0
2,frontcatalog,200,274,paymentservice,payment,53,3,3,3,0
2,frontcatalog,200,274,recommendationservice,server,68,2,2,2,0
2,frontcatalog,200,274,redis-cart,-,,1,1,1,0
2,frontcatalog,200,274,shippingservice,server,52,3,3,3,0
2,frontcatalog,200,289,adservice,server,205,2,2,2,0
2,frontcatalog,200,289,cartservice,server,56,3,3,3,0
2,frontcatalog,200,289,checkoutservice,checkout,51,3,3,3,0
2,frontcatalog,200,289,currencyservice,server,56,3,3,3,0
2,frontcatalog,200,289,emailservice,email,60,3,3,3,0
2,frontcatalog,200,289,frontend,productcatalog,68,2,2,2,0
2,frontcatalog,200,289,frontend,server,75,2,2,2,0
2,frontcatalog,200,289,paymentservice,payment,60,3,3,3,0
2,frontcatalog,200,289,recommendationservice,server,74,2,2,2,0
2,frontcatalog,200,289,redis-cart,-,,1,1,1,0
2,frontcatalog,200,289,shippingservice,server,50,3,3,3,0
2,frontcatalog,200,305,adservice,server,171,2,5,2,0
2,frontcatalog,200,305,cartservice,server,65,3,3,3,0
2,frontcatalog,200,305,checkoutservice,checkout,52,3,3,3,0
2,frontcatalog,200,305,currencyservice,server,55,3,3,3,0
2,frontcatalog,200,305,emailservice,email,60,3,3,3,0
2,frontcatalog,200,305,frontend,productcatalog,68,2,2,2,0
2,frontcatalog,200,305,frontend,server,73,2,2,2,0
2,frontcatalog,200,305,paymentservice,payment,57,3,3,3,0
2,frontcatalog,200,305,recommendationservice,server,71,2,2,2,0
2,frontcatalog,200,305,redis-cart,-,,1,1,1,0
2,frontcatalog,200,305,shippingservice,server,53,3,3,3,0
2,frontcatalog,200,320,adservice,server,171,5,5,2,0
2,frontcatalog,200,320,cartservice,server,63,3,3,3,0
2,frontcatalog,200,320,checkoutservice,checkout,53,3,3,3,0
2,frontcatalog,200,320,currencyservice,server,57,3,3,3,0
2,frontcatalog,200,320,emailservice,email,56,3,3,3,0
2,frontcatalog,200,320,frontend,productcatalog,70,2,2,2,0
2,frontcatalog,200,320,frontend,server,74,2,2,2,0
2,frontcatalog,200,320,paymentservice,payment,58,3,3,3,0
2,frontcatalog,200,320,recommendationservice,server,76,2,2,2,0
2,frontcatalog,200,320,redis-cart,-,,1,1,1,0
2,frontcatalog,200,320,shippingservice,server,53,3,3,3,0
2,frontcatalog,200,335,adservice,server,115,5,5,5,0
2,frontcatalog,200,335,cartservice,server,60,3,3,3,0
2,frontcatalog,200,335,checkoutservice,checkout,53,3,3,3,0
2,frontcatalog,200,335,currencyservice,server,58,3,3,3,0
2,frontcatalog,200,335,emailservice,email,61,3,3,3,0
2,frontcatalog,200,335,frontend,productcatalog,67,2,2,2,0
2,frontcatalog,200,335,frontend,server,74,2,2,2,0
2,frontcatalog,200,335,paymentservice,payment,56,3,3,3,0
2,frontcatalog,200,335,recommendationservice,server,74,2,2,2,0
2,frontcatalog,200,335,redis-cart,-,,1,1,1,0
2,frontcatalog,200,335,shippingservice,server,54,3,3,3,0
2,frontcatalog,200,350,adservice,server,111,5,5,5,0
2,frontcatalog,200,350,cartservice,server,61,3,3,3,0
2,frontcatalog,200,350,checkoutservice,checkout,53,3,3,3,0
2,frontcatalog,200,350,currencyservice,server,56,3,3,3,0
2,frontcatalog,200,350,emailservice,email,58,3,3,3,0
2,frontcatalog,200,350,frontend,productcatalog,68,2,2,2,0
2,frontcatalog,200,350,frontend,server,73,2,2,2,0
2,frontcatalog,200,350,paymentservice,payment,59,3,3,3,0
2,frontcatalog,200,350,recommendationservice,server,73,2,2,2,0
2,frontcatalog,200,350,redis-cart,-,,1,1,1,0
2,frontcatalog,200,350,shippingservice,server,54,3,3,3,0
2,frontcatalog,200,365,adservice,server,53,5,5,5,0
2,frontcatalog,200,365,cartservice,server,61,3,3,3,0
2,frontcatalog,200,365,checkoutservice,checkout,53,3,3,3,0
2,frontcatalog,200,365,currencyservice,server,57,3,3,3,0
2,frontcatalog,200,365,emailservice,email,59,3,3,3,0
2,frontcatalog,200,365,frontend,productcatalog,69,2,2,2,0
2,frontcatalog,200,365,frontend,server,74,2,2,2,0
2,frontcatalog,200,365,paymentservice,payment,59,3,3,3,0
2,frontcatalog,200,365,recommendationservice,server,73,2,2,2,0
2,frontcatalog,200,365,redis-cart,-,,1,1,1,0
2,frontcatalog,200,365,shippingservice,server,53,3,3,3,0
2,frontcatalog,200,381,adservice,server,37,5,5,5,0
2,frontcatalog,200,381,cartservice,server,58,3,3,3,0
2,frontcatalog,200,381,checkoutservice,checkout,53,3,3,3,0
2,frontcatalog,200,381,currencyservice,server,56,3,3,3,0
2,frontcatalog,200,381,emailservice,email,57,3,3,3,0
2,frontcatalog,200,381,frontend,productcatalog,66,2,2,2,0
2,frontcatalog,200,381,frontend,server,73,2,2,2,0
2,frontcatalog,200,381,paymentservice,payment,58,3,3,3,0
2,frontcatalog,200,381,recommendationservice,server,67,2,2,2,0
2,frontcatalog,200,381,redis-cart,-,,1,1,1,0
2,frontcatalog,200,381,shippingservice,server,53,3,3,3,0
2,frontcatalog,200,396,adservice,server,30,5,5,5,0
2,frontcatalog,200,396,cartservice,server,55,3,3,3,0
2,frontcatalog,200,396,checkoutservice,checkout,52,3,3,3,0
2,frontcatalog,200,396,currencyservice,server,54,3,3,3,0
2,frontcatalog,200,396,emailservice,email,56,3,3,3,0
2,frontcatalog,200,396,frontend,productcatalog,66,2,2,2,0
2,frontcatalog,200,396,frontend,server,72,2,2,2,0
2,frontcatalog,200,396,paymentservice,payment,52,3,3,3,0
2,frontcatalog,200,396,recommendationservice,server,72,2,2,2,0
2,frontcatalog,200,396,redis-cart,-,,1,1,1,0
2,frontcatalog,200,396,shippingservice,server,49,3,3,3,0
2,frontcatalog,200,411,adservice,server,32,5,3,3,0
2,frontcatalog,200,411,cartservice,server,53,3,3,3,0
2,frontcatalog,200,411,checkoutservice,checkout,46,3,3,3,0
2,frontcatalog,200,411,currencyservice,server,53,3,3,3,0
2,frontcatalog,200,411,emailservice,email,52,3,3,3,0
2,frontcatalog,200,411,frontend,productcatalog,65,2,2,2,0
2,frontcatalog,200,411,frontend,server,72,2,2,2,0
2,frontcatalog,200,411,paymentservice,payment,54,3,3,3,0
2,frontcatalog,200,411,recommendationservice,server,70,2,2,2,0
2,frontcatalog,200,411,redis-cart,-,,1,1,1,0
2,frontcatalog,200,411,shippingservice,server,49,3,3,3,0
2,frontcatalog,200,426,adservice,server,45,3,3,3,0
2,frontcatalog,200,426,cartservice,server,64,3,3,3,0
2,frontcatalog,200,426,checkoutservice,checkout,51,3,3,3,0
2,frontcatalog,200,426,currencyservice,server,53,3,3,3,0
2,frontcatalog,200,426,emailservice,email,58,3,3,3,0
2,frontcatalog,200,426,frontend,productcatalog,67,2,2,2,0
2,frontcatalog,200,426,frontend,server,75,2,2,2,0
2,frontcatalog,200,426,paymentservice,payment,58,3,3,3,0
2,frontcatalog,200,426,recommendationservice,server,72,2,2,2,0
2,frontcatalog,200,426,redis-cart,-,,1,1,1,0
2,frontcatalog,200,426,shippingservice,server,51,3,3,3,0
2,frontcatalog,200,441,adservice,server,40,3,3,3,0
2,frontcatalog,200,441,cartservice,server,44,3,3,3,0
2,frontcatalog,200,441,checkoutservice,checkout,35,3,3,3,0
2,frontcatalog,200,441,currencyservice,server,48,3,3,3,0
2,frontcatalog,200,441,emailservice,email,33,3,3,3,0
2,frontcatalog,200,441,frontend,productcatalog,56,2,2,2,0
2,frontcatalog,200,441,frontend,server,76,2,2,2,0
2,frontcatalog,200,441,paymentservice,payment,37,3,3,3,0
2,frontcatalog,200,441,recommendationservice,server,62,2,2,2,0
2,frontcatalog,200,441,redis-cart,-,,1,1,1,0
2,frontcatalog,200,441,shippingservice,server,37,3,3,3,0
2,frontreco,200,1,adservice,server,4,2,2,2,0
2,frontreco,200,1,cartservice,server,1,2,2,2,0
2,frontreco,200,1,checkoutservice,checkout,0,2,2,2,0
2,frontreco,200,1,currencyservice,server,0,2,2,2,0
2,frontreco,200,1,emailservice,email,2,2,2,2,0
2,frontreco,200,1,frontend,-,,,0,2,0
2,frontreco,200,1,paymentservice,-,,,0,2,0
2,frontreco,200,1,productcatalogservice,-,,,0,2,0
2,frontreco,200,1,redis-cart,-,,1,1,1,0
2,frontreco,200,1,shippingservice,-,,,0,2,0
2,frontreco,200,16,adservice,server,5,2,2,2,0
2,frontreco,200,16,cartservice,server,1,2,2,2,0
2,frontreco,200,16,checkoutservice,checkout,2,2,2,2,0
2,frontreco,200,16,currencyservice,server,0,2,2,2,0
2,frontreco,200,16,emailservice,email,2,2,2,2,0
2,frontreco,200,16,frontend,recommendation,0,2,2,2,0
2,frontreco,200,16,frontend,server,0,2,2,2,0
2,frontreco,200,16,paymentservice,payment,1,2,2,2,0
2,frontreco,200,16,productcatalogservice,server,0,2,2,2,0
2,frontreco,200,16,redis-cart,-,,1,1,1,0
2,frontreco,200,16,shippingservice,server,0,2,2,2,0
2,frontreco,200,31,adservice,server,144,2,2,2,0
2,frontreco,200,31,cartservice,server,39,2,2,2,0
2,frontreco,200,31,checkoutservice,checkout,61,2,2,2,0
2,frontreco,200,31,currencyservice,server,64,2,2,2,0
2,frontreco,200,31,emailservice,email,80,2,2,2,0
2,frontreco,200,31,frontend,recommendation,78,2,2,2,0
2,frontreco,200,31,frontend,server,76,2,2,2,0
2,frontreco,200,31,paymentservice,payment,56,2,2,2,0
2,frontreco,200,31,productcatalogservice,server,24,2,2,2,0
2,frontreco,200,31,redis-cart,-,,1,1,1,0
2,frontreco,200,31,shippingservice,server,37,2,2,2,0
2,frontreco,200,46,adservice,server,346,2,5,2,0
2,frontreco,200,46,cartservice,server,91,2,2,2,0
2,frontreco,200,46,checkoutservice,checkout,76,2,2,2,0
2,frontreco,200,46,currencyservice,server,70,2,2,2,0
2,frontreco,200,46,emailservice,email,85,2,3,2,1
2,frontreco,200,46,frontend,recommendation,70,2,2,2,0
2,frontreco,200,46,frontend,server,73,2,2,2,0
2,frontreco,200,46,paymentservice,payment,83,2,3,2,1
2,frontreco,200,46,productcatalogservice,server,72,2,2,2,0
2,frontreco,200,46,redis-cart,-,,1,1,1,0
2,frontreco,200,46,shippingservice,server,74,2,2,2,0
2,frontreco,200,61,adservice,server,191,5,5,2,0
2,frontreco,200,61,cartservice,server,83,2,3,2,0
2,frontreco,200,61,checkoutservice,checkout,75,2,2,2,0
2,frontreco,200,61,currencyservice,server,69,2,2,2,0
2,frontreco,200,61,emailservice,email,84,3,3,3,0
2,frontreco,200,61,frontend,recommendation,71,2,2,2,0
2,frontreco,200,61,frontend,server,71,2,2,2,0
2,frontreco,200,61,paymentservice,payment,79,3,3,3,0
2,frontreco,200,61,productcatalogservice,server,69,2,2,2,0
2,frontreco,200,61,redis-cart,-,,1,1,1,0
2,frontreco,200,61,shippingservice,server,76,2,2,2,0
2,frontreco,200,77,adservice,server,123,5,5,2,0
2,frontreco,200,77,cartservice,server,77,3,3,2,0
2,frontreco,200,77,checkoutservice,checkout,72,2,2,2,0
2,frontreco,200,77,currencyservice,server,71,2,2,2,0
2,frontreco,200,77,emailservice,email,82,3,3,3,0
2,frontreco,200,77,frontend,recommendation,74,2,2,2,0
2,frontreco,200,77,frontend,server,70,2,2,2,0
2,frontreco,200,77,paymentservice,payment,53,3,3,3,0
2,frontreco,200,77,productcatalogservice,server,67,2,2,2,0
2,frontreco,200,77,redis-cart,-,,1,1,1,0
2,frontreco,200,77,shippingservice,server,72,2,2,2,0
2,frontreco,200,92,adservice,server,78,5,5,5,0
2,frontreco,200,92,cartservice,server,76,3,3,3,0
2,frontreco,200,92,checkoutservice,checkout,68,2,2,2,0
2,frontreco,200,92,currencyservice,server,66,2,2,2,0
2,frontreco,200,92,emailservice,email,55,3,3,3,0
2,frontreco,200,92,frontend,recommendation,74,2,2,2,0
2,frontreco,200,92,frontend,server,70,2,2,2,0
2,frontreco,200,92,paymentservice,payment,52,3,3,3,0
2,frontreco,200,92,productcatalogservice,server,67,2,2,2,0
2,frontreco,200,92,redis-cart,-,,1,1,1,0
2,frontreco,200,92,shippingservice,server,72,2,2,2,0
2,frontreco,200,107,adservice,server,66,5,5,5,0
2,frontreco,200,107,cartservice,server,76,3,3,3,0
2,frontreco,200,107,checkoutservice,checkout,74,2,2,2,0
2,frontreco,200,107,currencyservice,server,68,2,2,2,0
2,frontreco,200,107,emailservice,email,54,3,3,3,0
2,frontreco,200,107,frontend,recommendation,80,2,2,2,0
2,frontreco,200,107,frontend,server,75,2,2,2,0
2,frontreco,200,107,paymentservice,payment,55,3,3,3,0
2,frontreco,200,107,productcatalogservice,server,69,2,2,2,0
2,frontreco,200,107,redis-cart,-,,1,1,1,0
2,frontreco,200,107,shippingservice,server,73,2,2,2,0
2,frontreco,200,122,adservice,server,35,5,5,5,0
2,frontreco,200,122,cartservice,server,83,3,3,3,0
2,frontreco,200,122,checkoutservice,checkout,73,2,2,2,0
2,frontreco,200,122,currencyservice,server,69,2,2,2,0
2,frontreco,200,122,emailservice,email,57,3,3,3,0
2,frontreco,200,122,frontend,recommendation,71,2,2,2,0
2,frontreco,200,122,frontend,server,70,2,2,2,0
2,frontreco,200,122,paymentservice,payment,57,3,3,3,0
2,frontreco,200,122,productcatalogservice,server,68,2,2,2,0
2,frontreco,200,122,redis-cart,-,,1,1,1,0
2,frontreco,200,122,shippingservice,server,80,2,2,2,0
2,frontreco,200,137,adservice,server,26,5,5,5,0
2,frontreco,200,137,cartservice,server,64,3,3,3,0
2,frontreco,200,137,checkoutservice,checkout,73,2,2,2,0
2,frontreco,200,137,currencyservice,server,73,2,2,2,0
2,frontreco,200,137,emailservice,email,57,3,3,3,0
2,frontreco,200,137,frontend,recommendation,73,2,2,2,0
2,frontreco,200,137,frontend,server,71,2,2,2,0
2,frontreco,200,137,paymentservice,payment,57,3,3,3,0
2,frontreco,200,137,productcatalogservice,server,68,2,2,2,0
2,frontreco,200,137,redis-cart,-,,1,1,1,0
2,frontreco,200,137,shippingservice,server,74,2,2,2,0
2,frontreco,200,153,adservice,server,25,5,5,5,0
2,frontreco,200,153,cartservice,server,58,3,3,3,0
2,frontreco,200,153,checkoutservice,checkout,77,2,2,2,0
2,frontreco,200,153,currencyservice,server,70,2,2,2,0
2,frontreco,200,153,emailservice,email,56,3,3,3,0
2,frontreco,200,153,frontend,recommendation,75,2,2,2,0
2,frontreco,200,153,frontend,server,72,2,2,2,0
2,frontreco,200,153,paymentservice,payment,54,3,3,3,0
2,frontreco,200,153,productcatalogservice,server,69,2,2,2,0
2,frontreco,200,153,redis-cart,-,,1,1,1,0
2,frontreco,200,153,shippingservice,server,75,2,2,2,0
2,frontreco,200,168,adservice,server,26,5,2,2,0
2,frontreco,200,168,cartservice,server,56,3,3,3,0
2,frontreco,200,168,checkoutservice,checkout,73,2,2,2,0
2,frontreco,200,168,currencyservice,server,70,2,2,2,0
2,frontreco,200,168,emailservice,email,56,3,3,3,0
2,frontreco,200,168,frontend,recommendation,71,2,2,2,0
2,frontreco,200,168,frontend,server,70,2,2,2,0
2,frontreco,200,168,paymentservice,payment,58,3,3,3,0
2,frontreco,200,168,productcatalogservice,server,68,2,2,2,0
2,frontreco,200,168,redis-cart,-,,1,1,1,0
2,frontreco,200,168,shippingservice,server,76,2,2,2,0
2,frontreco,200,183,adservice,server,61,2,2,2,0
2,frontreco,200,183,cartservice,server,59,3,3,3,0
2,frontreco,200,183,checkoutservice,checkout,75,2,2,2,0
2,frontreco,200,183,currencyservice,server,70,2,2,2,0
2,frontreco,200,183,emailservice,email,56,3,3,3,0
2,frontreco,200,183,frontend,recommendation,70,2,2,2,0
2,frontreco,200,183,frontend,server,68,2,2,2,0
2,frontreco,200,183,paymentservice,payment,54,3,3,3,0
2,frontreco,200,183,productcatalogservice,server,69,2,2,2,0
2,frontreco,200,183,redis-cart,-,,1,1,1,0
2,frontreco,200,183,shippingservice,server,73,2,2,2,0
2,frontreco,200,198,adservice,server,59,2,2,2,0
2,frontreco,200,198,cartservice,server,52,3,3,3,0
2,frontreco,200,198,checkoutservice,checkout,69,2,2,2,0
2,frontreco,200,198,currencyservice,server,69,2,2,2,0
2,frontreco,200,198,emailservice,email,53,3,3,3,0
2,frontreco,200,198,frontend,recommendation,71,2,2,2,0
2,frontreco,200,198,frontend,server,72,2,2,2,0
2,frontreco,200,198,paymentservice,payment,49,3,3,3,0
2,frontreco,200,198,productcatalogservice,server,65,2,2,2,0
2,frontreco,200,198,redis-cart,-,,1,1,1,0
2,frontreco,200,198,shippingservice,server,68,2,2,2,0
2,frontreco,200,213,adservice,server,61,2,2,2,0
2,frontreco,200,213,cartservice,server,49,3,3,3,0
2,frontreco,200,213,checkoutservice,checkout,73,2,2,2,0
2,frontreco,200,213,currencyservice,server,65,2,2,2,0
2,frontreco,200,213,emailservice,email,56,3,3,3,0
2,frontreco,200,213,frontend,recommendation,70,2,2,2,0
2,frontreco,200,213,frontend,server,72,2,2,2,0
2,frontreco,200,213,paymentservice,payment,55,3,3,3,0
2,frontreco,200,213,productcatalogservice,server,68,2,2,2,0
2,frontreco,200,213,redis-cart,-,,1,1,1,0
2,frontreco,200,213,shippingservice,server,76,2,2,2,0
2,frontreco,200,229,adservice,server,60,2,2,2,0
2,frontreco,200,229,cartservice,server,55,3,3,3,0
2,frontreco,200,229,checkoutservice,checkout,75,2,2,2,0
2,frontreco,200,229,currencyservice,server,70,2,2,2,0
2,frontreco,200,229,emailservice,email,56,3,3,3,0
2,frontreco,200,229,frontend,recommendation,78,2,2,2,0
2,frontreco,200,229,frontend,server,74,2,2,2,0
2,frontreco,200,229,paymentservice,payment,53,3,3,3,0
2,frontreco,200,229,productcatalogservice,server,69,2,2,2,0
2,frontreco,200,229,redis-cart,-,,1,1,1,0
2,frontreco,200,229,shippingservice,server,75,2,2,2,0
2,frontreco,200,244,adservice,server,65,2,2,2,0
2,frontreco,200,244,cartservice,server,57,3,3,3,0
2,frontreco,200,244,checkoutservice,checkout,73,2,2,2,0
2,frontreco,200,244,currencyservice,server,69,2,2,2,0
2,frontreco,200,244,emailservice,email,56,3,3,3,0
2,frontreco,200,244,frontend,recommendation,72,2,2,2,0
2,frontreco,200,244,frontend,server,74,2,2,2,0
2,frontreco,200,244,paymentservice,payment,58,3,3,3,0
2,frontreco,200,244,productcatalogservice,server,70,2,2,2,0
2,frontreco,200,244,redis-cart,-,,1,1,1,0
2,frontreco,200,244,shippingservice,server,80,2,2,2,0
2,frontreco,200,259,adservice,server,68,2,2,2,0
2,frontreco,200,259,cartservice,server,58,3,3,3,0
2,frontreco,200,259,checkoutservice,checkout,73,2,2,2,0
2,frontreco,200,259,currencyservice,server,72,2,2,2,0
2,frontreco,200,259,emailservice,email,55,3,3,3,0
2,frontreco,200,259,frontend,recommendation,73,2,2,2,0
2,frontreco,200,259,frontend,server,74,2,2,2,0
2,frontreco,200,259,paymentservice,payment,52,3,3,3,0
2,frontreco,200,259,productcatalogservice,server,70,2,2,2,0
2,frontreco,200,259,redis-cart,-,,1,1,1,0
2,frontreco,200,259,shippingservice,server,74,2,2,2,0
2,frontreco,200,274,adservice,server,60,2,2,2,0
2,frontreco,200,274,cartservice,server,56,3,3,3,0
2,frontreco,200,274,checkoutservice,checkout,75,2,2,2,0
2,frontreco,200,274,currencyservice,server,68,2,2,2,0
2,frontreco,200,274,emailservice,email,56,3,3,3,0
2,frontreco,200,274,frontend,recommendation,73,2,2,2,0
2,frontreco,200,274,frontend,server,72,2,2,2,0
2,frontreco,200,274,paymentservice,payment,55,3,3,3,0
2,frontreco,200,274,productcatalogservice,server,68,2,2,2,0
2,frontreco,200,274,redis-cart,-,,1,1,1,0
2,frontreco,200,274,shippingservice,server,75,2,2,2,0
2,frontreco,200,289,adservice,server,58,2,2,2,0
2,frontreco,200,289,cartservice,server,54,3,3,3,0
2,frontreco,200,289,checkoutservice,checkout,74,2,2,2,0
2,frontreco,200,289,currencyservice,server,70,2,2,2,0
2,frontreco,200,289,emailservice,email,56,3,3,3,0
2,frontreco,200,289,frontend,recommendation,74,2,2,2,0
2,frontreco,200,289,frontend,server,75,2,2,2,0
2,frontreco,200,289,paymentservice,payment,55,3,3,3,0
2,frontreco,200,289,productcatalogservice,server,71,2,2,2,0
2,frontreco,200,289,redis-cart,-,,1,1,1,0
2,frontreco,200,289,shippingservice,server,80,2,2,2,0
2,frontreco,200,305,adservice,server,62,2,2,2,0
2,frontreco,200,305,cartservice,server,58,3,3,3,0
2,frontreco,200,305,checkoutservice,checkout,74,2,2,2,0
2,frontreco,200,305,currencyservice,server,71,2,2,2,0
2,frontreco,200,305,emailservice,email,56,3,3,3,0
2,frontreco,200,305,frontend,recommendation,74,2,2,2,0
2,frontreco,200,305,frontend,server,74,2,2,2,0
2,frontreco,200,305,paymentservice,payment,55,3,3,3,0
2,frontreco,200,305,productcatalogservice,server,69,2,2,2,0
2,frontreco,200,305,redis-cart,-,,1,1,1,0
2,frontreco,200,305,shippingservice,server,72,2,2,2,0
2,frontreco,200,320,adservice,server,63,2,2,2,0
2,frontreco,200,320,cartservice,server,57,3,3,3,0
2,frontreco,200,320,checkoutservice,checkout,75,2,2,2,0
2,frontreco,200,320,currencyservice,server,73,2,2,2,0
2,frontreco,200,320,emailservice,email,53,3,3,3,0
2,frontreco,200,320,frontend,recommendation,74,2,2,2,0
2,frontreco,200,320,frontend,server,74,2,2,2,0
2,frontreco,200,320,paymentservice,payment,51,3,3,3,0
2,frontreco,200,320,productcatalogservice,server,69,2,2,2,0
2,frontreco,200,320,redis-cart,-,,1,1,1,0
2,frontreco,200,320,shippingservice,server,72,2,2,2,0
2,frontreco,200,335,adservice,server,61,2,2,2,0
2,frontreco,200,335,cartservice,server,54,3,3,3,0
2,frontreco,200,335,checkoutservice,checkout,74,2,2,2,0
2,frontreco,200,335,currencyservice,server,66,2,2,2,0
2,frontreco,200,335,emailservice,email,53,3,3,3,0
2,frontreco,200,335,frontend,recommendation,72,2,2,2,0
2,frontreco,200,335,frontend,server,72,2,2,2,0
2,frontreco,200,335,paymentservice,payment,55,3,3,3,0
2,frontreco,200,335,productcatalogservice,server,68,2,2,2,0
2,frontreco,200,335,redis-cart,-,,1,1,1,0
2,frontreco,200,335,shippingservice,server,75,2,2,2,0
2,frontreco,200,350,adservice,server,60,2,2,2,0
2,frontreco,200,350,cartservice,server,52,3,3,3,0
2,frontreco,200,350,checkoutservice,checkout,74,2,2,2,0
2,frontreco,200,350,currencyservice,server,69,2,2,2,0
2,frontreco,200,350,emailservice,email,56,3,3,3,0
2,frontreco,200,350,frontend,recommendation,72,2,2,2,0
2,frontreco,200,350,frontend,server,74,2,2,2,0
2,frontreco,200,350,paymentservice,payment,55,3,3,3,0
2,frontreco,200,350,productcatalogservice,server,70,2,2,2,0
2,frontreco,200,350,redis-cart,-,,1,1,1,0
2,frontreco,200,350,shippingservice,server,75,2,2,2,0
2,frontreco,200,365,adservice,server,59,2,2,2,0
2,frontreco,200,365,cartservice,server,55,3,3,3,0
2,frontreco,200,365,checkoutservice,checkout,75,2,2,2,0
2,frontreco,200,365,currencyservice,server,71,2,2,2,0
2,frontreco,200,365,emailservice,email,56,3,3,3,0
2,frontreco,200,365,frontend,recommendation,73,2,2,2,0
2,frontreco,200,365,frontend,server,74,2,2,2,0
2,frontreco,200,365,paymentservice,payment,55,3,3,3,0
2,frontreco,200,365,productcatalogservice,server,70,2,2,2,0
2,frontreco,200,365,redis-cart,-,,1,1,1,0
2,frontreco,200,365,shippingservice,server,76,2,2,2,0
2,frontreco,200,381,adservice,server,59,2,2,2,0
2,frontreco,200,381,cartservice,server,57,3,3,3,0
2,frontreco,200,381,checkoutservice,checkout,74,2,2,2,0
2,frontreco,200,381,currencyservice,server,71,2,2,2,0
2,frontreco,200,381,emailservice,email,57,3,3,3,0
2,frontreco,200,381,frontend,recommendation,73,2,2,2,0
2,frontreco,200,381,frontend,server,73,2,2,2,0
2,frontreco,200,381,paymentservice,payment,57,3,3,3,0
2,frontreco,200,381,productcatalogservice,server,69,2,2,2,0
2,frontreco,200,381,redis-cart,-,,1,1,1,0
2,frontreco,200,381,shippingservice,server,78,2,2,2,0
2,frontreco,200,396,adservice,server,60,2,2,2,0
2,frontreco,200,396,cartservice,server,57,3,3,3,0
2,frontreco,200,396,checkoutservice,checkout,76,2,2,2,0
2,frontreco,200,396,currencyservice,server,72,2,2,2,0
2,frontreco,200,396,emailservice,email,54,3,3,3,0
2,frontreco,200,396,frontend,recommendation,72,2,2,2,0
2,frontreco,200,396,frontend,server,73,2,2,2,0
2,frontreco,200,396,paymentservice,payment,54,3,3,3,0
2,frontreco,200,396,productcatalogservice,server,70,2,2,2,0
2,frontreco,200,396,redis-cart,-,,1,1,1,0
2,frontreco,200,396,shippingservice,server,78,2,3,3,0
2,frontreco,200,411,adservice,server,60,2,2,2,0
2,frontreco,200,411,cartservice,server,54,3,3,3,0
2,frontreco,200,411,checkoutservice,checkout,71,2,2,2,0
2,frontreco,200,411,currencyservice,server,71,2,2,2,0
2,frontreco,200,411,emailservice,email,59,3,3,3,0
2,frontreco,200,411,frontend,recommendation,78,2,2,2,0
2,frontreco,200,411,frontend,server,77,2,2,2,0
2,frontreco,200,411,paymentservice,payment,55,3,3,3,0
2,frontreco,200,411,productcatalogservice,server,69,2,2,2,0
2,frontreco,200,411,redis-cart,-,,1,1,1,0
2,frontreco,200,411,shippingservice,server,71,3,3,3,0
2,frontreco,200,426,adservice,server,68,2,2,2,0
2,frontreco,200,426,cartservice,server,51,3,3,3,0
2,frontreco,200,426,checkoutservice,checkout,71,2,2,2,0
2,frontreco,200,426,currencyservice,server,69,2,2,2,0
2,frontreco,200,426,emailservice,email,55,3,3,3,0
2,frontreco,200,426,frontend,recommendation,74,2,3,2,0
2,frontreco,200,426,frontend,server,77,2,3,2,0
2,frontreco,200,426,paymentservice,payment,54,3,3,3,0
2,frontreco,200,426,productcatalogservice,server,68,2,2,2,0
2,frontreco,200,426,redis-cart,-,,1,1,1,0
2,frontreco,200,426,shippingservice,server,68,3,3,3,0
2,frontreco,200,441,adservice,server,60,2,2,2,0
2,frontreco,200,441,cartservice,server,52,3,3,3,0
2,frontreco,200,441,checkoutservice,checkout,71,2,2,2,0
2,frontreco,200,441,currencyservice,server,69,2,2,2,0
2,frontreco,200,441,emailservice,email,14,3,3,3,0
2,frontreco,200,441,frontend,recommendation,25,3,3,3,0
2,frontreco,200,441,frontend,server,20,3,3,3,0
2,frontreco,200,441,paymentservice,payment,11,3,3,3,0
2,frontreco,200,441,productcatalogservice,server,14,2,2,2,0
2,frontreco,200,441,redis-cart,-,,1,1,1,0
2,frontreco,200,441,shippingservice,server,39,3,3,3,0
2,frontcart,200,0,adservice,server,5,2,2,2,0
2,frontcart,200,0,checkoutservice,checkout,0,2,2,2,0
2,frontcart,200,0,currencyservice,server,0,2,2,2,0
2,frontcart,200,0,emailservice,email,2,2,2,2,0
2,frontcart,200,0,frontend,cartservice,2,2,2,2,0
2,frontcart,200,0,frontend,server,0,2,2,2,0
2,frontcart,200,0,paymentservice,-,,,0,2,0
2,frontcart,200,0,productcatalogservice,-,,,0,2,0
2,frontcart,200,0,recommendationservice,-,,,0,2,0
2,frontcart,200,0,redis-cart,-,,1,1,1,0
2,frontcart,200,0,shippingservice,-,,,0,2,0
2,frontcart,200,15,adservice,server,3,2,2,2,0
2,frontcart,200,15,checkoutservice,checkout,0,2,2,2,0
2,frontcart,200,15,currencyservice,server,15,2,2,2,0
2,frontcart,200,15,emailservice,email,2,2,2,2,0
2,frontcart,200,15,frontend,cartservice,1,2,2,2,0
2,frontcart,200,15,frontend,server,0,2,2,2,0
2,frontcart,200,15,paymentservice,payment,1,2,2,2,0
2,frontcart,200,15,productcatalogservice,server,0,2,2,2,0
2,frontcart,200,15,recommendationservice,server,0,2,2,2,0
2,frontcart,200,15,redis-cart,-,,1,1,1,0
2,frontcart,200,15,shippingservice,server,0,2,2,2,0
2,frontcart,200,30,adservice,server,364,2,2,2,0
2,frontcart,200,30,checkoutservice,checkout,59,2,2,2,0
2,frontcart,200,30,currencyservice,server,84,2,2,2,0
2,frontcart,200,30,emailservice,email,64,2,2,2,0
2,frontcart,200,30,frontend,cartservice,135,2,2,2,0
2,frontcart,200,30,frontend,server,58,2,2,2,0
2,frontcart,200,30,paymentservice,payment,116,2,2,2,0
2,frontcart,200,30,productcatalogservice,server,56,2,2,2,0
2,frontcart,200,30,recommendationservice,server,0,2,2,2,0
2,frontcart,200,30,redis-cart,-,,1,1,1,0
2,frontcart,200,30,shippingservice,server,0,2,2,2,0
2,frontcart,200,46,adservice,server,357,2,6,2,0
2,frontcart,200,46,checkoutservice,checkout,76,2,2,2,0
2,frontcart,200,46,currencyservice,server,83,2,3,2,1
2,frontcart,200,46,emailservice,email,85,2,2,2,0
2,frontcart,200,46,frontend,cartservice,84,2,3,2,1
2,frontcart,200,46,frontend,server,72,2,3,2,1
2,frontcart,200,46,paymentservice,payment,129,2,4,2,2
2,frontcart,200,46,productcatalogservice,server,70,2,2,2,0
2,frontcart,200,46,recommendationservice,server,70,2,2,2,0
2,frontcart,200,46,redis-cart,-,,1,1,1,0
2,frontcart,200,46,shippingservice,server,62,2,2,2,0
2,frontcart,200,61,adservice,server,213,6,6,2,0
2,frontcart,200,61,checkoutservice,checkout,79,2,2,2,0
2,frontcart,200,61,currencyservice,server,79,3,3,3,0
2,frontcart,200,61,emailservice,email,84,2,3,2,0
2,frontcart,200,61,frontend,cartservice,84,3,3,2,0
2,frontcart,200,61,frontend,server,72,3,3,2,0
2,frontcart,200,61,paymentservice,payment,94,4,4,4,0
2,frontcart,200,61,productcatalogservice,server,67,2,2,2,0
2,frontcart,200,61,recommendationservice,server,68,2,2,2,0
2,frontcart,200,61,redis-cart,-,,1,1,1,0
2,frontcart,200,61,shippingservice,server,73,2,2,2,0
2,frontcart,200,76,adservice,server,188,6,6,2,0
2,frontcart,200,76,checkoutservice,checkout,79,2,3,3,0
2,frontcart,200,76,currencyservice,server,57,3,3,3,0
2,frontcart,200,76,emailservice,email,86,3,3,3,0
2,frontcart,200,76,frontend,cartservice,87,3,3,3,0
2,frontcart,200,76,frontend,server,74,3,3,3,0
2,frontcart,200,76,paymentservice,payment,83,4,4,4,0
2,frontcart,200,76,productcatalogservice,server,69,2,2,2,0
2,frontcart,200,76,recommendationservice,server,76,2,2,2,0
2,frontcart,200,76,redis-cart,-,,1,1,1,0
2,frontcart,200,76,shippingservice,server,80,2,2,2,0
2,frontcart,200,91,adservice,server,128,6,6,6,0
2,frontcart,200,91,checkoutservice,checkout,76,3,3,3,0
2,frontcart,200,91,currencyservice,server,56,3,3,3,0
2,frontcart,200,91,emailservice,email,86,3,3,3,0
2,frontcart,200,91,frontend,cartservice,77,3,3,3,0
2,frontcart,200,91,frontend,server,75,3,3,3,0
2,frontcart,200,91,paymentservice,payment,58,4,4,4,0
2,frontcart,200,91,productcatalogservice,server,74,2,2,2,0
2,frontcart,200,91,recommendationservice,server,72,2,2,2,0
2,frontcart,200,91,redis-cart,-,,1,1,1,0
2,frontcart,200,91,shippingservice,server,74,2,2,2,0
2,frontcart,200,107,adservice,server,98,6,6,6,0
2,frontcart,200,107,checkoutservice,checkout,72,3,3,3,0
2,frontcart,200,107,currencyservice,server,52,3,3,3,0
2,frontcart,200,107,emailservice,email,56,3,3,3,0
2,frontcart,200,107,frontend,cartservice,73,3,3,3,0
2,frontcart,200,107,frontend,server,77,3,3,3,0
2,frontcart,200,107,paymentservice,payment,43,4,4,4,0
2,frontcart,200,107,productcatalogservice,server,69,2,2,2,0
2,frontcart,200,107,recommendationservice,server,70,2,2,2,0
2,frontcart,200,107,redis-cart,-,,1,1,1,0
2,frontcart,200,107,shippingservice,server,72,2,2,2,0
2,frontcart,200,122,adservice,server,33,6,6,6,0
2,frontcart,200,122,checkoutservice,checkout,52,3,3,3,0
2,frontcart,200,122,currencyservice,server,54,3,3,3,0
2,frontcart,200,122,emailservice,email,57,3,3,3,0
2,frontcart,200,122,frontend,cartservice,53,3,3,3,0
2,frontcart,200,122,frontend,server,47,3,3,3,0
2,frontcart,200,122,paymentservice,payment,43,4,4,4,0
2,frontcart,200,122,productcatalogservice,server,67,2,2,2,0
2,frontcart,200,122,recommendationservice,server,70,2,2,2,0
2,frontcart,200,122,redis-cart,-,,1,1,1,0
2,frontcart,200,122,shippingservice,server,74,2,2,2,0
2,frontcart,200,137,adservice,server,36,6,6,6,0
2,frontcart,200,137,checkoutservice,checkout,53,3,3,3,0
2,frontcart,200,137,currencyservice,server,54,3,3,3,0
2,frontcart,200,137,emailservice,email,57,3,3,3,0
2,frontcart,200,137,frontend,cartservice,57,3,3,3,0
2,frontcart,200,137,frontend,server,48,3,3,3,0
2,frontcart,200,137,paymentservice,payment,44,4,3,3,0
2,frontcart,200,137,productcatalogservice,server,69,2,2,2,0
2,frontcart,200,137,recommendationservice,server,70,2,2,2,0
2,frontcart,200,137,redis-cart,-,,1,1,1,0
2,frontcart,200,137,shippingservice,server,77,2,2,2,0
2,frontcart,200,152,adservice,server,28,6,6,6,0
2,frontcart,200,152,checkoutservice,checkout,52,3,3,3,0
2,frontcart,200,152,currencyservice,server,55,3,3,3,0
2,frontcart,200,152,emailservice,email,56,3,3,3,0
2,frontcart,200,152,frontend,cartservice,61,3,3,3,0
2,frontcart,200,152,frontend,server,49,3,3,3,0
2,frontcart,200,152,paymentservice,payment,58,3,3,3,0
2,frontcart,200,152,productcatalogservice,server,70,2,2,2,0
2,frontcart,200,152,recommendationservice,server,69,2,2,2,0
2,frontcart,200,152,redis-cart,-,,1,1,1,0
2,frontcart,200,152,shippingservice,server,75,2,2,2,0
2,frontcart,200,167,adservice,server,28,6,4,4,0
2,frontcart,200,167,checkoutservice,checkout,51,3,3,3,0
2,frontcart,200,167,currencyservice,server,53,3,3,3,0
2,frontcart,200,167,emailservice,email,56,3,3,3,0
2,frontcart,200,167,frontend,cartservice,55,3,3,3,0
2,frontcart,200,167,frontend,server,48,3,3,3,0
2,frontcart,200,167,paymentservice,payment,57,3,3,3,0
2,frontcart,200,167,productcatalogservice,server,71,2,2,2,0
2,frontcart,200,167,recommendationservice,server,72,2,2,2,0
2,frontcart,200,167,redis-cart,-,,1,1,1,0
2,frontcart,200,167,shippingservice,server,77,2,2,2,0
2,frontcart,200,183,adservice,server,34,4,4,4,0
2,frontcart,200,183,checkoutservice,checkout,54,3,3,3,0
2,frontcart,200,183,currencyservice,server,55,3,3,3,0
2,frontcart,200,183,emailservice,email,57,3,3,3,0
2,frontcart,200,183,frontend,cartservice,58,3,3,3,0
2,frontcart,200,183,frontend,server,51,3,3,3,0
2,frontcart,200,183,paymentservice,payment,58,3,3,3,0
2,frontcart,200,183,productcatalogservice,server,70,2,2,2,0
2,frontcart,200,183,recommendationservice,server,70,2,2,2,0
2,frontcart,200,183,redis-cart,-,,1,1,1,0
2,frontcart,200,183,shippingservice,server,75,2,2,2,0
2,frontcart,200,198,adservice,server,33,4,3,3,0
2,frontcart,200,198,checkoutservice,checkout,52,3,3,3,0
2,frontcart,200,198,currencyservice,server,56,3,3,3,0
2,frontcart,200,198,emailservice,email,57,3,3,3,0
2,frontcart,200,198,frontend,cartservice,60,3,3,3,0
2,frontcart,200,198,frontend,server,46,3,3,3,0
2,frontcart,200,198,paymentservice,payment,61,3,3,3,0
2,frontcart,200,198,productcatalogservice,server,71,2,2,2,0
2,frontcart,200,198,recommendationservice,server,71,2,2,2,0
2,frontcart,200,198,redis-cart,-,,1,1,1,0
2,frontcart,200,198,shippingservice,server,78,2,2,2,0
2,frontcart,200,213,adservice,server,43,3,3,3,0
2,frontcart,200,213,checkoutservice,checkout,54,3,3,3,0
2,frontcart,200,213,currencyservice,server,55,3,3,3,0
2,frontcart,200,213,emailservice,email,57,3,3,3,0
2,frontcart,200,213,frontend,cartservice,57,3,3,3,0
2,frontcart,200,213,frontend,server,48,3,3,3,0
2,frontcart,200,213,paymentservice,payment,59,3,3,3,0
2,frontcart,200,213,productcatalogservice,server,69,2,2,2,0
2,frontcart,200,213,recommendationservice,server,70,2,2,2,0
2,frontcart,200,213,redis-cart,-,,1,1,1,0
2,frontcart,200,213,shippingservice,server,76,2,2,2,0
2,frontcart,200,228,adservice,server,46,3,2,2,0
2,frontcart,200,228,checkoutservice,checkout,51,3,3,3,0
2,frontcart,200,228,currencyservice,server,55,3,3,3,0
2,frontcart,200,228,emailservice,email,57,3,3,3,0
2,frontcart,200,228,frontend,cartservice,54,3,3,3,0
2,frontcart,200,228,frontend,server,48,3,3,3,0
2,frontcart,200,228,paymentservice,payment,57,3,3,3,0
2,frontcart,200,228,productcatalogservice,server,73,2,2,2,0
2,frontcart,200,228,recommendationservice,server,71,2,2,2,0
2,frontcart,200,228,redis-cart,-,,1,1,1,0
2,frontcart,200,228,shippingservice,server,77,2,2,2,0
2,frontcart,200,244,adservice,server,31,2,2,2,0
2,frontcart,200,244,checkoutservice,checkout,55,3,3,3,0
2,frontcart,200,244,currencyservice,server,57,3,3,3,0
2,frontcart,200,244,emailservice,email,58,3,3,3,0
2,frontcart,200,244,frontend,cartservice,54,3,3,3,0
2,frontcart,200,244,frontend,server,48,3,3,3,0
2,frontcart,200,244,paymentservice,payment,60,3,3,3,0
2,frontcart,200,244,productcatalogservice,server,71,2,2,2,0
2,frontcart,200,244,recommendationservice,server,74,2,2,2,0
2,frontcart,200,244,redis-cart,-,,1,1,1,0
2,frontcart,200,244,shippingservice,server,80,2,3,3,0
2,frontcart,200,259,adservice,server,143,2,2,2,0
2,frontcart,200,259,checkoutservice,checkout,47,3,3,3,0
2,frontcart,200,259,currencyservice,server,53,3,3,3,0
2,frontcart,200,259,emailservice,email,57,3,3,3,0
2,frontcart,200,259,frontend,cartservice,51,3,3,3,0
2,frontcart,200,259,frontend,server,50,3,3,3,0
2,frontcart,200,259,paymentservice,payment,56,3,3,3,0
2,frontcart,200,259,productcatalogservice,server,71,2,2,2,0
2,frontcart,200,259,recommendationservice,server,74,2,2,2,0
2,frontcart,200,259,redis-cart,-,,1,1,1,0
2,frontcart,200,259,shippingservice,server,72,3,3,3,0
2,frontcart,200,274,adservice,server,193,2,5,2,0
2,frontcart,200,274,checkoutservice,checkout,49,3,3,3,0
2,frontcart,200,274,currencyservice,server,54,3,3,3,0
2,frontcart,200,274,emailservice,email,57,3,3,3,0
2,frontcart,200,274,frontend,cartservice,49,3,3,3,0
2,frontcart,200,274,frontend,server,49,3,3,3,0
2,frontcart,200,274,paymentservice,payment,57,3,3,3,0
2,frontcart,200,274,productcatalogservice,server,71,2,2,2,0
2,frontcart,200,274,recommendationservice,server,70,2,2,2,0
2,frontcart,200,274,redis-cart,-,,1,1,1,0
2,frontcart,200,274,shippingservice,server,72,3,3,3,0
2,frontcart,200,289,adservice,server,144,5,5,2,0
2,frontcart,200,289,checkoutservice,checkout,48,3,3,3,0
2,frontcart,200,289,currencyservice,server,52,3,3,3,0
2,frontcart,200,289,emailservice,email,56,3,3,3,0
2,frontcart,200,289,frontend,cartservice,48,3,3,3,0
2,frontcart,200,289,frontend,server,47,3,3,3,0
2,frontcart,200,289,paymentservice,payment,54,3,3,3,0
2,frontcart,200,289,productcatalogservice,server,66,2,2,2,0
2,frontcart,200,289,recommendationservice,server,73,2,2,2,0
2,frontcart,200,289,redis-cart,-,,1,1,1,0
2,frontcart,200,289,shippingservice,server,51,3,3,3,0
2,frontcart,200,305,adservice,server,104,5,5,5,0
2,frontcart,200,305,checkoutservice,checkout,53,3,3,3,0
2,frontcart,200,305,currencyservice,server,56,3,3,3,0
2,frontcart,200,305,emailservice,email,56,3,3,3,0
2,frontcart,200,305,frontend,cartservice,52,3,3,3,0
2,frontcart,200,305,frontend,server,50,3,3,3,0
2,frontcart,200,305,paymentservice,payment,58,3,3,3,0
2,frontcart,200,305,productcatalogservice,server,71,2,2,2,0
2,frontcart,200,305,recommendationservice,server,71,2,2,2,0
2,frontcart,200,305,redis-cart,-,,1,1,1,0
2,frontcart,200,305,shippingservice,server,50,3,3,3,0
2,frontcart,200,320,adservice,server,121,5,5,5,0
2,frontcart,200,320,checkoutservice,checkout,53,3,3,3,0
2,frontcart,200,320,currencyservice,server,55,3,3,3,0
2,frontcart,200,320,emailservice,email,58,3,3,3,0
2,frontcart,200,320,frontend,cartservice,53,3,3,3,0
2,frontcart,200,320,frontend,server,48,3,3,3,0
2,frontcart,200,320,paymentservice,payment,59,3,3,3,0
2,frontcart,200,320,productcatalogservice,server,72,2,2,2,0
2,frontcart,200,320,recommendationservice,server,72,2,2,2,0
2,frontcart,200,320,redis-cart,-,,1,1,1,0
2,frontcart,200,320,shippingservice,server,52,3,3,3,0
2,frontcart,200,335,adservice,server,75,5,5,5,0
2,frontcart,200,335,checkoutservice,checkout,52,3,3,3,0
2,frontcart,200,335,currencyservice,server,55,3,3,3,0
2,frontcart,200,335,emailservice,email,57,3,3,3,0
2,frontcart,200,335,frontend,cartservice,54,3,3,3,0
2,frontcart,200,335,frontend,server,53,3,3,3,0
2,frontcart,200,335,paymentservice,payment,57,3,3,3,0
2,frontcart,200,335,productcatalogservice,server,72,2,2,2,0
2,frontcart,200,335,recommendationservice,server,73,2,2,2,0
2,frontcart,200,335,redis-cart,-,,1,1,1,0
2,frontcart,200,335,shippingservice,server,51,3,3,3,0
2,frontcart,200,351,adservice,server,33,5,5,5,0
2,frontcart,200,351,checkoutservice,checkout,52,3,3,3,0
2,frontcart,200,351,currencyservice,server,57,3,3,3,0
2,frontcart,200,351,emailservice,email,58,3,3,3,0
2,frontcart,200,351,frontend,cartservice,58,3,3,3,0
2,frontcart,200,351,frontend,server,50,3,3,3,0
2,frontcart,200,351,paymentservice,payment,57,3,3,3,0
2,frontcart,200,351,productcatalogservice,server,74,2,2,2,0
2,frontcart,200,351,recommendationservice,server,72,2,2,2,0
2,frontcart,200,351,redis-cart,-,,1,1,1,0
2,frontcart,200,351,shippingservice,server,50,3,3,3,0
2,frontcart,200,366,adservice,server,30,5,5,5,0
2,frontcart,200,366,checkoutservice,checkout,53,3,3,3,0
2,frontcart,200,366,currencyservice,server,55,3,3,3,0
2,frontcart,200,366,emailservice,email,56,3,3,3,0
2,frontcart,200,366,frontend,cartservice,57,3,3,3,0
2,frontcart,200,366,frontend,server,46,3,3,3,0
2,frontcart,200,366,paymentservice,payment,59,3,3,3,0
2,frontcart,200,366,productcatalogservice,server,71,2,2,2,0
2,frontcart,200,366,recommendationservice,server,69,2,2,2,0
2,frontcart,200,366,redis-cart,-,,1,1,1,0
2,frontcart,200,366,shippingservice,server,52,3,3,3,0
2,frontcart,200,381,adservice,server,33,5,5,5,0
2,frontcart,200,381,checkoutservice,checkout,49,3,3,3,0
2,frontcart,200,381,currencyservice,server,54,3,3,3,0
2,frontcart,200,381,emailservice,email,57,3,3,3,0
2,frontcart,200,381,frontend,cartservice,62,3,3,3,0
2,frontcart,200,381,frontend,server,51,3,3,3,0
2,frontcart,200,381,paymentservice,payment,55,3,3,3,0
2,frontcart,200,381,productcatalogservice,server,71,2,2,2,0
2,frontcart,200,381,recommendationservice,server,72,2,2,2,0
2,frontcart,200,381,redis-cart,-,,1,1,1,0
2,frontcart,200,381,shippingservice,server,50,3,3,3,0
2,frontcart,200,396,adservice,server,38,5,3,3,0
2,frontcart,200,396,checkoutservice,checkout,49,3,3,3,0
2,frontcart,200,396,currencyservice,server,51,3,3,3,0
2,frontcart,200,396,emailservice,email,50,3,3,3,0
2,frontcart,200,396,frontend,cartservice,49,3,3,3,0
2,frontcart,200,396,frontend,server,48,3,3,3,0
2,frontcart,200,396,paymentservice,payment,52,3,3,3,0
2,frontcart,200,396,productcatalogservice,server,68,2,2,2,0
2,frontcart,200,396,recommendationservice,server,70,2,2,2,0
2,frontcart,200,396,redis-cart,-,,1,1,1,0
2,frontcart,200,396,shippingservice,server,44,3,3,3,0
2,frontcart,200,411,adservice,server,45,3,3,3,0
2,frontcart,200,411,checkoutservice,checkout,49,3,3,3,0
2,frontcart,200,411,currencyservice,server,52,3,3,3,0
2,frontcart,200,411,emailservice,email,56,3,3,3,0
2,frontcart,200,411,frontend,cartservice,49,3,3,3,0
2,frontcart,200,411,frontend,server,48,3,3,3,0
2,frontcart,200,411,paymentservice,payment,53,3,3,3,0
2,frontcart,200,411,productcatalogservice,server,70,2,2,2,0
2,frontcart,200,411,recommendationservice,server,70,2,2,2,0
2,frontcart,200,411,redis-cart,-,,1,1,1,0
2,frontcart,200,411,shippingservice,server,44,3,3,3,0
2,frontcart,200,427,adservice,server,44,3,3,3,0
2,frontcart,200,427,checkoutservice,checkout,49,3,3,3,0
2,frontcart,200,427,currencyservice,server,51,3,3,3,0
2,frontcart,200,427,emailservice,email,53,3,3,3,0
2,frontcart,200,427,frontend,cartservice,52,3,3,3,0
2,frontcart,200,427,frontend,server,47,3,3,3,0
2,frontcart,200,427,paymentservice,payment,50,3,3,3,0
2,frontcart,200,427,productcatalogservice,server,64,2,2,2,0
2,frontcart,200,427,recommendationservice,server,65,2,2,2,0
2,frontcart,200,427,redis-cart,-,,1,1,1,0
2,frontcart,200,427,shippingservice,server,49,3,3,3,0
2,frontcart,200,442,adservice,server,39,3,3,3,0
2,frontcart,200,442,checkoutservice,checkout,47,3,3,3,0
2,frontcart,200,442,currencyservice,server,50,3,3,3,0
2,frontcart,200,442,emailservice,email,56,3,3,3,0
2,frontcart,200,442,frontend,cartservice,51,3,3,3,0
2,frontcart,200,442,frontend,server,49,3,3,3,0
2,frontcart,200,442,paymentservice,payment,54,3,3,3,0
2,frontcart,200,442,productcatalogservice,server,66,2,2,2,0
2,frontcart,200,442,recommendationservice,server,74,2,2,2,0
2,frontcart,200,442,redis-cart,-,,1,1,1,0
2,frontcart,200,442,shippingservice,server,46,3,3,3,0
3,normal,200,1,adservice,server,4,2,2,2,0
3,normal,200,1,cartservice,server,1,2,2,2,0
3,normal,200,1,checkoutservice,checkout,0,2,2,2,0
3,normal,200,1,currencyservice,server,0,2,2,2,0
3,normal,200,1,emailservice,email,1,2,2,2,0
3,normal,200,1,frontend,server,0,2,2,2,0
3,normal,200,1,paymentservice,-,,,0,2,0
3,normal,200,1,productcatalogservice,-,,,0,2,0
3,normal,200,1,recommendationservice,-,,,0,2,0
3,normal,200,1,redis-cart,-,,1,1,1,0
3,normal,200,1,shippingservice,-,,,0,2,0
3,normal,200,16,adservice,server,5,2,2,2,0
3,normal,200,16,cartservice,server,26,2,2,2,0
3,normal,200,16,checkoutservice,checkout,30,2,2,2,0
3,normal,200,16,currencyservice,server,26,2,2,2,0
3,normal,200,16,emailservice,email,47,2,2,2,0
3,normal,200,16,frontend,server,19,2,2,2,0
3,normal,200,16,paymentservice,payment,73,2,2,2,0
3,normal,200,16,productcatalogservice,server,0,2,2,2,0
3,normal,200,16,recommendationservice,server,0,2,2,2,0
3,normal,200,16,redis-cart,-,,1,1,1,0
3,normal,200,16,shippingservice,server,0,2,2,2,0
3,normal,200,31,adservice,server,556,2,2,2,0
3,normal,200,31,cartservice,server,105,2,2,2,0
3,normal,200,31,checkoutservice,checkout,73,2,2,2,0
3,normal,200,31,currencyservice,server,65,2,2,2,0
3,normal,200,31,emailservice,email,90,2,2,2,0
3,normal,200,31,frontend,server,75,2,2,2,0
3,normal,200,31,paymentservice,payment,100,2,2,2,0
3,normal,200,31,productcatalogservice,server,68,2,2,2,0
3,normal,200,31,recommendationservice,server,40,2,2,2,0
3,normal,200,31,redis-cart,-,,1,1,1,0
3,normal,200,31,shippingservice,server,8,2,2,2,0
3,normal,200,47,adservice,server,194,2,6,2,0
3,normal,200,47,cartservice,server,86,2,3,2,0
3,normal,200,47,checkoutservice,checkout,79,2,2,2,0
3,normal,200,47,currencyservice,server,81,2,2,2,0
3,normal,200,47,emailservice,email,86,2,3,2,1
3,normal,200,47,frontend,server,76,2,2,2,0
3,normal,200,47,paymentservice,payment,114,2,3,2,1
3,normal,200,47,productcatalogservice,server,69,2,2,2,0
3,normal,200,47,recommendationservice,server,76,2,2,2,0
3,normal,200,47,redis-cart,-,,1,1,1,0
3,normal,200,47,shippingservice,server,69,2,2,2,0
3,normal,200,62,adservice,server,107,6,6,2,0
3,normal,200,62,cartservice,server,81,3,3,2,0
3,normal,200,62,checkoutservice,checkout,81,2,3,3,0
3,normal,200,62,currencyservice,server,81,2,3,3,0
3,normal,200,62,emailservice,email,89,3,3,3,0
3,normal,200,62,frontend,server,73,2,2,2,0
3,normal,200,62,paymentservice,payment,89,3,3,3,0
3,normal,200,62,productcatalogservice,server,67,2,2,2,0
3,normal,200,62,recommendationservice,server,72,2,2,2,0
3,normal,200,62,redis-cart,-,,1,1,1,0
3,normal,200,62,shippingservice,server,80,2,3,2,1
3,normal,200,78,adservice,server,84,6,6,5,0
3,normal,200,78,cartservice,server,91,3,3,3,0
3,normal,200,78,checkoutservice,checkout,80,3,3,3,0
3,normal,200,78,currencyservice,server,86,3,3,3,0
3,normal,200,78,emailservice,email,86,3,3,3,0
3,normal,200,78,frontend,server,74,2,2,2,0
3,normal,200,78,paymentservice,payment,98,3,3,3,0
3,normal,200,78,productcatalogservice,server,71,2,2,2,0
3,normal,200,78,recommendationservice,server,79,2,2,2,0
3,normal,200,78,redis-cart,-,,1,1,1,0
3,normal,200,78,shippingservice,server,77,3,3,3,0
3,normal,200,93,adservice,server,84,6,6,6,0
3,normal,200,93,cartservice,server,81,3,3,3,0
3,normal,200,93,checkoutservice,checkout,53,3,3,3,0
3,normal,200,93,currencyservice,server,81,3,3,3,0
3,normal,200,93,emailservice,email,57,3,3,3,0
3,normal,200,93,frontend,server,73,2,2,2,0
3,normal,200,93,paymentservice,payment,62,3,3,3,0
3,normal,200,93,productcatalogservice,server,70,2,2,2,0
3,normal,200,93,recommendationservice,server,75,2,2,2,0
3,normal,200,93,redis-cart,-,,1,1,1,0
3,normal,200,93,shippingservice,server,78,3,3,3,0
3,normal,200,108,adservice,server,44,6,6,6,0
3,normal,200,108,cartservice,server,80,3,3,3,0
3,normal,200,108,checkoutservice,checkout,52,3,3,3,0
3,normal,200,108,currencyservice,server,54,3,3,3,0
3,normal,200,108,emailservice,email,57,3,3,3,0
3,normal,200,108,frontend,server,70,2,2,2,0
3,normal,200,108,paymentservice,payment,62,3,3,3,0
3,normal,200,108,productcatalogservice,server,68,2,2,2,0
3,normal,200,108,recommendationservice,server,73,2,2,2,0
3,normal,200,108,redis-cart,-,,1,1,1,0
3,normal,200,108,shippingservice,server,52,3,3,3,0
3,normal,200,123,adservice,server,22,6,6,6,0
3,normal,200,123,cartservice,server,51,3,3,3,0
3,normal,200,123,checkoutservice,checkout,51,3,3,3,0
3,normal,200,123,currencyservice,server,51,3,3,3,0
3,normal,200,123,emailservice,email,54,3,3,3,0
3,normal,200,123,frontend,server,70,2,2,2,0
3,normal,200,123,paymentservice,payment,55,3,3,3,0
3,normal,200,123,productcatalogservice,server,67,2,2,2,0
3,normal,200,123,recommendationservice,server,71,2,2,2,0
3,normal,200,123,redis-cart,-,,1,1,1,0
3,normal,200,123,shippingservice,server,48,3,3,3,0
3,normal,200,138,adservice,server,21,6,6,6,0
3,normal,200,138,cartservice,server,58,3,3,3,0
3,normal,200,138,checkoutservice,checkout,49,3,3,3,0
3,normal,200,138,currencyservice,server,51,3,3,3,0
3,normal,200,138,emailservice,email,55,3,3,3,0
3,normal,200,138,frontend,server,70,2,2,2,0
3,normal,200,138,paymentservice,payment,58,3,3,3,0
3,normal,200,138,productcatalogservice,server,69,2,2,2,0
3,normal,200,138,recommendationservice,server,71,2,2,2,0
3,normal,200,138,redis-cart,-,,1,1,1,0
3,normal,200,138,shippingservice,server,50,3,3,3,0
3,normal,200,154,adservice,server,22,6,2,2,0
3,normal,200,154,cartservice,server,57,3,3,3,0
3,normal,200,154,checkoutservice,checkout,52,3,3,3,0
3,normal,200,154,currencyservice,server,53,3,3,3,0
3,normal,200,154,emailservice,email,56,3,3,3,0
3,normal,200,154,frontend,server,74,2,2,2,0
3,normal,200,154,paymentservice,payment,57,3,3,3,0
3,normal,200,154,productcatalogservice,server,69,2,2,2,0
3,normal,200,154,recommendationservice,server,71,2,2,2,0
3,normal,200,154,redis-cart,-,,1,1,1,0
3,normal,200,154,shippingservice,server,51,3,3,3,0
3,normal,200,169,adservice,server,64,2,2,2,0
3,normal,200,169,cartservice,server,60,3,3,3,0
3,normal,200,169,checkoutservice,checkout,53,3,3,3,0
3,normal,200,169,currencyservice,server,53,3,3,3,0
3,normal,200,169,emailservice,email,56,3,3,3,0
3,normal,200,169,frontend,server,71,2,2,2,0
3,normal,200,169,paymentservice,payment,60,3,3,3,0
3,normal,200,169,productcatalogservice,server,69,2,2,2,0
3,normal,200,169,recommendationservice,server,72,2,2,2,0
3,normal,200,169,redis-cart,-,,1,1,1,0
3,normal,200,169,shippingservice,server,52,3,3,3,0
3,normal,200,184,adservice,server,58,2,2,2,0
3,normal,200,184,cartservice,server,52,3,3,3,0
3,normal,200,184,checkoutservice,checkout,52,3,3,3,0
3,normal,200,184,currencyservice,server,53,3,3,3,0
3,normal,200,184,emailservice,email,56,3,3,3,0
3,normal,200,184,frontend,server,73,2,2,2,0
3,normal,200,184,paymentservice,payment,55,3,3,3,0
3,normal,200,184,productcatalogservice,server,69,2,2,2,0
3,normal,200,184,recommendationservice,server,70,2,2,2,0
3,normal,200,184,redis-cart,-,,1,1,1,0
3,normal,200,184,shippingservice,server,52,3,3,3,0
3,normal,200,199,adservice,server,62,2,2,2,0
3,normal,200,199,cartservice,server,51,3,3,3,0
3,normal,200,199,checkoutservice,checkout,50,3,3,3,0
3,normal,200,199,currencyservice,server,50,3,3,3,0
3,normal,200,199,emailservice,email,56,3,3,3,0
3,normal,200,199,frontend,server,69,2,2,2,0
3,normal,200,199,paymentservice,payment,55,3,3,3,0
3,normal,200,199,productcatalogservice,server,67,2,2,2,0
3,normal,200,199,recommendationservice,server,72,2,2,2,0
3,normal,200,199,redis-cart,-,,1,1,1,0
3,normal,200,199,shippingservice,server,49,3,3,3,0
3,normal,200,214,adservice,server,62,2,2,2,0
3,normal,200,214,cartservice,server,53,3,3,3,0
3,normal,200,214,checkoutservice,checkout,50,3,3,3,0
3,normal,200,214,currencyservice,server,51,3,3,3,0
3,normal,200,214,emailservice,email,56,3,3,3,0
3,normal,200,214,frontend,server,73,2,2,2,0
3,normal,200,214,paymentservice,payment,55,3,3,3,0
3,normal,200,214,productcatalogservice,server,67,2,2,2,0
3,normal,200,214,recommendationservice,server,70,2,2,2,0
3,normal,200,214,redis-cart,-,,1,1,1,0
3,normal,200,214,shippingservice,server,49,3,3,3,0
3,normal,200,230,adservice,server,58,2,2,2,0
3,normal,200,230,cartservice,server,60,3,3,3,0
3,normal,200,230,checkoutservice,checkout,50,3,3,3,0
3,normal,200,230,currencyservice,server,51,3,3,3,0
3,normal,200,230,emailservice,email,55,3,3,3,0
3,normal,200,230,frontend,server,70,2,2,2,0
3,normal,200,230,paymentservice,payment,59,3,3,3,0
3,normal,200,230,productcatalogservice,server,67,2,2,2,0
3,normal,200,230,recommendationservice,server,72,2,2,2,0
3,normal,200,230,redis-cart,-,,1,1,1,0
3,normal,200,230,shippingservice,server,51,3,3,3,0
3,normal,200,245,adservice,server,65,2,2,2,0
3,normal,200,245,cartservice,server,56,3,3,3,0
3,normal,200,245,checkoutservice,checkout,53,3,3,3,0
3,normal,200,245,currencyservice,server,52,3,3,3,0
3,normal,200,245,emailservice,email,55,3,3,3,0
3,normal,200,245,frontend,server,74,2,2,2,0
3,normal,200,245,paymentservice,payment,56,3,3,3,0
3,normal,200,245,productcatalogservice,server,69,2,2,2,0
3,normal,200,245,recommendationservice,server,71,2,2,2,0
3,normal,200,245,redis-cart,-,,1,1,1,0
3,normal,200,245,shippingservice,server,51,3,3,3,0
3,normal,200,260,adservice,server,63,2,2,2,0
3,normal,200,260,cartservice,server,59,3,3,3,0
3,normal,200,260,checkoutservice,checkout,53,3,3,3,0
3,normal,200,260,currencyservice,server,54,3,3,3,0
3,normal,200,260,emailservice,email,57,3,3,3,0
3,normal,200,260,frontend,server,71,2,2,2,0
3,normal,200,260,paymentservice,payment,59,3,3,3,0
3,normal,200,260,productcatalogservice,server,71,2,2,2,0
3,normal,200,260,recommendationservice,server,70,2,2,2,0
3,normal,200,260,redis-cart,-,,1,1,1,0
3,normal,200,260,shippingservice,server,53,3,3,3,0
3,normal,200,275,adservice,server,61,2,2,2,0
3,normal,200,275,cartservice,server,50,3,3,3,0
3,normal,200,275,checkoutservice,checkout,49,3,3,3,0
3,normal,200,275,currencyservice,server,48,3,3,3,0
3,normal,200,275,emailservice,email,55,3,3,3,0
3,normal,200,275,frontend,server,72,2,2,2,0
3,normal,200,275,paymentservice,payment,53,3,3,3,0
3,normal,200,275,productcatalogservice,server,67,2,2,2,0
3,normal,200,275,recommendationservice,server,72,2,2,2,0
3,normal,200,275,redis-cart,-,,1,1,1,0
3,normal,200,275,shippingservice,server,48,3,3,3,0
3,normal,200,291,adservice,server,62,2,2,2,0
3,normal,200,291,cartservice,server,47,3,3,3,0
3,normal,200,291,checkoutservice,checkout,49,3,3,3,0
3,normal,200,291,currencyservice,server,54,3,3,3,0
3,normal,200,291,emailservice,email,52,3,3,3,0
3,normal,200,291,frontend,server,69,2,2,2,0
3,normal,200,291,paymentservice,payment,53,3,3,3,0
3,normal,200,291,productcatalogservice,server,66,2,2,2,0
3,normal,200,291,recommendationservice,server,76,2,2,2,0
3,normal,200,291,redis-cart,-,,1,1,1,0
3,normal,200,291,shippingservice,server,47,3,3,3,0
3,normal,200,306,adservice,server,63,2,2,2,0
3,normal,200,306,cartservice,server,57,3,3,3,0
3,normal,200,306,checkoutservice,checkout,48,3,3,3,0
3,normal,200,306,currencyservice,server,55,3,3,3,0
3,normal,200,306,emailservice,email,56,3,3,3,0
3,normal,200,306,frontend,server,78,2,2,2,0
3,normal,200,306,paymentservice,payment,55,3,3,3,0
3,normal,200,306,productcatalogservice,server,70,2,2,2,0
3,normal,200,306,recommendationservice,server,78,2,2,2,0
3,normal,200,306,redis-cart,-,,1,1,1,0
3,normal,200,306,shippingservice,server,49,3,3,3,0
3,normal,200,321,adservice,server,61,2,2,2,0
3,normal,200,321,cartservice,server,59,3,3,3,0
3,normal,200,321,checkoutservice,checkout,49,3,3,3,0
3,normal,200,321,currencyservice,server,53,3,3,3,0
3,normal,200,321,emailservice,email,55,3,3,3,0
3,normal,200,321,frontend,server,73,2,2,2,0
3,normal,200,321,paymentservice,payment,57,3,3,3,0
3,normal,200,321,productcatalogservice,server,69,2,2,2,0
3,normal,200,321,recommendationservice,server,72,2,2,2,0
3,normal,200,321,redis-cart,-,,1,1,1,0
3,normal,200,321,shippingservice,server,50,3,3,3,0
3,normal,200,336,adservice,server,61,2,2,2,0
3,normal,200,336,cartservice,server,58,3,3,3,0
3,normal,200,336,checkoutservice,checkout,50,3,3,3,0
3,normal,200,336,currencyservice,server,53,3,3,3,0
3,normal,200,336,emailservice,email,53,3,3,3,0
3,normal,200,336,frontend,server,72,2,2,2,0
3,normal,200,336,paymentservice,payment,57,3,3,3,0
3,normal,200,336,productcatalogservice,server,68,2,2,2,0
3,normal,200,336,recommendationservice,server,73,2,2,2,0
3,normal,200,336,redis-cart,-,,1,1,1,0
3,normal,200,336,shippingservice,server,49,3,3,3,0
3,normal,200,352,adservice,server,59,2,2,2,0
3,normal,200,352,cartservice,server,56,3,3,3,0
3,normal,200,352,checkoutservice,checkout,55,3,3,3,0
3,normal,200,352,currencyservice,server,54,3,3,3,0
3,normal,200,352,emailservice,email,59,3,3,3,0
3,normal,200,352,frontend,server,77,2,2,2,0
3,normal,200,352,paymentservice,payment,58,3,3,3,0
3,normal,200,352,productcatalogservice,server,70,2,2,2,0
3,normal,200,352,recommendationservice,server,75,2,2,2,0
3,normal,200,352,redis-cart,-,,1,1,1,0
3,normal,200,352,shippingservice,server,48,3,3,3,0
3,normal,200,367,adservice,server,58,2,2,2,0
3,normal,200,367,cartservice,server,54,3,3,3,0
3,normal,200,367,checkoutservice,checkout,50,3,3,3,0
3,normal,200,367,currencyservice,server,53,3,3,3,0
3,normal,200,367,emailservice,email,57,3,3,3,0
3,normal,200,367,frontend,server,72,2,2,2,0
3,normal,200,367,paymentservice,payment,61,3,3,3,0
3,normal,200,367,productcatalogservice,server,69,2,2,2,0
3,normal,200,367,recommendationservice,server,72,2,2,2,0
3,normal,200,367,redis-cart,-,,1,1,1,0
3,normal,200,367,shippingservice,server,53,3,3,3,0
3,normal,200,382,adservice,server,59,2,2,2,0
3,normal,200,382,cartservice,server,51,3,3,3,0
3,normal,200,382,checkoutservice,checkout,52,3,3,3,0
3,normal,200,382,currencyservice,server,52,3,3,3,0
3,normal,200,382,emailservice,email,54,3,3,3,0
3,normal,200,382,frontend,server,71,2,2,2,0
3,normal,200,382,paymentservice,payment,57,3,3,3,0
3,normal,200,382,productcatalogservice,server,68,2,2,2,0
3,normal,200,382,recommendationservice,server,75,2,2,2,0
3,normal,200,382,redis-cart,-,,1,1,1,0
3,normal,200,382,shippingservice,server,51,3,3,3,0
3,normal,200,397,adservice,server,62,2,2,2,0
3,normal,200,397,cartservice,server,54,3,3,3,0
3,normal,200,397,checkoutservice,checkout,51,3,3,3,0
3,normal,200,397,currencyservice,server,55,3,3,3,0
3,normal,200,397,emailservice,email,57,3,3,3,0
3,normal,200,397,frontend,server,74,2,2,2,0
3,normal,200,397,paymentservice,payment,59,3,3,3,0
3,normal,200,397,productcatalogservice,server,69,2,2,2,0
3,normal,200,397,recommendationservice,server,75,2,2,2,0
3,normal,200,397,redis-cart,-,,1,1,1,0
3,normal,200,397,shippingservice,server,49,3,3,3,0
3,normal,200,412,adservice,server,63,2,2,2,0
3,normal,200,412,cartservice,server,52,3,3,3,0
3,normal,200,412,checkoutservice,checkout,50,3,3,3,0
3,normal,200,412,currencyservice,server,52,3,3,3,0
3,normal,200,412,emailservice,email,55,3,3,3,0
3,normal,200,412,frontend,server,74,2,2,2,0
3,normal,200,412,paymentservice,payment,59,3,3,3,0
3,normal,200,412,productcatalogservice,server,69,2,2,2,0
3,normal,200,412,recommendationservice,server,73,2,2,2,0
3,normal,200,412,redis-cart,-,,1,1,1,0
3,normal,200,412,shippingservice,server,50,3,3,3,0
3,normal,200,427,adservice,server,57,2,2,2,0
3,normal,200,427,cartservice,server,53,3,3,3,0
3,normal,200,427,checkoutservice,checkout,48,3,3,3,0
3,normal,200,427,currencyservice,server,50,3,3,3,0
3,normal,200,427,emailservice,email,54,3,3,3,0
3,normal,200,427,frontend,server,70,2,2,2,0
3,normal,200,427,paymentservice,payment,55,3,3,3,0
3,normal,200,427,productcatalogservice,server,66,2,2,2,0
3,normal,200,427,recommendationservice,server,72,2,2,2,0
3,normal,200,427,redis-cart,-,,1,1,1,0
3,normal,200,427,shippingservice,server,48,3,3,3,0
3,normal,200,443,adservice,server,50,2,2,2,0
3,normal,200,443,cartservice,server,31,3,3,3,0
3,normal,200,443,checkoutservice,checkout,47,3,3,3,0
3,normal,200,443,currencyservice,server,47,3,3,3,0
3,normal,200,443,emailservice,email,54,3,3,3,0
3,normal,200,443,frontend,server,47,2,2,2,0
3,normal,200,443,paymentservice,payment,40,3,3,3,0
3,normal,200,443,productcatalogservice,server,48,2,2,2,0
3,normal,200,443,recommendationservice,server,40,2,2,2,0
3,normal,200,443,redis-cart,-,,1,1,1,0
3,normal,200,443,shippingservice,server,48,3,3,3,0
3,frontcatalog,200,0,adservice,server,5,2,2,2,0
3,frontcatalog,200,0,cartservice,server,1,2,2,2,0
3,frontcatalog,200,0,checkoutservice,checkout,0,2,2,2,0
3,frontcatalog,200,0,currencyservice,server,0,2,2,2,0
3,frontcatalog,200,0,emailservice,email,1,2,2,2,0
3,frontcatalog,200,0,frontend,-,,,0,2,0
3,frontcatalog,200,0,paymentservice,-,,,0,2,0
3,frontcatalog,200,0,recommendationservice,-,,,0,2,0
3,frontcatalog,200,0,redis-cart,-,,1,1,1,0
3,frontcatalog,200,0,shippingservice,-,,,0,2,0
3,frontcatalog,200,15,adservice,server,4,2,2,2,0
3,frontcatalog,200,15,cartservice,server,15,2,2,2,0
3,frontcatalog,200,15,checkoutservice,checkout,0,2,2,2,0
3,frontcatalog,200,15,currencyservice,server,6,2,2,2,0
3,frontcatalog,200,15,emailservice,email,9,2,2,2,0
3,frontcatalog,200,15,frontend,productcatalog,0,2,2,2,0
3,frontcatalog,200,15,frontend,server,5,2,2,2,0
3,frontcatalog,200,15,paymentservice,payment,1,2,2,2,0
3,frontcatalog,200,15,recommendationservice,server,0,2,2,2,0
3,frontcatalog,200,15,redis-cart,-,,1,1,1,0
3,frontcatalog,200,15,shippingservice,server,0,2,2,2,0
3,frontcatalog,200,30,adservice,server,232,2,2,2,0
3,frontcatalog,200,30,cartservice,server,122,2,2,2,0
3,frontcatalog,200,30,checkoutservice,checkout,46,2,2,2,0
3,frontcatalog,200,30,currencyservice,server,96,2,2,2,0
3,frontcatalog,200,30,emailservice,email,81,2,2,2,0
3,frontcatalog,200,30,frontend,productcatalog,46,2,2,2,0
3,frontcatalog,200,30,frontend,server,22,2,2,2,0
3,frontcatalog,200,30,paymentservice,payment,101,2,2,2,0
3,frontcatalog,200,30,recommendationservice,server,0,2,2,2,0
3,frontcatalog,200,30,redis-cart,-,,1,1,1,0
3,frontcatalog,200,30,shippingservice,server,6,2,2,2,0
3,frontcatalog,200,46,adservice,server,308,2,6,2,0
3,frontcatalog,200,46,cartservice,server,110,2,4,2,0
3,frontcatalog,200,46,checkoutservice,checkout,76,2,2,2,0
3,frontcatalog,200,46,currencyservice,server,91,2,3,2,1
3,frontcatalog,200,46,emailservice,email,86,2,3,2,1
3,frontcatalog,200,46,frontend,productcatalog,71,2,2,2,0
3,frontcatalog,200,46,frontend,server,80,2,2,2,0
3,frontcatalog,200,46,paymentservice,payment,86,2,3,2,1
3,frontcatalog,200,46,recommendationservice,server,80,2,2,2,0
3,frontcatalog,200,46,redis-cart,-,,1,1,1,0
3,frontcatalog,200,46,shippingservice,server,6,2,2,2,0
3,frontcatalog,200,61,adservice,server,195,6,6,2,0
3,frontcatalog,200,61,cartservice,server,89,4,4,2,0
3,frontcatalog,200,61,checkoutservice,checkout,74,2,2,2,0
3,frontcatalog,200,61,currencyservice,server,82,3,3,3,0
3,frontcatalog,200,61,emailservice,email,84,3,3,3,0
3,frontcatalog,200,61,frontend,productcatalog,68,2,2,2,0
3,frontcatalog,200,61,frontend,server,73,2,2,2,0
3,frontcatalog,200,61,paymentservice,payment,85,3,3,3,0
3,frontcatalog,200,61,recommendationservice,server,73,2,2,2,0
3,frontcatalog,200,61,redis-cart,-,,1,1,1,0
3,frontcatalog,200,61,shippingservice,server,75,2,2,2,0
3,frontcatalog,200,76,adservice,server,119,6,6,2,0
3,frontcatalog,200,76,cartservice,server,89,4,4,4,0
3,frontcatalog,200,76,checkoutservice,checkout,76,2,2,2,0
3,frontcatalog,200,76,currencyservice,server,57,3,3,3,0
3,frontcatalog,200,76,emailservice,email,84,3,3,3,0
3,frontcatalog,200,76,frontend,productcatalog,67,2,2,2,0
3,frontcatalog,200,76,frontend,server,75,2,2,2,0
3,frontcatalog,200,76,paymentservice,payment,88,3,3,3,0
3,frontcatalog,200,76,recommendationservice,server,82,2,2,2,0
3,frontcatalog,200,76,redis-cart,-,,1,1,1,0
3,frontcatalog,200,76,shippingservice,server,75,2,2,2,0
3,frontcatalog,200,92,adservice,server,84,6,6,6,0
3,frontcatalog,200,92,cartservice,server,83,4,4,4,0
3,frontcatalog,200,92,checkoutservice,checkout,76,2,2,2,0
3,frontcatalog,200,92,currencyservice,server,54,3,3,3,0
3,frontcatalog,200,92,emailservice,email,56,3,3,3,0
3,frontcatalog,200,92,frontend,productcatalog,63,2,2,2,0
3,frontcatalog,200,92,frontend,server,70,2,2,2,0
3,frontcatalog,200,92,paymentservice,payment,56,3,3,3,0
3,frontcatalog,200,92,recommendationservice,server,71,2,2,2,0
3,frontcatalog,200,92,redis-cart,-,,1,1,1,0
3,frontcatalog,200,92,shippingservice,server,72,2,2,2,0
3,frontcatalog,200,107,adservice,server,64,6,6,6,0
3,frontcatalog,200,107,cartservice,server,57,4,4,4,0
3,frontcatalog,200,107,checkoutservice,checkout,74,2,2,2,0
3,frontcatalog,200,107,currencyservice,server,52,3,3,3,0
3,frontcatalog,200,107,emailservice,email,54,3,3,3,0
3,frontcatalog,200,107,frontend,productcatalog,66,2,2,2,0
3,frontcatalog,200,107,frontend,server,71,2,2,2,0
3,frontcatalog,200,107,paymentservice,payment,56,3,3,3,0
3,frontcatalog,200,107,recommendationservice,server,73,2,2,2,0
3,frontcatalog,200,107,redis-cart,-,,1,1,1,0
3,frontcatalog,200,107,shippingservice,server,73,2,2,2,0
3,frontcatalog,200,122,adservice,server,33,6,6,6,0
3,frontcatalog,200,122,cartservice,server,55,4,4,4,0
3,frontcatalog,200,122,checkoutservice,checkout,75,2,2,2,0
3,frontcatalog,200,122,currencyservice,server,52,3,3,3,0
3,frontcatalog,200,122,emailservice,email,57,3,3,3,0
3,frontcatalog,200,122,frontend,productcatalog,64,2,2,2,0
3,frontcatalog,200,122,frontend,server,68,2,2,2,0
3,frontcatalog,200,122,paymentservice,payment,56,3,3,3,0
3,frontcatalog,200,122,recommendationservice,server,71,2,2,2,0
3,frontcatalog,200,122,redis-cart,-,,1,1,1,0
3,frontcatalog,200,122,shippingservice,server,74,2,2,2,0
3,frontcatalog,200,137,adservice,server,22,6,6,6,0
3,frontcatalog,200,137,cartservice,server,45,4,4,4,0
3,frontcatalog,200,137,checkoutservice,checkout,78,2,2,2,0
3,frontcatalog,200,137,currencyservice,server,53,3,3,3,0
3,frontcatalog,200,137,emailservice,email,56,3,3,3,0
3,frontcatalog,200,137,frontend,productcatalog,65,2,2,2,0
3,frontcatalog,200,137,frontend,server,69,2,2,2,0
3,frontcatalog,200,137,paymentservice,payment,59,3,3,3,0
3,frontcatalog,200,137,recommendationservice,server,71,2,2,2,0
3,frontcatalog,200,137,redis-cart,-,,1,1,1,0
3,frontcatalog,200,137,shippingservice,server,77,2,2,2,0
3,frontcatalog,200,153,adservice,server,21,6,6,6,0
3,frontcatalog,200,153,cartservice,server,40,4,3,3,0
3,frontcatalog,200,153,checkoutservice,checkout,76,2,2,2,0
3,frontcatalog,200,153,currencyservice,server,52,3,3,3,0
3,frontcatalog,200,153,emailservice,email,57,3,3,3,0
3,frontcatalog,200,153,frontend,productcatalog,63,2,2,2,0
3,frontcatalog,200,153,frontend,server,72,2,2,2,0
3,frontcatalog,200,153,paymentservice,payment,56,3,3,3,0
3,frontcatalog,200,153,recommendationservice,server,72,2,2,2,0
3,frontcatalog,200,153,redis-cart,-,,1,1,1,0
3,frontcatalog,200,153,shippingservice,server,73,2,2,2,0
3,frontcatalog,200,168,adservice,server,23,6,2,2,0
3,frontcatalog,200,168,cartservice,server,49,3,3,3,0
3,frontcatalog,200,168,checkoutservice,checkout,67,2,2,2,0
3,frontcatalog,200,168,currencyservice,server,49,3,3,3,0
3,frontcatalog,200,168,emailservice,email,53,3,3,3,0
3,frontcatalog,200,168,frontend,productcatalog,65,2,2,2,0
3,frontcatalog,200,168,frontend,server,69,2,2,2,0
3,frontcatalog,200,168,paymentservice,payment,48,3,3,3,0
3,frontcatalog,200,168,recommendationservice,server,73,2,2,2,0
3,frontcatalog,200,168,redis-cart,-,,1,1,1,0
3,frontcatalog,200,168,shippingservice,server,68,2,2,2,0
3,frontcatalog,200,183,adservice,server,62,2,2,2,0
3,frontcatalog,200,183,cartservice,server,56,3,3,3,0
3,frontcatalog,200,183,checkoutservice,checkout,73,2,2,2,0
3,frontcatalog,200,183,currencyservice,server,49,3,3,3,0
3,frontcatalog,200,183,emailservice,email,59,3,3,3,0
3,frontcatalog,200,183,frontend,productcatalog,63,2,2,2,0
3,frontcatalog,200,183,frontend,server,71,2,2,2,0
3,frontcatalog,200,183,paymentservice,payment,52,3,3,3,0
3,frontcatalog,200,183,recommendationservice,server,73,2,2,2,0
3,frontcatalog,200,183,redis-cart,-,,1,1,1,0
3,frontcatalog,200,183,shippingservice,server,75,2,2,2,0
3,frontcatalog,200,198,adservice,server,63,2,2,2,0
3,frontcatalog,200,198,cartservice,server,60,3,3,3,0
3,frontcatalog,200,198,checkoutservice,checkout,79,2,2,2,0
3,frontcatalog,200,198,currencyservice,server,56,3,3,3,0
3,frontcatalog,200,198,emailservice,email,56,3,3,3,0
3,frontcatalog,200,198,frontend,productcatalog,70,2,2,2,0
3,frontcatalog,200,198,frontend,server,76,2,2,2,0
3,frontcatalog,200,198,paymentservice,payment,60,3,3,3,0
3,frontcatalog,200,198,recommendationservice,server,83,2,2,2,0
3,frontcatalog,200,198,redis-cart,-,,1,1,1,0
3,frontcatalog,200,198,shippingservice,server,76,2,2,2,0
3,frontcatalog,200,213,adservice,server,63,2,2,2,0
3,frontcatalog,200,213,cartservice,server,63,3,3,3,0
3,frontcatalog,200,213,checkoutservice,checkout,78,2,3,3,0
3,frontcatalog,200,213,currencyservice,server,53,3,3,3,0
3,frontcatalog,200,213,emailservice,email,57,3,3,3,0
3,frontcatalog,200,213,frontend,productcatalog,65,2,2,2,0
3,frontcatalog,200,213,frontend,server,73,2,2,2,0
3,frontcatalog,200,213,paymentservice,payment,57,3,3,3,0
3,frontcatalog,200,213,recommendationservice,server,71,2,2,2,0
3,frontcatalog,200,213,redis-cart,-,,1,1,1,0
3,frontcatalog,200,213,shippingservice,server,76,2,2,2,0
3,frontcatalog,200,229,adservice,server,60,2,2,2,0
3,frontcatalog,200,229,cartservice,server,56,3,3,3,0
3,frontcatalog,200,229,checkoutservice,checkout,77,3,3,3,0
3,frontcatalog,200,229,currencyservice,server,53,3,3,3,0
3,frontcatalog,200,229,emailservice,email,57,3,3,3,0
3,frontcatalog,200,229,frontend,productcatalog,68,2,2,2,0
3,frontcatalog,200,229,frontend,server,72,2,2,2,0
3,frontcatalog,200,229,paymentservice,payment,58,3,3,3,0
3,frontcatalog,200,229,recommendationservice,server,72,2,2,2,0
3,frontcatalog,200,229,redis-cart,-,,1,1,1,0
3,frontcatalog,200,229,shippingservice,server,75,2,2,2,0
3,frontcatalog,200,244,adservice,server,59,2,2,2,0
3,frontcatalog,200,244,cartservice,server,56,3,3,3,0
3,frontcatalog,200,244,checkoutservice,checkout,75,3,3,3,0
3,frontcatalog,200,244,currencyservice,server,53,3,3,3,0
3,frontcatalog,200,244,emailservice,email,56,3,3,3,0
3,frontcatalog,200,244,frontend,productcatalog,66,2,2,2,0
3,frontcatalog,200,244,frontend,server,69,2,2,2,0
3,frontcatalog,200,244,paymentservice,payment,55,3,3,3,0
3,frontcatalog,200,244,recommendationservice,server,72,2,2,2,0
3,frontcatalog,200,244,redis-cart,-,,1,1,1,0
3,frontcatalog,200,244,shippingservice,server,75,2,2,2,0
3,frontcatalog,200,259,adservice,server,58,2,2,2,0
3,frontcatalog,200,259,cartservice,server,56,3,3,3,0
3,frontcatalog,200,259,checkoutservice,checkout,50,3,3,3,0
3,frontcatalog,200,259,currencyservice,server,50,3,3,3,0
3,frontcatalog,200,259,emailservice,email,56,3,3,3,0
3,frontcatalog,200,259,frontend,productcatalog,64,2,2,2,0
3,frontcatalog,200,259,frontend,server,70,2,2,2,0
3,frontcatalog,200,259,paymentservice,payment,54,3,3,3,0
3,frontcatalog,200,259,recommendationservice,server,70,2,2,2,0
3,frontcatalog,200,259,redis-cart,-,,1,1,1,0
3,frontcatalog,200,259,shippingservice,server,73,2,2,2,0
3,frontcatalog,200,274,adservice,server,59,2,2,2,0
3,frontcatalog,200,274,cartservice,server,69,3,3,3,0
3,frontcatalog,200,274,checkoutservice,checkout,54,3,3,3,0
3,frontcatalog,200,274,currencyservice,server,54,3,3,3,0
3,frontcatalog,200,274,emailservice,email,56,3,3,3,0
3,frontcatalog,200,274,frontend,productcatalog,65,2,2,2,0
3,frontcatalog,200,274,frontend,server,71,2,2,2,0
3,frontcatalog,200,274,paymentservice,payment,59,3,3,3,0
3,frontcatalog,200,274,recommendationservice,server,75,2,2,2,0
3,frontcatalog,200,274,redis-cart,-,,1,1,1,0
3,frontcatalog,200,274,shippingservice,server,77,2,2,2,0
3,frontcatalog,200,290,adservice,server,58,2,2,2,0
3,frontcatalog,200,290,cartservice,server,57,3,3,3,0
3,frontcatalog,200,290,checkoutservice,checkout,51,3,3,3,0
3,frontcatalog,200,290,currencyservice,server,51,3,3,3,0
3,frontcatalog,200,290,emailservice,email,57,3,3,3,0
3,frontcatalog,200,290,frontend,productcatalog,65,2,2,2,0
3,frontcatalog,200,290,frontend,server,71,2,2,2,0
3,frontcatalog,200,290,paymentservice,payment,55,3,3,3,0
3,frontcatalog,200,290,recommendationservice,server,70,2,2,2,0
3,frontcatalog,200,290,redis-cart,-,,1,1,1,0
3,frontcatalog,200,290,shippingservice,server,74,2,2,2,0
3,frontcatalog,200,305,adservice,server,58,2,2,2,0
3,frontcatalog,200,305,cartservice,server,55,3,3,3,0
3,frontcatalog,200,305,checkoutservice,checkout,48,3,3,3,0
3,frontcatalog,200,305,currencyservice,server,55,3,3,3,0
3,frontcatalog,200,305,emailservice,email,54,3,3,3,0
3,frontcatalog,200,305,frontend,productcatalog,66,2,2,2,0
3,frontcatalog,200,305,frontend,server,73,2,2,2,0
3,frontcatalog,200,305,paymentservice,payment,55,3,3,3,0
3,frontcatalog,200,305,recommendationservice,server,76,2,2,2,0
3,frontcatalog,200,305,redis-cart,-,,1,1,1,0
3,frontcatalog,200,305,shippingservice,server,74,2,2,2,0
3,frontcatalog,200,320,adservice,server,60,2,2,2,0
3,frontcatalog,200,320,cartservice,server,60,3,3,3,0
3,frontcatalog,200,320,checkoutservice,checkout,52,3,3,3,0
3,frontcatalog,200,320,currencyservice,server,53,3,3,3,0
3,frontcatalog,200,320,emailservice,email,57,3,3,3,0
3,frontcatalog,200,320,frontend,productcatalog,67,2,2,2,0
3,frontcatalog,200,320,frontend,server,72,2,2,2,0
3,frontcatalog,200,320,paymentservice,payment,59,3,3,3,0
3,frontcatalog,200,320,recommendationservice,server,75,2,2,2,0
3,frontcatalog,200,320,redis-cart,-,,1,1,1,0
3,frontcatalog,200,320,shippingservice,server,75,2,2,2,0
3,frontcatalog,200,335,adservice,server,57,2,2,2,0
3,frontcatalog,200,335,cartservice,server,54,3,3,3,0
3,frontcatalog,200,335,checkoutservice,checkout,48,3,3,3,0
3,frontcatalog,200,335,currencyservice,server,51,3,3,3,0
3,frontcatalog,200,335,emailservice,email,54,3,3,3,0
3,frontcatalog,200,335,frontend,productcatalog,62,2,2,2,0
3,frontcatalog,200,335,frontend,server,69,2,2,2,0
3,frontcatalog,200,335,paymentservice,payment,51,3,3,3,0
3,frontcatalog,200,335,recommendationservice,server,69,2,2,2,0
3,frontcatalog,200,335,redis-cart,-,,1,1,1,0
3,frontcatalog,200,335,shippingservice,server,75,2,2,2,0
3,frontcatalog,200,350,adservice,server,60,2,2,2,0
3,frontcatalog,200,350,cartservice,server,51,3,3,3,0
3,frontcatalog,200,350,checkoutservice,checkout,43,3,3,3,0
3,frontcatalog,200,350,currencyservice,server,50,3,3,3,0
3,frontcatalog,200,350,emailservice,email,52,3,3,3,0
3,frontcatalog,200,350,frontend,productcatalog,65,2,2,2,0
3,frontcatalog,200,350,frontend,server,73,2,2,2,0
3,frontcatalog,200,350,paymentservice,payment,54,3,3,3,0
3,frontcatalog,200,350,recommendationservice,server,72,2,2,2,0
3,frontcatalog,200,350,redis-cart,-,,1,1,1,0
3,frontcatalog,200,350,shippingservice,server,69,2,2,2,0
3,frontcatalog,200,366,adservice,server,65,2,2,2,0
3,frontcatalog,200,366,cartservice,server,65,3,3,3,0
3,frontcatalog,200,366,checkoutservice,checkout,54,3,3,3,0
3,frontcatalog,200,366,currencyservice,server,55,3,3,3,0
3,frontcatalog,200,366,emailservice,email,59,3,3,3,0
3,frontcatalog,200,366,frontend,productcatalog,69,2,2,2,0
3,frontcatalog,200,366,frontend,server,74,2,2,2,0
3,frontcatalog,200,366,paymentservice,payment,59,3,3,3,0
3,frontcatalog,200,366,recommendationservice,server,77,2,2,2,0
3,frontcatalog,200,366,redis-cart,-,,1,1,1,0
3,frontcatalog,200,366,shippingservice,server,79,2,2,2,0
3,frontcatalog,200,381,adservice,server,60,2,2,2,0
3,frontcatalog,200,381,cartservice,server,65,3,3,3,0
3,frontcatalog,200,381,checkoutservice,checkout,54,3,3,3,0
3,frontcatalog,200,381,currencyservice,server,54,3,3,3,0
3,frontcatalog,200,381,emailservice,email,59,3,3,3,0
3,frontcatalog,200,381,frontend,productcatalog,66,2,2,2,0
3,frontcatalog,200,381,frontend,server,73,2,2,2,0
3,frontcatalog,200,381,paymentservice,payment,61,3,3,3,0
3,frontcatalog,200,381,recommendationservice,server,71,2,2,2,0
3,frontcatalog,200,381,redis-cart,-,,1,1,1,0
3,frontcatalog,200,381,shippingservice,server,78,2,3,3,0
3,frontcatalog,200,396,adservice,server,60,2,2,2,0
3,frontcatalog,200,396,cartservice,server,57,3,3,3,0
3,frontcatalog,200,396,checkoutservice,checkout,49,3,3,3,0
3,frontcatalog,200,396,currencyservice,server,54,3,3,3,0
3,frontcatalog,200,396,emailservice,email,57,3,3,3,0
3,frontcatalog,200,396,frontend,productcatalog,67,2,2,2,0
3,frontcatalog,200,396,frontend,server,73,2,2,2,0
3,frontcatalog,200,396,paymentservice,payment,56,3,3,3,0
3,frontcatalog,200,396,recommendationservice,server,74,2,2,2,0
3,frontcatalog,200,396,redis-cart,-,,1,1,1,0
3,frontcatalog,200,396,shippingservice,server,74,3,3,3,0
3,frontcatalog,200,411,adservice,server,60,2,2,2,0
3,frontcatalog,200,411,cartservice,server,56,3,3,3,0
3,frontcatalog,200,411,checkoutservice,checkout,52,3,3,3,0
3,frontcatalog,200,411,currencyservice,server,55,3,3,3,0
3,frontcatalog,200,411,emailservice,email,55,3,3,3,0
3,frontcatalog,200,411,frontend,productcatalog,67,2,2,2,0
3,frontcatalog,200,411,frontend,server,73,2,2,2,0
3,frontcatalog,200,411,paymentservice,payment,57,3,3,3,0
3,frontcatalog,200,411,recommendationservice,server,77,2,2,2,0
3,frontcatalog,200,411,redis-cart,-,,1,1,1,0
3,frontcatalog,200,411,shippingservice,server,77,3,3,3,0
3,frontcatalog,200,426,adservice,server,57,2,2,2,0
3,frontcatalog,200,426,cartservice,server,61,3,3,3,0
3,frontcatalog,200,426,checkoutservice,checkout,52,3,3,3,0
3,frontcatalog,200,426,currencyservice,server,55,3,3,3,0
3,frontcatalog,200,426,emailservice,email,58,3,3,3,0
3,frontcatalog,200,426,frontend,productcatalog,67,2,2,2,0
3,frontcatalog,200,426,frontend,server,74,2,2,2,0
3,frontcatalog,200,426,paymentservice,payment,54,3,3,3,0
3,frontcatalog,200,426,recommendationservice,server,76,2,2,2,0
3,frontcatalog,200,426,redis-cart,-,,1,1,1,0
3,frontcatalog,200,426,shippingservice,server,50,3,3,3,0
3,frontcatalog,200,442,adservice,server,50,2,2,2,0
3,frontcatalog,200,442,cartservice,server,60,3,3,3,0
3,frontcatalog,200,442,checkoutservice,checkout,52,3,3,3,0
3,frontcatalog,200,442,currencyservice,server,52,3,3,3,0
3,frontcatalog,200,442,emailservice,email,57,3,3,3,0
3,frontcatalog,200,442,frontend,productcatalog,67,2,2,2,0
3,frontcatalog,200,442,frontend,server,70,2,2,2,0
3,frontcatalog,200,442,paymentservice,payment,59,3,3,3,0
3,frontcatalog,200,442,recommendationservice,server,67,2,2,2,0
3,frontcatalog,200,442,redis-cart,-,,1,1,1,0
3,frontcatalog,200,442,shippingservice,server,51,3,3,3,0
3,frontreco,200,0,adservice,server,7,2,2,2,0
3,frontreco,200,0,cartservice,server,1,2,2,2,0
3,frontreco,200,0,checkoutservice,checkout,0,2,2,2,0
3,frontreco,200,0,currencyservice,server,0,2,2,2,0
3,frontreco,200,0,emailservice,email,2,2,2,2,0
3,frontreco,200,0,frontend,-,,,0,2,0
3,frontreco,200,0,paymentservice,-,,,0,2,0
3,frontreco,200,0,productcatalogservice,-,,,0,2,0
3,frontreco,200,0,redis-cart,-,,1,1,1,0
3,frontreco,200,0,shippingservice,-,,,0,2,0
3,frontreco,200,15,adservice,server,92,2,2,2,0
3,frontreco,200,15,cartservice,server,39,2,2,2,0
3,frontreco,200,15,checkoutservice,checkout,1,2,2,2,0
3,frontreco,200,15,currencyservice,server,29,2,2,2,0
3,frontreco,200,15,emailservice,email,42,2,2,2,0
3,frontreco,200,15,frontend,recommendation,39,2,2,2,0
3,frontreco,200,15,frontend,server,34,2,2,2,0
3,frontreco,200,15,paymentservice,payment,1,2,2,2,0
3,frontreco,200,15,productcatalogservice,server,0,2,2,2,0
3,frontreco,200,15,redis-cart,-,,1,1,1,0
3,frontreco,200,15,shippingservice,server,0,2,2,2,0
3,frontreco,200,30,adservice,server,357,2,3,2,1
3,frontreco,200,30,cartservice,server,95,2,2,2,0
3,frontreco,200,30,checkoutservice,checkout,71,2,2,2,0
3,frontreco,200,30,currencyservice,server,78,2,2,2,0
3,frontreco,200,30,emailservice,email,85,2,2,2,0
3,frontreco,200,30,frontend,recommendation,52,2,2,2,0
3,frontreco,200,30,frontend,server,74,2,2,2,0
3,frontreco,200,30,paymentservice,payment,92,2,2,2,0
3,frontreco,200,30,productcatalogservice,server,22,2,2,2,0
3,frontreco,200,30,redis-cart,-,,1,1,1,0
3,frontreco,200,30,shippingservice,server,9,2,2,2,0
3,frontreco,200,46,adservice,server,229,3,7,2,0
3,frontreco,200,46,cartservice,server,80,2,3,2,0
3,frontreco,200,46,checkoutservice,checkout,78,2,2,2,0
3,frontreco,200,46,currencyservice,server,77,2,3,2,1
3,frontreco,200,46,emailservice,email,85,2,3,2,1
3,frontreco,200,46,frontend,recommendation,75,2,2,2,0
3,frontreco,200,46,frontend,server,75,2,2,2,0
3,frontreco,200,46,paymentservice,payment,92,2,3,2,1
3,frontreco,200,46,productcatalogservice,server,69,2,2,2,0
3,frontreco,200,46,redis-cart,-,,1,1,1,0
3,frontreco,200,46,shippingservice,server,74,2,2,2,0
3,frontreco,200,61,adservice,server,177,7,7,2,0
3,frontreco,200,61,cartservice,server,81,3,3,2,0
3,frontreco,200,61,checkoutservice,checkout,79,2,3,3,0
3,frontreco,200,61,currencyservice,server,76,3,3,3,0
3,frontreco,200,61,emailservice,email,86,3,3,3,0
3,frontreco,200,61,frontend,recommendation,75,2,2,2,0
3,frontreco,200,61,frontend,server,74,2,2,2,0
3,frontreco,200,61,paymentservice,payment,84,3,3,3,0
3,frontreco,200,61,productcatalogservice,server,68,2,2,2,0
3,frontreco,200,61,redis-cart,-,,1,1,1,0
3,frontreco,200,61,shippingservice,server,79,2,2,2,0
3,frontreco,200,77,adservice,server,82,7,7,3,0
3,frontreco,200,77,cartservice,server,86,3,3,3,0
3,frontreco,200,77,checkoutservice,checkout,82,3,3,3,0
3,frontreco,200,77,currencyservice,server,53,3,3,3,0
3,frontreco,200,77,emailservice,email,86,3,3,3,0
3,frontreco,200,77,frontend,recommendation,77,2,2,2,0
3,frontreco,200,77,frontend,server,73,2,2,2,0
3,frontreco,200,77,paymentservice,payment,61,3,3,3,0
3,frontreco,200,77,productcatalogservice,server,70,2,2,2,0
3,frontreco,200,77,redis-cart,-,,1,1,1,0
3,frontreco,200,77,shippingservice,server,81,2,3,2,1
3,frontreco,200,92,adservice,server,66,7,7,7,0
3,frontreco,200,92,cartservice,server,60,3,3,3,0
3,frontreco,200,92,checkoutservice,checkout,53,3,3,3,0
3,frontreco,200,92,currencyservice,server,53,3,3,3,0
3,frontreco,200,92,emailservice,email,58,3,3,3,0
3,frontreco,200,92,frontend,recommendation,75,2,2,2,0
3,frontreco,200,92,frontend,server,73,2,2,2,0
3,frontreco,200,92,paymentservice,payment,60,3,3,3,0
3,frontreco,200,92,productcatalogservice,server,70,2,2,2,0
3,frontreco,200,92,redis-cart,-,,1,1,1,0
3,frontreco,200,92,shippingservice,server,76,3,3,3,0
3,frontreco,200,107,adservice,server,28,7,7,7,0
3,frontreco,200,107,cartservice,server,51,3,3,3,0
3,frontreco,200,107,checkoutservice,checkout,51,3,3,3,0
3,frontreco,200,107,currencyservice,server,50,3,3,3,0
3,frontreco,200,107,emailservice,email,57,3,3,3,0
3,frontreco,200,107,frontend,recommendation,72,2,2,2,0
3,frontreco,200,107,frontend,server,71,2,2,2,0
3,frontreco,200,107,paymentservice,payment,59,3,3,3,0
3,frontreco,200,107,productcatalogservice,server,70,2,2,2,0
3,frontreco,200,107,redis-cart,-,,1,1,1,0
3,frontreco,200,107,shippingservice,server,50,3,3,3,0
3,frontreco,200,122,adservice,server,19,7,7,7,0
3,frontreco,200,122,cartservice,server,54,3,3,3,0
3,frontreco,200,122,checkoutservice,checkout,50,3,3,3,0
3,frontreco,200,122,currencyservice,server,50,3,3,3,0
3,frontreco,200,122,emailservice,email,54,3,3,3,0
3,frontreco,200,122,frontend,recommendation,72,2,2,2,0
3,frontreco,200,122,frontend,server,71,2,2,2,0
3,frontreco,200,122,paymentservice,payment,53,3,3,3,0
3,frontreco,200,122,productcatalogservice,server,65,2,2,2,0
3,frontreco,200,122,redis-cart,-,,1,1,1,0
3,frontreco,200,122,shippingservice,server,49,3,3,3,0
3,frontreco,200,137,adservice,server,20,7,7,7,0
3,frontreco,200,137,cartservice,server,52,3,3,3,0
3,frontreco,200,137,checkoutservice,checkout,49,3,3,3,0
3,frontreco,200,137,currencyservice,server,49,3,3,3,0
3,frontreco,200,137,emailservice,email,55,3,3,3,0
3,frontreco,200,137,frontend,recommendation,74,2,2,2,0
3,frontreco,200,137,frontend,server,72,2,2,2,0
3,frontreco,200,137,paymentservice,payment,53,3,3,3,0
3,frontreco,200,137,productcatalogservice,server,69,2,2,2,0
3,frontreco,200,137,redis-cart,-,,1,1,1,0
3,frontreco,200,137,shippingservice,server,47,3,3,3,0
3,frontreco,200,153,adservice,server,19,7,2,2,0
3,frontreco,200,153,cartservice,server,52,3,3,3,0
3,frontreco,200,153,checkoutservice,checkout,50,3,3,3,0
3,frontreco,200,153,currencyservice,server,49,3,3,3,0
3,frontreco,200,153,emailservice,email,54,3,3,3,0
3,frontreco,200,153,frontend,recommendation,68,2,2,2,0
3,frontreco,200,153,frontend,server,71,2,2,2,0
3,frontreco,200,153,paymentservice,payment,53,3,3,3,0
3,frontreco,200,153,productcatalogservice,server,67,2,2,2,0
3,frontreco,200,153,redis-cart,-,,1,1,1,0
3,frontreco,200,153,shippingservice,server,49,3,3,3,0
3,frontreco,200,168,adservice,server,62,2,2,2,0
3,frontreco,200,168,cartservice,server,52,3,3,3,0
3,frontreco,200,168,checkoutservice,checkout,52,3,3,3,0
3,frontreco,200,168,currencyservice,server,49,3,3,3,0
3,frontreco,200,168,emailservice,email,54,3,3,3,0
3,frontreco,200,168,frontend,recommendation,75,2,2,2,0
3,frontreco,200,168,frontend,server,74,2,2,2,0
3,frontreco,200,168,paymentservice,payment,59,3,3,3,0
3,frontreco,200,168,productcatalogservice,server,68,2,2,2,0
3,frontreco,200,168,redis-cart,-,,1,1,1,0
3,frontreco,200,168,shippingservice,server,49,3,3,3,0
3,frontreco,200,183,adservice,server,61,2,2,2,0
3,frontreco,200,183,cartservice,server,53,3,3,3,0
3,frontreco,200,183,checkoutservice,checkout,51,3,3,3,0
3,frontreco,200,183,currencyservice,server,51,3,3,3,0
3,frontreco,200,183,emailservice,email,57,3,3,3,0
3,frontreco,200,183,frontend,recommendation,73,2,2,2,0
3,frontreco,200,183,frontend,server,71,2,2,2,0
3,frontreco,200,183,paymentservice,payment,55,3,3,3,0
3,frontreco,200,183,productcatalogservice,server,68,2,2,2,0
3,frontreco,200,183,redis-cart,-,,1,1,1,0
3,frontreco,200,183,shippingservice,server,51,3,3,3,0
3,frontreco,200,198,adservice,server,62,2,2,2,0
3,frontreco,200,198,cartservice,server,53,3,3,3,0
3,frontreco,200,198,checkoutservice,checkout,51,3,3,3,0
3,frontreco,200,198,currencyservice,server,50,3,3,3,0
3,frontreco,200,198,emailservice,email,56,3,3,3,0
3,frontreco,200,198,frontend,recommendation,71,2,2,2,0
3,frontreco,200,198,frontend,server,72,2,2,2,0
3,frontreco,200,198,paymentservice,payment,58,3,3,3,0
3,frontreco,200,198,productcatalogservice,server,69,2,2,2,0
3,frontreco,200,198,redis-cart,-,,1,1,1,0
3,frontreco,200,198,shippingservice,server,51,3,3,3,0
3,frontreco,200,213,adservice,server,58,2,2,2,0
3,frontreco,200,213,cartservice,server,65,3,3,3,0
3,frontreco,200,213,checkoutservice,checkout,53,3,3,3,0
3,frontreco,200,213,currencyservice,server,52,3,3,3,0
3,frontreco,200,213,emailservice,email,57,3,3,3,0
3,frontreco,200,213,frontend,recommendation,72,2,2,2,0
3,frontreco,200,213,frontend,server,72,2,2,2,0
3,frontreco,200,213,paymentservice,payment,58,3,3,3,0
3,frontreco,200,213,productcatalogservice,server,70,2,2,2,0
3,frontreco,200,213,redis-cart,-,,1,1,1,0
3,frontreco,200,213,shippingservice,server,51,3,3,3,0
3,frontreco,200,229,adservice,server,60,2,2,2,0
3,frontreco,200,229,cartservice,server,54,3,3,3,0
3,frontreco,200,229,checkoutservice,checkout,53,3,3,3,0
3,frontreco,200,229,currencyservice,server,51,3,3,3,0
3,frontreco,200,229,emailservice,email,57,3,3,3,0
3,frontreco,200,229,frontend,recommendation,74,2,2,2,0
3,frontreco,200,229,frontend,server,75,2,2,2,0
3,frontreco,200,229,paymentservice,payment,59,3,3,3,0
3,frontreco,200,229,productcatalogservice,server,70,2,2,2,0
3,frontreco,200,229,redis-cart,-,,1,1,1,0
3,frontreco,200,229,shippingservice,server,51,3,3,3,0
3,frontreco,200,244,adservice,server,59,2,2,2,0
3,frontreco,200,244,cartservice,server,55,3,3,3,0
3,frontreco,200,244,checkoutservice,checkout,50,3,3,3,0
3,frontreco,200,244,currencyservice,server,52,3,3,3,0
3,frontreco,200,244,emailservice,email,55,3,3,3,0
3,frontreco,200,244,frontend,recommendation,73,2,2,2,0
3,frontreco,200,244,frontend,server,74,2,2,2,0
3,frontreco,200,244,paymentservice,payment,55,3,3,3,0
3,frontreco,200,244,productcatalogservice,server,66,2,2,2,0
3,frontreco,200,244,redis-cart,-,,1,1,1,0
3,frontreco,200,244,shippingservice,server,49,3,3,3,0
3,frontreco,200,259,adservice,server,61,2,2,2,0
3,frontreco,200,259,cartservice,server,52,3,3,3,0
3,frontreco,200,259,checkoutservice,checkout,50,3,3,3,0
3,frontreco,200,259,currencyservice,server,50,3,3,3,0
3,frontreco,200,259,emailservice,email,56,3,3,3,0
3,frontreco,200,259,frontend,recommendation,74,2,2,2,0
3,frontreco,200,259,frontend,server,73,2,2,2,0
3,frontreco,200,259,paymentservice,payment,53,3,3,3,0
3,frontreco,200,259,productcatalogservice,server,69,2,2,2,0
3,frontreco,200,259,redis-cart,-,,1,1,1,0
3,frontreco,200,259,shippingservice,server,50,3,3,3,0
3,frontreco,200,274,adservice,server,73,2,2,2,0
3,frontreco,200,274,cartservice,server,51,3,3,3,0
3,frontreco,200,274,checkoutservice,checkout,50,3,3,3,0
3,frontreco,200,274,currencyservice,server,50,3,3,3,0
3,frontreco,200,274,emailservice,email,56,3,3,3,0
3,frontreco,200,274,frontend,recommendation,78,2,2,2,0
3,frontreco,200,274,frontend,server,75,2,2,2,0
3,frontreco,200,274,paymentservice,payment,57,3,3,3,0
3,frontreco,200,274,productcatalogservice,server,69,2,2,2,0
3,frontreco,200,274,redis-cart,-,,1,1,1,0
3,frontreco,200,274,shippingservice,server,51,3,3,3,0
3,frontreco,200,289,adservice,server,60,2,2,2,0
3,frontreco,200,289,cartservice,server,51,3,3,3,0
3,frontreco,200,289,checkoutservice,checkout,50,3,3,3,0
3,frontreco,200,289,currencyservice,server,51,3,3,3,0
3,frontreco,200,289,emailservice,email,58,3,3,3,0
3,frontreco,200,289,frontend,recommendation,69,2,2,2,0
3,frontreco,200,289,frontend,server,71,2,2,2,0
3,frontreco,200,289,paymentservice,payment,56,3,3,3,0
3,frontreco,200,289,productcatalogservice,server,69,2,2,2,0
3,frontreco,200,289,redis-cart,-,,1,1,1,0
3,frontreco,200,289,shippingservice,server,49,3,3,3,0
3,frontreco,200,305,adservice,server,59,2,2,2,0
3,frontreco,200,305,cartservice,server,52,3,3,3,0
3,frontreco,200,305,checkoutservice,checkout,51,3,3,3,0
3,frontreco,200,305,currencyservice,server,49,3,3,3,0
3,frontreco,200,305,emailservice,email,55,3,3,3,0
3,frontreco,200,305,frontend,recommendation,73,2,2,2,0
3,frontreco,200,305,frontend,server,71,2,2,2,0
3,frontreco,200,305,paymentservice,payment,58,3,3,3,0
3,frontreco,200,305,productcatalogservice,server,67,2,2,2,0
3,frontreco,200,305,redis-cart,-,,1,1,1,0
3,frontreco,200,305,shippingservice,server,49,3,3,3,0
3,frontreco,200,320,adservice,server,59,2,2,2,0
3,frontreco,200,320,cartservice,server,56,3,3,3,0
3,frontreco,200,320,checkoutservice,checkout,52,3,3,3,0
3,frontreco,200,320,currencyservice,server,52,3,3,3,0
3,frontreco,200,320,emailservice,email,54,3,3,3,0
3,frontreco,200,320,frontend,recommendation,72,2,2,2,0
3,frontreco,200,320,frontend,server,70,2,2,2,0
3,frontreco,200,320,paymentservice,payment,55,3,3,3,0
3,frontreco,200,320,productcatalogservice,server,69,2,2,2,0
3,frontreco,200,320,redis-cart,-,,1,1,1,0
3,frontreco,200,320,shippingservice,server,52,3,3,3,0
3,frontreco,200,335,adservice,server,63,2,2,2,0
3,frontreco,200,335,cartservice,server,65,3,3,3,0
3,frontreco,200,335,checkoutservice,checkout,54,3,3,3,0
3,frontreco,200,335,currencyservice,server,52,3,3,3,0
3,frontreco,200,335,emailservice,email,60,3,3,3,0
3,frontreco,200,335,frontend,recommendation,82,2,2,2,0
3,frontreco,200,335,frontend,server,81,2,2,2,0
3,frontreco,200,335,paymentservice,payment,61,3,3,3,0
3,frontreco,200,335,productcatalogservice,server,70,2,2,2,0
3,frontreco,200,335,redis-cart,-,,1,1,1,0
3,frontreco,200,335,shippingservice,server,52,3,3,3,0
3,frontreco,200,350,adservice,server,62,2,2,2,0
3,frontreco,200,350,cartservice,server,55,3,3,3,0
3,frontreco,200,350,checkoutservice,checkout,53,3,3,3,0
3,frontreco,200,350,currencyservice,server,53,3,3,3,0
3,frontreco,200,350,emailservice,email,59,3,3,3,0
3,frontreco,200,350,frontend,recommendation,75,2,3,2,0
3,frontreco,200,350,frontend,server,77,2,3,2,0
3,frontreco,200,350,paymentservice,payment,59,3,3,3,0
3,frontreco,200,350,productcatalogservice,server,71,2,2,2,0
3,frontreco,200,350,redis-cart,-,,1,1,1,0
3,frontreco,200,350,shippingservice,server,52,3,3,3,0
3,frontreco,200,366,adservice,server,61,2,2,2,0
3,frontreco,200,366,cartservice,server,57,3,3,3,0
3,frontreco,200,366,checkoutservice,checkout,53,3,3,3,0
3,frontreco,200,366,currencyservice,server,50,3,3,3,0
3,frontreco,200,366,emailservice,email,54,3,3,3,0
3,frontreco,200,366,frontend,recommendation,78,3,3,3,0
3,frontreco,200,366,frontend,server,70,3,3,3,0
3,frontreco,200,366,paymentservice,payment,57,3,3,3,0
3,frontreco,200,366,productcatalogservice,server,71,2,2,2,0
3,frontreco,200,366,redis-cart,-,,1,1,1,0
3,frontreco,200,366,shippingservice,server,51,3,3,3,0
3,frontreco,200,381,adservice,server,63,2,2,2,0
3,frontreco,200,381,cartservice,server,56,3,3,3,0
3,frontreco,200,381,checkoutservice,checkout,48,3,3,3,0
3,frontreco,200,381,currencyservice,server,50,3,3,3,0
3,frontreco,200,381,emailservice,email,54,3,3,3,0
3,frontreco,200,381,frontend,recommendation,74,3,3,3,0
3,frontreco,200,381,frontend,server,77,3,3,3,0
3,frontreco,200,381,paymentservice,payment,51,3,3,3,0
3,frontreco,200,381,productcatalogservice,server,70,2,2,2,0
3,frontreco,200,381,redis-cart,-,,1,1,1,0
3,frontreco,200,381,shippingservice,server,48,3,3,3,0
3,frontreco,200,396,adservice,server,63,2,2,2,0
3,frontreco,200,396,cartservice,server,58,3,3,3,0
3,frontreco,200,396,checkoutservice,checkout,49,3,3,3,0
3,frontreco,200,396,currencyservice,server,50,3,3,3,0
3,frontreco,200,396,emailservice,email,56,3,3,3,0
3,frontreco,200,396,frontend,recommendation,50,3,3,3,0
3,frontreco,200,396,frontend,server,50,3,3,3,0
3,frontreco,200,396,paymentservice,payment,53,3,3,3,0
3,frontreco,200,396,productcatalogservice,server,68,2,2,2,0
3,frontreco,200,396,redis-cart,-,,1,1,1,0
3,frontreco,200,396,shippingservice,server,48,3,3,3,0
3,frontreco,200,411,adservice,server,57,2,2,2,0
3,frontreco,200,411,cartservice,server,54,3,3,3,0
3,frontreco,200,411,checkoutservice,checkout,51,3,3,3,0
3,frontreco,200,411,currencyservice,server,51,3,3,3,0
3,frontreco,200,411,emailservice,email,55,3,3,3,0
3,frontreco,200,411,frontend,recommendation,51,3,3,3,0
3,frontreco,200,411,frontend,server,47,3,3,3,0
3,frontreco,200,411,paymentservice,payment,56,3,3,3,0
3,frontreco,200,411,productcatalogservice,server,67,2,2,2,0
3,frontreco,200,411,redis-cart,-,,1,1,1,0
3,frontreco,200,411,shippingservice,server,50,3,3,3,0
3,frontreco,200,426,adservice,server,60,2,2,2,0
3,frontreco,200,426,cartservice,server,61,3,3,3,0
3,frontreco,200,426,checkoutservice,checkout,53,3,3,3,0
3,frontreco,200,426,currencyservice,server,53,3,3,3,0
3,frontreco,200,426,emailservice,email,57,3,3,3,0
3,frontreco,200,426,frontend,recommendation,49,3,3,3,0
3,frontreco,200,426,frontend,server,49,3,3,3,0
3,frontreco,200,426,paymentservice,payment,59,3,3,3,0
3,frontreco,200,426,productcatalogservice,server,71,2,2,2,0
3,frontreco,200,426,redis-cart,-,,1,1,1,0
3,frontreco,200,426,shippingservice,server,51,3,3,3,0
3,frontreco,200,442,adservice,server,53,2,2,2,0
3,frontreco,200,442,cartservice,server,49,3,3,3,0
3,frontreco,200,442,checkoutservice,checkout,30,3,3,3,0
3,frontreco,200,442,currencyservice,server,29,3,3,3,0
3,frontreco,200,442,emailservice,email,17,3,3,3,0
3,frontreco,200,442,frontend,recommendation,36,3,3,3,0
3,frontreco,200,442,frontend,server,20,3,3,3,0
3,frontreco,200,442,paymentservice,payment,28,3,3,3,0
3,frontreco,200,442,productcatalogservice,server,55,2,2,2,0
3,frontreco,200,442,redis-cart,-,,1,1,1,0
3,frontreco,200,442,shippingservice,server,20,3,3,3,0
3,frontcart,200,1,adservice,server,5,2,2,2,0
3,frontcart,200,1,checkoutservice,checkout,0,2,2,2,0
3,frontcart,200,1,currencyservice,server,0,2,2,2,0
3,frontcart,200,1,emailservice,email,2,2,2,2,0
3,frontcart,200,1,frontend,-,,2,0,2,0
3,frontcart,200,1,paymentservice,-,,,0,2,0
3,frontcart,200,1,productcatalogservice,-,,,0,2,0
3,frontcart,200,1,recommendationservice,-,,,0,2,0
3,frontcart,200,1,redis-cart,-,,1,1,1,0
3,frontcart,200,1,shippingservice,-,,,0,2,0
3,frontcart,200,16,adservice,server,3,2,2,2,0
3,frontcart,200,16,checkoutservice,checkout,7,2,2,2,0
3,frontcart,200,16,currencyservice,server,0,2,2,2,0
3,frontcart,200,16,emailservice,email,10,2,2,2,0
3,frontcart,200,16,frontend,cartservice,1,2,2,2,0
3,frontcart,200,16,frontend,server,14,2,2,2,0
3,frontcart,200,16,paymentservice,payment,1,2,2,2,0
3,frontcart,200,16,productcatalogservice,server,0,2,2,2,0
3,frontcart,200,16,recommendationservice,server,0,2,2,2,0
3,frontcart,200,16,redis-cart,-,,1,1,1,0
3,frontcart,200,16,shippingservice,server,0,2,2,2,0
3,frontcart,200,31,adservice,server,273,2,2,2,0
3,frontcart,200,31,checkoutservice,checkout,66,2,2,2,0
3,frontcart,200,31,currencyservice,server,69,2,2,2,0
3,frontcart,200,31,emailservice,email,81,2,2,2,0
3,frontcart,200,31,frontend,cartservice,76,2,2,2,0
3,frontcart,200,31,frontend,server,78,2,2,2,0
3,frontcart,200,31,paymentservice,payment,80,2,2,2,0
3,frontcart,200,31,productcatalogservice,server,26,2,2,2,0
3,frontcart,200,31,recommendationservice,server,0,2,2,2,0
3,frontcart,200,31,redis-cart,-,,1,1,1,0
3,frontcart,200,31,shippingservice,server,1,2,2,2,0
3,frontcart,200,46,adservice,server,187,2,6,2,0
3,frontcart,200,46,checkoutservice,checkout,65,2,2,2,0
3,frontcart,200,46,currencyservice,server,69,2,2,2,0
3,frontcart,200,46,emailservice,email,83,2,3,2,0
3,frontcart,200,46,frontend,cartservice,88,2,3,2,1
3,frontcart,200,46,frontend,server,71,2,3,2,1
3,frontcart,200,46,paymentservice,payment,91,2,3,2,1
3,frontcart,200,46,productcatalogservice,server,70,2,2,2,0
3,frontcart,200,46,recommendationservice,server,71,2,2,2,0
3,frontcart,200,46,redis-cart,-,,1,1,1,0
3,frontcart,200,46,shippingservice,server,34,2,2,2,0
3,frontcart,200,62,adservice,server,144,6,6,2,0
3,frontcart,200,62,checkoutservice,checkout,73,2,2,2,0
3,frontcart,200,62,currencyservice,server,70,2,2,2,0
3,frontcart,200,62,emailservice,email,81,3,3,3,0
3,frontcart,200,62,frontend,cartservice,78,3,3,2,0
3,frontcart,200,62,frontend,server,71,3,3,2,0
3,frontcart,200,62,paymentservice,payment,83,3,3,3,0
3,frontcart,200,62,productcatalogservice,server,66,2,2,2,0
3,frontcart,200,62,recommendationservice,server,72,2,2,2,0
3,frontcart,200,62,redis-cart,-,,1,1,1,0
3,frontcart,200,62,shippingservice,server,70,2,2,2,0
3,frontcart,200,77,adservice,server,104,6,6,2,0
3,frontcart,200,77,checkoutservice,checkout,78,2,2,2,0
3,frontcart,200,77,currencyservice,server,70,2,2,2,0
3,frontcart,200,77,emailservice,email,89,3,3,3,0
3,frontcart,200,77,frontend,cartservice,82,3,3,3,0
3,frontcart,200,77,frontend,server,72,3,3,3,0
3,frontcart,200,77,paymentservice,payment,93,3,3,3,0
3,frontcart,200,77,productcatalogservice,server,70,2,2,2,0
3,frontcart,200,77,recommendationservice,server,79,2,2,2,0
3,frontcart,200,77,redis-cart,-,,1,1,1,0
3,frontcart,200,77,shippingservice,server,76,2,2,2,0
3,frontcart,200,92,adservice,server,67,6,6,6,0
3,frontcart,200,92,checkoutservice,checkout,77,2,3,3,0
3,frontcart,200,92,currencyservice,server,74,2,2,2,0
3,frontcart,200,92,emailservice,email,60,3,3,3,0
3,frontcart,200,92,frontend,cartservice,86,3,3,3,0
3,frontcart,200,92,frontend,server,76,3,3,3,0
3,frontcart,200,92,paymentservice,payment,63,3,3,3,0
3,frontcart,200,92,productcatalogservice,server,69,2,2,2,0
3,frontcart,200,92,recommendationservice,server,75,2,2,2,0
3,frontcart,200,92,redis-cart,-,,1,1,1,0
3,frontcart,200,92,shippingservice,server,75,2,2,2,0
3,frontcart,200,107,adservice,server,65,6,6,6,0
3,frontcart,200,107,checkoutservice,checkout,74,3,3,3,0
3,frontcart,200,107,currencyservice,server,71,2,2,2,0
3,frontcart,200,107,emailservice,email,54,3,3,3,0
3,frontcart,200,107,frontend,cartservice,85,3,3,3,0
3,frontcart,200,107,frontend,server,69,3,3,3,0
3,frontcart,200,107,paymentservice,payment,59,3,3,3,0
3,frontcart,200,107,productcatalogservice,server,70,2,2,2,0
3,frontcart,200,107,recommendationservice,server,70,2,2,2,0
3,frontcart,200,107,redis-cart,-,,1,1,1,0
3,frontcart,200,107,shippingservice,server,72,2,2,2,0
3,frontcart,200,122,adservice,server,24,6,6,6,0
3,frontcart,200,122,checkoutservice,checkout,76,3,3,3,0
3,frontcart,200,122,currencyservice,server,72,2,2,2,0
3,frontcart,200,122,emailservice,email,57,3,3,3,0
3,frontcart,200,122,frontend,cartservice,56,3,3,3,0
3,frontcart,200,122,frontend,server,47,3,3,3,0
3,frontcart,200,122,paymentservice,payment,62,3,3,3,0
3,frontcart,200,122,productcatalogservice,server,67,2,2,2,0
3,frontcart,200,122,recommendationservice,server,72,2,2,2,0
3,frontcart,200,122,redis-cart,-,,1,1,1,0
3,frontcart,200,122,shippingservice,server,77,2,2,2,0
3,frontcart,200,138,adservice,server,21,6,6,6,0
3,frontcart,200,138,checkoutservice,checkout,50,3,3,3,0
3,frontcart,200,138,currencyservice,server,68,2,2,2,0
3,frontcart,200,138,emailservice,email,52,3,3,3,0
3,frontcart,200,138,frontend,cartservice,51,3,3,3,0
3,frontcart,200,138,frontend,server,47,3,3,3,0
3,frontcart,200,138,paymentservice,payment,52,3,3,3,0
3,frontcart,200,138,productcatalogservice,server,67,2,2,2,0
3,frontcart,200,138,recommendationservice,server,75,2,2,2,0
3,frontcart,200,138,redis-cart,-,,1,1,1,0
3,frontcart,200,138,shippingservice,server,62,2,2,2,0
3,frontcart,200,153,adservice,server,21,6,6,6,0
3,frontcart,200,153,checkoutservice,checkout,47,3,3,3,0
3,frontcart,200,153,currencyservice,server,69,2,2,2,0
3,frontcart,200,153,emailservice,email,56,3,3,3,0
3,frontcart,200,153,frontend,cartservice,58,3,3,3,0
3,frontcart,200,153,frontend,server,48,3,3,3,0
3,frontcart,200,153,paymentservice,payment,55,3,3,3,0
3,frontcart,200,153,productcatalogservice,server,68,2,2,2,0
3,frontcart,200,153,recommendationservice,server,71,2,2,2,0
3,frontcart,200,153,redis-cart,-,,1,1,1,0
3,frontcart,200,153,shippingservice,server,74,2,2,2,0
3,frontcart,200,168,adservice,server,23,6,3,3,0
3,frontcart,200,168,checkoutservice,checkout,44,3,3,3,0
3,frontcart,200,168,currencyservice,server,67,2,2,2,0
3,frontcart,200,168,emailservice,email,55,3,3,3,0
3,frontcart,200,168,frontend,cartservice,48,3,3,3,0
3,frontcart,200,168,frontend,server,49,3,3,3,0
3,frontcart,200,168,paymentservice,payment,55,3,3,3,0
3,frontcart,200,168,productcatalogservice,server,67,2,2,2,0
3,frontcart,200,168,recommendationservice,server,71,2,2,2,0
3,frontcart,200,168,redis-cart,-,,1,1,1,0
3,frontcart,200,168,shippingservice,server,65,2,2,2,0
3,frontcart,200,183,adservice,server,43,3,2,2,0
3,frontcart,200,183,checkoutservice,checkout,48,3,3,3,0
3,frontcart,200,183,currencyservice,server,67,2,2,2,0
3,frontcart,200,183,emailservice,email,52,3,3,3,0
3,frontcart,200,183,frontend,cartservice,51,3,3,3,0
3,frontcart,200,183,frontend,server,49,3,3,3,0
3,frontcart,200,183,paymentservice,payment,59,3,3,3,0
3,frontcart,200,183,productcatalogservice,server,69,2,2,2,0
3,frontcart,200,183,recommendationservice,server,72,2,2,2,0
3,frontcart,200,183,redis-cart,-,,1,1,1,0
3,frontcart,200,183,shippingservice,server,71,2,2,2,0
3,frontcart,200,199,adservice,server,64,2,2,2,0
3,frontcart,200,199,checkoutservice,checkout,52,3,3,3,0
3,frontcart,200,199,currencyservice,server,72,2,2,2,0
3,frontcart,200,199,emailservice,email,59,3,3,3,0
3,frontcart,200,199,frontend,cartservice,59,3,3,3,0
3,frontcart,200,199,frontend,server,50,3,3,3,0
3,frontcart,200,199,paymentservice,payment,59,3,3,3,0
3,frontcart,200,199,productcatalogservice,server,70,2,2,2,0
3,frontcart,200,199,recommendationservice,server,73,2,2,2,0
3,frontcart,200,199,redis-cart,-,,1,1,1,0
3,frontcart,200,199,shippingservice,server,75,2,2,2,0
3,frontcart,200,214,adservice,server,58,2,2,2,0
3,frontcart,200,214,checkoutservice,checkout,49,3,3,3,0
3,frontcart,200,214,currencyservice,server,70,2,2,2,0
3,frontcart,200,214,emailservice,email,57,3,3,3,0
3,frontcart,200,214,frontend,cartservice,60,3,3,3,0
3,frontcart,200,214,frontend,server,48,3,3,3,0
3,frontcart,200,214,paymentservice,payment,59,3,3,3,0
3,frontcart,200,214,productcatalogservice,server,70,2,2,2,0
3,frontcart,200,214,recommendationservice,server,71,2,2,2,0
3,frontcart,200,214,redis-cart,-,,1,1,1,0
3,frontcart,200,214,shippingservice,server,77,2,2,2,0
3,frontcart,200,229,adservice,server,63,2,2,2,0
3,frontcart,200,229,checkoutservice,checkout,49,3,3,3,0
3,frontcart,200,229,currencyservice,server,70,2,2,2,0
3,frontcart,200,229,emailservice,email,52,3,3,3,0
3,frontcart,200,229,frontend,cartservice,53,3,3,3,0
3,frontcart,200,229,frontend,server,50,3,3,3,0
3,frontcart,200,229,paymentservice,payment,59,3,3,3,0
3,frontcart,200,229,productcatalogservice,server,71,2,2,2,0
3,frontcart,200,229,recommendationservice,server,76,2,2,2,0
3,frontcart,200,229,redis-cart,-,,1,1,1,0
3,frontcart,200,229,shippingservice,server,70,2,2,2,0
3,frontcart,200,244,adservice,server,63,2,2,2,0
3,frontcart,200,244,checkoutservice,checkout,48,3,3,3,0
3,frontcart,200,244,currencyservice,server,68,2,2,2,0
3,frontcart,200,244,emailservice,email,59,3,3,3,0
3,frontcart,200,244,frontend,cartservice,49,3,3,3,0
3,frontcart,200,244,frontend,server,47,3,3,3,0
3,frontcart,200,244,paymentservice,payment,56,3,3,3,0
3,frontcart,200,244,productcatalogservice,server,67,2,2,2,0
3,frontcart,200,244,recommendationservice,server,74,2,2,2,0
3,frontcart,200,244,redis-cart,-,,1,1,1,0
3,frontcart,200,244,shippingservice,server,70,2,2,2,0
3,frontcart,200,260,adservice,server,60,2,2,2,0
3,frontcart,200,260,checkoutservice,checkout,48,3,3,3,0
3,frontcart,200,260,currencyservice,server,71,2,2,2,0
3,frontcart,200,260,emailservice,email,54,3,3,3,0
3,frontcart,200,260,frontend,cartservice,50,3,3,3,0
3,frontcart,200,260,frontend,server,47,3,3,3,0
3,frontcart,200,260,paymentservice,payment,59,3,3,3,0
3,frontcart,200,260,productcatalogservice,server,70,2,2,2,0
3,frontcart,200,260,recommendationservice,server,69,2,2,2,0
3,frontcart,200,260,redis-cart,-,,1,1,1,0
3,frontcart,200,260,shippingservice,server,71,2,2,2,0
3,frontcart,200,275,adservice,server,58,2,2,2,0
3,frontcart,200,275,checkoutservice,checkout,50,3,3,3,0
3,frontcart,200,275,currencyservice,server,71,2,2,2,0
3,frontcart,200,275,emailservice,email,57,3,3,3,0
3,frontcart,200,275,frontend,cartservice,56,3,3,3,0
3,frontcart,200,275,frontend,server,48,3,3,3,0
3,frontcart,200,275,paymentservice,payment,60,3,3,3,0
3,frontcart,200,275,productcatalogservice,server,67,2,2,2,0
3,frontcart,200,275,recommendationservice,server,70,2,2,2,0
3,frontcart,200,275,redis-cart,-,,1,1,1,0
3,frontcart,200,275,shippingservice,server,77,2,2,2,0
3,frontcart,200,290,adservice,server,56,2,2,2,0
3,frontcart,200,290,checkoutservice,checkout,46,3,3,3,0
3,frontcart,200,290,currencyservice,server,71,2,2,2,0
3,frontcart,200,290,emailservice,email,53,3,3,3,0
3,frontcart,200,290,frontend,cartservice,50,3,3,3,0
3,frontcart,200,290,frontend,server,46,3,3,3,0
3,frontcart,200,290,paymentservice,payment,54,3,3,3,0
3,frontcart,200,290,productcatalogservice,server,69,2,2,2,0
3,frontcart,200,290,recommendationservice,server,70,2,2,2,0
3,frontcart,200,290,redis-cart,-,,1,1,1,0
3,frontcart,200,290,shippingservice,server,68,2,2,2,0
3,frontcart,200,305,adservice,server,60,2,2,2,0
3,frontcart,200,305,checkoutservice,checkout,46,3,3,3,0
3,frontcart,200,305,currencyservice,server,67,2,2,2,0
3,frontcart,200,305,emailservice,email,53,3,3,3,0
3,frontcart,200,305,frontend,cartservice,50,3,3,3,0
3,frontcart,200,305,frontend,server,45,3,3,3,0
3,frontcart,200,305,paymentservice,payment,57,3,3,3,0
3,frontcart,200,305,productcatalogservice,server,66,2,2,2,0
3,frontcart,200,305,recommendationservice,server,70,2,2,2,0
3,frontcart,200,305,redis-cart,-,,1,1,1,0
3,frontcart,200,305,shippingservice,server,71,2,2,2,0
3,frontcart,200,321,adservice,server,60,2,2,2,0
3,frontcart,200,321,checkoutservice,checkout,45,3,3,3,0
3,frontcart,200,321,currencyservice,server,67,2,2,2,0
3,frontcart,200,321,emailservice,email,53,3,3,3,0
3,frontcart,200,321,frontend,cartservice,46,3,3,3,0
3,frontcart,200,321,frontend,server,48,3,3,3,0
3,frontcart,200,321,paymentservice,payment,50,3,3,3,0
3,frontcart,200,321,productcatalogservice,server,67,2,2,2,0
3,frontcart,200,321,recommendationservice,server,70,2,2,2,0
3,frontcart,200,321,redis-cart,-,,1,1,1,0
3,frontcart,200,321,shippingservice,server,65,2,2,2,0
3,frontcart,200,336,adservice,server,62,2,2,2,0
3,frontcart,200,336,checkoutservice,checkout,47,3,3,3,0
3,frontcart,200,336,currencyservice,server,68,2,2,2,0
3,frontcart,200,336,emailservice,email,54,3,3,3,0
3,frontcart,200,336,frontend,cartservice,51,3,3,3,0
3,frontcart,200,336,frontend,server,48,3,3,3,0
3,frontcart,200,336,paymentservice,payment,50,3,3,3,0
3,frontcart,200,336,productcatalogservice,server,70,2,2,2,0
3,frontcart,200,336,recommendationservice,server,73,2,2,2,0
3,frontcart,200,336,redis-cart,-,,1,1,1,0
3,frontcart,200,336,shippingservice,server,72,2,2,2,0
3,frontcart,200,351,adservice,server,60,2,2,2,0
3,frontcart,200,351,checkoutservice,checkout,50,3,3,3,0
3,frontcart,200,351,currencyservice,server,70,2,2,2,0
3,frontcart,200,351,emailservice,email,56,3,3,3,0
3,frontcart,200,351,frontend,cartservice,59,3,3,3,0
3,frontcart,200,351,frontend,server,47,3,3,3,0
3,frontcart,200,351,paymentservice,payment,55,3,3,3,0
3,frontcart,200,351,productcatalogservice,server,67,2,2,2,0
3,frontcart,200,351,recommendationservice,server,73,2,2,2,0
3,frontcart,200,351,redis-cart,-,,1,1,1,0
3,frontcart,200,351,shippingservice,server,73,2,2,2,0
3,frontcart,200,366,adservice,server,60,2,2,2,0
3,frontcart,200,366,checkoutservice,checkout,41,3,3,3,0
3,frontcart,200,366,currencyservice,server,65,2,2,2,0
3,frontcart,200,366,emailservice,email,50,3,3,3,0
3,frontcart,200,366,frontend,cartservice,47,3,3,3,0
3,frontcart,200,366,frontend,server,50,3,3,3,0
3,frontcart,200,366,paymentservice,payment,55,3,3,3,0
3,frontcart,200,366,productcatalogservice,server,70,2,2,2,0
3,frontcart,200,366,recommendationservice,server,72,2,2,2,0
3,frontcart,200,366,redis-cart,-,,1,1,1,0
3,frontcart,200,366,shippingservice,server,61,2,2,2,0
3,frontcart,200,381,adservice,server,59,2,2,2,0
3,frontcart,200,381,checkoutservice,checkout,48,3,3,3,0
3,frontcart,200,381,currencyservice,server,65,2,2,2,0
3,frontcart,200,381,emailservice,email,55,3,3,3,0
3,frontcart,200,381,frontend,cartservice,54,3,3,3,0
3,frontcart,200,381,frontend,server,47,3,3,3,0
3,frontcart,200,381,paymentservice,payment,54,3,3,3,0
3,frontcart,200,381,productcatalogservice,server,66,2,2,2,0
3,frontcart,200,381,recommendationservice,server,70,2,2,2,0
3,frontcart,200,381,redis-cart,-,,1,1,1,0
3,frontcart,200,381,shippingservice,server,71,2,2,2,0
3,frontcart,200,397,adservice,server,58,2,2,2,0
3,frontcart,200,397,checkoutservice,checkout,50,3,3,3,0
3,frontcart,200,397,currencyservice,server,69,2,2,2,0
3,frontcart,200,397,emailservice,email,55,3,3,3,0
3,frontcart,200,397,frontend,cartservice,56,3,3,3,0
3,frontcart,200,397,frontend,server,47,3,3,3,0
3,frontcart,200,397,paymentservice,payment,57,3,3,3,0
3,frontcart,200,397,productcatalogservice,server,67,2,2,2,0
3,frontcart,200,397,recommendationservice,server,70,2,2,2,0
3,frontcart,200,397,redis-cart,-,,1,1,1,0
3,frontcart,200,397,shippingservice,server,74,2,2,2,0
3,frontcart,200,412,adservice,server,58,2,2,2,0
3,frontcart,200,412,checkoutservice,checkout,50,3,3,3,0
3,frontcart,200,412,currencyservice,server,69,2,2,2,0
3,frontcart,200,412,emailservice,email,55,3,3,3,0
3,frontcart,200,412,frontend,cartservice,56,3,3,3,0
3,frontcart,200,412,frontend,server,47,3,3,3,0
3,frontcart,200,412,paymentservice,payment,57,3,3,3,0
3,frontcart,200,412,productcatalogservice,server,67,2,2,2,0
3,frontcart,200,412,recommendationservice,server,70,2,2,2,0
3,frontcart,200,412,redis-cart,-,,1,1,1,0
3,frontcart,200,412,shippingservice,server,74,2,2,2,0
3,frontcart,200,427,adservice,server,58,2,2,2,0
3,frontcart,200,427,checkoutservice,checkout,50,3,3,3,0
3,frontcart,200,427,currencyservice,server,69,2,2,2,0
3,frontcart,200,427,emailservice,email,55,3,3,3,0
3,frontcart,200,427,frontend,cartservice,56,3,3,3,0
3,frontcart,200,427,frontend,server,47,3,3,3,0
3,frontcart,200,427,paymentservice,payment,57,3,3,3,0
3,frontcart,200,427,productcatalogservice,server,67,2,2,2,0
3,frontcart,200,427,recommendationservice,server,70,2,2,2,0
3,frontcart,200,427,redis-cart,-,,1,1,1,0
3,frontcart,200,427,shippingservice,server,74,2,2,2,0
3,frontcart,200,443,adservice,server,58,2,2,2,0
3,frontcart,200,443,checkoutservice,checkout,50,3,3,3,0
3,frontcart,200,443,currencyservice,server,69,2,2,2,0
3,frontcart,200,443,emailservice,email,55,3,3,3,0
3,frontcart,200,443,frontend,cartservice,56,3,3,3,0
3,frontcart,200,443,frontend,server,47,3,3,3,0
3,frontcart,200,443,paymentservice,payment,57,3,3,3,0
3,frontcart,200,443,productcatalogservice,server,67,2,2,2,0
3,frontcart,200,443,recommendationservice,server,70,2,2,2,0
3,frontcart,200,443,redis-cart,-,,1,1,1,0
3,frontcart,200,443,shippingservice,server,74,2,2,2,0
3,frontcart,200,458,adservice,server,58,2,2,2,0
3,frontcart,200,458,checkoutservice,checkout,50,3,3,3,0
3,frontcart,200,458,currencyservice,server,69,2,2,2,0
3,frontcart,200,458,emailservice,email,55,3,3,3,0
3,frontcart,200,458,frontend,cartservice,56,3,3,3,0
3,frontcart,200,458,frontend,server,47,3,3,3,0
3,frontcart,200,458,paymentservice,payment,57,3,3,3,0
3,frontcart,200,458,productcatalogservice,server,67,2,2,2,0
3,frontcart,200,458,recommendationservice,server,70,2,2,2,0
3,frontcart,200,458,redis-cart,-,,1,1,1,0
3,frontcart,200,458,shippingservice,server,74,2,2,2,0
3,frontcart,200,473,adservice,server,58,2,2,2,0
3,frontcart,200,473,checkoutservice,checkout,50,3,3,3,0
3,frontcart,200,473,currencyservice,server,69,2,2,2,0
3,frontcart,200,473,emailservice,email,55,3,3,3,0
3,frontcart,200,473,frontend,cartservice,56,3,3,3,0
3,frontcart,200,473,frontend,server,47,3,3,3,0
3,frontcart,200,473,paymentservice,payment,57,3,3,3,0
3,frontcart,200,473,productcatalogservice,server,67,2,2,2,0
3,frontcart,200,473,recommendationservice,server,70,2,2,2,0
3,frontcart,200,473,redis-cart,-,,1,1,1,0
3,frontcart,200,473,shippingservice,server,74,2,2,2,0
