cycle,arm,target_rate,limit_x,browse_rate,t_rel,deploy,container,hpa_util_pct,current_replicas,desired_replicas,ready_replicas,pending_pods,ns_running_cores,ns_pending_cores
1,normal,350,0,0,0,adservice,-,,4,4,4,0,6.3,0.0
1,normal,350,0,0,0,cartservice,-,,4,4,4,0,6.3,0.0
1,normal,350,0,0,0,checkoutservice,-,,4,4,4,0,6.3,0.0
1,normal,350,0,0,0,currencyservice,-,,4,4,4,0,6.3,0.0
1,normal,350,0,0,0,emailservice,-,,4,4,4,0,6.3,0.0
1,normal,350,0,0,0,frontend,-,,4,4,4,0,6.3,0.0
1,normal,350,0,0,0,paymentservice,-,,4,4,4,0,6.3,0.0
1,normal,350,0,0,0,productcatalogservice,-,,4,4,4,0,6.3,0.0
1,normal,350,0,0,0,recommendationservice,-,,4,4,4,0,6.3,0.0
1,normal,350,0,0,0,redis-cart,-,,1,1,1,0,6.3,0.0
1,normal,350,0,0,0,shippingservice,-,,4,4,4,0,6.3,0.0
1,normal,350,0,0,16,adservice,-,,4,4,4,0,6.3,0.0
1,normal,350,0,0,16,cartservice,-,,4,4,4,0,6.3,0.0
1,normal,350,0,0,16,checkoutservice,-,,4,4,4,0,6.3,0.0
1,normal,350,0,0,16,currencyservice,-,,4,4,4,0,6.3,0.0
1,normal,350,0,0,16,emailservice,-,,4,4,4,0,6.3,0.0
1,normal,350,0,0,16,frontend,-,,4,4,4,0,6.3,0.0
1,normal,350,0,0,16,paymentservice,-,,4,4,4,0,6.3,0.0
1,normal,350,0,0,16,productcatalogservice,-,,4,4,4,0,6.3,0.0
1,normal,350,0,0,16,recommendationservice,-,,4,4,4,0,6.3,0.0
1,normal,350,0,0,16,redis-cart,-,,1,1,1,0,6.3,0.0
1,normal,350,0,0,16,shippingservice,-,,4,4,4,0,6.3,0.0
1,normal,350,0,0,31,adservice,-,,4,4,4,0,6.3,0.0
1,normal,350,0,0,31,cartservice,-,,4,4,4,0,6.3,0.0
1,normal,350,0,0,31,checkoutservice,-,,4,4,4,0,6.3,0.0
1,normal,350,0,0,31,currencyservice,-,,4,4,4,0,6.3,0.0
1,normal,350,0,0,31,emailservice,-,,4,4,4,0,6.3,0.0
1,normal,350,0,0,31,frontend,-,,4,4,4,0,6.3,0.0
1,normal,350,0,0,31,paymentservice,-,,4,4,4,0,6.3,0.0
1,normal,350,0,0,31,productcatalogservice,-,,4,4,4,0,6.3,0.0
1,normal,350,0,0,31,recommendationservice,-,,4,4,3,0,6.3,0.0
1,normal,350,0,0,31,redis-cart,-,,1,1,1,0,6.3,0.0
1,normal,350,0,0,31,shippingservice,-,,4,4,4,0,6.3,0.0
1,normal,350,0,0,46,adservice,-,,4,4,4,0,6.3,0.0
1,normal,350,0,0,46,cartservice,-,,4,4,4,0,6.3,0.0
1,normal,350,0,0,46,checkoutservice,-,,4,4,4,0,6.3,0.0
1,normal,350,0,0,46,currencyservice,-,,4,4,4,0,6.3,0.0
1,normal,350,0,0,46,emailservice,-,,4,4,4,0,6.3,0.0
1,normal,350,0,0,46,frontend,-,,4,4,4,0,6.3,0.0
1,normal,350,0,0,46,paymentservice,-,,4,4,4,0,6.3,0.0
1,normal,350,0,0,46,productcatalogservice,-,,4,4,4,0,6.3,0.0
1,normal,350,0,0,46,recommendationservice,-,,4,4,3,0,6.3,0.0
1,normal,350,0,0,46,redis-cart,-,,1,1,1,0,6.3,0.0
1,normal,350,0,0,46,shippingservice,-,,4,4,4,0,6.3,0.0
1,normal,350,0,0,62,adservice,-,,4,4,4,0,6.3,0.0
1,normal,350,0,0,62,cartservice,-,,4,4,4,0,6.3,0.0
1,normal,350,0,0,62,checkoutservice,-,,4,4,4,0,6.3,0.0
1,normal,350,0,0,62,currencyservice,-,,4,4,4,0,6.3,0.0
1,normal,350,0,0,62,emailservice,-,,4,4,4,0,6.3,0.0
1,normal,350,0,0,62,frontend,-,,4,4,4,0,6.3,0.0
1,normal,350,0,0,62,paymentservice,-,,4,4,4,0,6.3,0.0
1,normal,350,0,0,62,productcatalogservice,-,,4,4,4,0,6.3,0.0
1,normal,350,0,0,62,recommendationservice,-,,4,4,2,0,6.3,0.0
1,normal,350,0,0,62,redis-cart,-,,1,1,1,0,6.3,0.0
1,normal,350,0,0,62,shippingservice,-,,4,4,4,0,6.3,0.0
1,normal,350,0,0,77,adservice,-,,4,4,4,0,6.3,0.0
1,normal,350,0,0,77,cartservice,-,,4,4,4,0,6.3,0.0
1,normal,350,0,0,77,checkoutservice,-,,4,4,4,0,6.3,0.0
1,normal,350,0,0,77,currencyservice,-,,4,4,4,0,6.3,0.0
1,normal,350,0,0,77,emailservice,-,,4,4,4,0,6.3,0.0
1,normal,350,0,0,77,frontend,-,,4,4,4,0,6.3,0.0
1,normal,350,0,0,77,paymentservice,-,,4,4,4,0,6.3,0.0
1,normal,350,0,0,77,productcatalogservice,-,,4,4,4,0,6.3,0.0
1,normal,350,0,0,77,recommendationservice,-,,4,4,2,0,6.3,0.0
1,normal,350,0,0,77,redis-cart,-,,1,1,1,0,6.3,0.0
1,normal,350,0,0,77,shippingservice,-,,4,4,4,0,6.3,0.0
1,normal,350,0,0,93,adservice,-,,4,4,4,0,6.3,0.0
1,normal,350,0,0,93,cartservice,-,,4,4,4,0,6.3,0.0
1,normal,350,0,0,93,checkoutservice,-,,4,4,4,0,6.3,0.0
1,normal,350,0,0,93,currencyservice,-,,4,4,4,0,6.3,0.0
1,normal,350,0,0,93,emailservice,-,,4,4,4,0,6.3,0.0
1,normal,350,0,0,93,frontend,-,,4,4,4,0,6.3,0.0
1,normal,350,0,0,93,paymentservice,-,,4,4,4,0,6.3,0.0
1,normal,350,0,0,93,productcatalogservice,-,,4,4,4,0,6.3,0.0
1,normal,350,0,0,93,recommendationservice,-,,4,4,2,0,6.3,0.0
1,normal,350,0,0,93,redis-cart,-,,1,1,1,0,6.3,0.0
1,normal,350,0,0,93,shippingservice,-,,4,4,4,0,6.3,0.0
1,normal,350,0,0,108,adservice,-,,4,4,4,0,6.3,0.0
1,normal,350,0,0,108,cartservice,-,,4,4,4,0,6.3,0.0
1,normal,350,0,0,108,checkoutservice,-,,4,4,4,0,6.3,0.0
1,normal,350,0,0,108,currencyservice,-,,4,4,4,0,6.3,0.0
1,normal,350,0,0,108,emailservice,-,,4,4,4,0,6.3,0.0
1,normal,350,0,0,108,frontend,-,,4,4,4,0,6.3,0.0
1,normal,350,0,0,108,paymentservice,-,,4,4,4,0,6.3,0.0
1,normal,350,0,0,108,productcatalogservice,-,,4,4,4,0,6.3,0.0
1,normal,350,0,0,108,recommendationservice,-,,4,4,4,0,6.3,0.0
1,normal,350,0,0,108,redis-cart,-,,1,1,1,0,6.3,0.0
1,normal,350,0,0,108,shippingservice,-,,4,4,4,0,6.3,0.0
1,normal,350,0,0,124,adservice,-,,4,4,4,0,6.3,0.0
1,normal,350,0,0,124,cartservice,-,,4,4,4,0,6.3,0.0
1,normal,350,0,0,124,checkoutservice,-,,4,4,4,0,6.3,0.0
1,normal,350,0,0,124,currencyservice,-,,4,4,4,0,6.3,0.0
1,normal,350,0,0,124,emailservice,-,,4,4,4,0,6.3,0.0
1,normal,350,0,0,124,frontend,-,,4,4,4,0,6.3,0.0
1,normal,350,0,0,124,paymentservice,-,,4,4,4,0,6.3,0.0
1,normal,350,0,0,124,productcatalogservice,-,,4,4,4,0,6.3,0.0
1,normal,350,0,0,124,recommendationservice,-,,4,4,3,0,6.3,0.0
1,normal,350,0,0,124,redis-cart,-,,1,1,1,0,6.3,0.0
1,normal,350,0,0,124,shippingservice,-,,4,4,4,0,6.3,0.0
1,normal,350,0,0,139,adservice,-,,4,4,4,0,6.3,0.0
1,normal,350,0,0,139,cartservice,-,,4,4,4,0,6.3,0.0
1,normal,350,0,0,139,checkoutservice,-,,4,4,4,0,6.3,0.0
1,normal,350,0,0,139,currencyservice,-,,4,4,4,0,6.3,0.0
1,normal,350,0,0,139,emailservice,-,,4,4,4,0,6.3,0.0
1,normal,350,0,0,139,frontend,-,,4,4,4,0,6.3,0.0
1,normal,350,0,0,139,paymentservice,-,,4,4,4,0,6.3,0.0
1,normal,350,0,0,139,productcatalogservice,-,,4,4,4,0,6.3,0.0
1,normal,350,0,0,139,recommendationservice,-,,4,4,3,0,6.3,0.0
1,normal,350,0,0,139,redis-cart,-,,1,1,1,0,6.3,0.0
1,normal,350,0,0,139,shippingservice,-,,4,4,4,0,6.3,0.0
1,normal,350,0,0,155,adservice,-,,4,4,4,0,6.3,0.0
1,normal,350,0,0,155,cartservice,-,,4,4,4,0,6.3,0.0
1,normal,350,0,0,155,checkoutservice,-,,4,4,4,0,6.3,0.0
1,normal,350,0,0,155,currencyservice,-,,4,4,4,0,6.3,0.0
1,normal,350,0,0,155,emailservice,-,,4,4,4,0,6.3,0.0
1,normal,350,0,0,155,frontend,-,,4,4,4,0,6.3,0.0
1,normal,350,0,0,155,paymentservice,-,,4,4,4,0,6.3,0.0
1,normal,350,0,0,155,productcatalogservice,-,,4,4,4,0,6.3,0.0
1,normal,350,0,0,155,recommendationservice,-,,4,4,3,0,6.3,0.0
1,normal,350,0,0,155,redis-cart,-,,1,1,1,0,6.3,0.0
1,normal,350,0,0,155,shippingservice,-,,4,4,4,0,6.3,0.0
1,normal,350,0,0,170,adservice,-,,4,4,4,0,6.3,0.0
1,normal,350,0,0,170,cartservice,-,,4,4,4,0,6.3,0.0
1,normal,350,0,0,170,checkoutservice,-,,4,4,4,0,6.3,0.0
1,normal,350,0,0,170,currencyservice,-,,4,4,4,0,6.3,0.0
1,normal,350,0,0,170,emailservice,-,,4,4,4,0,6.3,0.0
1,normal,350,0,0,170,frontend,-,,4,4,4,0,6.3,0.0
1,normal,350,0,0,170,paymentservice,-,,4,4,4,0,6.3,0.0
1,normal,350,0,0,170,productcatalogservice,-,,4,4,4,0,6.3,0.0
1,normal,350,0,0,170,recommendationservice,-,,4,4,3,0,6.3,0.0
1,normal,350,0,0,170,redis-cart,-,,1,1,1,0,6.3,0.0
1,normal,350,0,0,170,shippingservice,-,,4,4,4,0,6.3,0.0
1,normal,350,0,0,186,adservice,-,,4,4,4,0,6.3,0.0
1,normal,350,0,0,186,cartservice,-,,4,4,4,0,6.3,0.0
1,normal,350,0,0,186,checkoutservice,-,,4,4,4,0,6.3,0.0
1,normal,350,0,0,186,currencyservice,-,,4,4,4,0,6.3,0.0
1,normal,350,0,0,186,emailservice,-,,4,4,4,0,6.3,0.0
1,normal,350,0,0,186,frontend,-,,4,4,4,0,6.3,0.0
1,normal,350,0,0,186,paymentservice,-,,4,4,4,0,6.3,0.0
1,normal,350,0,0,186,productcatalogservice,-,,4,4,4,0,6.3,0.0
1,normal,350,0,0,186,recommendationservice,-,,4,4,1,0,6.3,0.0
1,normal,350,0,0,186,redis-cart,-,,1,1,1,0,6.3,0.0
1,normal,350,0,0,186,shippingservice,-,,4,4,4,0,6.3,0.0
1,normal,350,0,0,201,adservice,-,,4,4,4,0,6.3,0.0
1,normal,350,0,0,201,cartservice,-,,4,4,4,0,6.3,0.0
1,normal,350,0,0,201,checkoutservice,-,,4,4,4,0,6.3,0.0
1,normal,350,0,0,201,currencyservice,-,,4,4,4,0,6.3,0.0
1,normal,350,0,0,201,emailservice,-,,4,4,4,0,6.3,0.0
1,normal,350,0,0,201,frontend,-,,4,4,4,0,6.3,0.0
1,normal,350,0,0,201,paymentservice,-,,4,4,4,0,6.3,0.0
1,normal,350,0,0,201,productcatalogservice,-,,4,4,4,0,6.3,0.0
1,normal,350,0,0,201,recommendationservice,-,,4,4,4,0,6.3,0.0
1,normal,350,0,0,201,redis-cart,-,,1,1,1,0,6.3,0.0
1,normal,350,0,0,201,shippingservice,-,,4,4,4,0,6.3,0.0
1,normal,400,0,0,0,adservice,-,,4,4,4,0,6.3,0.0
1,normal,400,0,0,0,cartservice,-,,4,4,4,0,6.3,0.0
1,normal,400,0,0,0,checkoutservice,-,,4,4,4,0,6.3,0.0
1,normal,400,0,0,0,currencyservice,-,,4,4,4,0,6.3,0.0
1,normal,400,0,0,0,emailservice,-,,4,4,4,0,6.3,0.0
1,normal,400,0,0,0,frontend,-,,4,4,4,0,6.3,0.0
1,normal,400,0,0,0,paymentservice,-,,4,4,4,0,6.3,0.0
1,normal,400,0,0,0,productcatalogservice,-,,4,4,4,0,6.3,0.0
1,normal,400,0,0,0,recommendationservice,-,,4,4,4,0,6.3,0.0
1,normal,400,0,0,0,redis-cart,-,,1,1,1,0,6.3,0.0
1,normal,400,0,0,0,shippingservice,-,,4,4,4,0,6.3,0.0
1,normal,400,0,0,15,adservice,-,,4,4,4,0,6.3,0.0
1,normal,400,0,0,15,cartservice,-,,4,4,4,0,6.3,0.0
1,normal,400,0,0,15,checkoutservice,-,,4,4,4,0,6.3,0.0
1,normal,400,0,0,15,currencyservice,-,,4,4,4,0,6.3,0.0
1,normal,400,0,0,15,emailservice,-,,4,4,4,0,6.3,0.0
1,normal,400,0,0,15,frontend,-,,4,4,4,0,6.3,0.0
1,normal,400,0,0,15,paymentservice,-,,4,4,4,0,6.3,0.0
1,normal,400,0,0,15,productcatalogservice,-,,4,4,4,0,6.3,0.0
1,normal,400,0,0,15,recommendationservice,-,,4,4,4,0,6.3,0.0
1,normal,400,0,0,15,redis-cart,-,,1,1,1,0,6.3,0.0
1,normal,400,0,0,15,shippingservice,-,,4,4,4,0,6.3,0.0
1,normal,400,0,0,31,adservice,-,,4,4,4,0,6.3,0.0
1,normal,400,0,0,31,cartservice,-,,4,4,4,0,6.3,0.0
1,normal,400,0,0,31,checkoutservice,-,,4,4,4,0,6.3,0.0
1,normal,400,0,0,31,currencyservice,-,,4,4,4,0,6.3,0.0
1,normal,400,0,0,31,emailservice,-,,4,4,4,0,6.3,0.0
1,normal,400,0,0,31,frontend,-,,4,4,4,0,6.3,0.0
1,normal,400,0,0,31,paymentservice,-,,4,4,4,0,6.3,0.0
1,normal,400,0,0,31,productcatalogservice,-,,4,4,4,0,6.3,0.0
1,normal,400,0,0,31,recommendationservice,-,,4,4,3,0,6.3,0.0
1,normal,400,0,0,31,redis-cart,-,,1,1,1,0,6.3,0.0
1,normal,400,0,0,31,shippingservice,-,,4,4,4,0,6.3,0.0
1,normal,400,0,0,46,adservice,-,,4,4,4,0,6.3,0.0
1,normal,400,0,0,46,cartservice,-,,4,4,4,0,6.3,0.0
1,normal,400,0,0,46,checkoutservice,-,,4,4,4,0,6.3,0.0
1,normal,400,0,0,46,currencyservice,-,,4,4,4,0,6.3,0.0
1,normal,400,0,0,46,emailservice,-,,4,4,4,0,6.3,0.0
1,normal,400,0,0,46,frontend,-,,4,4,4,0,6.3,0.0
1,normal,400,0,0,46,paymentservice,-,,4,4,4,0,6.3,0.0
1,normal,400,0,0,46,productcatalogservice,-,,4,4,4,0,6.3,0.0
1,normal,400,0,0,46,recommendationservice,-,,4,4,3,0,6.3,0.0
1,normal,400,0,0,46,redis-cart,-,,1,1,1,0,6.3,0.0
1,normal,400,0,0,46,shippingservice,-,,4,4,4,0,6.3,0.0
1,normal,400,0,0,62,adservice,-,,4,4,4,0,6.3,0.0
1,normal,400,0,0,62,cartservice,-,,4,4,4,0,6.3,0.0
1,normal,400,0,0,62,checkoutservice,-,,4,4,4,0,6.3,0.0
1,normal,400,0,0,62,currencyservice,-,,4,4,4,0,6.3,0.0
1,normal,400,0,0,62,emailservice,-,,4,4,4,0,6.3,0.0
1,normal,400,0,0,62,frontend,-,,4,4,4,0,6.3,0.0
1,normal,400,0,0,62,paymentservice,-,,4,4,4,0,6.3,0.0
1,normal,400,0,0,62,productcatalogservice,-,,4,4,4,0,6.3,0.0
1,normal,400,0,0,62,recommendationservice,-,,4,4,1,0,6.3,0.0
1,normal,400,0,0,62,redis-cart,-,,1,1,1,0,6.3,0.0
1,normal,400,0,0,62,shippingservice,-,,4,4,4,0,6.3,0.0
1,normal,400,0,0,77,adservice,-,,4,4,4,0,6.3,0.0
1,normal,400,0,0,77,cartservice,-,,4,4,4,0,6.3,0.0
1,normal,400,0,0,77,checkoutservice,-,,4,4,4,0,6.3,0.0
1,normal,400,0,0,77,currencyservice,-,,4,4,4,0,6.3,0.0
1,normal,400,0,0,77,emailservice,-,,4,4,4,0,6.3,0.0
1,normal,400,0,0,77,frontend,-,,4,4,4,0,6.3,0.0
1,normal,400,0,0,77,paymentservice,-,,4,4,4,0,6.3,0.0
1,normal,400,0,0,77,productcatalogservice,-,,4,4,4,0,6.3,0.0
1,normal,400,0,0,77,recommendationservice,-,,4,4,1,0,6.3,0.0
1,normal,400,0,0,77,redis-cart,-,,1,1,1,0,6.3,0.0
1,normal,400,0,0,77,shippingservice,-,,4,4,4,0,6.3,0.0
1,normal,400,0,0,93,adservice,-,,4,4,4,0,6.3,0.0
1,normal,400,0,0,93,cartservice,-,,4,4,4,0,6.3,0.0
1,normal,400,0,0,93,checkoutservice,-,,4,4,4,0,6.3,0.0
1,normal,400,0,0,93,currencyservice,-,,4,4,4,0,6.3,0.0
1,normal,400,0,0,93,emailservice,-,,4,4,4,0,6.3,0.0
1,normal,400,0,0,93,frontend,-,,4,4,4,0,6.3,0.0
1,normal,400,0,0,93,paymentservice,-,,4,4,4,0,6.3,0.0
1,normal,400,0,0,93,productcatalogservice,-,,4,4,4,0,6.3,0.0
1,normal,400,0,0,93,recommendationservice,-,,4,4,1,0,6.3,0.0
1,normal,400,0,0,93,redis-cart,-,,1,1,1,0,6.3,0.0
1,normal,400,0,0,93,shippingservice,-,,4,4,4,0,6.3,0.0
1,normal,400,0,0,109,adservice,-,,4,4,4,0,6.3,0.0
1,normal,400,0,0,109,cartservice,-,,4,4,4,0,6.3,0.0
1,normal,400,0,0,109,checkoutservice,-,,4,4,4,0,6.3,0.0
1,normal,400,0,0,109,currencyservice,-,,4,4,4,0,6.3,0.0
1,normal,400,0,0,109,emailservice,-,,4,4,4,0,6.3,0.0
1,normal,400,0,0,109,frontend,-,,4,4,4,0,6.3,0.0
1,normal,400,0,0,109,paymentservice,-,,4,4,4,0,6.3,0.0
1,normal,400,0,0,109,productcatalogservice,-,,4,4,4,0,6.3,0.0
1,normal,400,0,0,109,recommendationservice,-,,4,4,1,0,6.3,0.0
1,normal,400,0,0,109,redis-cart,-,,1,1,1,0,6.3,0.0
1,normal,400,0,0,109,shippingservice,-,,4,4,4,0,6.3,0.0
1,normal,400,0,0,124,adservice,-,,4,4,4,0,6.3,0.0
1,normal,400,0,0,124,cartservice,-,,4,4,4,0,6.3,0.0
1,normal,400,0,0,124,checkoutservice,-,,4,4,4,0,6.3,0.0
1,normal,400,0,0,124,currencyservice,-,,4,4,4,0,6.3,0.0
1,normal,400,0,0,124,emailservice,-,,4,4,4,0,6.3,0.0
1,normal,400,0,0,124,frontend,-,,4,4,4,0,6.3,0.0
1,normal,400,0,0,124,paymentservice,-,,4,4,4,0,6.3,0.0
1,normal,400,0,0,124,productcatalogservice,-,,4,4,4,0,6.3,0.0
1,normal,400,0,0,124,recommendationservice,-,,4,4,2,0,6.3,0.0
1,normal,400,0,0,124,redis-cart,-,,1,1,1,0,6.3,0.0
1,normal,400,0,0,124,shippingservice,-,,4,4,4,0,6.3,0.0
1,normal,400,0,0,140,adservice,-,,4,4,4,0,6.3,0.0
1,normal,400,0,0,140,cartservice,-,,4,4,4,0,6.3,0.0
1,normal,400,0,0,140,checkoutservice,-,,4,4,4,0,6.3,0.0
1,normal,400,0,0,140,currencyservice,-,,4,4,4,0,6.3,0.0
1,normal,400,0,0,140,emailservice,-,,4,4,4,0,6.3,0.0
1,normal,400,0,0,140,frontend,-,,4,4,4,0,6.3,0.0
1,normal,400,0,0,140,paymentservice,-,,4,4,4,0,6.3,0.0
1,normal,400,0,0,140,productcatalogservice,-,,4,4,4,0,6.3,0.0
1,normal,400,0,0,140,recommendationservice,-,,4,4,2,0,6.3,0.0
1,normal,400,0,0,140,redis-cart,-,,1,1,1,0,6.3,0.0
1,normal,400,0,0,140,shippingservice,-,,4,4,4,0,6.3,0.0
1,normal,400,0,0,155,adservice,-,,4,4,4,0,6.3,0.0
1,normal,400,0,0,155,cartservice,-,,4,4,4,0,6.3,0.0
1,normal,400,0,0,155,checkoutservice,-,,4,4,4,0,6.3,0.0
1,normal,400,0,0,155,currencyservice,-,,4,4,4,0,6.3,0.0
1,normal,400,0,0,155,emailservice,-,,4,4,4,0,6.3,0.0
1,normal,400,0,0,155,frontend,-,,4,4,4,0,6.3,0.0
1,normal,400,0,0,155,paymentservice,-,,4,4,4,0,6.3,0.0
1,normal,400,0,0,155,productcatalogservice,-,,4,4,4,0,6.3,0.0
1,normal,400,0,0,155,recommendationservice,-,,4,4,2,0,6.3,0.0
1,normal,400,0,0,155,redis-cart,-,,1,1,1,0,6.3,0.0
1,normal,400,0,0,155,shippingservice,-,,4,4,4,0,6.3,0.0
1,normal,400,0,0,170,adservice,-,,4,4,4,0,6.3,0.0
1,normal,400,0,0,170,cartservice,-,,4,4,4,0,6.3,0.0
1,normal,400,0,0,170,checkoutservice,-,,4,4,4,0,6.3,0.0
1,normal,400,0,0,170,currencyservice,-,,4,4,4,0,6.3,0.0
1,normal,400,0,0,170,emailservice,-,,4,4,4,0,6.3,0.0
1,normal,400,0,0,170,frontend,-,,4,4,4,0,6.3,0.0
1,normal,400,0,0,170,paymentservice,-,,4,4,4,0,6.3,0.0
1,normal,400,0,0,170,productcatalogservice,-,,4,4,4,0,6.3,0.0
1,normal,400,0,0,170,recommendationservice,-,,4,4,2,0,6.3,0.0
1,normal,400,0,0,170,redis-cart,-,,1,1,1,0,6.3,0.0
1,normal,400,0,0,170,shippingservice,-,,4,4,4,0,6.3,0.0
1,normal,400,0,0,186,adservice,-,,4,4,4,0,6.3,0.0
1,normal,400,0,0,186,cartservice,-,,4,4,4,0,6.3,0.0
1,normal,400,0,0,186,checkoutservice,-,,4,4,4,0,6.3,0.0
1,normal,400,0,0,186,currencyservice,-,,4,4,4,0,6.3,0.0
1,normal,400,0,0,186,emailservice,-,,4,4,4,0,6.3,0.0
1,normal,400,0,0,186,frontend,-,,4,4,4,0,6.3,0.0
1,normal,400,0,0,186,paymentservice,-,,4,4,4,0,6.3,0.0
1,normal,400,0,0,186,productcatalogservice,-,,4,4,4,0,6.3,0.0
1,normal,400,0,0,186,recommendationservice,-,,4,4,2,0,6.3,0.0
1,normal,400,0,0,186,redis-cart,-,,1,1,1,0,6.3,0.0
1,normal,400,0,0,186,shippingservice,-,,4,4,4,0,6.3,0.0
1,normal,400,0,0,201,adservice,-,,4,4,4,0,6.3,0.0
1,normal,400,0,0,201,cartservice,-,,4,4,4,0,6.3,0.0
1,normal,400,0,0,201,checkoutservice,-,,4,4,4,0,6.3,0.0
1,normal,400,0,0,201,currencyservice,-,,4,4,4,0,6.3,0.0
1,normal,400,0,0,201,emailservice,-,,4,4,4,0,6.3,0.0
1,normal,400,0,0,201,frontend,-,,4,4,4,0,6.3,0.0
1,normal,400,0,0,201,paymentservice,-,,4,4,4,0,6.3,0.0
1,normal,400,0,0,201,productcatalogservice,-,,4,4,4,0,6.3,0.0
1,normal,400,0,0,201,recommendationservice,-,,4,4,3,0,6.3,0.0
1,normal,400,0,0,201,redis-cart,-,,1,1,1,0,6.3,0.0
1,normal,400,0,0,201,shippingservice,-,,4,4,4,0,6.3,0.0
1,normal,450,0,0,0,adservice,-,,4,4,4,0,6.3,0.0
1,normal,450,0,0,0,cartservice,-,,4,4,4,0,6.3,0.0
1,normal,450,0,0,0,checkoutservice,-,,4,4,4,0,6.3,0.0
1,normal,450,0,0,0,currencyservice,-,,4,4,4,0,6.3,0.0
1,normal,450,0,0,0,emailservice,-,,4,4,4,0,6.3,0.0
1,normal,450,0,0,0,frontend,-,,4,4,4,0,6.3,0.0
1,normal,450,0,0,0,paymentservice,-,,4,4,4,0,6.3,0.0
1,normal,450,0,0,0,productcatalogservice,-,,4,4,4,0,6.3,0.0
1,normal,450,0,0,0,recommendationservice,-,,4,4,4,0,6.3,0.0
1,normal,450,0,0,0,redis-cart,-,,1,1,1,0,6.3,0.0
1,normal,450,0,0,0,shippingservice,-,,4,4,4,0,6.3,0.0
1,normal,450,0,0,15,adservice,-,,4,4,4,0,6.3,0.0
1,normal,450,0,0,15,cartservice,-,,4,4,4,0,6.3,0.0
1,normal,450,0,0,15,checkoutservice,-,,4,4,4,0,6.3,0.0
1,normal,450,0,0,15,currencyservice,-,,4,4,4,0,6.3,0.0
1,normal,450,0,0,15,emailservice,-,,4,4,4,0,6.3,0.0
1,normal,450,0,0,15,frontend,-,,4,4,4,0,6.3,0.0
1,normal,450,0,0,15,paymentservice,-,,4,4,4,0,6.3,0.0
1,normal,450,0,0,15,productcatalogservice,-,,4,4,4,0,6.3,0.0
1,normal,450,0,0,15,recommendationservice,-,,4,4,4,0,6.3,0.0
1,normal,450,0,0,15,redis-cart,-,,1,1,1,0,6.3,0.0
1,normal,450,0,0,15,shippingservice,-,,4,4,4,0,6.3,0.0
1,normal,450,0,0,31,adservice,-,,4,4,4,0,6.3,0.0
1,normal,450,0,0,31,cartservice,-,,4,4,4,0,6.3,0.0
1,normal,450,0,0,31,checkoutservice,-,,4,4,4,0,6.3,0.0
1,normal,450,0,0,31,currencyservice,-,,4,4,4,0,6.3,0.0
1,normal,450,0,0,31,emailservice,-,,4,4,4,0,6.3,0.0
1,normal,450,0,0,31,frontend,-,,4,4,4,0,6.3,0.0
1,normal,450,0,0,31,paymentservice,-,,4,4,4,0,6.3,0.0
1,normal,450,0,0,31,productcatalogservice,-,,4,4,4,0,6.3,0.0
1,normal,450,0,0,31,recommendationservice,-,,4,4,3,0,6.3,0.0
1,normal,450,0,0,31,redis-cart,-,,1,1,1,0,6.3,0.0
1,normal,450,0,0,31,shippingservice,-,,4,4,4,0,6.3,0.0
1,normal,450,0,0,46,adservice,-,,4,4,4,0,6.3,0.0
1,normal,450,0,0,46,cartservice,-,,4,4,4,0,6.3,0.0
1,normal,450,0,0,46,checkoutservice,-,,4,4,4,0,6.3,0.0
1,normal,450,0,0,46,currencyservice,-,,4,4,4,0,6.3,0.0
1,normal,450,0,0,46,emailservice,-,,4,4,4,0,6.3,0.0
1,normal,450,0,0,46,frontend,-,,4,4,4,0,6.3,0.0
1,normal,450,0,0,46,paymentservice,-,,4,4,4,0,6.3,0.0
1,normal,450,0,0,46,productcatalogservice,-,,4,4,4,0,6.3,0.0
1,normal,450,0,0,46,recommendationservice,-,,4,4,2,0,6.3,0.0
1,normal,450,0,0,46,redis-cart,-,,1,1,1,0,6.3,0.0
1,normal,450,0,0,46,shippingservice,-,,4,4,4,0,6.3,0.0
1,normal,450,0,0,62,adservice,-,,4,4,4,0,6.3,0.0
1,normal,450,0,0,62,cartservice,-,,4,4,4,0,6.3,0.0
1,normal,450,0,0,62,checkoutservice,-,,4,4,4,0,6.3,0.0
1,normal,450,0,0,62,currencyservice,-,,4,4,4,0,6.3,0.0
1,normal,450,0,0,62,emailservice,-,,4,4,4,0,6.3,0.0
1,normal,450,0,0,62,frontend,-,,4,4,4,0,6.3,0.0
1,normal,450,0,0,62,paymentservice,-,,4,4,4,0,6.3,0.0
1,normal,450,0,0,62,productcatalogservice,-,,4,4,4,0,6.3,0.0
1,normal,450,0,0,62,recommendationservice,-,,4,4,1,0,6.3,0.0
1,normal,450,0,0,62,redis-cart,-,,1,1,1,0,6.3,0.0
1,normal,450,0,0,62,shippingservice,-,,4,4,4,0,6.3,0.0
1,normal,450,0,0,77,adservice,-,,4,4,4,0,6.3,0.0
1,normal,450,0,0,77,cartservice,-,,4,4,4,0,6.3,0.0
1,normal,450,0,0,77,checkoutservice,-,,4,4,4,0,6.3,0.0
1,normal,450,0,0,77,currencyservice,-,,4,4,4,0,6.3,0.0
1,normal,450,0,0,77,emailservice,-,,4,4,4,0,6.3,0.0
1,normal,450,0,0,77,frontend,-,,4,4,4,0,6.3,0.0
1,normal,450,0,0,77,paymentservice,-,,4,4,4,0,6.3,0.0
1,normal,450,0,0,77,productcatalogservice,-,,4,4,4,0,6.3,0.0
1,normal,450,0,0,77,recommendationservice,-,,4,4,1,0,6.3,0.0
1,normal,450,0,0,77,redis-cart,-,,1,1,1,0,6.3,0.0
1,normal,450,0,0,77,shippingservice,-,,4,4,4,0,6.3,0.0
1,normal,450,0,0,93,adservice,-,,4,4,4,0,6.3,0.0
1,normal,450,0,0,93,cartservice,-,,4,4,4,0,6.3,0.0
1,normal,450,0,0,93,checkoutservice,-,,4,4,4,0,6.3,0.0
1,normal,450,0,0,93,currencyservice,-,,4,4,4,0,6.3,0.0
1,normal,450,0,0,93,emailservice,-,,4,4,4,0,6.3,0.0
1,normal,450,0,0,93,frontend,-,,4,4,4,0,6.3,0.0
1,normal,450,0,0,93,paymentservice,-,,4,4,4,0,6.3,0.0
1,normal,450,0,0,93,productcatalogservice,-,,4,4,4,0,6.3,0.0
1,normal,450,0,0,93,recommendationservice,-,,4,4,2,0,6.3,0.0
1,normal,450,0,0,93,redis-cart,-,,1,1,1,0,6.3,0.0
1,normal,450,0,0,93,shippingservice,-,,4,4,4,0,6.3,0.0
1,normal,450,0,0,109,adservice,-,,4,4,4,0,6.3,0.0
1,normal,450,0,0,109,cartservice,-,,4,4,4,0,6.3,0.0
1,normal,450,0,0,109,checkoutservice,-,,4,4,4,0,6.3,0.0
1,normal,450,0,0,109,currencyservice,-,,4,4,4,0,6.3,0.0
1,normal,450,0,0,109,emailservice,-,,4,4,4,0,6.3,0.0
1,normal,450,0,0,109,frontend,-,,4,4,4,0,6.3,0.0
1,normal,450,0,0,109,paymentservice,-,,4,4,4,0,6.3,0.0
1,normal,450,0,0,109,productcatalogservice,-,,4,4,4,0,6.3,0.0
1,normal,450,0,0,109,recommendationservice,-,,4,4,1,0,6.3,0.0
1,normal,450,0,0,109,redis-cart,-,,1,1,1,0,6.3,0.0
1,normal,450,0,0,109,shippingservice,-,,4,4,4,0,6.3,0.0
1,normal,450,0,0,124,adservice,-,,4,4,4,0,6.3,0.0
1,normal,450,0,0,124,cartservice,-,,4,4,4,0,6.3,0.0
1,normal,450,0,0,124,checkoutservice,-,,4,4,4,0,6.3,0.0
1,normal,450,0,0,124,currencyservice,-,,4,4,4,0,6.3,0.0
1,normal,450,0,0,124,emailservice,-,,4,4,4,0,6.3,0.0
1,normal,450,0,0,124,frontend,-,,4,4,4,0,6.3,0.0
1,normal,450,0,0,124,paymentservice,-,,4,4,4,0,6.3,0.0
1,normal,450,0,0,124,productcatalogservice,-,,4,4,4,0,6.3,0.0
1,normal,450,0,0,124,recommendationservice,-,,4,4,2,0,6.3,0.0
1,normal,450,0,0,124,redis-cart,-,,1,1,1,0,6.3,0.0
1,normal,450,0,0,124,shippingservice,-,,4,4,4,0,6.3,0.0
1,normal,450,0,0,139,adservice,-,,4,4,4,0,6.3,0.0
1,normal,450,0,0,139,cartservice,-,,4,4,4,0,6.3,0.0
1,normal,450,0,0,139,checkoutservice,-,,4,4,4,0,6.3,0.0
1,normal,450,0,0,139,currencyservice,-,,4,4,4,0,6.3,0.0
1,normal,450,0,0,139,emailservice,-,,4,4,4,0,6.3,0.0
1,normal,450,0,0,139,frontend,-,,4,4,4,0,6.3,0.0
1,normal,450,0,0,139,paymentservice,-,,4,4,4,0,6.3,0.0
1,normal,450,0,0,139,productcatalogservice,-,,4,4,4,0,6.3,0.0
1,normal,450,0,0,139,recommendationservice,-,,4,4,1,0,6.3,0.0
1,normal,450,0,0,139,redis-cart,-,,1,1,1,0,6.3,0.0
1,normal,450,0,0,139,shippingservice,-,,4,4,4,0,6.3,0.0
1,normal,450,0,0,155,adservice,-,,4,4,4,0,6.3,0.0
1,normal,450,0,0,155,cartservice,-,,4,4,4,0,6.3,0.0
1,normal,450,0,0,155,checkoutservice,-,,4,4,4,0,6.3,0.0
1,normal,450,0,0,155,currencyservice,-,,4,4,4,0,6.3,0.0
1,normal,450,0,0,155,emailservice,-,,4,4,4,0,6.3,0.0
1,normal,450,0,0,155,frontend,-,,4,4,4,0,6.3,0.0
1,normal,450,0,0,155,paymentservice,-,,4,4,4,0,6.3,0.0
1,normal,450,0,0,155,productcatalogservice,-,,4,4,4,0,6.3,0.0
1,normal,450,0,0,155,recommendationservice,-,,4,4,1,0,6.3,0.0
1,normal,450,0,0,155,redis-cart,-,,1,1,1,0,6.3,0.0
1,normal,450,0,0,155,shippingservice,-,,4,4,4,0,6.3,0.0
1,normal,450,0,0,171,adservice,-,,4,4,4,0,6.3,0.0
1,normal,450,0,0,171,cartservice,-,,4,4,4,0,6.3,0.0
1,normal,450,0,0,171,checkoutservice,-,,4,4,4,0,6.3,0.0
1,normal,450,0,0,171,currencyservice,-,,4,4,4,0,6.3,0.0
1,normal,450,0,0,171,emailservice,-,,4,4,4,0,6.3,0.0
1,normal,450,0,0,171,frontend,-,,4,4,4,0,6.3,0.0
1,normal,450,0,0,171,paymentservice,-,,4,4,4,0,6.3,0.0
1,normal,450,0,0,171,productcatalogservice,-,,4,4,4,0,6.3,0.0
1,normal,450,0,0,171,recommendationservice,-,,4,4,1,0,6.3,0.0
1,normal,450,0,0,171,redis-cart,-,,1,1,1,0,6.3,0.0
1,normal,450,0,0,171,shippingservice,-,,4,4,4,0,6.3,0.0
1,normal,450,0,0,186,adservice,-,,4,4,4,0,6.3,0.0
1,normal,450,0,0,186,cartservice,-,,4,4,4,0,6.3,0.0
1,normal,450,0,0,186,checkoutservice,-,,4,4,4,0,6.3,0.0
1,normal,450,0,0,186,currencyservice,-,,4,4,4,0,6.3,0.0
1,normal,450,0,0,186,emailservice,-,,4,4,4,0,6.3,0.0
1,normal,450,0,0,186,frontend,-,,4,4,4,0,6.3,0.0
1,normal,450,0,0,186,paymentservice,-,,4,4,4,0,6.3,0.0
1,normal,450,0,0,186,productcatalogservice,-,,4,4,4,0,6.3,0.0
1,normal,450,0,0,186,recommendationservice,-,,4,4,3,0,6.3,0.0
1,normal,450,0,0,186,redis-cart,-,,1,1,1,0,6.3,0.0
1,normal,450,0,0,186,shippingservice,-,,4,4,4,0,6.3,0.0
1,normal,450,0,0,201,adservice,-,,4,4,4,0,6.3,0.0
1,normal,450,0,0,201,cartservice,-,,4,4,4,0,6.3,0.0
1,normal,450,0,0,201,checkoutservice,-,,4,4,4,0,6.3,0.0
1,normal,450,0,0,201,currencyservice,-,,4,4,4,0,6.3,0.0
1,normal,450,0,0,201,emailservice,-,,4,4,4,0,6.3,0.0
1,normal,450,0,0,201,frontend,-,,4,4,4,0,6.3,0.0
1,normal,450,0,0,201,paymentservice,-,,4,4,4,0,6.3,0.0
1,normal,450,0,0,201,productcatalogservice,-,,4,4,4,0,6.3,0.0
1,normal,450,0,0,201,recommendationservice,-,,4,4,1,0,6.3,0.0
1,normal,450,0,0,201,redis-cart,-,,1,1,1,0,6.3,0.0
1,normal,450,0,0,201,shippingservice,-,,4,4,4,0,6.3,0.0
1,frontrecocatalog,350,0,0,0,adservice,-,,4,4,4,0,6.3,0.0
1,frontrecocatalog,350,0,0,0,cartservice,-,,4,4,4,0,6.3,0.0
1,frontrecocatalog,350,0,0,0,checkoutservice,-,,4,4,4,0,6.3,0.0
1,frontrecocatalog,350,0,0,0,currencyservice,-,,4,4,4,0,6.3,0.0
1,frontrecocatalog,350,0,0,0,emailservice,-,,4,4,4,0,6.3,0.0
1,frontrecocatalog,350,0,0,0,frontend,-,,4,4,4,0,6.3,0.0
1,frontrecocatalog,350,0,0,0,paymentservice,-,,4,4,4,0,6.3,0.0
1,frontrecocatalog,350,0,0,0,redis-cart,-,,1,1,1,0,6.3,0.0
1,frontrecocatalog,350,0,0,0,shippingservice,-,,4,4,4,0,6.3,0.0
1,frontrecocatalog,350,0,0,15,adservice,-,,4,4,4,0,6.3,0.0
1,frontrecocatalog,350,0,0,15,cartservice,-,,4,4,4,0,6.3,0.0
1,frontrecocatalog,350,0,0,15,checkoutservice,-,,4,4,4,0,6.3,0.0
1,frontrecocatalog,350,0,0,15,currencyservice,-,,4,4,4,0,6.3,0.0
1,frontrecocatalog,350,0,0,15,emailservice,-,,4,4,4,0,6.3,0.0
1,frontrecocatalog,350,0,0,15,frontend,-,,4,4,4,0,6.3,0.0
1,frontrecocatalog,350,0,0,15,paymentservice,-,,4,4,4,0,6.3,0.0
1,frontrecocatalog,350,0,0,15,redis-cart,-,,1,1,1,0,6.3,0.0
1,frontrecocatalog,350,0,0,15,shippingservice,-,,4,4,4,0,6.3,0.0
1,frontrecocatalog,350,0,0,31,adservice,-,,4,4,4,0,6.3,0.0
1,frontrecocatalog,350,0,0,31,cartservice,-,,4,4,4,0,6.3,0.0
1,frontrecocatalog,350,0,0,31,checkoutservice,-,,4,4,4,0,6.3,0.0
1,frontrecocatalog,350,0,0,31,currencyservice,-,,4,4,4,0,6.3,0.0
1,frontrecocatalog,350,0,0,31,emailservice,-,,4,4,4,0,6.3,0.0
1,frontrecocatalog,350,0,0,31,frontend,-,,4,4,4,0,6.3,0.0
1,frontrecocatalog,350,0,0,31,paymentservice,-,,4,4,4,0,6.3,0.0
1,frontrecocatalog,350,0,0,31,redis-cart,-,,1,1,1,0,6.3,0.0
1,frontrecocatalog,350,0,0,31,shippingservice,-,,4,4,4,0,6.3,0.0
1,frontrecocatalog,350,0,0,46,adservice,-,,4,4,4,0,6.3,0.0
1,frontrecocatalog,350,0,0,46,cartservice,-,,4,4,4,0,6.3,0.0
1,frontrecocatalog,350,0,0,46,checkoutservice,-,,4,4,4,0,6.3,0.0
1,frontrecocatalog,350,0,0,46,currencyservice,-,,4,4,4,0,6.3,0.0
1,frontrecocatalog,350,0,0,46,emailservice,-,,4,4,4,0,6.3,0.0
1,frontrecocatalog,350,0,0,46,frontend,-,,4,4,4,0,6.3,0.0
1,frontrecocatalog,350,0,0,46,paymentservice,-,,4,4,4,0,6.3,0.0
1,frontrecocatalog,350,0,0,46,redis-cart,-,,1,1,1,0,6.3,0.0
1,frontrecocatalog,350,0,0,46,shippingservice,-,,4,4,4,0,6.3,0.0
1,frontrecocatalog,350,0,0,62,adservice,-,,4,4,4,0,6.3,0.0
1,frontrecocatalog,350,0,0,62,cartservice,-,,4,4,4,0,6.3,0.0
1,frontrecocatalog,350,0,0,62,checkoutservice,-,,4,4,4,0,6.3,0.0
1,frontrecocatalog,350,0,0,62,currencyservice,-,,4,4,4,0,6.3,0.0
1,frontrecocatalog,350,0,0,62,emailservice,-,,4,4,4,0,6.3,0.0
1,frontrecocatalog,350,0,0,62,frontend,-,,4,4,4,0,6.3,0.0
1,frontrecocatalog,350,0,0,62,paymentservice,-,,4,4,4,0,6.3,0.0
1,frontrecocatalog,350,0,0,62,redis-cart,-,,1,1,1,0,6.3,0.0
1,frontrecocatalog,350,0,0,62,shippingservice,-,,4,4,4,0,6.3,0.0
1,frontrecocatalog,350,0,0,77,adservice,-,,4,4,4,0,6.3,0.0
1,frontrecocatalog,350,0,0,77,cartservice,-,,4,4,4,0,6.3,0.0
1,frontrecocatalog,350,0,0,77,checkoutservice,-,,4,4,4,0,6.3,0.0
1,frontrecocatalog,350,0,0,77,currencyservice,-,,4,4,4,0,6.3,0.0
1,frontrecocatalog,350,0,0,77,emailservice,-,,4,4,4,0,6.3,0.0
1,frontrecocatalog,350,0,0,77,frontend,-,,4,4,4,0,6.3,0.0
1,frontrecocatalog,350,0,0,77,paymentservice,-,,4,4,4,0,6.3,0.0
1,frontrecocatalog,350,0,0,77,redis-cart,-,,1,1,1,0,6.3,0.0
1,frontrecocatalog,350,0,0,77,shippingservice,-,,4,4,4,0,6.3,0.0
1,frontrecocatalog,350,0,0,93,adservice,-,,4,4,4,0,6.3,0.0
1,frontrecocatalog,350,0,0,93,cartservice,-,,4,4,4,0,6.3,0.0
1,frontrecocatalog,350,0,0,93,checkoutservice,-,,4,4,4,0,6.3,0.0
1,frontrecocatalog,350,0,0,93,currencyservice,-,,4,4,4,0,6.3,0.0
1,frontrecocatalog,350,0,0,93,emailservice,-,,4,4,4,0,6.3,0.0
1,frontrecocatalog,350,0,0,93,frontend,-,,4,4,4,0,6.3,0.0
1,frontrecocatalog,350,0,0,93,paymentservice,-,,4,4,4,0,6.3,0.0
1,frontrecocatalog,350,0,0,93,redis-cart,-,,1,1,1,0,6.3,0.0
1,frontrecocatalog,350,0,0,93,shippingservice,-,,4,4,4,0,6.3,0.0
1,frontrecocatalog,350,0,0,108,adservice,-,,4,4,4,0,6.3,0.0
1,frontrecocatalog,350,0,0,108,cartservice,-,,4,4,4,0,6.3,0.0
1,frontrecocatalog,350,0,0,108,checkoutservice,-,,4,4,4,0,6.3,0.0
1,frontrecocatalog,350,0,0,108,currencyservice,-,,4,4,4,0,6.3,0.0
1,frontrecocatalog,350,0,0,108,emailservice,-,,4,4,4,0,6.3,0.0
1,frontrecocatalog,350,0,0,108,frontend,-,,4,4,4,0,6.3,0.0
1,frontrecocatalog,350,0,0,108,paymentservice,-,,4,4,4,0,6.3,0.0
1,frontrecocatalog,350,0,0,108,redis-cart,-,,1,1,1,0,6.3,0.0
1,frontrecocatalog,350,0,0,108,shippingservice,-,,4,4,4,0,6.3,0.0
1,frontrecocatalog,350,0,0,124,adservice,-,,4,4,4,0,6.3,0.0
1,frontrecocatalog,350,0,0,124,cartservice,-,,4,4,4,0,6.3,0.0
1,frontrecocatalog,350,0,0,124,checkoutservice,-,,4,4,4,0,6.3,0.0
1,frontrecocatalog,350,0,0,124,currencyservice,-,,4,4,4,0,6.3,0.0
1,frontrecocatalog,350,0,0,124,emailservice,-,,4,4,4,0,6.3,0.0
1,frontrecocatalog,350,0,0,124,frontend,-,,4,4,4,0,6.3,0.0
1,frontrecocatalog,350,0,0,124,paymentservice,-,,4,4,4,0,6.3,0.0
1,frontrecocatalog,350,0,0,124,redis-cart,-,,1,1,1,0,6.3,0.0
1,frontrecocatalog,350,0,0,124,shippingservice,-,,4,4,4,0,6.3,0.0
1,frontrecocatalog,350,0,0,139,adservice,-,,4,4,4,0,6.3,0.0
1,frontrecocatalog,350,0,0,139,cartservice,-,,4,4,4,0,6.3,0.0
1,frontrecocatalog,350,0,0,139,checkoutservice,-,,4,4,4,0,6.3,0.0
1,frontrecocatalog,350,0,0,139,currencyservice,-,,4,4,4,0,6.3,0.0
1,frontrecocatalog,350,0,0,139,emailservice,-,,4,4,4,0,6.3,0.0
1,frontrecocatalog,350,0,0,139,frontend,-,,4,4,4,0,6.3,0.0
1,frontrecocatalog,350,0,0,139,paymentservice,-,,4,4,4,0,6.3,0.0
1,frontrecocatalog,350,0,0,139,redis-cart,-,,1,1,1,0,6.3,0.0
1,frontrecocatalog,350,0,0,139,shippingservice,-,,4,4,4,0,6.3,0.0
1,frontrecocatalog,350,0,0,155,adservice,-,,4,4,4,0,6.3,0.0
1,frontrecocatalog,350,0,0,155,cartservice,-,,4,4,4,0,6.3,0.0
1,frontrecocatalog,350,0,0,155,checkoutservice,-,,4,4,4,0,6.3,0.0
1,frontrecocatalog,350,0,0,155,currencyservice,-,,4,4,4,0,6.3,0.0
1,frontrecocatalog,350,0,0,155,emailservice,-,,4,4,4,0,6.3,0.0
1,frontrecocatalog,350,0,0,155,frontend,-,,4,4,4,0,6.3,0.0
1,frontrecocatalog,350,0,0,155,paymentservice,-,,4,4,4,0,6.3,0.0
1,frontrecocatalog,350,0,0,155,redis-cart,-,,1,1,1,0,6.3,0.0
1,frontrecocatalog,350,0,0,155,shippingservice,-,,4,4,4,0,6.3,0.0
1,frontrecocatalog,350,0,0,170,adservice,-,,4,4,4,0,6.3,0.0
1,frontrecocatalog,350,0,0,170,cartservice,-,,4,4,4,0,6.3,0.0
1,frontrecocatalog,350,0,0,170,checkoutservice,-,,4,4,4,0,6.3,0.0
1,frontrecocatalog,350,0,0,170,currencyservice,-,,4,4,4,0,6.3,0.0
1,frontrecocatalog,350,0,0,170,emailservice,-,,4,4,4,0,6.3,0.0
1,frontrecocatalog,350,0,0,170,frontend,-,,4,4,4,0,6.3,0.0
1,frontrecocatalog,350,0,0,170,paymentservice,-,,4,4,4,0,6.3,0.0
1,frontrecocatalog,350,0,0,170,redis-cart,-,,1,1,1,0,6.3,0.0
1,frontrecocatalog,350,0,0,170,shippingservice,-,,4,4,4,0,6.3,0.0
1,frontrecocatalog,350,0,0,186,adservice,-,,4,4,4,0,6.3,0.0
1,frontrecocatalog,350,0,0,186,cartservice,-,,4,4,4,0,6.3,0.0
1,frontrecocatalog,350,0,0,186,checkoutservice,-,,4,4,4,0,6.3,0.0
1,frontrecocatalog,350,0,0,186,currencyservice,-,,4,4,4,0,6.3,0.0
1,frontrecocatalog,350,0,0,186,emailservice,-,,4,4,4,0,6.3,0.0
1,frontrecocatalog,350,0,0,186,frontend,-,,4,4,4,0,6.3,0.0
1,frontrecocatalog,350,0,0,186,paymentservice,-,,4,4,4,0,6.3,0.0
1,frontrecocatalog,350,0,0,186,redis-cart,-,,1,1,1,0,6.3,0.0
1,frontrecocatalog,350,0,0,186,shippingservice,-,,4,4,4,0,6.3,0.0
1,frontrecocatalog,350,0,0,201,adservice,-,,4,4,4,0,6.3,0.0
1,frontrecocatalog,350,0,0,201,cartservice,-,,4,4,4,0,6.3,0.0
1,frontrecocatalog,350,0,0,201,checkoutservice,-,,4,4,4,0,6.3,0.0
1,frontrecocatalog,350,0,0,201,currencyservice,-,,4,4,4,0,6.3,0.0
1,frontrecocatalog,350,0,0,201,emailservice,-,,4,4,4,0,6.3,0.0
1,frontrecocatalog,350,0,0,201,frontend,-,,4,4,4,0,6.3,0.0
1,frontrecocatalog,350,0,0,201,paymentservice,-,,4,4,4,0,6.3,0.0
1,frontrecocatalog,350,0,0,201,redis-cart,-,,1,1,1,0,6.3,0.0
1,frontrecocatalog,350,0,0,201,shippingservice,-,,4,4,4,0,6.3,0.0
1,frontrecocatalog,400,0,0,0,adservice,-,,4,4,4,0,6.3,0.0
1,frontrecocatalog,400,0,0,0,cartservice,-,,4,4,4,0,6.3,0.0
1,frontrecocatalog,400,0,0,0,checkoutservice,-,,4,4,4,0,6.3,0.0
1,frontrecocatalog,400,0,0,0,currencyservice,-,,4,4,4,0,6.3,0.0
1,frontrecocatalog,400,0,0,0,emailservice,-,,4,4,4,0,6.3,0.0
1,frontrecocatalog,400,0,0,0,frontend,-,,4,4,4,0,6.3,0.0
1,frontrecocatalog,400,0,0,0,paymentservice,-,,4,4,4,0,6.3,0.0
1,frontrecocatalog,400,0,0,0,redis-cart,-,,1,1,1,0,6.3,0.0
1,frontrecocatalog,400,0,0,0,shippingservice,-,,4,4,4,0,6.3,0.0
1,frontrecocatalog,400,0,0,15,adservice,-,,4,4,4,0,6.3,0.0
1,frontrecocatalog,400,0,0,15,cartservice,-,,4,4,4,0,6.3,0.0
1,frontrecocatalog,400,0,0,15,checkoutservice,-,,4,4,4,0,6.3,0.0
1,frontrecocatalog,400,0,0,15,currencyservice,-,,4,4,4,0,6.3,0.0
1,frontrecocatalog,400,0,0,15,emailservice,-,,4,4,4,0,6.3,0.0
1,frontrecocatalog,400,0,0,15,frontend,-,,4,4,4,0,6.3,0.0
1,frontrecocatalog,400,0,0,15,paymentservice,-,,4,4,4,0,6.3,0.0
1,frontrecocatalog,400,0,0,15,redis-cart,-,,1,1,1,0,6.3,0.0
1,frontrecocatalog,400,0,0,15,shippingservice,-,,4,4,4,0,6.3,0.0
1,frontrecocatalog,400,0,0,31,adservice,-,,4,4,4,0,6.3,0.0
1,frontrecocatalog,400,0,0,31,cartservice,-,,4,4,4,0,6.3,0.0
1,frontrecocatalog,400,0,0,31,checkoutservice,-,,4,4,4,0,6.3,0.0
1,frontrecocatalog,400,0,0,31,currencyservice,-,,4,4,4,0,6.3,0.0
1,frontrecocatalog,400,0,0,31,emailservice,-,,4,4,4,0,6.3,0.0
1,frontrecocatalog,400,0,0,31,frontend,-,,4,4,4,0,6.3,0.0
1,frontrecocatalog,400,0,0,31,paymentservice,-,,4,4,4,0,6.3,0.0
1,frontrecocatalog,400,0,0,31,redis-cart,-,,1,1,1,0,6.3,0.0
1,frontrecocatalog,400,0,0,31,shippingservice,-,,4,4,4,0,6.3,0.0
1,frontrecocatalog,400,0,0,46,adservice,-,,4,4,4,0,6.3,0.0
1,frontrecocatalog,400,0,0,46,cartservice,-,,4,4,4,0,6.3,0.0
1,frontrecocatalog,400,0,0,46,checkoutservice,-,,4,4,4,0,6.3,0.0
1,frontrecocatalog,400,0,0,46,currencyservice,-,,4,4,4,0,6.3,0.0
1,frontrecocatalog,400,0,0,46,emailservice,-,,4,4,4,0,6.3,0.0
1,frontrecocatalog,400,0,0,46,frontend,-,,4,4,4,0,6.3,0.0
1,frontrecocatalog,400,0,0,46,paymentservice,-,,4,4,4,0,6.3,0.0
1,frontrecocatalog,400,0,0,46,redis-cart,-,,1,1,1,0,6.3,0.0
1,frontrecocatalog,400,0,0,46,shippingservice,-,,4,4,4,0,6.3,0.0
1,frontrecocatalog,400,0,0,62,adservice,-,,4,4,4,0,6.3,0.0
1,frontrecocatalog,400,0,0,62,cartservice,-,,4,4,4,0,6.3,0.0
1,frontrecocatalog,400,0,0,62,checkoutservice,-,,4,4,4,0,6.3,0.0
1,frontrecocatalog,400,0,0,62,currencyservice,-,,4,4,4,0,6.3,0.0
1,frontrecocatalog,400,0,0,62,emailservice,-,,4,4,4,0,6.3,0.0
1,frontrecocatalog,400,0,0,62,frontend,-,,4,4,4,0,6.3,0.0
1,frontrecocatalog,400,0,0,62,paymentservice,-,,4,4,4,0,6.3,0.0
1,frontrecocatalog,400,0,0,62,redis-cart,-,,1,1,1,0,6.3,0.0
1,frontrecocatalog,400,0,0,62,shippingservice,-,,4,4,4,0,6.3,0.0
1,frontrecocatalog,400,0,0,77,adservice,-,,4,4,4,0,6.3,0.0
1,frontrecocatalog,400,0,0,77,cartservice,-,,4,4,4,0,6.3,0.0
1,frontrecocatalog,400,0,0,77,checkoutservice,-,,4,4,4,0,6.3,0.0
1,frontrecocatalog,400,0,0,77,currencyservice,-,,4,4,4,0,6.3,0.0
1,frontrecocatalog,400,0,0,77,emailservice,-,,4,4,4,0,6.3,0.0
1,frontrecocatalog,400,0,0,77,frontend,-,,4,4,4,0,6.3,0.0
1,frontrecocatalog,400,0,0,77,paymentservice,-,,4,4,4,0,6.3,0.0
1,frontrecocatalog,400,0,0,77,redis-cart,-,,1,1,1,0,6.3,0.0
1,frontrecocatalog,400,0,0,77,shippingservice,-,,4,4,4,0,6.3,0.0
1,frontrecocatalog,400,0,0,93,adservice,-,,4,4,4,0,6.3,0.0
1,frontrecocatalog,400,0,0,93,cartservice,-,,4,4,4,0,6.3,0.0
1,frontrecocatalog,400,0,0,93,checkoutservice,-,,4,4,4,0,6.3,0.0
1,frontrecocatalog,400,0,0,93,currencyservice,-,,4,4,4,0,6.3,0.0
1,frontrecocatalog,400,0,0,93,emailservice,-,,4,4,4,0,6.3,0.0
1,frontrecocatalog,400,0,0,93,frontend,-,,4,4,4,0,6.3,0.0
1,frontrecocatalog,400,0,0,93,paymentservice,-,,4,4,4,0,6.3,0.0
1,frontrecocatalog,400,0,0,93,redis-cart,-,,1,1,1,0,6.3,0.0
1,frontrecocatalog,400,0,0,93,shippingservice,-,,4,4,4,0,6.3,0.0
1,frontrecocatalog,400,0,0,108,adservice,-,,4,4,4,0,6.3,0.0
1,frontrecocatalog,400,0,0,108,cartservice,-,,4,4,4,0,6.3,0.0
1,frontrecocatalog,400,0,0,108,checkoutservice,-,,4,4,4,0,6.3,0.0
1,frontrecocatalog,400,0,0,108,currencyservice,-,,4,4,4,0,6.3,0.0
1,frontrecocatalog,400,0,0,108,emailservice,-,,4,4,4,0,6.3,0.0
1,frontrecocatalog,400,0,0,108,frontend,-,,4,4,4,0,6.3,0.0
1,frontrecocatalog,400,0,0,108,paymentservice,-,,4,4,4,0,6.3,0.0
1,frontrecocatalog,400,0,0,108,redis-cart,-,,1,1,1,0,6.3,0.0
1,frontrecocatalog,400,0,0,108,shippingservice,-,,4,4,4,0,6.3,0.0
1,frontrecocatalog,400,0,0,124,adservice,-,,4,4,4,0,6.3,0.0
1,frontrecocatalog,400,0,0,124,cartservice,-,,4,4,4,0,6.3,0.0
1,frontrecocatalog,400,0,0,124,checkoutservice,-,,4,4,4,0,6.3,0.0
1,frontrecocatalog,400,0,0,124,currencyservice,-,,4,4,4,0,6.3,0.0
1,frontrecocatalog,400,0,0,124,emailservice,-,,4,4,4,0,6.3,0.0
1,frontrecocatalog,400,0,0,124,frontend,-,,4,4,4,0,6.3,0.0
1,frontrecocatalog,400,0,0,124,paymentservice,-,,4,4,4,0,6.3,0.0
1,frontrecocatalog,400,0,0,124,redis-cart,-,,1,1,1,0,6.3,0.0
1,frontrecocatalog,400,0,0,124,shippingservice,-,,4,4,4,0,6.3,0.0
1,frontrecocatalog,400,0,0,139,adservice,-,,4,4,4,0,6.3,0.0
1,frontrecocatalog,400,0,0,139,cartservice,-,,4,4,4,0,6.3,0.0
1,frontrecocatalog,400,0,0,139,checkoutservice,-,,4,4,4,0,6.3,0.0
1,frontrecocatalog,400,0,0,139,currencyservice,-,,4,4,4,0,6.3,0.0
1,frontrecocatalog,400,0,0,139,emailservice,-,,4,4,4,0,6.3,0.0
1,frontrecocatalog,400,0,0,139,frontend,-,,4,4,4,0,6.3,0.0
1,frontrecocatalog,400,0,0,139,paymentservice,-,,4,4,4,0,6.3,0.0
1,frontrecocatalog,400,0,0,139,redis-cart,-,,1,1,1,0,6.3,0.0
1,frontrecocatalog,400,0,0,139,shippingservice,-,,4,4,4,0,6.3,0.0
1,frontrecocatalog,400,0,0,155,adservice,-,,4,4,4,0,6.3,0.0
1,frontrecocatalog,400,0,0,155,cartservice,-,,4,4,4,0,6.3,0.0
1,frontrecocatalog,400,0,0,155,checkoutservice,-,,4,4,4,0,6.3,0.0
1,frontrecocatalog,400,0,0,155,currencyservice,-,,4,4,4,0,6.3,0.0
1,frontrecocatalog,400,0,0,155,emailservice,-,,4,4,4,0,6.3,0.0
1,frontrecocatalog,400,0,0,155,frontend,-,,4,4,4,0,6.3,0.0
1,frontrecocatalog,400,0,0,155,paymentservice,-,,4,4,4,0,6.3,0.0
1,frontrecocatalog,400,0,0,155,redis-cart,-,,1,1,1,0,6.3,0.0
1,frontrecocatalog,400,0,0,155,shippingservice,-,,4,4,4,0,6.3,0.0
1,frontrecocatalog,400,0,0,171,adservice,-,,4,4,4,0,6.3,0.0
1,frontrecocatalog,400,0,0,171,cartservice,-,,4,4,4,0,6.3,0.0
1,frontrecocatalog,400,0,0,171,checkoutservice,-,,4,4,4,0,6.3,0.0
1,frontrecocatalog,400,0,0,171,currencyservice,-,,4,4,4,0,6.3,0.0
1,frontrecocatalog,400,0,0,171,emailservice,-,,4,4,4,0,6.3,0.0
1,frontrecocatalog,400,0,0,171,frontend,-,,4,4,4,0,6.3,0.0
1,frontrecocatalog,400,0,0,171,paymentservice,-,,4,4,4,0,6.3,0.0
1,frontrecocatalog,400,0,0,171,redis-cart,-,,1,1,1,0,6.3,0.0
1,frontrecocatalog,400,0,0,171,shippingservice,-,,4,4,4,0,6.3,0.0
1,frontrecocatalog,400,0,0,186,adservice,-,,4,4,4,0,6.3,0.0
1,frontrecocatalog,400,0,0,186,cartservice,-,,4,4,4,0,6.3,0.0
1,frontrecocatalog,400,0,0,186,checkoutservice,-,,4,4,4,0,6.3,0.0
1,frontrecocatalog,400,0,0,186,currencyservice,-,,4,4,4,0,6.3,0.0
1,frontrecocatalog,400,0,0,186,emailservice,-,,4,4,4,0,6.3,0.0
1,frontrecocatalog,400,0,0,186,frontend,-,,4,4,4,0,6.3,0.0
1,frontrecocatalog,400,0,0,186,paymentservice,-,,4,4,4,0,6.3,0.0
1,frontrecocatalog,400,0,0,186,redis-cart,-,,1,1,1,0,6.3,0.0
1,frontrecocatalog,400,0,0,186,shippingservice,-,,4,4,4,0,6.3,0.0
1,frontrecocatalog,400,0,0,202,adservice,-,,4,4,4,0,6.3,0.0
1,frontrecocatalog,400,0,0,202,cartservice,-,,4,4,4,0,6.3,0.0
1,frontrecocatalog,400,0,0,202,checkoutservice,-,,4,4,4,0,6.3,0.0
1,frontrecocatalog,400,0,0,202,currencyservice,-,,4,4,4,0,6.3,0.0
1,frontrecocatalog,400,0,0,202,emailservice,-,,4,4,4,0,6.3,0.0
1,frontrecocatalog,400,0,0,202,frontend,-,,4,4,4,0,6.3,0.0
1,frontrecocatalog,400,0,0,202,paymentservice,-,,4,4,4,0,6.3,0.0
1,frontrecocatalog,400,0,0,202,redis-cart,-,,1,1,1,0,6.3,0.0
1,frontrecocatalog,400,0,0,202,shippingservice,-,,4,4,4,0,6.3,0.0
1,frontrecocatalog,450,0,0,0,adservice,-,,4,4,4,0,6.3,0.0
1,frontrecocatalog,450,0,0,0,cartservice,-,,4,4,4,0,6.3,0.0
1,frontrecocatalog,450,0,0,0,checkoutservice,-,,4,4,4,0,6.3,0.0
1,frontrecocatalog,450,0,0,0,currencyservice,-,,4,4,4,0,6.3,0.0
1,frontrecocatalog,450,0,0,0,emailservice,-,,4,4,4,0,6.3,0.0
1,frontrecocatalog,450,0,0,0,frontend,-,,4,4,4,0,6.3,0.0
1,frontrecocatalog,450,0,0,0,paymentservice,-,,4,4,4,0,6.3,0.0
1,frontrecocatalog,450,0,0,0,redis-cart,-,,1,1,1,0,6.3,0.0
1,frontrecocatalog,450,0,0,0,shippingservice,-,,4,4,4,0,6.3,0.0
1,frontrecocatalog,450,0,0,16,adservice,-,,4,4,4,0,6.3,0.0
1,frontrecocatalog,450,0,0,16,cartservice,-,,4,4,4,0,6.3,0.0
1,frontrecocatalog,450,0,0,16,checkoutservice,-,,4,4,4,0,6.3,0.0
1,frontrecocatalog,450,0,0,16,currencyservice,-,,4,4,4,0,6.3,0.0
1,frontrecocatalog,450,0,0,16,emailservice,-,,4,4,4,0,6.3,0.0
1,frontrecocatalog,450,0,0,16,frontend,-,,4,4,4,0,6.3,0.0
1,frontrecocatalog,450,0,0,16,paymentservice,-,,4,4,4,0,6.3,0.0
1,frontrecocatalog,450,0,0,16,redis-cart,-,,1,1,1,0,6.3,0.0
1,frontrecocatalog,450,0,0,16,shippingservice,-,,4,4,4,0,6.3,0.0
1,frontrecocatalog,450,0,0,32,adservice,-,,4,4,4,0,6.3,0.0
1,frontrecocatalog,450,0,0,32,cartservice,-,,4,4,4,0,6.3,0.0
1,frontrecocatalog,450,0,0,32,checkoutservice,-,,4,4,4,0,6.3,0.0
1,frontrecocatalog,450,0,0,32,currencyservice,-,,4,4,4,0,6.3,0.0
1,frontrecocatalog,450,0,0,32,emailservice,-,,4,4,4,0,6.3,0.0
1,frontrecocatalog,450,0,0,32,frontend,-,,4,4,4,0,6.3,0.0
1,frontrecocatalog,450,0,0,32,paymentservice,-,,4,4,4,0,6.3,0.0
1,frontrecocatalog,450,0,0,32,redis-cart,-,,1,1,1,0,6.3,0.0
1,frontrecocatalog,450,0,0,32,shippingservice,-,,4,4,4,0,6.3,0.0
1,frontrecocatalog,450,0,0,47,adservice,-,,4,4,4,0,6.3,0.0
1,frontrecocatalog,450,0,0,47,cartservice,-,,4,4,4,0,6.3,0.0
1,frontrecocatalog,450,0,0,47,checkoutservice,-,,4,4,4,0,6.3,0.0
1,frontrecocatalog,450,0,0,47,currencyservice,-,,4,4,4,0,6.3,0.0
1,frontrecocatalog,450,0,0,47,emailservice,-,,4,4,4,0,6.3,0.0
1,frontrecocatalog,450,0,0,47,frontend,-,,4,4,4,0,6.3,0.0
1,frontrecocatalog,450,0,0,47,paymentservice,-,,4,4,4,0,6.3,0.0
1,frontrecocatalog,450,0,0,47,redis-cart,-,,1,1,1,0,6.3,0.0
1,frontrecocatalog,450,0,0,47,shippingservice,-,,4,4,4,0,6.3,0.0
1,frontrecocatalog,450,0,0,62,adservice,-,,4,4,4,0,6.3,0.0
1,frontrecocatalog,450,0,0,62,cartservice,-,,4,4,4,0,6.3,0.0
1,frontrecocatalog,450,0,0,62,checkoutservice,-,,4,4,4,0,6.3,0.0
1,frontrecocatalog,450,0,0,62,currencyservice,-,,4,4,4,0,6.3,0.0
1,frontrecocatalog,450,0,0,62,emailservice,-,,4,4,4,0,6.3,0.0
1,frontrecocatalog,450,0,0,62,frontend,-,,4,4,4,0,6.3,0.0
1,frontrecocatalog,450,0,0,62,paymentservice,-,,4,4,4,0,6.3,0.0
1,frontrecocatalog,450,0,0,62,redis-cart,-,,1,1,1,0,6.3,0.0
1,frontrecocatalog,450,0,0,62,shippingservice,-,,4,4,4,0,6.3,0.0
1,frontrecocatalog,450,0,0,78,adservice,-,,4,4,4,0,6.3,0.0
1,frontrecocatalog,450,0,0,78,cartservice,-,,4,4,4,0,6.3,0.0
1,frontrecocatalog,450,0,0,78,checkoutservice,-,,4,4,4,0,6.3,0.0
1,frontrecocatalog,450,0,0,78,currencyservice,-,,4,4,4,0,6.3,0.0
1,frontrecocatalog,450,0,0,78,emailservice,-,,4,4,4,0,6.3,0.0
1,frontrecocatalog,450,0,0,78,frontend,-,,4,4,4,0,6.3,0.0
1,frontrecocatalog,450,0,0,78,paymentservice,-,,4,4,4,0,6.3,0.0
1,frontrecocatalog,450,0,0,78,redis-cart,-,,1,1,1,0,6.3,0.0
1,frontrecocatalog,450,0,0,78,shippingservice,-,,4,4,4,0,6.3,0.0
1,frontrecocatalog,450,0,0,93,adservice,-,,4,4,4,0,6.3,0.0
1,frontrecocatalog,450,0,0,93,cartservice,-,,4,4,4,0,6.3,0.0
1,frontrecocatalog,450,0,0,93,checkoutservice,-,,4,4,4,0,6.3,0.0
1,frontrecocatalog,450,0,0,93,currencyservice,-,,4,4,4,0,6.3,0.0
1,frontrecocatalog,450,0,0,93,emailservice,-,,4,4,4,0,6.3,0.0
1,frontrecocatalog,450,0,0,93,frontend,-,,4,4,4,0,6.3,0.0
1,frontrecocatalog,450,0,0,93,paymentservice,-,,4,4,4,0,6.3,0.0
1,frontrecocatalog,450,0,0,93,redis-cart,-,,1,1,1,0,6.3,0.0
1,frontrecocatalog,450,0,0,93,shippingservice,-,,4,4,4,0,6.3,0.0
1,frontrecocatalog,450,0,0,109,adservice,-,,4,4,4,0,6.3,0.0
1,frontrecocatalog,450,0,0,109,cartservice,-,,4,4,4,0,6.3,0.0
1,frontrecocatalog,450,0,0,109,checkoutservice,-,,4,4,4,0,6.3,0.0
1,frontrecocatalog,450,0,0,109,currencyservice,-,,4,4,4,0,6.3,0.0
1,frontrecocatalog,450,0,0,109,emailservice,-,,4,4,4,0,6.3,0.0
1,frontrecocatalog,450,0,0,109,frontend,-,,4,4,4,0,6.3,0.0
1,frontrecocatalog,450,0,0,109,paymentservice,-,,4,4,4,0,6.3,0.0
1,frontrecocatalog,450,0,0,109,redis-cart,-,,1,1,1,0,6.3,0.0
1,frontrecocatalog,450,0,0,109,shippingservice,-,,4,4,4,0,6.3,0.0
1,frontrecocatalog,450,0,0,125,adservice,-,,4,4,4,0,6.3,0.0
1,frontrecocatalog,450,0,0,125,cartservice,-,,4,4,4,0,6.3,0.0
1,frontrecocatalog,450,0,0,125,checkoutservice,-,,4,4,4,0,6.3,0.0
1,frontrecocatalog,450,0,0,125,currencyservice,-,,4,4,4,0,6.3,0.0
1,frontrecocatalog,450,0,0,125,emailservice,-,,4,4,4,0,6.3,0.0
1,frontrecocatalog,450,0,0,125,frontend,-,,4,4,3,0,6.3,0.0
1,frontrecocatalog,450,0,0,125,paymentservice,-,,4,4,4,0,6.3,0.0
1,frontrecocatalog,450,0,0,125,redis-cart,-,,1,1,1,0,6.3,0.0
1,frontrecocatalog,450,0,0,125,shippingservice,-,,4,4,4,0,6.3,0.0
1,frontrecocatalog,450,0,0,140,adservice,-,,4,4,4,0,6.3,0.0
1,frontrecocatalog,450,0,0,140,cartservice,-,,4,4,4,0,6.3,0.0
1,frontrecocatalog,450,0,0,140,checkoutservice,-,,4,4,4,0,6.3,0.0
1,frontrecocatalog,450,0,0,140,currencyservice,-,,4,4,4,0,6.3,0.0
1,frontrecocatalog,450,0,0,140,emailservice,-,,4,4,4,0,6.3,0.0
1,frontrecocatalog,450,0,0,140,frontend,-,,4,4,0,0,6.3,0.0
1,frontrecocatalog,450,0,0,140,paymentservice,-,,4,4,4,0,6.3,0.0
1,frontrecocatalog,450,0,0,140,redis-cart,-,,1,1,1,0,6.3,0.0
1,frontrecocatalog,450,0,0,140,shippingservice,-,,4,4,4,0,6.3,0.0
1,frontrecocatalog,450,0,0,156,adservice,-,,4,4,4,0,6.3,0.0
1,frontrecocatalog,450,0,0,156,cartservice,-,,4,4,4,0,6.3,0.0
1,frontrecocatalog,450,0,0,156,checkoutservice,-,,4,4,4,0,6.3,0.0
1,frontrecocatalog,450,0,0,156,currencyservice,-,,4,4,4,0,6.3,0.0
1,frontrecocatalog,450,0,0,156,emailservice,-,,4,4,4,0,6.3,0.0
1,frontrecocatalog,450,0,0,156,frontend,-,,4,4,4,0,6.3,0.0
1,frontrecocatalog,450,0,0,156,paymentservice,-,,4,4,4,0,6.3,0.0
1,frontrecocatalog,450,0,0,156,redis-cart,-,,1,1,1,0,6.3,0.0
1,frontrecocatalog,450,0,0,156,shippingservice,-,,4,4,4,0,6.3,0.0
1,frontrecocatalog,450,0,0,171,adservice,-,,4,4,4,0,6.3,0.0
1,frontrecocatalog,450,0,0,171,cartservice,-,,4,4,4,0,6.3,0.0
1,frontrecocatalog,450,0,0,171,checkoutservice,-,,4,4,4,0,6.3,0.0
1,frontrecocatalog,450,0,0,171,currencyservice,-,,4,4,4,0,6.3,0.0
1,frontrecocatalog,450,0,0,171,emailservice,-,,4,4,4,0,6.3,0.0
1,frontrecocatalog,450,0,0,171,frontend,-,,4,4,2,0,6.3,0.0
1,frontrecocatalog,450,0,0,171,paymentservice,-,,4,4,4,0,6.3,0.0
1,frontrecocatalog,450,0,0,171,redis-cart,-,,1,1,1,0,6.3,0.0
1,frontrecocatalog,450,0,0,171,shippingservice,-,,4,4,4,0,6.3,0.0
1,frontrecocatalog,450,0,0,187,adservice,-,,4,4,4,0,6.3,0.0
1,frontrecocatalog,450,0,0,187,cartservice,-,,4,4,4,0,6.3,0.0
1,frontrecocatalog,450,0,0,187,checkoutservice,-,,4,4,4,0,6.3,0.0
1,frontrecocatalog,450,0,0,187,currencyservice,-,,4,4,4,0,6.3,0.0
1,frontrecocatalog,450,0,0,187,emailservice,-,,4,4,4,0,6.3,0.0
1,frontrecocatalog,450,0,0,187,frontend,-,,4,4,0,0,6.3,0.0
1,frontrecocatalog,450,0,0,187,paymentservice,-,,4,4,4,0,6.3,0.0
1,frontrecocatalog,450,0,0,187,redis-cart,-,,1,1,1,0,6.3,0.0
1,frontrecocatalog,450,0,0,187,shippingservice,-,,4,4,4,0,6.3,0.0
1,frontrecocatalog,450,0,0,202,adservice,-,,4,4,4,0,6.3,0.0
1,frontrecocatalog,450,0,0,202,cartservice,-,,4,4,4,0,6.3,0.0
1,frontrecocatalog,450,0,0,202,checkoutservice,-,,4,4,4,0,6.3,0.0
1,frontrecocatalog,450,0,0,202,currencyservice,-,,4,4,4,0,6.3,0.0
1,frontrecocatalog,450,0,0,202,emailservice,-,,4,4,4,0,6.3,0.0
1,frontrecocatalog,450,0,0,202,frontend,-,,4,4,4,0,6.3,0.0
1,frontrecocatalog,450,0,0,202,paymentservice,-,,4,4,4,0,6.3,0.0
1,frontrecocatalog,450,0,0,202,redis-cart,-,,1,1,1,0,6.3,0.0
1,frontrecocatalog,450,0,0,202,shippingservice,-,,4,4,4,0,6.3,0.0
1,mega,350,0,0,0,megapod,-,,4,4,4,0,12.28,0.0
1,mega,350,0,0,0,redis-cart,-,,1,1,1,0,12.28,0.0
1,mega,350,0,0,16,megapod,-,,4,4,4,0,6.3,0.0
1,mega,350,0,0,16,redis-cart,-,,1,1,1,0,6.3,0.0
1,mega,350,0,0,31,megapod,-,,4,4,4,0,6.3,0.0
1,mega,350,0,0,31,redis-cart,-,,1,1,1,0,6.3,0.0
1,mega,350,0,0,46,megapod,-,,4,4,4,0,6.3,0.0
1,mega,350,0,0,46,redis-cart,-,,1,1,1,0,6.3,0.0
1,mega,350,0,0,62,megapod,-,,4,4,4,0,6.3,0.0
1,mega,350,0,0,62,redis-cart,-,,1,1,1,0,6.3,0.0
1,mega,350,0,0,77,megapod,-,,4,4,4,0,6.3,0.0
1,mega,350,0,0,77,redis-cart,-,,1,1,1,0,6.3,0.0
1,mega,350,0,0,93,megapod,-,,4,4,4,0,6.3,0.0
1,mega,350,0,0,93,redis-cart,-,,1,1,1,0,6.3,0.0
1,mega,350,0,0,108,megapod,-,,4,4,4,0,6.3,0.0
1,mega,350,0,0,108,redis-cart,-,,1,1,1,0,6.3,0.0
1,mega,350,0,0,123,megapod,-,,4,4,4,0,6.3,0.0
1,mega,350,0,0,123,redis-cart,-,,1,1,1,0,6.3,0.0
1,mega,350,0,0,139,megapod,-,,4,4,4,0,6.3,0.0
1,mega,350,0,0,139,redis-cart,-,,1,1,1,0,6.3,0.0
1,mega,350,0,0,154,megapod,-,,4,4,4,0,6.3,0.0
1,mega,350,0,0,154,redis-cart,-,,1,1,1,0,6.3,0.0
1,mega,350,0,0,170,megapod,-,,4,4,4,0,6.3,0.0
1,mega,350,0,0,170,redis-cart,-,,1,1,1,0,6.3,0.0
1,mega,350,0,0,185,megapod,-,,4,4,4,0,6.3,0.0
1,mega,350,0,0,185,redis-cart,-,,1,1,1,0,6.3,0.0
1,mega,350,0,0,201,megapod,-,,4,4,4,0,6.3,0.0
1,mega,350,0,0,201,redis-cart,-,,1,1,1,0,6.3,0.0
1,mega,400,0,0,0,megapod,-,,4,4,4,0,6.3,0.0
1,mega,400,0,0,0,redis-cart,-,,1,1,1,0,6.3,0.0
1,mega,400,0,0,16,megapod,-,,4,4,4,0,6.3,0.0
1,mega,400,0,0,16,redis-cart,-,,1,1,1,0,6.3,0.0
1,mega,400,0,0,31,megapod,-,,4,4,4,0,6.3,0.0
1,mega,400,0,0,31,redis-cart,-,,1,1,1,0,6.3,0.0
1,mega,400,0,0,47,megapod,-,,4,4,4,0,6.3,0.0
1,mega,400,0,0,47,redis-cart,-,,1,1,1,0,6.3,0.0
1,mega,400,0,0,62,megapod,-,,4,4,4,0,6.3,0.0
1,mega,400,0,0,62,redis-cart,-,,1,1,1,0,6.3,0.0
1,mega,400,0,0,78,megapod,-,,4,4,4,0,6.3,0.0
1,mega,400,0,0,78,redis-cart,-,,1,1,1,0,6.3,0.0
1,mega,400,0,0,93,megapod,-,,4,4,4,0,6.3,0.0
1,mega,400,0,0,93,redis-cart,-,,1,1,1,0,6.3,0.0
1,mega,400,0,0,108,megapod,-,,4,4,4,0,6.3,0.0
1,mega,400,0,0,108,redis-cart,-,,1,1,1,0,6.3,0.0
1,mega,400,0,0,124,megapod,-,,4,4,4,0,6.3,0.0
1,mega,400,0,0,124,redis-cart,-,,1,1,1,0,6.3,0.0
1,mega,400,0,0,139,megapod,-,,4,4,4,0,6.3,0.0
1,mega,400,0,0,139,redis-cart,-,,1,1,1,0,6.3,0.0
1,mega,400,0,0,155,megapod,-,,4,4,4,0,6.3,0.0
1,mega,400,0,0,155,redis-cart,-,,1,1,1,0,6.3,0.0
1,mega,400,0,0,170,megapod,-,,4,4,4,0,6.3,0.0
1,mega,400,0,0,170,redis-cart,-,,1,1,1,0,6.3,0.0
1,mega,400,0,0,186,megapod,-,,4,4,4,0,6.3,0.0
1,mega,400,0,0,186,redis-cart,-,,1,1,1,0,6.3,0.0
1,mega,400,0,0,201,megapod,-,,4,4,4,0,6.3,0.0
1,mega,400,0,0,201,redis-cart,-,,1,1,1,0,6.3,0.0
1,mega,450,0,0,0,megapod,-,,4,4,4,0,6.3,0.0
1,mega,450,0,0,0,redis-cart,-,,1,1,1,0,6.3,0.0
1,mega,450,0,0,16,megapod,-,,4,4,4,0,6.3,0.0
1,mega,450,0,0,16,redis-cart,-,,1,1,1,0,6.3,0.0
1,mega,450,0,0,31,megapod,-,,4,4,4,0,6.3,0.0
1,mega,450,0,0,31,redis-cart,-,,1,1,1,0,6.3,0.0
1,mega,450,0,0,47,megapod,-,,4,4,4,0,6.3,0.0
1,mega,450,0,0,47,redis-cart,-,,1,1,1,0,6.3,0.0
1,mega,450,0,0,62,megapod,-,,4,4,3,0,6.3,0.0
1,mega,450,0,0,62,redis-cart,-,,1,1,1,0,6.3,0.0
1,mega,450,0,0,77,megapod,-,,4,4,2,0,6.3,0.0
1,mega,450,0,0,77,redis-cart,-,,1,1,1,0,6.3,0.0
1,mega,450,0,0,93,megapod,-,,4,4,0,0,6.3,0.0
1,mega,450,0,0,93,redis-cart,-,,1,1,1,0,6.3,0.0
1,mega,450,0,0,108,megapod,-,,4,4,2,0,6.3,0.0
1,mega,450,0,0,108,redis-cart,-,,1,1,1,0,6.3,0.0
1,mega,450,0,0,124,megapod,-,,4,4,0,0,6.3,0.0
1,mega,450,0,0,124,redis-cart,-,,1,1,1,0,6.3,0.0
1,mega,450,0,0,139,megapod,-,,4,4,0,0,6.3,0.0
1,mega,450,0,0,139,redis-cart,-,,1,1,1,0,6.3,0.0
1,mega,450,0,0,155,megapod,-,,4,4,1,0,6.3,0.0
1,mega,450,0,0,155,redis-cart,-,,1,1,1,0,6.3,0.0
1,mega,450,0,0,170,megapod,-,,4,4,2,0,6.3,0.0
1,mega,450,0,0,170,redis-cart,-,,1,1,1,0,6.3,0.0
1,mega,450,0,0,186,megapod,-,,4,4,3,0,6.3,0.0
1,mega,450,0,0,186,redis-cart,-,,1,1,1,0,6.3,0.0
1,mega,450,0,0,201,megapod,-,,4,4,2,0,6.3,0.0
1,mega,450,0,0,201,redis-cart,-,,1,1,1,0,6.3,0.0
2,normal,350,0,0,1,adservice,-,,4,4,4,0,6.3,0.0
2,normal,350,0,0,1,cartservice,-,,4,4,4,0,6.3,0.0
2,normal,350,0,0,1,checkoutservice,-,,4,4,4,0,6.3,0.0
2,normal,350,0,0,1,currencyservice,-,,4,4,4,0,6.3,0.0
2,normal,350,0,0,1,emailservice,-,,4,4,4,0,6.3,0.0
2,normal,350,0,0,1,frontend,-,,4,4,4,0,6.3,0.0
2,normal,350,0,0,1,paymentservice,-,,4,4,4,0,6.3,0.0
2,normal,350,0,0,1,productcatalogservice,-,,4,4,4,0,6.3,0.0
2,normal,350,0,0,1,recommendationservice,-,,4,4,4,0,6.3,0.0
2,normal,350,0,0,1,redis-cart,-,,1,1,1,0,6.3,0.0
2,normal,350,0,0,1,shippingservice,-,,4,4,4,0,6.3,0.0
2,normal,350,0,0,16,adservice,-,,4,4,4,0,6.3,0.0
2,normal,350,0,0,16,cartservice,-,,4,4,4,0,6.3,0.0
2,normal,350,0,0,16,checkoutservice,-,,4,4,4,0,6.3,0.0
2,normal,350,0,0,16,currencyservice,-,,4,4,4,0,6.3,0.0
2,normal,350,0,0,16,emailservice,-,,4,4,4,0,6.3,0.0
2,normal,350,0,0,16,frontend,-,,4,4,4,0,6.3,0.0
2,normal,350,0,0,16,paymentservice,-,,4,4,4,0,6.3,0.0
2,normal,350,0,0,16,productcatalogservice,-,,4,4,4,0,6.3,0.0
2,normal,350,0,0,16,recommendationservice,-,,4,4,4,0,6.3,0.0
2,normal,350,0,0,16,redis-cart,-,,1,1,1,0,6.3,0.0
2,normal,350,0,0,16,shippingservice,-,,4,4,4,0,6.3,0.0
2,normal,350,0,0,31,adservice,-,,4,4,4,0,6.3,0.0
2,normal,350,0,0,31,cartservice,-,,4,4,4,0,6.3,0.0
2,normal,350,0,0,31,checkoutservice,-,,4,4,4,0,6.3,0.0
2,normal,350,0,0,31,currencyservice,-,,4,4,4,0,6.3,0.0
2,normal,350,0,0,31,emailservice,-,,4,4,4,0,6.3,0.0
2,normal,350,0,0,31,frontend,-,,4,4,4,0,6.3,0.0
2,normal,350,0,0,31,paymentservice,-,,4,4,4,0,6.3,0.0
2,normal,350,0,0,31,productcatalogservice,-,,4,4,4,0,6.3,0.0
2,normal,350,0,0,31,recommendationservice,-,,4,4,4,0,6.3,0.0
2,normal,350,0,0,31,redis-cart,-,,1,1,1,0,6.3,0.0
2,normal,350,0,0,31,shippingservice,-,,4,4,4,0,6.3,0.0
2,normal,350,0,0,47,adservice,-,,4,4,4,0,6.3,0.0
2,normal,350,0,0,47,cartservice,-,,4,4,4,0,6.3,0.0
2,normal,350,0,0,47,checkoutservice,-,,4,4,4,0,6.3,0.0
2,normal,350,0,0,47,currencyservice,-,,4,4,4,0,6.3,0.0
2,normal,350,0,0,47,emailservice,-,,4,4,4,0,6.3,0.0
2,normal,350,0,0,47,frontend,-,,4,4,4,0,6.3,0.0
2,normal,350,0,0,47,paymentservice,-,,4,4,4,0,6.3,0.0
2,normal,350,0,0,47,productcatalogservice,-,,4,4,4,0,6.3,0.0
2,normal,350,0,0,47,recommendationservice,-,,4,4,4,0,6.3,0.0
2,normal,350,0,0,47,redis-cart,-,,1,1,1,0,6.3,0.0
2,normal,350,0,0,47,shippingservice,-,,4,4,4,0,6.3,0.0
2,normal,350,0,0,62,adservice,-,,4,4,4,0,6.3,0.0
2,normal,350,0,0,62,cartservice,-,,4,4,4,0,6.3,0.0
2,normal,350,0,0,62,checkoutservice,-,,4,4,4,0,6.3,0.0
2,normal,350,0,0,62,currencyservice,-,,4,4,4,0,6.3,0.0
2,normal,350,0,0,62,emailservice,-,,4,4,4,0,6.3,0.0
2,normal,350,0,0,62,frontend,-,,4,4,4,0,6.3,0.0
2,normal,350,0,0,62,paymentservice,-,,4,4,4,0,6.3,0.0
2,normal,350,0,0,62,productcatalogservice,-,,4,4,4,0,6.3,0.0
2,normal,350,0,0,62,recommendationservice,-,,4,4,4,0,6.3,0.0
2,normal,350,0,0,62,redis-cart,-,,1,1,1,0,6.3,0.0
2,normal,350,0,0,62,shippingservice,-,,4,4,4,0,6.3,0.0
2,normal,350,0,0,78,adservice,-,,4,4,4,0,6.3,0.0
2,normal,350,0,0,78,cartservice,-,,4,4,4,0,6.3,0.0
2,normal,350,0,0,78,checkoutservice,-,,4,4,4,0,6.3,0.0
2,normal,350,0,0,78,currencyservice,-,,4,4,4,0,6.3,0.0
2,normal,350,0,0,78,emailservice,-,,4,4,4,0,6.3,0.0
2,normal,350,0,0,78,frontend,-,,4,4,4,0,6.3,0.0
2,normal,350,0,0,78,paymentservice,-,,4,4,4,0,6.3,0.0
2,normal,350,0,0,78,productcatalogservice,-,,4,4,4,0,6.3,0.0
2,normal,350,0,0,78,recommendationservice,-,,4,4,4,0,6.3,0.0
2,normal,350,0,0,78,redis-cart,-,,1,1,1,0,6.3,0.0
2,normal,350,0,0,78,shippingservice,-,,4,4,4,0,6.3,0.0
2,normal,350,0,0,93,adservice,-,,4,4,4,0,6.3,0.0
2,normal,350,0,0,93,cartservice,-,,4,4,4,0,6.3,0.0
2,normal,350,0,0,93,checkoutservice,-,,4,4,4,0,6.3,0.0
2,normal,350,0,0,93,currencyservice,-,,4,4,4,0,6.3,0.0
2,normal,350,0,0,93,emailservice,-,,4,4,4,0,6.3,0.0
2,normal,350,0,0,93,frontend,-,,4,4,4,0,6.3,0.0
2,normal,350,0,0,93,paymentservice,-,,4,4,4,0,6.3,0.0
2,normal,350,0,0,93,productcatalogservice,-,,4,4,4,0,6.3,0.0
2,normal,350,0,0,93,recommendationservice,-,,4,4,4,0,6.3,0.0
2,normal,350,0,0,93,redis-cart,-,,1,1,1,0,6.3,0.0
2,normal,350,0,0,93,shippingservice,-,,4,4,4,0,6.3,0.0
2,normal,350,0,0,109,adservice,-,,4,4,4,0,6.3,0.0
2,normal,350,0,0,109,cartservice,-,,4,4,4,0,6.3,0.0
2,normal,350,0,0,109,checkoutservice,-,,4,4,4,0,6.3,0.0
2,normal,350,0,0,109,currencyservice,-,,4,4,4,0,6.3,0.0
2,normal,350,0,0,109,emailservice,-,,4,4,4,0,6.3,0.0
2,normal,350,0,0,109,frontend,-,,4,4,4,0,6.3,0.0
2,normal,350,0,0,109,paymentservice,-,,4,4,4,0,6.3,0.0
2,normal,350,0,0,109,productcatalogservice,-,,4,4,4,0,6.3,0.0
2,normal,350,0,0,109,recommendationservice,-,,4,4,4,0,6.3,0.0
2,normal,350,0,0,109,redis-cart,-,,1,1,1,0,6.3,0.0
2,normal,350,0,0,109,shippingservice,-,,4,4,4,0,6.3,0.0
2,normal,350,0,0,124,adservice,-,,4,4,4,0,6.3,0.0
2,normal,350,0,0,124,cartservice,-,,4,4,4,0,6.3,0.0
2,normal,350,0,0,124,checkoutservice,-,,4,4,4,0,6.3,0.0
2,normal,350,0,0,124,currencyservice,-,,4,4,4,0,6.3,0.0
2,normal,350,0,0,124,emailservice,-,,4,4,4,0,6.3,0.0
2,normal,350,0,0,124,frontend,-,,4,4,4,0,6.3,0.0
2,normal,350,0,0,124,paymentservice,-,,4,4,4,0,6.3,0.0
2,normal,350,0,0,124,productcatalogservice,-,,4,4,4,0,6.3,0.0
2,normal,350,0,0,124,recommendationservice,-,,4,4,4,0,6.3,0.0
2,normal,350,0,0,124,redis-cart,-,,1,1,1,0,6.3,0.0
2,normal,350,0,0,124,shippingservice,-,,4,4,4,0,6.3,0.0
2,normal,350,0,0,139,adservice,-,,4,4,4,0,6.3,0.0
2,normal,350,0,0,139,cartservice,-,,4,4,4,0,6.3,0.0
2,normal,350,0,0,139,checkoutservice,-,,4,4,4,0,6.3,0.0
2,normal,350,0,0,139,currencyservice,-,,4,4,4,0,6.3,0.0
2,normal,350,0,0,139,emailservice,-,,4,4,4,0,6.3,0.0
2,normal,350,0,0,139,frontend,-,,4,4,4,0,6.3,0.0
2,normal,350,0,0,139,paymentservice,-,,4,4,4,0,6.3,0.0
2,normal,350,0,0,139,productcatalogservice,-,,4,4,4,0,6.3,0.0
2,normal,350,0,0,139,recommendationservice,-,,4,4,4,0,6.3,0.0
2,normal,350,0,0,139,redis-cart,-,,1,1,1,0,6.3,0.0
2,normal,350,0,0,139,shippingservice,-,,4,4,4,0,6.3,0.0
2,normal,350,0,0,155,adservice,-,,4,4,4,0,6.3,0.0
2,normal,350,0,0,155,cartservice,-,,4,4,4,0,6.3,0.0
2,normal,350,0,0,155,checkoutservice,-,,4,4,4,0,6.3,0.0
2,normal,350,0,0,155,currencyservice,-,,4,4,4,0,6.3,0.0
2,normal,350,0,0,155,emailservice,-,,4,4,4,0,6.3,0.0
2,normal,350,0,0,155,frontend,-,,4,4,4,0,6.3,0.0
2,normal,350,0,0,155,paymentservice,-,,4,4,4,0,6.3,0.0
2,normal,350,0,0,155,productcatalogservice,-,,4,4,4,0,6.3,0.0
2,normal,350,0,0,155,recommendationservice,-,,4,4,4,0,6.3,0.0
2,normal,350,0,0,155,redis-cart,-,,1,1,1,0,6.3,0.0
2,normal,350,0,0,155,shippingservice,-,,4,4,4,0,6.3,0.0
2,normal,350,0,0,170,adservice,-,,4,4,4,0,6.3,0.0
2,normal,350,0,0,170,cartservice,-,,4,4,4,0,6.3,0.0
2,normal,350,0,0,170,checkoutservice,-,,4,4,4,0,6.3,0.0
2,normal,350,0,0,170,currencyservice,-,,4,4,4,0,6.3,0.0
2,normal,350,0,0,170,emailservice,-,,4,4,4,0,6.3,0.0
2,normal,350,0,0,170,frontend,-,,4,4,4,0,6.3,0.0
2,normal,350,0,0,170,paymentservice,-,,4,4,4,0,6.3,0.0
2,normal,350,0,0,170,productcatalogservice,-,,4,4,4,0,6.3,0.0
2,normal,350,0,0,170,recommendationservice,-,,4,4,4,0,6.3,0.0
2,normal,350,0,0,170,redis-cart,-,,1,1,1,0,6.3,0.0
2,normal,350,0,0,170,shippingservice,-,,4,4,4,0,6.3,0.0
2,normal,350,0,0,186,adservice,-,,4,4,4,0,6.3,0.0
2,normal,350,0,0,186,cartservice,-,,4,4,4,0,6.3,0.0
2,normal,350,0,0,186,checkoutservice,-,,4,4,4,0,6.3,0.0
2,normal,350,0,0,186,currencyservice,-,,4,4,4,0,6.3,0.0
2,normal,350,0,0,186,emailservice,-,,4,4,4,0,6.3,0.0
2,normal,350,0,0,186,frontend,-,,4,4,4,0,6.3,0.0
2,normal,350,0,0,186,paymentservice,-,,4,4,4,0,6.3,0.0
2,normal,350,0,0,186,productcatalogservice,-,,4,4,4,0,6.3,0.0
2,normal,350,0,0,186,recommendationservice,-,,4,4,4,0,6.3,0.0
2,normal,350,0,0,186,redis-cart,-,,1,1,1,0,6.3,0.0
2,normal,350,0,0,186,shippingservice,-,,4,4,4,0,6.3,0.0
2,normal,350,0,0,201,adservice,-,,4,4,4,0,6.3,0.0
2,normal,350,0,0,201,cartservice,-,,4,4,4,0,6.3,0.0
2,normal,350,0,0,201,checkoutservice,-,,4,4,4,0,6.3,0.0
2,normal,350,0,0,201,currencyservice,-,,4,4,4,0,6.3,0.0
2,normal,350,0,0,201,emailservice,-,,4,4,4,0,6.3,0.0
2,normal,350,0,0,201,frontend,-,,4,4,4,0,6.3,0.0
2,normal,350,0,0,201,paymentservice,-,,4,4,4,0,6.3,0.0
2,normal,350,0,0,201,productcatalogservice,-,,4,4,4,0,6.3,0.0
2,normal,350,0,0,201,recommendationservice,-,,4,4,4,0,6.3,0.0
2,normal,350,0,0,201,redis-cart,-,,1,1,1,0,6.3,0.0
2,normal,350,0,0,201,shippingservice,-,,4,4,4,0,6.3,0.0
2,normal,400,0,0,0,adservice,-,,4,4,4,0,6.3,0.0
2,normal,400,0,0,0,cartservice,-,,4,4,4,0,6.3,0.0
2,normal,400,0,0,0,checkoutservice,-,,4,4,4,0,6.3,0.0
2,normal,400,0,0,0,currencyservice,-,,4,4,4,0,6.3,0.0
2,normal,400,0,0,0,emailservice,-,,4,4,4,0,6.3,0.0
2,normal,400,0,0,0,frontend,-,,4,4,4,0,6.3,0.0
2,normal,400,0,0,0,paymentservice,-,,4,4,4,0,6.3,0.0
2,normal,400,0,0,0,productcatalogservice,-,,4,4,4,0,6.3,0.0
2,normal,400,0,0,0,recommendationservice,-,,4,4,4,0,6.3,0.0
2,normal,400,0,0,0,redis-cart,-,,1,1,1,0,6.3,0.0
2,normal,400,0,0,0,shippingservice,-,,4,4,4,0,6.3,0.0
2,normal,400,0,0,15,adservice,-,,4,4,4,0,6.3,0.0
2,normal,400,0,0,15,cartservice,-,,4,4,4,0,6.3,0.0
2,normal,400,0,0,15,checkoutservice,-,,4,4,4,0,6.3,0.0
2,normal,400,0,0,15,currencyservice,-,,4,4,4,0,6.3,0.0
2,normal,400,0,0,15,emailservice,-,,4,4,4,0,6.3,0.0
2,normal,400,0,0,15,frontend,-,,4,4,4,0,6.3,0.0
2,normal,400,0,0,15,paymentservice,-,,4,4,4,0,6.3,0.0
2,normal,400,0,0,15,productcatalogservice,-,,4,4,4,0,6.3,0.0
2,normal,400,0,0,15,recommendationservice,-,,4,4,4,0,6.3,0.0
2,normal,400,0,0,15,redis-cart,-,,1,1,1,0,6.3,0.0
2,normal,400,0,0,15,shippingservice,-,,4,4,4,0,6.3,0.0
2,normal,400,0,0,31,adservice,-,,4,4,4,0,6.3,0.0
2,normal,400,0,0,31,cartservice,-,,4,4,4,0,6.3,0.0
2,normal,400,0,0,31,checkoutservice,-,,4,4,4,0,6.3,0.0
2,normal,400,0,0,31,currencyservice,-,,4,4,4,0,6.3,0.0
2,normal,400,0,0,31,emailservice,-,,4,4,4,0,6.3,0.0
2,normal,400,0,0,31,frontend,-,,4,4,4,0,6.3,0.0
2,normal,400,0,0,31,paymentservice,-,,4,4,4,0,6.3,0.0
2,normal,400,0,0,31,productcatalogservice,-,,4,4,4,0,6.3,0.0
2,normal,400,0,0,31,recommendationservice,-,,4,4,4,0,6.3,0.0
2,normal,400,0,0,31,redis-cart,-,,1,1,1,0,6.3,0.0
2,normal,400,0,0,31,shippingservice,-,,4,4,4,0,6.3,0.0
2,normal,400,0,0,46,adservice,-,,4,4,4,0,6.3,0.0
2,normal,400,0,0,46,cartservice,-,,4,4,4,0,6.3,0.0
2,normal,400,0,0,46,checkoutservice,-,,4,4,4,0,6.3,0.0
2,normal,400,0,0,46,currencyservice,-,,4,4,4,0,6.3,0.0
2,normal,400,0,0,46,emailservice,-,,4,4,4,0,6.3,0.0
2,normal,400,0,0,46,frontend,-,,4,4,4,0,6.3,0.0
2,normal,400,0,0,46,paymentservice,-,,4,4,4,0,6.3,0.0
2,normal,400,0,0,46,productcatalogservice,-,,4,4,4,0,6.3,0.0
2,normal,400,0,0,46,recommendationservice,-,,4,4,4,0,6.3,0.0
2,normal,400,0,0,46,redis-cart,-,,1,1,1,0,6.3,0.0
2,normal,400,0,0,46,shippingservice,-,,4,4,4,0,6.3,0.0
2,normal,400,0,0,62,adservice,-,,4,4,4,0,6.3,0.0
2,normal,400,0,0,62,cartservice,-,,4,4,4,0,6.3,0.0
2,normal,400,0,0,62,checkoutservice,-,,4,4,4,0,6.3,0.0
2,normal,400,0,0,62,currencyservice,-,,4,4,4,0,6.3,0.0
2,normal,400,0,0,62,emailservice,-,,4,4,4,0,6.3,0.0
2,normal,400,0,0,62,frontend,-,,4,4,4,0,6.3,0.0
2,normal,400,0,0,62,paymentservice,-,,4,4,4,0,6.3,0.0
2,normal,400,0,0,62,productcatalogservice,-,,4,4,4,0,6.3,0.0
2,normal,400,0,0,62,recommendationservice,-,,4,4,3,0,6.3,0.0
2,normal,400,0,0,62,redis-cart,-,,1,1,1,0,6.3,0.0
2,normal,400,0,0,62,shippingservice,-,,4,4,4,0,6.3,0.0
2,normal,400,0,0,77,adservice,-,,4,4,4,0,6.3,0.0
2,normal,400,0,0,77,cartservice,-,,4,4,4,0,6.3,0.0
2,normal,400,0,0,77,checkoutservice,-,,4,4,4,0,6.3,0.0
2,normal,400,0,0,77,currencyservice,-,,4,4,4,0,6.3,0.0
2,normal,400,0,0,77,emailservice,-,,4,4,4,0,6.3,0.0
2,normal,400,0,0,77,frontend,-,,4,4,4,0,6.3,0.0
2,normal,400,0,0,77,paymentservice,-,,4,4,4,0,6.3,0.0
2,normal,400,0,0,77,productcatalogservice,-,,4,4,4,0,6.3,0.0
2,normal,400,0,0,77,recommendationservice,-,,4,4,3,0,6.3,0.0
2,normal,400,0,0,77,redis-cart,-,,1,1,1,0,6.3,0.0
2,normal,400,0,0,77,shippingservice,-,,4,4,4,0,6.3,0.0
2,normal,400,0,0,93,adservice,-,,4,4,4,0,6.3,0.0
2,normal,400,0,0,93,cartservice,-,,4,4,4,0,6.3,0.0
2,normal,400,0,0,93,checkoutservice,-,,4,4,4,0,6.3,0.0
2,normal,400,0,0,93,currencyservice,-,,4,4,4,0,6.3,0.0
2,normal,400,0,0,93,emailservice,-,,4,4,4,0,6.3,0.0
2,normal,400,0,0,93,frontend,-,,4,4,4,0,6.3,0.0
2,normal,400,0,0,93,paymentservice,-,,4,4,4,0,6.3,0.0
2,normal,400,0,0,93,productcatalogservice,-,,4,4,4,0,6.3,0.0
2,normal,400,0,0,93,recommendationservice,-,,4,4,3,0,6.3,0.0
2,normal,400,0,0,93,redis-cart,-,,1,1,1,0,6.3,0.0
2,normal,400,0,0,93,shippingservice,-,,4,4,4,0,6.3,0.0
2,normal,400,0,0,108,adservice,-,,4,4,4,0,6.3,0.0
2,normal,400,0,0,108,cartservice,-,,4,4,4,0,6.3,0.0
2,normal,400,0,0,108,checkoutservice,-,,4,4,4,0,6.3,0.0
2,normal,400,0,0,108,currencyservice,-,,4,4,4,0,6.3,0.0
2,normal,400,0,0,108,emailservice,-,,4,4,4,0,6.3,0.0
2,normal,400,0,0,108,frontend,-,,4,4,4,0,6.3,0.0
2,normal,400,0,0,108,paymentservice,-,,4,4,4,0,6.3,0.0
2,normal,400,0,0,108,productcatalogservice,-,,4,4,4,0,6.3,0.0
2,normal,400,0,0,108,recommendationservice,-,,4,4,1,0,6.3,0.0
2,normal,400,0,0,108,redis-cart,-,,1,1,1,0,6.3,0.0
2,normal,400,0,0,108,shippingservice,-,,4,4,4,0,6.3,0.0
2,normal,400,0,0,124,adservice,-,,4,4,4,0,6.3,0.0
2,normal,400,0,0,124,cartservice,-,,4,4,4,0,6.3,0.0
2,normal,400,0,0,124,checkoutservice,-,,4,4,4,0,6.3,0.0
2,normal,400,0,0,124,currencyservice,-,,4,4,4,0,6.3,0.0
2,normal,400,0,0,124,emailservice,-,,4,4,4,0,6.3,0.0
2,normal,400,0,0,124,frontend,-,,4,4,4,0,6.3,0.0
2,normal,400,0,0,124,paymentservice,-,,4,4,4,0,6.3,0.0
2,normal,400,0,0,124,productcatalogservice,-,,4,4,4,0,6.3,0.0
2,normal,400,0,0,124,recommendationservice,-,,4,4,3,0,6.3,0.0
2,normal,400,0,0,124,redis-cart,-,,1,1,1,0,6.3,0.0
2,normal,400,0,0,124,shippingservice,-,,4,4,4,0,6.3,0.0
2,normal,400,0,0,139,adservice,-,,4,4,4,0,6.3,0.0
2,normal,400,0,0,139,cartservice,-,,4,4,4,0,6.3,0.0
2,normal,400,0,0,139,checkoutservice,-,,4,4,4,0,6.3,0.0
2,normal,400,0,0,139,currencyservice,-,,4,4,4,0,6.3,0.0
2,normal,400,0,0,139,emailservice,-,,4,4,4,0,6.3,0.0
2,normal,400,0,0,139,frontend,-,,4,4,4,0,6.3,0.0
2,normal,400,0,0,139,paymentservice,-,,4,4,4,0,6.3,0.0
2,normal,400,0,0,139,productcatalogservice,-,,4,4,4,0,6.3,0.0
2,normal,400,0,0,139,recommendationservice,-,,4,4,1,0,6.3,0.0
2,normal,400,0,0,139,redis-cart,-,,1,1,1,0,6.3,0.0
2,normal,400,0,0,139,shippingservice,-,,4,4,4,0,6.3,0.0
2,normal,400,0,0,155,adservice,-,,4,4,4,0,6.3,0.0
2,normal,400,0,0,155,cartservice,-,,4,4,4,0,6.3,0.0
2,normal,400,0,0,155,checkoutservice,-,,4,4,4,0,6.3,0.0
2,normal,400,0,0,155,currencyservice,-,,4,4,4,0,6.3,0.0
2,normal,400,0,0,155,emailservice,-,,4,4,4,0,6.3,0.0
2,normal,400,0,0,155,frontend,-,,4,4,4,0,6.3,0.0
2,normal,400,0,0,155,paymentservice,-,,4,4,4,0,6.3,0.0
2,normal,400,0,0,155,productcatalogservice,-,,4,4,4,0,6.3,0.0
2,normal,400,0,0,155,recommendationservice,-,,4,4,1,0,6.3,0.0
2,normal,400,0,0,155,redis-cart,-,,1,1,1,0,6.3,0.0
2,normal,400,0,0,155,shippingservice,-,,4,4,4,0,6.3,0.0
2,normal,400,0,0,170,adservice,-,,4,4,4,0,6.3,0.0
2,normal,400,0,0,170,cartservice,-,,4,4,4,0,6.3,0.0
2,normal,400,0,0,170,checkoutservice,-,,4,4,4,0,6.3,0.0
2,normal,400,0,0,170,currencyservice,-,,4,4,4,0,6.3,0.0
2,normal,400,0,0,170,emailservice,-,,4,4,4,0,6.3,0.0
2,normal,400,0,0,170,frontend,-,,4,4,4,0,6.3,0.0
2,normal,400,0,0,170,paymentservice,-,,4,4,4,0,6.3,0.0
2,normal,400,0,0,170,productcatalogservice,-,,4,4,4,0,6.3,0.0
2,normal,400,0,0,170,recommendationservice,-,,4,4,2,0,6.3,0.0
2,normal,400,0,0,170,redis-cart,-,,1,1,1,0,6.3,0.0
2,normal,400,0,0,170,shippingservice,-,,4,4,4,0,6.3,0.0
2,normal,400,0,0,186,adservice,-,,4,4,4,0,6.3,0.0
2,normal,400,0,0,186,cartservice,-,,4,4,4,0,6.3,0.0
2,normal,400,0,0,186,checkoutservice,-,,4,4,4,0,6.3,0.0
2,normal,400,0,0,186,currencyservice,-,,4,4,4,0,6.3,0.0
2,normal,400,0,0,186,emailservice,-,,4,4,4,0,6.3,0.0
2,normal,400,0,0,186,frontend,-,,4,4,4,0,6.3,0.0
2,normal,400,0,0,186,paymentservice,-,,4,4,4,0,6.3,0.0
2,normal,400,0,0,186,productcatalogservice,-,,4,4,4,0,6.3,0.0
2,normal,400,0,0,186,recommendationservice,-,,4,4,1,0,6.3,0.0
2,normal,400,0,0,186,redis-cart,-,,1,1,1,0,6.3,0.0
2,normal,400,0,0,186,shippingservice,-,,4,4,4,0,6.3,0.0
2,normal,400,0,0,201,adservice,-,,4,4,4,0,6.3,0.0
2,normal,400,0,0,201,cartservice,-,,4,4,4,0,6.3,0.0
2,normal,400,0,0,201,checkoutservice,-,,4,4,4,0,6.3,0.0
2,normal,400,0,0,201,currencyservice,-,,4,4,4,0,6.3,0.0
2,normal,400,0,0,201,emailservice,-,,4,4,4,0,6.3,0.0
2,normal,400,0,0,201,frontend,-,,4,4,4,0,6.3,0.0
2,normal,400,0,0,201,paymentservice,-,,4,4,4,0,6.3,0.0
2,normal,400,0,0,201,productcatalogservice,-,,4,4,4,0,6.3,0.0
2,normal,400,0,0,201,recommendationservice,-,,4,4,3,0,6.3,0.0
2,normal,400,0,0,201,redis-cart,-,,1,1,1,0,6.3,0.0
2,normal,400,0,0,201,shippingservice,-,,4,4,4,0,6.3,0.0
2,normal,450,0,0,1,adservice,-,,4,4,4,0,6.3,0.0
2,normal,450,0,0,1,cartservice,-,,4,4,4,0,6.3,0.0
2,normal,450,0,0,1,checkoutservice,-,,4,4,4,0,6.3,0.0
2,normal,450,0,0,1,currencyservice,-,,4,4,4,0,6.3,0.0
2,normal,450,0,0,1,emailservice,-,,4,4,4,0,6.3,0.0
2,normal,450,0,0,1,frontend,-,,4,4,4,0,6.3,0.0
2,normal,450,0,0,1,paymentservice,-,,4,4,4,0,6.3,0.0
2,normal,450,0,0,1,productcatalogservice,-,,4,4,4,0,6.3,0.0
2,normal,450,0,0,1,recommendationservice,-,,4,4,4,0,6.3,0.0
2,normal,450,0,0,1,redis-cart,-,,1,1,1,0,6.3,0.0
2,normal,450,0,0,1,shippingservice,-,,4,4,4,0,6.3,0.0
2,normal,450,0,0,16,adservice,-,,4,4,4,0,6.3,0.0
2,normal,450,0,0,16,cartservice,-,,4,4,4,0,6.3,0.0
2,normal,450,0,0,16,checkoutservice,-,,4,4,4,0,6.3,0.0
2,normal,450,0,0,16,currencyservice,-,,4,4,4,0,6.3,0.0
2,normal,450,0,0,16,emailservice,-,,4,4,4,0,6.3,0.0
2,normal,450,0,0,16,frontend,-,,4,4,4,0,6.3,0.0
2,normal,450,0,0,16,paymentservice,-,,4,4,4,0,6.3,0.0
2,normal,450,0,0,16,productcatalogservice,-,,4,4,4,0,6.3,0.0
2,normal,450,0,0,16,recommendationservice,-,,4,4,4,0,6.3,0.0
2,normal,450,0,0,16,redis-cart,-,,1,1,1,0,6.3,0.0
2,normal,450,0,0,16,shippingservice,-,,4,4,4,0,6.3,0.0
2,normal,450,0,0,31,adservice,-,,4,4,4,0,6.3,0.0
2,normal,450,0,0,31,cartservice,-,,4,4,4,0,6.3,0.0
2,normal,450,0,0,31,checkoutservice,-,,4,4,4,0,6.3,0.0
2,normal,450,0,0,31,currencyservice,-,,4,4,4,0,6.3,0.0
2,normal,450,0,0,31,emailservice,-,,4,4,4,0,6.3,0.0
2,normal,450,0,0,31,frontend,-,,4,4,4,0,6.3,0.0
2,normal,450,0,0,31,paymentservice,-,,4,4,4,0,6.3,0.0
2,normal,450,0,0,31,productcatalogservice,-,,4,4,4,0,6.3,0.0
2,normal,450,0,0,31,recommendationservice,-,,4,4,3,0,6.3,0.0
2,normal,450,0,0,31,redis-cart,-,,1,1,1,0,6.3,0.0
2,normal,450,0,0,31,shippingservice,-,,4,4,4,0,6.3,0.0
2,normal,450,0,0,47,adservice,-,,4,4,4,0,6.3,0.0
2,normal,450,0,0,47,cartservice,-,,4,4,4,0,6.3,0.0
2,normal,450,0,0,47,checkoutservice,-,,4,4,4,0,6.3,0.0
2,normal,450,0,0,47,currencyservice,-,,4,4,4,0,6.3,0.0
2,normal,450,0,0,47,emailservice,-,,4,4,4,0,6.3,0.0
2,normal,450,0,0,47,frontend,-,,4,4,4,0,6.3,0.0
2,normal,450,0,0,47,paymentservice,-,,4,4,4,0,6.3,0.0
2,normal,450,0,0,47,productcatalogservice,-,,4,4,4,0,6.3,0.0
2,normal,450,0,0,47,recommendationservice,-,,4,4,3,0,6.3,0.0
2,normal,450,0,0,47,redis-cart,-,,1,1,1,0,6.3,0.0
2,normal,450,0,0,47,shippingservice,-,,4,4,4,0,6.3,0.0
2,normal,450,0,0,62,adservice,-,,4,4,4,0,6.3,0.0
2,normal,450,0,0,62,cartservice,-,,4,4,4,0,6.3,0.0
2,normal,450,0,0,62,checkoutservice,-,,4,4,4,0,6.3,0.0
2,normal,450,0,0,62,currencyservice,-,,4,4,4,0,6.3,0.0
2,normal,450,0,0,62,emailservice,-,,4,4,4,0,6.3,0.0
2,normal,450,0,0,62,frontend,-,,4,4,4,0,6.3,0.0
2,normal,450,0,0,62,paymentservice,-,,4,4,4,0,6.3,0.0
2,normal,450,0,0,62,productcatalogservice,-,,4,4,4,0,6.3,0.0
2,normal,450,0,0,62,recommendationservice,-,,4,4,1,0,6.3,0.0
2,normal,450,0,0,62,redis-cart,-,,1,1,1,0,6.3,0.0
2,normal,450,0,0,62,shippingservice,-,,4,4,4,0,6.3,0.0
2,normal,450,0,0,78,adservice,-,,4,4,4,0,6.3,0.0
2,normal,450,0,0,78,cartservice,-,,4,4,4,0,6.3,0.0
2,normal,450,0,0,78,checkoutservice,-,,4,4,4,0,6.3,0.0
2,normal,450,0,0,78,currencyservice,-,,4,4,4,0,6.3,0.0
2,normal,450,0,0,78,emailservice,-,,4,4,4,0,6.3,0.0
2,normal,450,0,0,78,frontend,-,,4,4,4,0,6.3,0.0
2,normal,450,0,0,78,paymentservice,-,,4,4,4,0,6.3,0.0
2,normal,450,0,0,78,productcatalogservice,-,,4,4,4,0,6.3,0.0
2,normal,450,0,0,78,recommendationservice,-,,4,4,1,0,6.3,0.0
2,normal,450,0,0,78,redis-cart,-,,1,1,1,0,6.3,0.0
2,normal,450,0,0,78,shippingservice,-,,4,4,4,0,6.3,0.0
2,normal,450,0,0,93,adservice,-,,4,4,4,0,6.3,0.0
2,normal,450,0,0,93,cartservice,-,,4,4,4,0,6.3,0.0
2,normal,450,0,0,93,checkoutservice,-,,4,4,4,0,6.3,0.0
2,normal,450,0,0,93,currencyservice,-,,4,4,4,0,6.3,0.0
2,normal,450,0,0,93,emailservice,-,,4,4,4,0,6.3,0.0
2,normal,450,0,0,93,frontend,-,,4,4,4,0,6.3,0.0
2,normal,450,0,0,93,paymentservice,-,,4,4,4,0,6.3,0.0
2,normal,450,0,0,93,productcatalogservice,-,,4,4,4,0,6.3,0.0
2,normal,450,0,0,93,recommendationservice,-,,4,4,1,0,6.3,0.0
2,normal,450,0,0,93,redis-cart,-,,1,1,1,0,6.3,0.0
2,normal,450,0,0,93,shippingservice,-,,4,4,4,0,6.3,0.0
2,normal,450,0,0,109,adservice,-,,4,4,4,0,6.3,0.0
2,normal,450,0,0,109,cartservice,-,,4,4,4,0,6.3,0.0
2,normal,450,0,0,109,checkoutservice,-,,4,4,4,0,6.3,0.0
2,normal,450,0,0,109,currencyservice,-,,4,4,4,0,6.3,0.0
2,normal,450,0,0,109,emailservice,-,,4,4,4,0,6.3,0.0
2,normal,450,0,0,109,frontend,-,,4,4,4,0,6.3,0.0
2,normal,450,0,0,109,paymentservice,-,,4,4,4,0,6.3,0.0
2,normal,450,0,0,109,productcatalogservice,-,,4,4,4,0,6.3,0.0
2,normal,450,0,0,109,recommendationservice,-,,4,4,1,0,6.3,0.0
2,normal,450,0,0,109,redis-cart,-,,1,1,1,0,6.3,0.0
2,normal,450,0,0,109,shippingservice,-,,4,4,4,0,6.3,0.0
2,normal,450,0,0,124,adservice,-,,4,4,4,0,6.3,0.0
2,normal,450,0,0,124,cartservice,-,,4,4,4,0,6.3,0.0
2,normal,450,0,0,124,checkoutservice,-,,4,4,4,0,6.3,0.0
2,normal,450,0,0,124,currencyservice,-,,4,4,4,0,6.3,0.0
2,normal,450,0,0,124,emailservice,-,,4,4,4,0,6.3,0.0
2,normal,450,0,0,124,frontend,-,,4,4,4,0,6.3,0.0
2,normal,450,0,0,124,paymentservice,-,,4,4,4,0,6.3,0.0
2,normal,450,0,0,124,productcatalogservice,-,,4,4,4,0,6.3,0.0
2,normal,450,0,0,124,recommendationservice,-,,4,4,2,0,6.3,0.0
2,normal,450,0,0,124,redis-cart,-,,1,1,1,0,6.3,0.0
2,normal,450,0,0,124,shippingservice,-,,4,4,4,0,6.3,0.0
2,normal,450,0,0,140,adservice,-,,4,4,4,0,6.3,0.0
2,normal,450,0,0,140,cartservice,-,,4,4,4,0,6.3,0.0
2,normal,450,0,0,140,checkoutservice,-,,4,4,4,0,6.3,0.0
2,normal,450,0,0,140,currencyservice,-,,4,4,4,0,6.3,0.0
2,normal,450,0,0,140,emailservice,-,,4,4,4,0,6.3,0.0
2,normal,450,0,0,140,frontend,-,,4,4,4,0,6.3,0.0
2,normal,450,0,0,140,paymentservice,-,,4,4,4,0,6.3,0.0
2,normal,450,0,0,140,productcatalogservice,-,,4,4,4,0,6.3,0.0
2,normal,450,0,0,140,recommendationservice,-,,4,4,3,0,6.3,0.0
2,normal,450,0,0,140,redis-cart,-,,1,1,1,0,6.3,0.0
2,normal,450,0,0,140,shippingservice,-,,4,4,4,0,6.3,0.0
2,normal,450,0,0,155,adservice,-,,4,4,4,0,6.3,0.0
2,normal,450,0,0,155,cartservice,-,,4,4,4,0,6.3,0.0
2,normal,450,0,0,155,checkoutservice,-,,4,4,4,0,6.3,0.0
2,normal,450,0,0,155,currencyservice,-,,4,4,4,0,6.3,0.0
2,normal,450,0,0,155,emailservice,-,,4,4,4,0,6.3,0.0
2,normal,450,0,0,155,frontend,-,,4,4,4,0,6.3,0.0
2,normal,450,0,0,155,paymentservice,-,,4,4,4,0,6.3,0.0
2,normal,450,0,0,155,productcatalogservice,-,,4,4,4,0,6.3,0.0
2,normal,450,0,0,155,recommendationservice,-,,4,4,3,0,6.3,0.0
2,normal,450,0,0,155,redis-cart,-,,1,1,1,0,6.3,0.0
2,normal,450,0,0,155,shippingservice,-,,4,4,4,0,6.3,0.0
2,normal,450,0,0,170,adservice,-,,4,4,4,0,6.3,0.0
2,normal,450,0,0,170,cartservice,-,,4,4,4,0,6.3,0.0
2,normal,450,0,0,170,checkoutservice,-,,4,4,4,0,6.3,0.0
2,normal,450,0,0,170,currencyservice,-,,4,4,4,0,6.3,0.0
2,normal,450,0,0,170,emailservice,-,,4,4,4,0,6.3,0.0
2,normal,450,0,0,170,frontend,-,,4,4,4,0,6.3,0.0
2,normal,450,0,0,170,paymentservice,-,,4,4,4,0,6.3,0.0
2,normal,450,0,0,170,productcatalogservice,-,,4,4,4,0,6.3,0.0
2,normal,450,0,0,170,recommendationservice,-,,4,4,2,0,6.3,0.0
2,normal,450,0,0,170,redis-cart,-,,1,1,1,0,6.3,0.0
2,normal,450,0,0,170,shippingservice,-,,4,4,4,0,6.3,0.0
2,normal,450,0,0,186,adservice,-,,4,4,4,0,6.3,0.0
2,normal,450,0,0,186,cartservice,-,,4,4,4,0,6.3,0.0
2,normal,450,0,0,186,checkoutservice,-,,4,4,4,0,6.3,0.0
2,normal,450,0,0,186,currencyservice,-,,4,4,4,0,6.3,0.0
2,normal,450,0,0,186,emailservice,-,,4,4,4,0,6.3,0.0
2,normal,450,0,0,186,frontend,-,,4,4,4,0,6.3,0.0
2,normal,450,0,0,186,paymentservice,-,,4,4,4,0,6.3,0.0
2,normal,450,0,0,186,productcatalogservice,-,,4,4,4,0,6.3,0.0
2,normal,450,0,0,186,recommendationservice,-,,4,4,2,0,6.3,0.0
2,normal,450,0,0,186,redis-cart,-,,1,1,1,0,6.3,0.0
2,normal,450,0,0,186,shippingservice,-,,4,4,4,0,6.3,0.0
2,normal,450,0,0,201,adservice,-,,4,4,4,0,6.3,0.0
2,normal,450,0,0,201,cartservice,-,,4,4,4,0,6.3,0.0
2,normal,450,0,0,201,checkoutservice,-,,4,4,4,0,6.3,0.0
2,normal,450,0,0,201,currencyservice,-,,4,4,4,0,6.3,0.0
2,normal,450,0,0,201,emailservice,-,,4,4,4,0,6.3,0.0
2,normal,450,0,0,201,frontend,-,,4,4,4,0,6.3,0.0
2,normal,450,0,0,201,paymentservice,-,,4,4,4,0,6.3,0.0
2,normal,450,0,0,201,productcatalogservice,-,,4,4,4,0,6.3,0.0
2,normal,450,0,0,201,recommendationservice,-,,4,4,4,0,6.3,0.0
2,normal,450,0,0,201,redis-cart,-,,1,1,1,0,6.3,0.0
2,normal,450,0,0,201,shippingservice,-,,4,4,4,0,6.3,0.0
2,frontrecocatalog,350,0,0,0,adservice,-,,4,4,4,0,6.3,0.0
2,frontrecocatalog,350,0,0,0,cartservice,-,,4,4,4,0,6.3,0.0
2,frontrecocatalog,350,0,0,0,checkoutservice,-,,4,4,4,0,6.3,0.0
2,frontrecocatalog,350,0,0,0,currencyservice,-,,4,4,4,0,6.3,0.0
2,frontrecocatalog,350,0,0,0,emailservice,-,,4,4,4,0,6.3,0.0
2,frontrecocatalog,350,0,0,0,frontend,-,,4,4,4,0,6.3,0.0
2,frontrecocatalog,350,0,0,0,paymentservice,-,,4,4,4,0,6.3,0.0
2,frontrecocatalog,350,0,0,0,redis-cart,-,,1,1,1,0,6.3,0.0
2,frontrecocatalog,350,0,0,0,shippingservice,-,,4,4,4,0,6.3,0.0
2,frontrecocatalog,350,0,0,16,adservice,-,,4,4,4,0,6.3,0.0
2,frontrecocatalog,350,0,0,16,cartservice,-,,4,4,4,0,6.3,0.0
2,frontrecocatalog,350,0,0,16,checkoutservice,-,,4,4,4,0,6.3,0.0
2,frontrecocatalog,350,0,0,16,currencyservice,-,,4,4,4,0,6.3,0.0
2,frontrecocatalog,350,0,0,16,emailservice,-,,4,4,4,0,6.3,0.0
2,frontrecocatalog,350,0,0,16,frontend,-,,4,4,4,0,6.3,0.0
2,frontrecocatalog,350,0,0,16,paymentservice,-,,4,4,4,0,6.3,0.0
2,frontrecocatalog,350,0,0,16,redis-cart,-,,1,1,1,0,6.3,0.0
2,frontrecocatalog,350,0,0,16,shippingservice,-,,4,4,4,0,6.3,0.0
2,frontrecocatalog,350,0,0,31,adservice,-,,4,4,4,0,6.3,0.0
2,frontrecocatalog,350,0,0,31,cartservice,-,,4,4,4,0,6.3,0.0
2,frontrecocatalog,350,0,0,31,checkoutservice,-,,4,4,4,0,6.3,0.0
2,frontrecocatalog,350,0,0,31,currencyservice,-,,4,4,4,0,6.3,0.0
2,frontrecocatalog,350,0,0,31,emailservice,-,,4,4,4,0,6.3,0.0
2,frontrecocatalog,350,0,0,31,frontend,-,,4,4,4,0,6.3,0.0
2,frontrecocatalog,350,0,0,31,paymentservice,-,,4,4,4,0,6.3,0.0
2,frontrecocatalog,350,0,0,31,redis-cart,-,,1,1,1,0,6.3,0.0
2,frontrecocatalog,350,0,0,31,shippingservice,-,,4,4,4,0,6.3,0.0
2,frontrecocatalog,350,0,0,46,adservice,-,,4,4,4,0,6.3,0.0
2,frontrecocatalog,350,0,0,46,cartservice,-,,4,4,4,0,6.3,0.0
2,frontrecocatalog,350,0,0,46,checkoutservice,-,,4,4,4,0,6.3,0.0
2,frontrecocatalog,350,0,0,46,currencyservice,-,,4,4,4,0,6.3,0.0
2,frontrecocatalog,350,0,0,46,emailservice,-,,4,4,4,0,6.3,0.0
2,frontrecocatalog,350,0,0,46,frontend,-,,4,4,4,0,6.3,0.0
2,frontrecocatalog,350,0,0,46,paymentservice,-,,4,4,4,0,6.3,0.0
2,frontrecocatalog,350,0,0,46,redis-cart,-,,1,1,1,0,6.3,0.0
2,frontrecocatalog,350,0,0,46,shippingservice,-,,4,4,4,0,6.3,0.0
2,frontrecocatalog,350,0,0,62,adservice,-,,4,4,4,0,6.3,0.0
2,frontrecocatalog,350,0,0,62,cartservice,-,,4,4,4,0,6.3,0.0
2,frontrecocatalog,350,0,0,62,checkoutservice,-,,4,4,4,0,6.3,0.0
2,frontrecocatalog,350,0,0,62,currencyservice,-,,4,4,4,0,6.3,0.0
2,frontrecocatalog,350,0,0,62,emailservice,-,,4,4,4,0,6.3,0.0
2,frontrecocatalog,350,0,0,62,frontend,-,,4,4,4,0,6.3,0.0
2,frontrecocatalog,350,0,0,62,paymentservice,-,,4,4,4,0,6.3,0.0
2,frontrecocatalog,350,0,0,62,redis-cart,-,,1,1,1,0,6.3,0.0
2,frontrecocatalog,350,0,0,62,shippingservice,-,,4,4,4,0,6.3,0.0
2,frontrecocatalog,350,0,0,77,adservice,-,,4,4,4,0,6.3,0.0
2,frontrecocatalog,350,0,0,77,cartservice,-,,4,4,4,0,6.3,0.0
2,frontrecocatalog,350,0,0,77,checkoutservice,-,,4,4,4,0,6.3,0.0
2,frontrecocatalog,350,0,0,77,currencyservice,-,,4,4,4,0,6.3,0.0
2,frontrecocatalog,350,0,0,77,emailservice,-,,4,4,4,0,6.3,0.0
2,frontrecocatalog,350,0,0,77,frontend,-,,4,4,4,0,6.3,0.0
2,frontrecocatalog,350,0,0,77,paymentservice,-,,4,4,4,0,6.3,0.0
2,frontrecocatalog,350,0,0,77,redis-cart,-,,1,1,1,0,6.3,0.0
2,frontrecocatalog,350,0,0,77,shippingservice,-,,4,4,4,0,6.3,0.0
2,frontrecocatalog,350,0,0,93,adservice,-,,4,4,4,0,6.3,0.0
2,frontrecocatalog,350,0,0,93,cartservice,-,,4,4,4,0,6.3,0.0
2,frontrecocatalog,350,0,0,93,checkoutservice,-,,4,4,4,0,6.3,0.0
2,frontrecocatalog,350,0,0,93,currencyservice,-,,4,4,4,0,6.3,0.0
2,frontrecocatalog,350,0,0,93,emailservice,-,,4,4,4,0,6.3,0.0
2,frontrecocatalog,350,0,0,93,frontend,-,,4,4,4,0,6.3,0.0
2,frontrecocatalog,350,0,0,93,paymentservice,-,,4,4,4,0,6.3,0.0
2,frontrecocatalog,350,0,0,93,redis-cart,-,,1,1,1,0,6.3,0.0
2,frontrecocatalog,350,0,0,93,shippingservice,-,,4,4,4,0,6.3,0.0
2,frontrecocatalog,350,0,0,108,adservice,-,,4,4,4,0,6.3,0.0
2,frontrecocatalog,350,0,0,108,cartservice,-,,4,4,4,0,6.3,0.0
2,frontrecocatalog,350,0,0,108,checkoutservice,-,,4,4,4,0,6.3,0.0
2,frontrecocatalog,350,0,0,108,currencyservice,-,,4,4,4,0,6.3,0.0
2,frontrecocatalog,350,0,0,108,emailservice,-,,4,4,4,0,6.3,0.0
2,frontrecocatalog,350,0,0,108,frontend,-,,4,4,4,0,6.3,0.0
2,frontrecocatalog,350,0,0,108,paymentservice,-,,4,4,4,0,6.3,0.0
2,frontrecocatalog,350,0,0,108,redis-cart,-,,1,1,1,0,6.3,0.0
2,frontrecocatalog,350,0,0,108,shippingservice,-,,4,4,4,0,6.3,0.0
2,frontrecocatalog,350,0,0,124,adservice,-,,4,4,4,0,6.3,0.0
2,frontrecocatalog,350,0,0,124,cartservice,-,,4,4,4,0,6.3,0.0
2,frontrecocatalog,350,0,0,124,checkoutservice,-,,4,4,4,0,6.3,0.0
2,frontrecocatalog,350,0,0,124,currencyservice,-,,4,4,4,0,6.3,0.0
2,frontrecocatalog,350,0,0,124,emailservice,-,,4,4,4,0,6.3,0.0
2,frontrecocatalog,350,0,0,124,frontend,-,,4,4,4,0,6.3,0.0
2,frontrecocatalog,350,0,0,124,paymentservice,-,,4,4,4,0,6.3,0.0
2,frontrecocatalog,350,0,0,124,redis-cart,-,,1,1,1,0,6.3,0.0
2,frontrecocatalog,350,0,0,124,shippingservice,-,,4,4,4,0,6.3,0.0
2,frontrecocatalog,350,0,0,139,adservice,-,,4,4,4,0,6.3,0.0
2,frontrecocatalog,350,0,0,139,cartservice,-,,4,4,4,0,6.3,0.0
2,frontrecocatalog,350,0,0,139,checkoutservice,-,,4,4,4,0,6.3,0.0
2,frontrecocatalog,350,0,0,139,currencyservice,-,,4,4,4,0,6.3,0.0
2,frontrecocatalog,350,0,0,139,emailservice,-,,4,4,4,0,6.3,0.0
2,frontrecocatalog,350,0,0,139,frontend,-,,4,4,4,0,6.3,0.0
2,frontrecocatalog,350,0,0,139,paymentservice,-,,4,4,4,0,6.3,0.0
2,frontrecocatalog,350,0,0,139,redis-cart,-,,1,1,1,0,6.3,0.0
2,frontrecocatalog,350,0,0,139,shippingservice,-,,4,4,4,0,6.3,0.0
2,frontrecocatalog,350,0,0,154,adservice,-,,4,4,4,0,6.3,0.0
2,frontrecocatalog,350,0,0,154,cartservice,-,,4,4,4,0,6.3,0.0
2,frontrecocatalog,350,0,0,154,checkoutservice,-,,4,4,4,0,6.3,0.0
2,frontrecocatalog,350,0,0,154,currencyservice,-,,4,4,4,0,6.3,0.0
2,frontrecocatalog,350,0,0,154,emailservice,-,,4,4,4,0,6.3,0.0
2,frontrecocatalog,350,0,0,154,frontend,-,,4,4,4,0,6.3,0.0
2,frontrecocatalog,350,0,0,154,paymentservice,-,,4,4,4,0,6.3,0.0
2,frontrecocatalog,350,0,0,154,redis-cart,-,,1,1,1,0,6.3,0.0
2,frontrecocatalog,350,0,0,154,shippingservice,-,,4,4,4,0,6.3,0.0
2,frontrecocatalog,350,0,0,170,adservice,-,,4,4,4,0,6.3,0.0
2,frontrecocatalog,350,0,0,170,cartservice,-,,4,4,4,0,6.3,0.0
2,frontrecocatalog,350,0,0,170,checkoutservice,-,,4,4,4,0,6.3,0.0
2,frontrecocatalog,350,0,0,170,currencyservice,-,,4,4,4,0,6.3,0.0
2,frontrecocatalog,350,0,0,170,emailservice,-,,4,4,4,0,6.3,0.0
2,frontrecocatalog,350,0,0,170,frontend,-,,4,4,4,0,6.3,0.0
2,frontrecocatalog,350,0,0,170,paymentservice,-,,4,4,4,0,6.3,0.0
2,frontrecocatalog,350,0,0,170,redis-cart,-,,1,1,1,0,6.3,0.0
2,frontrecocatalog,350,0,0,170,shippingservice,-,,4,4,4,0,6.3,0.0
2,frontrecocatalog,350,0,0,185,adservice,-,,4,4,4,0,6.3,0.0
2,frontrecocatalog,350,0,0,185,cartservice,-,,4,4,4,0,6.3,0.0
2,frontrecocatalog,350,0,0,185,checkoutservice,-,,4,4,4,0,6.3,0.0
2,frontrecocatalog,350,0,0,185,currencyservice,-,,4,4,4,0,6.3,0.0
2,frontrecocatalog,350,0,0,185,emailservice,-,,4,4,4,0,6.3,0.0
2,frontrecocatalog,350,0,0,185,frontend,-,,4,4,4,0,6.3,0.0
2,frontrecocatalog,350,0,0,185,paymentservice,-,,4,4,4,0,6.3,0.0
2,frontrecocatalog,350,0,0,185,redis-cart,-,,1,1,1,0,6.3,0.0
2,frontrecocatalog,350,0,0,185,shippingservice,-,,4,4,4,0,6.3,0.0
2,frontrecocatalog,350,0,0,201,adservice,-,,4,4,4,0,6.3,0.0
2,frontrecocatalog,350,0,0,201,cartservice,-,,4,4,4,0,6.3,0.0
2,frontrecocatalog,350,0,0,201,checkoutservice,-,,4,4,4,0,6.3,0.0
2,frontrecocatalog,350,0,0,201,currencyservice,-,,4,4,4,0,6.3,0.0
2,frontrecocatalog,350,0,0,201,emailservice,-,,4,4,4,0,6.3,0.0
2,frontrecocatalog,350,0,0,201,frontend,-,,4,4,4,0,6.3,0.0
2,frontrecocatalog,350,0,0,201,paymentservice,-,,4,4,4,0,6.3,0.0
2,frontrecocatalog,350,0,0,201,redis-cart,-,,1,1,1,0,6.3,0.0
2,frontrecocatalog,350,0,0,201,shippingservice,-,,4,4,4,0,6.3,0.0
2,frontrecocatalog,400,0,0,0,adservice,-,,4,4,4,0,6.3,0.0
2,frontrecocatalog,400,0,0,0,cartservice,-,,4,4,4,0,6.3,0.0
2,frontrecocatalog,400,0,0,0,checkoutservice,-,,4,4,4,0,6.3,0.0
2,frontrecocatalog,400,0,0,0,currencyservice,-,,4,4,4,0,6.3,0.0
2,frontrecocatalog,400,0,0,0,emailservice,-,,4,4,4,0,6.3,0.0
2,frontrecocatalog,400,0,0,0,frontend,-,,4,4,4,0,6.3,0.0
2,frontrecocatalog,400,0,0,0,paymentservice,-,,4,4,4,0,6.3,0.0
2,frontrecocatalog,400,0,0,0,redis-cart,-,,1,1,1,0,6.3,0.0
2,frontrecocatalog,400,0,0,0,shippingservice,-,,4,4,4,0,6.3,0.0
2,frontrecocatalog,400,0,0,16,adservice,-,,4,4,4,0,6.3,0.0
2,frontrecocatalog,400,0,0,16,cartservice,-,,4,4,4,0,6.3,0.0
2,frontrecocatalog,400,0,0,16,checkoutservice,-,,4,4,4,0,6.3,0.0
2,frontrecocatalog,400,0,0,16,currencyservice,-,,4,4,4,0,6.3,0.0
2,frontrecocatalog,400,0,0,16,emailservice,-,,4,4,4,0,6.3,0.0
2,frontrecocatalog,400,0,0,16,frontend,-,,4,4,4,0,6.3,0.0
2,frontrecocatalog,400,0,0,16,paymentservice,-,,4,4,4,0,6.3,0.0
2,frontrecocatalog,400,0,0,16,redis-cart,-,,1,1,1,0,6.3,0.0
2,frontrecocatalog,400,0,0,16,shippingservice,-,,4,4,4,0,6.3,0.0
2,frontrecocatalog,400,0,0,31,adservice,-,,4,4,4,0,6.3,0.0
2,frontrecocatalog,400,0,0,31,cartservice,-,,4,4,4,0,6.3,0.0
2,frontrecocatalog,400,0,0,31,checkoutservice,-,,4,4,4,0,6.3,0.0
2,frontrecocatalog,400,0,0,31,currencyservice,-,,4,4,4,0,6.3,0.0
2,frontrecocatalog,400,0,0,31,emailservice,-,,4,4,4,0,6.3,0.0
2,frontrecocatalog,400,0,0,31,frontend,-,,4,4,4,0,6.3,0.0
2,frontrecocatalog,400,0,0,31,paymentservice,-,,4,4,4,0,6.3,0.0
2,frontrecocatalog,400,0,0,31,redis-cart,-,,1,1,1,0,6.3,0.0
2,frontrecocatalog,400,0,0,31,shippingservice,-,,4,4,4,0,6.3,0.0
2,frontrecocatalog,400,0,0,47,adservice,-,,4,4,4,0,6.3,0.0
2,frontrecocatalog,400,0,0,47,cartservice,-,,4,4,4,0,6.3,0.0
2,frontrecocatalog,400,0,0,47,checkoutservice,-,,4,4,4,0,6.3,0.0
2,frontrecocatalog,400,0,0,47,currencyservice,-,,4,4,4,0,6.3,0.0
2,frontrecocatalog,400,0,0,47,emailservice,-,,4,4,4,0,6.3,0.0
2,frontrecocatalog,400,0,0,47,frontend,-,,4,4,4,0,6.3,0.0
2,frontrecocatalog,400,0,0,47,paymentservice,-,,4,4,4,0,6.3,0.0
2,frontrecocatalog,400,0,0,47,redis-cart,-,,1,1,1,0,6.3,0.0
2,frontrecocatalog,400,0,0,47,shippingservice,-,,4,4,4,0,6.3,0.0
2,frontrecocatalog,400,0,0,62,adservice,-,,4,4,4,0,6.3,0.0
2,frontrecocatalog,400,0,0,62,cartservice,-,,4,4,4,0,6.3,0.0
2,frontrecocatalog,400,0,0,62,checkoutservice,-,,4,4,4,0,6.3,0.0
2,frontrecocatalog,400,0,0,62,currencyservice,-,,4,4,4,0,6.3,0.0
2,frontrecocatalog,400,0,0,62,emailservice,-,,4,4,4,0,6.3,0.0
2,frontrecocatalog,400,0,0,62,frontend,-,,4,4,4,0,6.3,0.0
2,frontrecocatalog,400,0,0,62,paymentservice,-,,4,4,4,0,6.3,0.0
2,frontrecocatalog,400,0,0,62,redis-cart,-,,1,1,1,0,6.3,0.0
2,frontrecocatalog,400,0,0,62,shippingservice,-,,4,4,4,0,6.3,0.0
2,frontrecocatalog,400,0,0,78,adservice,-,,4,4,4,0,6.3,0.0
2,frontrecocatalog,400,0,0,78,cartservice,-,,4,4,4,0,6.3,0.0
2,frontrecocatalog,400,0,0,78,checkoutservice,-,,4,4,4,0,6.3,0.0
2,frontrecocatalog,400,0,0,78,currencyservice,-,,4,4,4,0,6.3,0.0
2,frontrecocatalog,400,0,0,78,emailservice,-,,4,4,4,0,6.3,0.0
2,frontrecocatalog,400,0,0,78,frontend,-,,4,4,4,0,6.3,0.0
2,frontrecocatalog,400,0,0,78,paymentservice,-,,4,4,4,0,6.3,0.0
2,frontrecocatalog,400,0,0,78,redis-cart,-,,1,1,1,0,6.3,0.0
2,frontrecocatalog,400,0,0,78,shippingservice,-,,4,4,4,0,6.3,0.0
2,frontrecocatalog,400,0,0,93,adservice,-,,4,4,4,0,6.3,0.0
2,frontrecocatalog,400,0,0,93,cartservice,-,,4,4,4,0,6.3,0.0
2,frontrecocatalog,400,0,0,93,checkoutservice,-,,4,4,4,0,6.3,0.0
2,frontrecocatalog,400,0,0,93,currencyservice,-,,4,4,4,0,6.3,0.0
2,frontrecocatalog,400,0,0,93,emailservice,-,,4,4,4,0,6.3,0.0
2,frontrecocatalog,400,0,0,93,frontend,-,,4,4,4,0,6.3,0.0
2,frontrecocatalog,400,0,0,93,paymentservice,-,,4,4,4,0,6.3,0.0
2,frontrecocatalog,400,0,0,93,redis-cart,-,,1,1,1,0,6.3,0.0
2,frontrecocatalog,400,0,0,93,shippingservice,-,,4,4,4,0,6.3,0.0
2,frontrecocatalog,400,0,0,109,adservice,-,,4,4,4,0,6.3,0.0
2,frontrecocatalog,400,0,0,109,cartservice,-,,4,4,4,0,6.3,0.0
2,frontrecocatalog,400,0,0,109,checkoutservice,-,,4,4,4,0,6.3,0.0
2,frontrecocatalog,400,0,0,109,currencyservice,-,,4,4,4,0,6.3,0.0
2,frontrecocatalog,400,0,0,109,emailservice,-,,4,4,4,0,6.3,0.0
2,frontrecocatalog,400,0,0,109,frontend,-,,4,4,4,0,6.3,0.0
2,frontrecocatalog,400,0,0,109,paymentservice,-,,4,4,4,0,6.3,0.0
2,frontrecocatalog,400,0,0,109,redis-cart,-,,1,1,1,0,6.3,0.0
2,frontrecocatalog,400,0,0,109,shippingservice,-,,4,4,4,0,6.3,0.0
2,frontrecocatalog,400,0,0,124,adservice,-,,4,4,4,0,6.3,0.0
2,frontrecocatalog,400,0,0,124,cartservice,-,,4,4,4,0,6.3,0.0
2,frontrecocatalog,400,0,0,124,checkoutservice,-,,4,4,4,0,6.3,0.0
2,frontrecocatalog,400,0,0,124,currencyservice,-,,4,4,4,0,6.3,0.0
2,frontrecocatalog,400,0,0,124,emailservice,-,,4,4,4,0,6.3,0.0
2,frontrecocatalog,400,0,0,124,frontend,-,,4,4,4,0,6.3,0.0
2,frontrecocatalog,400,0,0,124,paymentservice,-,,4,4,4,0,6.3,0.0
2,frontrecocatalog,400,0,0,124,redis-cart,-,,1,1,1,0,6.3,0.0
2,frontrecocatalog,400,0,0,124,shippingservice,-,,4,4,4,0,6.3,0.0
2,frontrecocatalog,400,0,0,140,adservice,-,,4,4,4,0,6.3,0.0
2,frontrecocatalog,400,0,0,140,cartservice,-,,4,4,4,0,6.3,0.0
2,frontrecocatalog,400,0,0,140,checkoutservice,-,,4,4,4,0,6.3,0.0
2,frontrecocatalog,400,0,0,140,currencyservice,-,,4,4,4,0,6.3,0.0
2,frontrecocatalog,400,0,0,140,emailservice,-,,4,4,4,0,6.3,0.0
2,frontrecocatalog,400,0,0,140,frontend,-,,4,4,4,0,6.3,0.0
2,frontrecocatalog,400,0,0,140,paymentservice,-,,4,4,4,0,6.3,0.0
2,frontrecocatalog,400,0,0,140,redis-cart,-,,1,1,1,0,6.3,0.0
2,frontrecocatalog,400,0,0,140,shippingservice,-,,4,4,4,0,6.3,0.0
2,frontrecocatalog,400,0,0,155,adservice,-,,4,4,4,0,6.3,0.0
2,frontrecocatalog,400,0,0,155,cartservice,-,,4,4,4,0,6.3,0.0
2,frontrecocatalog,400,0,0,155,checkoutservice,-,,4,4,4,0,6.3,0.0
2,frontrecocatalog,400,0,0,155,currencyservice,-,,4,4,4,0,6.3,0.0
2,frontrecocatalog,400,0,0,155,emailservice,-,,4,4,4,0,6.3,0.0
2,frontrecocatalog,400,0,0,155,frontend,-,,4,4,4,0,6.3,0.0
2,frontrecocatalog,400,0,0,155,paymentservice,-,,4,4,4,0,6.3,0.0
2,frontrecocatalog,400,0,0,155,redis-cart,-,,1,1,1,0,6.3,0.0
2,frontrecocatalog,400,0,0,155,shippingservice,-,,4,4,4,0,6.3,0.0
2,frontrecocatalog,400,0,0,171,adservice,-,,4,4,4,0,6.3,0.0
2,frontrecocatalog,400,0,0,171,cartservice,-,,4,4,4,0,6.3,0.0
2,frontrecocatalog,400,0,0,171,checkoutservice,-,,4,4,4,0,6.3,0.0
2,frontrecocatalog,400,0,0,171,currencyservice,-,,4,4,4,0,6.3,0.0
2,frontrecocatalog,400,0,0,171,emailservice,-,,4,4,4,0,6.3,0.0
2,frontrecocatalog,400,0,0,171,frontend,-,,4,4,4,0,6.3,0.0
2,frontrecocatalog,400,0,0,171,paymentservice,-,,4,4,4,0,6.3,0.0
2,frontrecocatalog,400,0,0,171,redis-cart,-,,1,1,1,0,6.3,0.0
2,frontrecocatalog,400,0,0,171,shippingservice,-,,4,4,4,0,6.3,0.0
2,frontrecocatalog,400,0,0,186,adservice,-,,4,4,4,0,6.3,0.0
2,frontrecocatalog,400,0,0,186,cartservice,-,,4,4,4,0,6.3,0.0
2,frontrecocatalog,400,0,0,186,checkoutservice,-,,4,4,4,0,6.3,0.0
2,frontrecocatalog,400,0,0,186,currencyservice,-,,4,4,4,0,6.3,0.0
2,frontrecocatalog,400,0,0,186,emailservice,-,,4,4,4,0,6.3,0.0
2,frontrecocatalog,400,0,0,186,frontend,-,,4,4,4,0,6.3,0.0
2,frontrecocatalog,400,0,0,186,paymentservice,-,,4,4,4,0,6.3,0.0
2,frontrecocatalog,400,0,0,186,redis-cart,-,,1,1,1,0,6.3,0.0
2,frontrecocatalog,400,0,0,186,shippingservice,-,,4,4,4,0,6.3,0.0
2,frontrecocatalog,400,0,0,202,adservice,-,,4,4,4,0,6.3,0.0
2,frontrecocatalog,400,0,0,202,cartservice,-,,4,4,4,0,6.3,0.0
2,frontrecocatalog,400,0,0,202,checkoutservice,-,,4,4,4,0,6.3,0.0
2,frontrecocatalog,400,0,0,202,currencyservice,-,,4,4,4,0,6.3,0.0
2,frontrecocatalog,400,0,0,202,emailservice,-,,4,4,4,0,6.3,0.0
2,frontrecocatalog,400,0,0,202,frontend,-,,4,4,4,0,6.3,0.0
2,frontrecocatalog,400,0,0,202,paymentservice,-,,4,4,4,0,6.3,0.0
2,frontrecocatalog,400,0,0,202,redis-cart,-,,1,1,1,0,6.3,0.0
2,frontrecocatalog,400,0,0,202,shippingservice,-,,4,4,4,0,6.3,0.0
2,frontrecocatalog,450,0,0,0,adservice,-,,4,4,4,0,6.3,0.0
2,frontrecocatalog,450,0,0,0,cartservice,-,,4,4,4,0,6.3,0.0
2,frontrecocatalog,450,0,0,0,checkoutservice,-,,4,4,4,0,6.3,0.0
2,frontrecocatalog,450,0,0,0,currencyservice,-,,4,4,4,0,6.3,0.0
2,frontrecocatalog,450,0,0,0,emailservice,-,,4,4,4,0,6.3,0.0
2,frontrecocatalog,450,0,0,0,frontend,-,,4,4,4,0,6.3,0.0
2,frontrecocatalog,450,0,0,0,paymentservice,-,,4,4,4,0,6.3,0.0
2,frontrecocatalog,450,0,0,0,redis-cart,-,,1,1,1,0,6.3,0.0
2,frontrecocatalog,450,0,0,0,shippingservice,-,,4,4,4,0,6.3,0.0
2,frontrecocatalog,450,0,0,16,adservice,-,,4,4,4,0,6.3,0.0
2,frontrecocatalog,450,0,0,16,cartservice,-,,4,4,4,0,6.3,0.0
2,frontrecocatalog,450,0,0,16,checkoutservice,-,,4,4,4,0,6.3,0.0
2,frontrecocatalog,450,0,0,16,currencyservice,-,,4,4,4,0,6.3,0.0
2,frontrecocatalog,450,0,0,16,emailservice,-,,4,4,4,0,6.3,0.0
2,frontrecocatalog,450,0,0,16,frontend,-,,4,4,4,0,6.3,0.0
2,frontrecocatalog,450,0,0,16,paymentservice,-,,4,4,4,0,6.3,0.0
2,frontrecocatalog,450,0,0,16,redis-cart,-,,1,1,1,0,6.3,0.0
2,frontrecocatalog,450,0,0,16,shippingservice,-,,4,4,4,0,6.3,0.0
2,frontrecocatalog,450,0,0,31,adservice,-,,4,4,4,0,6.3,0.0
2,frontrecocatalog,450,0,0,31,cartservice,-,,4,4,4,0,6.3,0.0
2,frontrecocatalog,450,0,0,31,checkoutservice,-,,4,4,4,0,6.3,0.0
2,frontrecocatalog,450,0,0,31,currencyservice,-,,4,4,4,0,6.3,0.0
2,frontrecocatalog,450,0,0,31,emailservice,-,,4,4,4,0,6.3,0.0
2,frontrecocatalog,450,0,0,31,frontend,-,,4,4,4,0,6.3,0.0
2,frontrecocatalog,450,0,0,31,paymentservice,-,,4,4,4,0,6.3,0.0
2,frontrecocatalog,450,0,0,31,redis-cart,-,,1,1,1,0,6.3,0.0
2,frontrecocatalog,450,0,0,31,shippingservice,-,,4,4,4,0,6.3,0.0
2,frontrecocatalog,450,0,0,47,adservice,-,,4,4,4,0,6.3,0.0
2,frontrecocatalog,450,0,0,47,cartservice,-,,4,4,4,0,6.3,0.0
2,frontrecocatalog,450,0,0,47,checkoutservice,-,,4,4,4,0,6.3,0.0
2,frontrecocatalog,450,0,0,47,currencyservice,-,,4,4,4,0,6.3,0.0
2,frontrecocatalog,450,0,0,47,emailservice,-,,4,4,3,0,6.3,0.0
2,frontrecocatalog,450,0,0,47,frontend,-,,4,4,4,0,6.3,0.0
2,frontrecocatalog,450,0,0,47,paymentservice,-,,4,4,4,0,6.3,0.0
2,frontrecocatalog,450,0,0,47,redis-cart,-,,1,1,1,0,6.3,0.0
2,frontrecocatalog,450,0,0,47,shippingservice,-,,4,4,4,0,6.3,0.0
2,frontrecocatalog,450,0,0,62,adservice,-,,4,4,4,0,6.3,0.0
2,frontrecocatalog,450,0,0,62,cartservice,-,,4,4,4,0,6.3,0.0
2,frontrecocatalog,450,0,0,62,checkoutservice,-,,4,4,4,0,6.3,0.0
2,frontrecocatalog,450,0,0,62,currencyservice,-,,4,4,4,0,6.3,0.0
2,frontrecocatalog,450,0,0,62,emailservice,-,,4,4,4,0,6.3,0.0
2,frontrecocatalog,450,0,0,62,frontend,-,,4,4,4,0,6.3,0.0
2,frontrecocatalog,450,0,0,62,paymentservice,-,,4,4,4,0,6.3,0.0
2,frontrecocatalog,450,0,0,62,redis-cart,-,,1,1,1,0,6.3,0.0
2,frontrecocatalog,450,0,0,62,shippingservice,-,,4,4,4,0,6.3,0.0
2,frontrecocatalog,450,0,0,78,adservice,-,,4,4,4,0,6.3,0.0
2,frontrecocatalog,450,0,0,78,cartservice,-,,4,4,4,0,6.3,0.0
2,frontrecocatalog,450,0,0,78,checkoutservice,-,,4,4,4,0,6.3,0.0
2,frontrecocatalog,450,0,0,78,currencyservice,-,,4,4,4,0,6.3,0.0
2,frontrecocatalog,450,0,0,78,emailservice,-,,4,4,3,0,6.3,0.0
2,frontrecocatalog,450,0,0,78,frontend,-,,4,4,4,0,6.3,0.0
2,frontrecocatalog,450,0,0,78,paymentservice,-,,4,4,4,0,6.3,0.0
2,frontrecocatalog,450,0,0,78,redis-cart,-,,1,1,1,0,6.3,0.0
2,frontrecocatalog,450,0,0,78,shippingservice,-,,4,4,4,0,6.3,0.0
2,frontrecocatalog,450,0,0,93,adservice,-,,4,4,4,0,6.3,0.0
2,frontrecocatalog,450,0,0,93,cartservice,-,,4,4,4,0,6.3,0.0
2,frontrecocatalog,450,0,0,93,checkoutservice,-,,4,4,4,0,6.3,0.0
2,frontrecocatalog,450,0,0,93,currencyservice,-,,4,4,4,0,6.3,0.0
2,frontrecocatalog,450,0,0,93,emailservice,-,,4,4,3,0,6.3,0.0
2,frontrecocatalog,450,0,0,93,frontend,-,,4,4,3,0,6.3,0.0
2,frontrecocatalog,450,0,0,93,paymentservice,-,,4,4,4,0,6.3,0.0
2,frontrecocatalog,450,0,0,93,redis-cart,-,,1,1,1,0,6.3,0.0
2,frontrecocatalog,450,0,0,93,shippingservice,-,,4,4,4,0,6.3,0.0
2,frontrecocatalog,450,0,0,109,adservice,-,,4,4,4,0,6.3,0.0
2,frontrecocatalog,450,0,0,109,cartservice,-,,4,4,4,0,6.3,0.0
2,frontrecocatalog,450,0,0,109,checkoutservice,-,,4,4,4,0,6.3,0.0
2,frontrecocatalog,450,0,0,109,currencyservice,-,,4,4,4,0,6.3,0.0
2,frontrecocatalog,450,0,0,109,emailservice,-,,4,4,4,0,6.3,0.0
2,frontrecocatalog,450,0,0,109,frontend,-,,4,4,4,0,6.3,0.0
2,frontrecocatalog,450,0,0,109,paymentservice,-,,4,4,4,0,6.3,0.0
2,frontrecocatalog,450,0,0,109,redis-cart,-,,1,1,1,0,6.3,0.0
2,frontrecocatalog,450,0,0,109,shippingservice,-,,4,4,4,0,6.3,0.0
2,frontrecocatalog,450,0,0,124,adservice,-,,4,4,4,0,6.3,0.0
2,frontrecocatalog,450,0,0,124,cartservice,-,,4,4,4,0,6.3,0.0
2,frontrecocatalog,450,0,0,124,checkoutservice,-,,4,4,4,0,6.3,0.0
2,frontrecocatalog,450,0,0,124,currencyservice,-,,4,4,4,0,6.3,0.0
2,frontrecocatalog,450,0,0,124,emailservice,-,,4,4,4,0,6.3,0.0
2,frontrecocatalog,450,0,0,124,frontend,-,,4,4,1,0,6.3,0.0
2,frontrecocatalog,450,0,0,124,paymentservice,-,,4,4,4,0,6.3,0.0
2,frontrecocatalog,450,0,0,124,redis-cart,-,,1,1,1,0,6.3,0.0
2,frontrecocatalog,450,0,0,124,shippingservice,-,,4,4,4,0,6.3,0.0
2,frontrecocatalog,450,0,0,140,adservice,-,,4,4,4,0,6.3,0.0
2,frontrecocatalog,450,0,0,140,cartservice,-,,4,4,4,0,6.3,0.0
2,frontrecocatalog,450,0,0,140,checkoutservice,-,,4,4,4,0,6.3,0.0
2,frontrecocatalog,450,0,0,140,currencyservice,-,,4,4,4,0,6.3,0.0
2,frontrecocatalog,450,0,0,140,emailservice,-,,4,4,4,0,6.3,0.0
2,frontrecocatalog,450,0,0,140,frontend,-,,4,4,2,0,6.3,0.0
2,frontrecocatalog,450,0,0,140,paymentservice,-,,4,4,4,0,6.3,0.0
2,frontrecocatalog,450,0,0,140,redis-cart,-,,1,1,1,0,6.3,0.0
2,frontrecocatalog,450,0,0,140,shippingservice,-,,4,4,4,0,6.3,0.0
2,frontrecocatalog,450,0,0,155,adservice,-,,4,4,4,0,6.3,0.0
2,frontrecocatalog,450,0,0,155,cartservice,-,,4,4,4,0,6.3,0.0
2,frontrecocatalog,450,0,0,155,checkoutservice,-,,4,4,4,0,6.3,0.0
2,frontrecocatalog,450,0,0,155,currencyservice,-,,4,4,4,0,6.3,0.0
2,frontrecocatalog,450,0,0,155,emailservice,-,,4,4,3,0,6.3,0.0
2,frontrecocatalog,450,0,0,155,frontend,-,,4,4,3,0,6.3,0.0
2,frontrecocatalog,450,0,0,155,paymentservice,-,,4,4,4,0,6.3,0.0
2,frontrecocatalog,450,0,0,155,redis-cart,-,,1,1,1,0,6.3,0.0
2,frontrecocatalog,450,0,0,155,shippingservice,-,,4,4,4,0,6.3,0.0
2,frontrecocatalog,450,0,0,171,adservice,-,,4,4,4,0,6.3,0.0
2,frontrecocatalog,450,0,0,171,cartservice,-,,4,4,4,0,6.3,0.0
2,frontrecocatalog,450,0,0,171,checkoutservice,-,,4,4,4,0,6.3,0.0
2,frontrecocatalog,450,0,0,171,currencyservice,-,,4,4,4,0,6.3,0.0
2,frontrecocatalog,450,0,0,171,emailservice,-,,4,4,3,0,6.3,0.0
2,frontrecocatalog,450,0,0,171,frontend,-,,4,4,3,0,6.3,0.0
2,frontrecocatalog,450,0,0,171,paymentservice,-,,4,4,4,0,6.3,0.0
2,frontrecocatalog,450,0,0,171,redis-cart,-,,1,1,1,0,6.3,0.0
2,frontrecocatalog,450,0,0,171,shippingservice,-,,4,4,4,0,6.3,0.0
2,frontrecocatalog,450,0,0,186,adservice,-,,4,4,4,0,6.3,0.0
2,frontrecocatalog,450,0,0,186,cartservice,-,,4,4,4,0,6.3,0.0
2,frontrecocatalog,450,0,0,186,checkoutservice,-,,4,4,4,0,6.3,0.0
2,frontrecocatalog,450,0,0,186,currencyservice,-,,4,4,4,0,6.3,0.0
2,frontrecocatalog,450,0,0,186,emailservice,-,,4,4,3,0,6.3,0.0
2,frontrecocatalog,450,0,0,186,frontend,-,,4,4,3,0,6.3,0.0
2,frontrecocatalog,450,0,0,186,paymentservice,-,,4,4,4,0,6.3,0.0
2,frontrecocatalog,450,0,0,186,redis-cart,-,,1,1,1,0,6.3,0.0
2,frontrecocatalog,450,0,0,186,shippingservice,-,,4,4,4,0,6.3,0.0
2,frontrecocatalog,450,0,0,202,adservice,-,,4,4,4,0,6.3,0.0
2,frontrecocatalog,450,0,0,202,cartservice,-,,4,4,4,0,6.3,0.0
2,frontrecocatalog,450,0,0,202,checkoutservice,-,,4,4,4,0,6.3,0.0
2,frontrecocatalog,450,0,0,202,currencyservice,-,,4,4,4,0,6.3,0.0
2,frontrecocatalog,450,0,0,202,emailservice,-,,4,4,4,0,6.3,0.0
2,frontrecocatalog,450,0,0,202,frontend,-,,4,4,4,0,6.3,0.0
2,frontrecocatalog,450,0,0,202,paymentservice,-,,4,4,4,0,6.3,0.0
2,frontrecocatalog,450,0,0,202,redis-cart,-,,1,1,1,0,6.3,0.0
2,frontrecocatalog,450,0,0,202,shippingservice,-,,4,4,4,0,6.3,0.0
2,mega,350,0,0,0,megapod,-,,4,4,4,0,12.28,0.0
2,mega,350,0,0,0,redis-cart,-,,1,1,1,0,12.28,0.0
2,mega,350,0,0,16,megapod,-,,4,4,4,0,6.3,0.0
2,mega,350,0,0,16,redis-cart,-,,1,1,1,0,6.3,0.0
2,mega,350,0,0,31,megapod,-,,4,4,4,0,6.3,0.0
2,mega,350,0,0,31,redis-cart,-,,1,1,1,0,6.3,0.0
2,mega,350,0,0,47,megapod,-,,4,4,4,0,6.3,0.0
2,mega,350,0,0,47,redis-cart,-,,1,1,1,0,6.3,0.0
2,mega,350,0,0,62,megapod,-,,4,4,4,0,6.3,0.0
2,mega,350,0,0,62,redis-cart,-,,1,1,1,0,6.3,0.0
2,mega,350,0,0,78,megapod,-,,4,4,4,0,6.3,0.0
2,mega,350,0,0,78,redis-cart,-,,1,1,1,0,6.3,0.0
2,mega,350,0,0,93,megapod,-,,4,4,4,0,6.3,0.0
2,mega,350,0,0,93,redis-cart,-,,1,1,1,0,6.3,0.0
2,mega,350,0,0,108,megapod,-,,4,4,4,0,6.3,0.0
2,mega,350,0,0,108,redis-cart,-,,1,1,1,0,6.3,0.0
2,mega,350,0,0,124,megapod,-,,4,4,4,0,6.3,0.0
2,mega,350,0,0,124,redis-cart,-,,1,1,1,0,6.3,0.0
2,mega,350,0,0,139,megapod,-,,4,4,4,0,6.3,0.0
2,mega,350,0,0,139,redis-cart,-,,1,1,1,0,6.3,0.0
2,mega,350,0,0,155,megapod,-,,4,4,4,0,6.3,0.0
2,mega,350,0,0,155,redis-cart,-,,1,1,1,0,6.3,0.0
2,mega,350,0,0,170,megapod,-,,4,4,4,0,6.3,0.0
2,mega,350,0,0,170,redis-cart,-,,1,1,1,0,6.3,0.0
2,mega,350,0,0,185,megapod,-,,4,4,4,0,6.3,0.0
2,mega,350,0,0,185,redis-cart,-,,1,1,1,0,6.3,0.0
2,mega,350,0,0,201,megapod,-,,4,4,4,0,6.3,0.0
2,mega,350,0,0,201,redis-cart,-,,1,1,1,0,6.3,0.0
2,mega,400,0,0,1,megapod,-,,4,4,4,0,6.3,0.0
2,mega,400,0,0,1,redis-cart,-,,1,1,1,0,6.3,0.0
2,mega,400,0,0,16,megapod,-,,4,4,4,0,6.3,0.0
2,mega,400,0,0,16,redis-cart,-,,1,1,1,0,6.3,0.0
2,mega,400,0,0,32,megapod,-,,4,4,4,0,6.3,0.0
2,mega,400,0,0,32,redis-cart,-,,1,1,1,0,6.3,0.0
2,mega,400,0,0,47,megapod,-,,4,4,4,0,6.3,0.0
2,mega,400,0,0,47,redis-cart,-,,1,1,1,0,6.3,0.0
2,mega,400,0,0,63,megapod,-,,4,4,4,0,6.3,0.0
2,mega,400,0,0,63,redis-cart,-,,1,1,1,0,6.3,0.0
2,mega,400,0,0,78,megapod,-,,4,4,4,0,6.3,0.0
2,mega,400,0,0,78,redis-cart,-,,1,1,1,0,6.3,0.0
2,mega,400,0,0,93,megapod,-,,4,4,4,0,6.3,0.0
2,mega,400,0,0,93,redis-cart,-,,1,1,1,0,6.3,0.0
2,mega,400,0,0,109,megapod,-,,4,4,4,0,6.3,0.0
2,mega,400,0,0,109,redis-cart,-,,1,1,1,0,6.3,0.0
2,mega,400,0,0,125,megapod,-,,4,4,4,0,6.3,0.0
2,mega,400,0,0,125,redis-cart,-,,1,1,1,0,6.3,0.0
2,mega,400,0,0,140,megapod,-,,4,4,4,0,6.3,0.0
2,mega,400,0,0,140,redis-cart,-,,1,1,1,0,6.3,0.0
2,mega,400,0,0,155,megapod,-,,4,4,4,0,6.3,0.0
2,mega,400,0,0,155,redis-cart,-,,1,1,1,0,6.3,0.0
2,mega,400,0,0,171,megapod,-,,4,4,4,0,6.3,0.0
2,mega,400,0,0,171,redis-cart,-,,1,1,1,0,6.3,0.0
2,mega,400,0,0,186,megapod,-,,4,4,4,0,6.3,0.0
2,mega,400,0,0,186,redis-cart,-,,1,1,1,0,6.3,0.0
2,mega,400,0,0,202,megapod,-,,4,4,4,0,6.3,0.0
2,mega,400,0,0,202,redis-cart,-,,1,1,1,0,6.3,0.0
2,mega,450,0,0,1,megapod,-,,4,4,4,0,6.3,0.0
2,mega,450,0,0,1,redis-cart,-,,1,1,1,0,6.3,0.0
2,mega,450,0,0,16,megapod,-,,4,4,4,0,6.3,0.0
2,mega,450,0,0,16,redis-cart,-,,1,1,1,0,6.3,0.0
2,mega,450,0,0,32,megapod,-,,4,4,4,0,6.3,0.0
2,mega,450,0,0,32,redis-cart,-,,1,1,1,0,6.3,0.0
2,mega,450,0,0,47,megapod,-,,4,4,4,0,6.3,0.0
2,mega,450,0,0,47,redis-cart,-,,1,1,1,0,6.3,0.0
2,mega,450,0,0,63,megapod,-,,4,4,4,0,6.3,0.0
2,mega,450,0,0,63,redis-cart,-,,1,1,1,0,6.3,0.0
2,mega,450,0,0,78,megapod,-,,4,4,1,0,6.3,0.0
2,mega,450,0,0,78,redis-cart,-,,1,1,1,0,6.3,0.0
2,mega,450,0,0,94,megapod,-,,4,4,2,0,6.3,0.0
2,mega,450,0,0,94,redis-cart,-,,1,1,1,0,6.3,0.0
2,mega,450,0,0,109,megapod,-,,4,4,0,0,6.3,0.0
2,mega,450,0,0,109,redis-cart,-,,1,1,1,0,6.3,0.0
2,mega,450,0,0,124,megapod,-,,4,4,1,0,6.3,0.0
2,mega,450,0,0,124,redis-cart,-,,1,1,1,0,6.3,0.0
2,mega,450,0,0,140,megapod,-,,4,4,0,0,6.3,0.0
2,mega,450,0,0,140,redis-cart,-,,1,1,1,0,6.3,0.0
2,mega,450,0,0,155,megapod,-,,4,4,0,0,6.3,0.0
2,mega,450,0,0,155,redis-cart,-,,1,1,1,0,6.3,0.0
2,mega,450,0,0,171,megapod,-,,4,4,4,0,6.3,0.0
2,mega,450,0,0,171,redis-cart,-,,1,1,1,0,6.3,0.0
2,mega,450,0,0,186,megapod,-,,4,4,2,0,6.3,0.0
2,mega,450,0,0,186,redis-cart,-,,1,1,1,0,6.3,0.0
2,mega,450,0,0,202,megapod,-,,4,4,1,0,6.3,0.0
2,mega,450,0,0,202,redis-cart,-,,1,1,1,0,6.3,0.0
3,normal,350,0,0,1,adservice,-,,4,4,4,0,6.3,0.0
3,normal,350,0,0,1,cartservice,-,,4,4,4,0,6.3,0.0
3,normal,350,0,0,1,checkoutservice,-,,4,4,4,0,6.3,0.0
3,normal,350,0,0,1,currencyservice,-,,4,4,4,0,6.3,0.0
3,normal,350,0,0,1,emailservice,-,,4,4,4,0,6.3,0.0
3,normal,350,0,0,1,frontend,-,,4,4,4,0,6.3,0.0
3,normal,350,0,0,1,paymentservice,-,,4,4,4,0,6.3,0.0
3,normal,350,0,0,1,productcatalogservice,-,,4,4,4,0,6.3,0.0
3,normal,350,0,0,1,recommendationservice,-,,4,4,4,0,6.3,0.0
3,normal,350,0,0,1,redis-cart,-,,1,1,1,0,6.3,0.0
3,normal,350,0,0,1,shippingservice,-,,4,4,4,0,6.3,0.0
3,normal,350,0,0,16,adservice,-,,4,4,4,0,6.3,0.0
3,normal,350,0,0,16,cartservice,-,,4,4,4,0,6.3,0.0
3,normal,350,0,0,16,checkoutservice,-,,4,4,4,0,6.3,0.0
3,normal,350,0,0,16,currencyservice,-,,4,4,4,0,6.3,0.0
3,normal,350,0,0,16,emailservice,-,,4,4,4,0,6.3,0.0
3,normal,350,0,0,16,frontend,-,,4,4,4,0,6.3,0.0
3,normal,350,0,0,16,paymentservice,-,,4,4,4,0,6.3,0.0
3,normal,350,0,0,16,productcatalogservice,-,,4,4,4,0,6.3,0.0
3,normal,350,0,0,16,recommendationservice,-,,4,4,4,0,6.3,0.0
3,normal,350,0,0,16,redis-cart,-,,1,1,1,0,6.3,0.0
3,normal,350,0,0,16,shippingservice,-,,4,4,4,0,6.3,0.0
3,normal,350,0,0,32,adservice,-,,4,4,4,0,6.3,0.0
3,normal,350,0,0,32,cartservice,-,,4,4,4,0,6.3,0.0
3,normal,350,0,0,32,checkoutservice,-,,4,4,4,0,6.3,0.0
3,normal,350,0,0,32,currencyservice,-,,4,4,4,0,6.3,0.0
3,normal,350,0,0,32,emailservice,-,,4,4,4,0,6.3,0.0
3,normal,350,0,0,32,frontend,-,,4,4,4,0,6.3,0.0
3,normal,350,0,0,32,paymentservice,-,,4,4,4,0,6.3,0.0
3,normal,350,0,0,32,productcatalogservice,-,,4,4,4,0,6.3,0.0
3,normal,350,0,0,32,recommendationservice,-,,4,4,4,0,6.3,0.0
3,normal,350,0,0,32,redis-cart,-,,1,1,1,0,6.3,0.0
3,normal,350,0,0,32,shippingservice,-,,4,4,4,0,6.3,0.0
3,normal,350,0,0,47,adservice,-,,4,4,4,0,6.3,0.0
3,normal,350,0,0,47,cartservice,-,,4,4,4,0,6.3,0.0
3,normal,350,0,0,47,checkoutservice,-,,4,4,4,0,6.3,0.0
3,normal,350,0,0,47,currencyservice,-,,4,4,4,0,6.3,0.0
3,normal,350,0,0,47,emailservice,-,,4,4,4,0,6.3,0.0
3,normal,350,0,0,47,frontend,-,,4,4,4,0,6.3,0.0
3,normal,350,0,0,47,paymentservice,-,,4,4,4,0,6.3,0.0
3,normal,350,0,0,47,productcatalogservice,-,,4,4,4,0,6.3,0.0
3,normal,350,0,0,47,recommendationservice,-,,4,4,4,0,6.3,0.0
3,normal,350,0,0,47,redis-cart,-,,1,1,1,0,6.3,0.0
3,normal,350,0,0,47,shippingservice,-,,4,4,4,0,6.3,0.0
3,normal,350,0,0,62,adservice,-,,4,4,4,0,6.3,0.0
3,normal,350,0,0,62,cartservice,-,,4,4,4,0,6.3,0.0
3,normal,350,0,0,62,checkoutservice,-,,4,4,4,0,6.3,0.0
3,normal,350,0,0,62,currencyservice,-,,4,4,4,0,6.3,0.0
3,normal,350,0,0,62,emailservice,-,,4,4,4,0,6.3,0.0
3,normal,350,0,0,62,frontend,-,,4,4,4,0,6.3,0.0
3,normal,350,0,0,62,paymentservice,-,,4,4,4,0,6.3,0.0
3,normal,350,0,0,62,productcatalogservice,-,,4,4,4,0,6.3,0.0
3,normal,350,0,0,62,recommendationservice,-,,4,4,4,0,6.3,0.0
3,normal,350,0,0,62,redis-cart,-,,1,1,1,0,6.3,0.0
3,normal,350,0,0,62,shippingservice,-,,4,4,4,0,6.3,0.0
3,normal,350,0,0,78,adservice,-,,4,4,4,0,6.3,0.0
3,normal,350,0,0,78,cartservice,-,,4,4,4,0,6.3,0.0
3,normal,350,0,0,78,checkoutservice,-,,4,4,4,0,6.3,0.0
3,normal,350,0,0,78,currencyservice,-,,4,4,4,0,6.3,0.0
3,normal,350,0,0,78,emailservice,-,,4,4,4,0,6.3,0.0
3,normal,350,0,0,78,frontend,-,,4,4,4,0,6.3,0.0
3,normal,350,0,0,78,paymentservice,-,,4,4,4,0,6.3,0.0
3,normal,350,0,0,78,productcatalogservice,-,,4,4,4,0,6.3,0.0
3,normal,350,0,0,78,recommendationservice,-,,4,4,4,0,6.3,0.0
3,normal,350,0,0,78,redis-cart,-,,1,1,1,0,6.3,0.0
3,normal,350,0,0,78,shippingservice,-,,4,4,4,0,6.3,0.0
3,normal,350,0,0,93,adservice,-,,4,4,4,0,6.3,0.0
3,normal,350,0,0,93,cartservice,-,,4,4,4,0,6.3,0.0
3,normal,350,0,0,93,checkoutservice,-,,4,4,4,0,6.3,0.0
3,normal,350,0,0,93,currencyservice,-,,4,4,4,0,6.3,0.0
3,normal,350,0,0,93,emailservice,-,,4,4,4,0,6.3,0.0
3,normal,350,0,0,93,frontend,-,,4,4,4,0,6.3,0.0
3,normal,350,0,0,93,paymentservice,-,,4,4,4,0,6.3,0.0
3,normal,350,0,0,93,productcatalogservice,-,,4,4,4,0,6.3,0.0
3,normal,350,0,0,93,recommendationservice,-,,4,4,4,0,6.3,0.0
3,normal,350,0,0,93,redis-cart,-,,1,1,1,0,6.3,0.0
3,normal,350,0,0,93,shippingservice,-,,4,4,4,0,6.3,0.0
3,normal,350,0,0,109,adservice,-,,4,4,4,0,6.3,0.0
3,normal,350,0,0,109,cartservice,-,,4,4,4,0,6.3,0.0
3,normal,350,0,0,109,checkoutservice,-,,4,4,4,0,6.3,0.0
3,normal,350,0,0,109,currencyservice,-,,4,4,4,0,6.3,0.0
3,normal,350,0,0,109,emailservice,-,,4,4,4,0,6.3,0.0
3,normal,350,0,0,109,frontend,-,,4,4,4,0,6.3,0.0
3,normal,350,0,0,109,paymentservice,-,,4,4,4,0,6.3,0.0
3,normal,350,0,0,109,productcatalogservice,-,,4,4,4,0,6.3,0.0
3,normal,350,0,0,109,recommendationservice,-,,4,4,4,0,6.3,0.0
3,normal,350,0,0,109,redis-cart,-,,1,1,1,0,6.3,0.0
3,normal,350,0,0,109,shippingservice,-,,4,4,4,0,6.3,0.0
3,normal,350,0,0,124,adservice,-,,4,4,4,0,6.3,0.0
3,normal,350,0,0,124,cartservice,-,,4,4,4,0,6.3,0.0
3,normal,350,0,0,124,checkoutservice,-,,4,4,4,0,6.3,0.0
3,normal,350,0,0,124,currencyservice,-,,4,4,4,0,6.3,0.0
3,normal,350,0,0,124,emailservice,-,,4,4,4,0,6.3,0.0
3,normal,350,0,0,124,frontend,-,,4,4,4,0,6.3,0.0
3,normal,350,0,0,124,paymentservice,-,,4,4,4,0,6.3,0.0
3,normal,350,0,0,124,productcatalogservice,-,,4,4,4,0,6.3,0.0
3,normal,350,0,0,124,recommendationservice,-,,4,4,4,0,6.3,0.0
3,normal,350,0,0,124,redis-cart,-,,1,1,1,0,6.3,0.0
3,normal,350,0,0,124,shippingservice,-,,4,4,4,0,6.3,0.0
3,normal,350,0,0,140,adservice,-,,4,4,4,0,6.3,0.0
3,normal,350,0,0,140,cartservice,-,,4,4,4,0,6.3,0.0
3,normal,350,0,0,140,checkoutservice,-,,4,4,4,0,6.3,0.0
3,normal,350,0,0,140,currencyservice,-,,4,4,4,0,6.3,0.0
3,normal,350,0,0,140,emailservice,-,,4,4,4,0,6.3,0.0
3,normal,350,0,0,140,frontend,-,,4,4,4,0,6.3,0.0
3,normal,350,0,0,140,paymentservice,-,,4,4,4,0,6.3,0.0
3,normal,350,0,0,140,productcatalogservice,-,,4,4,4,0,6.3,0.0
3,normal,350,0,0,140,recommendationservice,-,,4,4,4,0,6.3,0.0
3,normal,350,0,0,140,redis-cart,-,,1,1,1,0,6.3,0.0
3,normal,350,0,0,140,shippingservice,-,,4,4,4,0,6.3,0.0
3,normal,350,0,0,155,adservice,-,,4,4,4,0,6.3,0.0
3,normal,350,0,0,155,cartservice,-,,4,4,4,0,6.3,0.0
3,normal,350,0,0,155,checkoutservice,-,,4,4,4,0,6.3,0.0
3,normal,350,0,0,155,currencyservice,-,,4,4,4,0,6.3,0.0
3,normal,350,0,0,155,emailservice,-,,4,4,4,0,6.3,0.0
3,normal,350,0,0,155,frontend,-,,4,4,4,0,6.3,0.0
3,normal,350,0,0,155,paymentservice,-,,4,4,4,0,6.3,0.0
3,normal,350,0,0,155,productcatalogservice,-,,4,4,4,0,6.3,0.0
3,normal,350,0,0,155,recommendationservice,-,,4,4,4,0,6.3,0.0
3,normal,350,0,0,155,redis-cart,-,,1,1,1,0,6.3,0.0
3,normal,350,0,0,155,shippingservice,-,,4,4,4,0,6.3,0.0
3,normal,350,0,0,171,adservice,-,,4,4,4,0,6.3,0.0
3,normal,350,0,0,171,cartservice,-,,4,4,4,0,6.3,0.0
3,normal,350,0,0,171,checkoutservice,-,,4,4,4,0,6.3,0.0
3,normal,350,0,0,171,currencyservice,-,,4,4,4,0,6.3,0.0
3,normal,350,0,0,171,emailservice,-,,4,4,4,0,6.3,0.0
3,normal,350,0,0,171,frontend,-,,4,4,4,0,6.3,0.0
3,normal,350,0,0,171,paymentservice,-,,4,4,4,0,6.3,0.0
3,normal,350,0,0,171,productcatalogservice,-,,4,4,4,0,6.3,0.0
3,normal,350,0,0,171,recommendationservice,-,,4,4,4,0,6.3,0.0
3,normal,350,0,0,171,redis-cart,-,,1,1,1,0,6.3,0.0
3,normal,350,0,0,171,shippingservice,-,,4,4,4,0,6.3,0.0
3,normal,350,0,0,186,adservice,-,,4,4,4,0,6.3,0.0
3,normal,350,0,0,186,cartservice,-,,4,4,4,0,6.3,0.0
3,normal,350,0,0,186,checkoutservice,-,,4,4,4,0,6.3,0.0
3,normal,350,0,0,186,currencyservice,-,,4,4,4,0,6.3,0.0
3,normal,350,0,0,186,emailservice,-,,4,4,4,0,6.3,0.0
3,normal,350,0,0,186,frontend,-,,4,4,4,0,6.3,0.0
3,normal,350,0,0,186,paymentservice,-,,4,4,4,0,6.3,0.0
3,normal,350,0,0,186,productcatalogservice,-,,4,4,4,0,6.3,0.0
3,normal,350,0,0,186,recommendationservice,-,,4,4,4,0,6.3,0.0
3,normal,350,0,0,186,redis-cart,-,,1,1,1,0,6.3,0.0
3,normal,350,0,0,186,shippingservice,-,,4,4,4,0,6.3,0.0
3,normal,350,0,0,201,adservice,-,,4,4,4,0,6.3,0.0
3,normal,350,0,0,201,cartservice,-,,4,4,4,0,6.3,0.0
3,normal,350,0,0,201,checkoutservice,-,,4,4,4,0,6.3,0.0
3,normal,350,0,0,201,currencyservice,-,,4,4,4,0,6.3,0.0
3,normal,350,0,0,201,emailservice,-,,4,4,4,0,6.3,0.0
3,normal,350,0,0,201,frontend,-,,4,4,4,0,6.3,0.0
3,normal,350,0,0,201,paymentservice,-,,4,4,4,0,6.3,0.0
3,normal,350,0,0,201,productcatalogservice,-,,4,4,4,0,6.3,0.0
3,normal,350,0,0,201,recommendationservice,-,,4,4,4,0,6.3,0.0
3,normal,350,0,0,201,redis-cart,-,,1,1,1,0,6.3,0.0
3,normal,350,0,0,201,shippingservice,-,,4,4,4,0,6.3,0.0
3,normal,400,0,0,0,adservice,-,,4,4,4,0,6.3,0.0
3,normal,400,0,0,0,cartservice,-,,4,4,4,0,6.3,0.0
3,normal,400,0,0,0,checkoutservice,-,,4,4,4,0,6.3,0.0
3,normal,400,0,0,0,currencyservice,-,,4,4,4,0,6.3,0.0
3,normal,400,0,0,0,emailservice,-,,4,4,4,0,6.3,0.0
3,normal,400,0,0,0,frontend,-,,4,4,4,0,6.3,0.0
3,normal,400,0,0,0,paymentservice,-,,4,4,4,0,6.3,0.0
3,normal,400,0,0,0,productcatalogservice,-,,4,4,4,0,6.3,0.0
3,normal,400,0,0,0,recommendationservice,-,,4,4,4,0,6.3,0.0
3,normal,400,0,0,0,redis-cart,-,,1,1,1,0,6.3,0.0
3,normal,400,0,0,0,shippingservice,-,,4,4,4,0,6.3,0.0
3,normal,400,0,0,16,adservice,-,,4,4,4,0,6.3,0.0
3,normal,400,0,0,16,cartservice,-,,4,4,4,0,6.3,0.0
3,normal,400,0,0,16,checkoutservice,-,,4,4,4,0,6.3,0.0
3,normal,400,0,0,16,currencyservice,-,,4,4,4,0,6.3,0.0
3,normal,400,0,0,16,emailservice,-,,4,4,4,0,6.3,0.0
3,normal,400,0,0,16,frontend,-,,4,4,4,0,6.3,0.0
3,normal,400,0,0,16,paymentservice,-,,4,4,4,0,6.3,0.0
3,normal,400,0,0,16,productcatalogservice,-,,4,4,4,0,6.3,0.0
3,normal,400,0,0,16,recommendationservice,-,,4,4,4,0,6.3,0.0
3,normal,400,0,0,16,redis-cart,-,,1,1,1,0,6.3,0.0
3,normal,400,0,0,16,shippingservice,-,,4,4,4,0,6.3,0.0
3,normal,400,0,0,31,adservice,-,,4,4,4,0,6.3,0.0
3,normal,400,0,0,31,cartservice,-,,4,4,4,0,6.3,0.0
3,normal,400,0,0,31,checkoutservice,-,,4,4,4,0,6.3,0.0
3,normal,400,0,0,31,currencyservice,-,,4,4,4,0,6.3,0.0
3,normal,400,0,0,31,emailservice,-,,4,4,4,0,6.3,0.0
3,normal,400,0,0,31,frontend,-,,4,4,4,0,6.3,0.0
3,normal,400,0,0,31,paymentservice,-,,4,4,4,0,6.3,0.0
3,normal,400,0,0,31,productcatalogservice,-,,4,4,4,0,6.3,0.0
3,normal,400,0,0,31,recommendationservice,-,,4,4,4,0,6.3,0.0
3,normal,400,0,0,31,redis-cart,-,,1,1,1,0,6.3,0.0
3,normal,400,0,0,31,shippingservice,-,,4,4,4,0,6.3,0.0
3,normal,400,0,0,47,adservice,-,,4,4,4,0,6.3,0.0
3,normal,400,0,0,47,cartservice,-,,4,4,4,0,6.3,0.0
3,normal,400,0,0,47,checkoutservice,-,,4,4,4,0,6.3,0.0
3,normal,400,0,0,47,currencyservice,-,,4,4,4,0,6.3,0.0
3,normal,400,0,0,47,emailservice,-,,4,4,4,0,6.3,0.0
3,normal,400,0,0,47,frontend,-,,4,4,4,0,6.3,0.0
3,normal,400,0,0,47,paymentservice,-,,4,4,4,0,6.3,0.0
3,normal,400,0,0,47,productcatalogservice,-,,4,4,4,0,6.3,0.0
3,normal,400,0,0,47,recommendationservice,-,,4,4,3,0,6.3,0.0
3,normal,400,0,0,47,redis-cart,-,,1,1,1,0,6.3,0.0
3,normal,400,0,0,47,shippingservice,-,,4,4,4,0,6.3,0.0
3,normal,400,0,0,62,adservice,-,,4,4,4,0,6.3,0.0
3,normal,400,0,0,62,cartservice,-,,4,4,4,0,6.3,0.0
3,normal,400,0,0,62,checkoutservice,-,,4,4,4,0,6.3,0.0
3,normal,400,0,0,62,currencyservice,-,,4,4,4,0,6.3,0.0
3,normal,400,0,0,62,emailservice,-,,4,4,4,0,6.3,0.0
3,normal,400,0,0,62,frontend,-,,4,4,4,0,6.3,0.0
3,normal,400,0,0,62,paymentservice,-,,4,4,4,0,6.3,0.0
3,normal,400,0,0,62,productcatalogservice,-,,4,4,4,0,6.3,0.0
3,normal,400,0,0,62,recommendationservice,-,,4,4,2,0,6.3,0.0
3,normal,400,0,0,62,redis-cart,-,,1,1,1,0,6.3,0.0
3,normal,400,0,0,62,shippingservice,-,,4,4,4,0,6.3,0.0
3,normal,400,0,0,78,adservice,-,,4,4,4,0,6.3,0.0
3,normal,400,0,0,78,cartservice,-,,4,4,4,0,6.3,0.0
3,normal,400,0,0,78,checkoutservice,-,,4,4,4,0,6.3,0.0
3,normal,400,0,0,78,currencyservice,-,,4,4,4,0,6.3,0.0
3,normal,400,0,0,78,emailservice,-,,4,4,4,0,6.3,0.0
3,normal,400,0,0,78,frontend,-,,4,4,4,0,6.3,0.0
3,normal,400,0,0,78,paymentservice,-,,4,4,4,0,6.3,0.0
3,normal,400,0,0,78,productcatalogservice,-,,4,4,4,0,6.3,0.0
3,normal,400,0,0,78,recommendationservice,-,,4,4,2,0,6.3,0.0
3,normal,400,0,0,78,redis-cart,-,,1,1,1,0,6.3,0.0
3,normal,400,0,0,78,shippingservice,-,,4,4,4,0,6.3,0.0
3,normal,400,0,0,93,adservice,-,,4,4,4,0,6.3,0.0
3,normal,400,0,0,93,cartservice,-,,4,4,4,0,6.3,0.0
3,normal,400,0,0,93,checkoutservice,-,,4,4,4,0,6.3,0.0
3,normal,400,0,0,93,currencyservice,-,,4,4,4,0,6.3,0.0
3,normal,400,0,0,93,emailservice,-,,4,4,4,0,6.3,0.0
3,normal,400,0,0,93,frontend,-,,4,4,4,0,6.3,0.0
3,normal,400,0,0,93,paymentservice,-,,4,4,4,0,6.3,0.0
3,normal,400,0,0,93,productcatalogservice,-,,4,4,4,0,6.3,0.0
3,normal,400,0,0,93,recommendationservice,-,,4,4,2,0,6.3,0.0
3,normal,400,0,0,93,redis-cart,-,,1,1,1,0,6.3,0.0
3,normal,400,0,0,93,shippingservice,-,,4,4,4,0,6.3,0.0
3,normal,400,0,0,109,adservice,-,,4,4,4,0,6.3,0.0
3,normal,400,0,0,109,cartservice,-,,4,4,4,0,6.3,0.0
3,normal,400,0,0,109,checkoutservice,-,,4,4,4,0,6.3,0.0
3,normal,400,0,0,109,currencyservice,-,,4,4,4,0,6.3,0.0
3,normal,400,0,0,109,emailservice,-,,4,4,4,0,6.3,0.0
3,normal,400,0,0,109,frontend,-,,4,4,4,0,6.3,0.0
3,normal,400,0,0,109,paymentservice,-,,4,4,4,0,6.3,0.0
3,normal,400,0,0,109,productcatalogservice,-,,4,4,4,0,6.3,0.0
3,normal,400,0,0,109,recommendationservice,-,,4,4,2,0,6.3,0.0
3,normal,400,0,0,109,redis-cart,-,,1,1,1,0,6.3,0.0
3,normal,400,0,0,109,shippingservice,-,,4,4,4,0,6.3,0.0
3,normal,400,0,0,124,adservice,-,,4,4,4,0,6.3,0.0
3,normal,400,0,0,124,cartservice,-,,4,4,4,0,6.3,0.0
3,normal,400,0,0,124,checkoutservice,-,,4,4,4,0,6.3,0.0
3,normal,400,0,0,124,currencyservice,-,,4,4,4,0,6.3,0.0
3,normal,400,0,0,124,emailservice,-,,4,4,4,0,6.3,0.0
3,normal,400,0,0,124,frontend,-,,4,4,4,0,6.3,0.0
3,normal,400,0,0,124,paymentservice,-,,4,4,4,0,6.3,0.0
3,normal,400,0,0,124,productcatalogservice,-,,4,4,4,0,6.3,0.0
3,normal,400,0,0,124,recommendationservice,-,,4,4,1,0,6.3,0.0
3,normal,400,0,0,124,redis-cart,-,,1,1,1,0,6.3,0.0
3,normal,400,0,0,124,shippingservice,-,,4,4,4,0,6.3,0.0
3,normal,400,0,0,140,adservice,-,,4,4,4,0,6.3,0.0
3,normal,400,0,0,140,cartservice,-,,4,4,4,0,6.3,0.0
3,normal,400,0,0,140,checkoutservice,-,,4,4,4,0,6.3,0.0
3,normal,400,0,0,140,currencyservice,-,,4,4,4,0,6.3,0.0
3,normal,400,0,0,140,emailservice,-,,4,4,4,0,6.3,0.0
3,normal,400,0,0,140,frontend,-,,4,4,4,0,6.3,0.0
3,normal,400,0,0,140,paymentservice,-,,4,4,4,0,6.3,0.0
3,normal,400,0,0,140,productcatalogservice,-,,4,4,4,0,6.3,0.0
3,normal,400,0,0,140,recommendationservice,-,,4,4,2,0,6.3,0.0
3,normal,400,0,0,140,redis-cart,-,,1,1,1,0,6.3,0.0
3,normal,400,0,0,140,shippingservice,-,,4,4,4,0,6.3,0.0
3,normal,400,0,0,155,adservice,-,,4,4,4,0,6.3,0.0
3,normal,400,0,0,155,cartservice,-,,4,4,4,0,6.3,0.0
3,normal,400,0,0,155,checkoutservice,-,,4,4,4,0,6.3,0.0
3,normal,400,0,0,155,currencyservice,-,,4,4,4,0,6.3,0.0
3,normal,400,0,0,155,emailservice,-,,4,4,4,0,6.3,0.0
3,normal,400,0,0,155,frontend,-,,4,4,4,0,6.3,0.0
3,normal,400,0,0,155,paymentservice,-,,4,4,4,0,6.3,0.0
3,normal,400,0,0,155,productcatalogservice,-,,4,4,4,0,6.3,0.0
3,normal,400,0,0,155,recommendationservice,-,,4,4,2,0,6.3,0.0
3,normal,400,0,0,155,redis-cart,-,,1,1,1,0,6.3,0.0
3,normal,400,0,0,155,shippingservice,-,,4,4,4,0,6.3,0.0
3,normal,400,0,0,170,adservice,-,,4,4,4,0,6.3,0.0
3,normal,400,0,0,170,cartservice,-,,4,4,4,0,6.3,0.0
3,normal,400,0,0,170,checkoutservice,-,,4,4,4,0,6.3,0.0
3,normal,400,0,0,170,currencyservice,-,,4,4,4,0,6.3,0.0
3,normal,400,0,0,170,emailservice,-,,4,4,4,0,6.3,0.0
3,normal,400,0,0,170,frontend,-,,4,4,4,0,6.3,0.0
3,normal,400,0,0,170,paymentservice,-,,4,4,4,0,6.3,0.0
3,normal,400,0,0,170,productcatalogservice,-,,4,4,4,0,6.3,0.0
3,normal,400,0,0,170,recommendationservice,-,,4,4,2,0,6.3,0.0
3,normal,400,0,0,170,redis-cart,-,,1,1,1,0,6.3,0.0
3,normal,400,0,0,170,shippingservice,-,,4,4,4,0,6.3,0.0
3,normal,400,0,0,186,adservice,-,,4,4,4,0,6.3,0.0
3,normal,400,0,0,186,cartservice,-,,4,4,4,0,6.3,0.0
3,normal,400,0,0,186,checkoutservice,-,,4,4,4,0,6.3,0.0
3,normal,400,0,0,186,currencyservice,-,,4,4,4,0,6.3,0.0
3,normal,400,0,0,186,emailservice,-,,4,4,4,0,6.3,0.0
3,normal,400,0,0,186,frontend,-,,4,4,4,0,6.3,0.0
3,normal,400,0,0,186,paymentservice,-,,4,4,4,0,6.3,0.0
3,normal,400,0,0,186,productcatalogservice,-,,4,4,4,0,6.3,0.0
3,normal,400,0,0,186,recommendationservice,-,,4,4,2,0,6.3,0.0
3,normal,400,0,0,186,redis-cart,-,,1,1,1,0,6.3,0.0
3,normal,400,0,0,186,shippingservice,-,,4,4,4,0,6.3,0.0
3,normal,400,0,0,201,adservice,-,,4,4,4,0,6.3,0.0
3,normal,400,0,0,201,cartservice,-,,4,4,4,0,6.3,0.0
3,normal,400,0,0,201,checkoutservice,-,,4,4,4,0,6.3,0.0
3,normal,400,0,0,201,currencyservice,-,,4,4,4,0,6.3,0.0
3,normal,400,0,0,201,emailservice,-,,4,4,4,0,6.3,0.0
3,normal,400,0,0,201,frontend,-,,4,4,4,0,6.3,0.0
3,normal,400,0,0,201,paymentservice,-,,4,4,4,0,6.3,0.0
3,normal,400,0,0,201,productcatalogservice,-,,4,4,4,0,6.3,0.0
3,normal,400,0,0,201,recommendationservice,-,,4,4,1,0,6.3,0.0
3,normal,400,0,0,201,redis-cart,-,,1,1,1,0,6.3,0.0
3,normal,400,0,0,201,shippingservice,-,,4,4,4,0,6.3,0.0
3,normal,450,0,0,0,adservice,-,,4,4,4,0,6.3,0.0
3,normal,450,0,0,0,cartservice,-,,4,4,4,0,6.3,0.0
3,normal,450,0,0,0,checkoutservice,-,,4,4,4,0,6.3,0.0
3,normal,450,0,0,0,currencyservice,-,,4,4,4,0,6.3,0.0
3,normal,450,0,0,0,emailservice,-,,4,4,4,0,6.3,0.0
3,normal,450,0,0,0,frontend,-,,4,4,4,0,6.3,0.0
3,normal,450,0,0,0,paymentservice,-,,4,4,4,0,6.3,0.0
3,normal,450,0,0,0,productcatalogservice,-,,4,4,4,0,6.3,0.0
3,normal,450,0,0,0,recommendationservice,-,,4,4,4,0,6.3,0.0
3,normal,450,0,0,0,redis-cart,-,,1,1,1,0,6.3,0.0
3,normal,450,0,0,0,shippingservice,-,,4,4,4,0,6.3,0.0
3,normal,450,0,0,16,adservice,-,,4,4,4,0,6.3,0.0
3,normal,450,0,0,16,cartservice,-,,4,4,4,0,6.3,0.0
3,normal,450,0,0,16,checkoutservice,-,,4,4,4,0,6.3,0.0
3,normal,450,0,0,16,currencyservice,-,,4,4,4,0,6.3,0.0
3,normal,450,0,0,16,emailservice,-,,4,4,4,0,6.3,0.0
3,normal,450,0,0,16,frontend,-,,4,4,4,0,6.3,0.0
3,normal,450,0,0,16,paymentservice,-,,4,4,4,0,6.3,0.0
3,normal,450,0,0,16,productcatalogservice,-,,4,4,4,0,6.3,0.0
3,normal,450,0,0,16,recommendationservice,-,,4,4,4,0,6.3,0.0
3,normal,450,0,0,16,redis-cart,-,,1,1,1,0,6.3,0.0
3,normal,450,0,0,16,shippingservice,-,,4,4,4,0,6.3,0.0
3,normal,450,0,0,31,adservice,-,,4,4,4,0,6.3,0.0
3,normal,450,0,0,31,cartservice,-,,4,4,4,0,6.3,0.0
3,normal,450,0,0,31,checkoutservice,-,,4,4,4,0,6.3,0.0
3,normal,450,0,0,31,currencyservice,-,,4,4,4,0,6.3,0.0
3,normal,450,0,0,31,emailservice,-,,4,4,4,0,6.3,0.0
3,normal,450,0,0,31,frontend,-,,4,4,4,0,6.3,0.0
3,normal,450,0,0,31,paymentservice,-,,4,4,4,0,6.3,0.0
3,normal,450,0,0,31,productcatalogservice,-,,4,4,4,0,6.3,0.0
3,normal,450,0,0,31,recommendationservice,-,,4,4,4,0,6.3,0.0
3,normal,450,0,0,31,redis-cart,-,,1,1,1,0,6.3,0.0
3,normal,450,0,0,31,shippingservice,-,,4,4,4,0,6.3,0.0
3,normal,450,0,0,47,adservice,-,,4,4,4,0,6.3,0.0
3,normal,450,0,0,47,cartservice,-,,4,4,4,0,6.3,0.0
3,normal,450,0,0,47,checkoutservice,-,,4,4,4,0,6.3,0.0
3,normal,450,0,0,47,currencyservice,-,,4,4,4,0,6.3,0.0
3,normal,450,0,0,47,emailservice,-,,4,4,4,0,6.3,0.0
3,normal,450,0,0,47,frontend,-,,4,4,4,0,6.3,0.0
3,normal,450,0,0,47,paymentservice,-,,4,4,4,0,6.3,0.0
3,normal,450,0,0,47,productcatalogservice,-,,4,4,4,0,6.3,0.0
3,normal,450,0,0,47,recommendationservice,-,,4,4,4,0,6.3,0.0
3,normal,450,0,0,47,redis-cart,-,,1,1,1,0,6.3,0.0
3,normal,450,0,0,47,shippingservice,-,,4,4,4,0,6.3,0.0
3,normal,450,0,0,62,adservice,-,,4,4,4,0,6.3,0.0
3,normal,450,0,0,62,cartservice,-,,4,4,4,0,6.3,0.0
3,normal,450,0,0,62,checkoutservice,-,,4,4,4,0,6.3,0.0
3,normal,450,0,0,62,currencyservice,-,,4,4,4,0,6.3,0.0
3,normal,450,0,0,62,emailservice,-,,4,4,4,0,6.3,0.0
3,normal,450,0,0,62,frontend,-,,4,4,4,0,6.3,0.0
3,normal,450,0,0,62,paymentservice,-,,4,4,4,0,6.3,0.0
3,normal,450,0,0,62,productcatalogservice,-,,4,4,4,0,6.3,0.0
3,normal,450,0,0,62,recommendationservice,-,,4,4,4,0,6.3,0.0
3,normal,450,0,0,62,redis-cart,-,,1,1,1,0,6.3,0.0
3,normal,450,0,0,62,shippingservice,-,,4,4,4,0,6.3,0.0
3,normal,450,0,0,78,adservice,-,,4,4,4,0,6.3,0.0
3,normal,450,0,0,78,cartservice,-,,4,4,4,0,6.3,0.0
3,normal,450,0,0,78,checkoutservice,-,,4,4,4,0,6.3,0.0
3,normal,450,0,0,78,currencyservice,-,,4,4,4,0,6.3,0.0
3,normal,450,0,0,78,emailservice,-,,4,4,4,0,6.3,0.0
3,normal,450,0,0,78,frontend,-,,4,4,4,0,6.3,0.0
3,normal,450,0,0,78,paymentservice,-,,4,4,4,0,6.3,0.0
3,normal,450,0,0,78,productcatalogservice,-,,4,4,4,0,6.3,0.0
3,normal,450,0,0,78,recommendationservice,-,,4,4,3,0,6.3,0.0
3,normal,450,0,0,78,redis-cart,-,,1,1,1,0,6.3,0.0
3,normal,450,0,0,78,shippingservice,-,,4,4,4,0,6.3,0.0
3,normal,450,0,0,93,adservice,-,,4,4,4,0,6.3,0.0
3,normal,450,0,0,93,cartservice,-,,4,4,4,0,6.3,0.0
3,normal,450,0,0,93,checkoutservice,-,,4,4,4,0,6.3,0.0
3,normal,450,0,0,93,currencyservice,-,,4,4,4,0,6.3,0.0
3,normal,450,0,0,93,emailservice,-,,4,4,4,0,6.3,0.0
3,normal,450,0,0,93,frontend,-,,4,4,4,0,6.3,0.0
3,normal,450,0,0,93,paymentservice,-,,4,4,4,0,6.3,0.0
3,normal,450,0,0,93,productcatalogservice,-,,4,4,4,0,6.3,0.0
3,normal,450,0,0,93,recommendationservice,-,,4,4,2,0,6.3,0.0
3,normal,450,0,0,93,redis-cart,-,,1,1,1,0,6.3,0.0
3,normal,450,0,0,93,shippingservice,-,,4,4,4,0,6.3,0.0
3,normal,450,0,0,109,adservice,-,,4,4,4,0,6.3,0.0
3,normal,450,0,0,109,cartservice,-,,4,4,4,0,6.3,0.0
3,normal,450,0,0,109,checkoutservice,-,,4,4,4,0,6.3,0.0
3,normal,450,0,0,109,currencyservice,-,,4,4,4,0,6.3,0.0
3,normal,450,0,0,109,emailservice,-,,4,4,4,0,6.3,0.0
3,normal,450,0,0,109,frontend,-,,4,4,4,0,6.3,0.0
3,normal,450,0,0,109,paymentservice,-,,4,4,4,0,6.3,0.0
3,normal,450,0,0,109,productcatalogservice,-,,4,4,4,0,6.3,0.0
3,normal,450,0,0,109,recommendationservice,-,,4,4,1,0,6.3,0.0
3,normal,450,0,0,109,redis-cart,-,,1,1,1,0,6.3,0.0
3,normal,450,0,0,109,shippingservice,-,,4,4,4,0,6.3,0.0
3,normal,450,0,0,124,adservice,-,,4,4,4,0,6.3,0.0
3,normal,450,0,0,124,cartservice,-,,4,4,4,0,6.3,0.0
3,normal,450,0,0,124,checkoutservice,-,,4,4,4,0,6.3,0.0
3,normal,450,0,0,124,currencyservice,-,,4,4,4,0,6.3,0.0
3,normal,450,0,0,124,emailservice,-,,4,4,4,0,6.3,0.0
3,normal,450,0,0,124,frontend,-,,4,4,4,0,6.3,0.0
3,normal,450,0,0,124,paymentservice,-,,4,4,4,0,6.3,0.0
3,normal,450,0,0,124,productcatalogservice,-,,4,4,4,0,6.3,0.0
3,normal,450,0,0,124,recommendationservice,-,,4,4,0,0,6.3,0.0
3,normal,450,0,0,124,redis-cart,-,,1,1,1,0,6.3,0.0
3,normal,450,0,0,124,shippingservice,-,,4,4,4,0,6.3,0.0
3,normal,450,0,0,140,adservice,-,,4,4,4,0,6.3,0.0
3,normal,450,0,0,140,cartservice,-,,4,4,4,0,6.3,0.0
3,normal,450,0,0,140,checkoutservice,-,,4,4,4,0,6.3,0.0
3,normal,450,0,0,140,currencyservice,-,,4,4,4,0,6.3,0.0
3,normal,450,0,0,140,emailservice,-,,4,4,4,0,6.3,0.0
3,normal,450,0,0,140,frontend,-,,4,4,4,0,6.3,0.0
3,normal,450,0,0,140,paymentservice,-,,4,4,4,0,6.3,0.0
3,normal,450,0,0,140,productcatalogservice,-,,4,4,4,0,6.3,0.0
3,normal,450,0,0,140,recommendationservice,-,,4,4,4,0,6.3,0.0
3,normal,450,0,0,140,redis-cart,-,,1,1,1,0,6.3,0.0
3,normal,450,0,0,140,shippingservice,-,,4,4,4,0,6.3,0.0
3,normal,450,0,0,155,adservice,-,,4,4,4,0,6.3,0.0
3,normal,450,0,0,155,cartservice,-,,4,4,4,0,6.3,0.0
3,normal,450,0,0,155,checkoutservice,-,,4,4,4,0,6.3,0.0
3,normal,450,0,0,155,currencyservice,-,,4,4,4,0,6.3,0.0
3,normal,450,0,0,155,emailservice,-,,4,4,4,0,6.3,0.0
3,normal,450,0,0,155,frontend,-,,4,4,4,0,6.3,0.0
3,normal,450,0,0,155,paymentservice,-,,4,4,4,0,6.3,0.0
3,normal,450,0,0,155,productcatalogservice,-,,4,4,4,0,6.3,0.0
3,normal,450,0,0,155,recommendationservice,-,,4,4,1,0,6.3,0.0
3,normal,450,0,0,155,redis-cart,-,,1,1,1,0,6.3,0.0
3,normal,450,0,0,155,shippingservice,-,,4,4,4,0,6.3,0.0
3,normal,450,0,0,171,adservice,-,,4,4,4,0,6.3,0.0
3,normal,450,0,0,171,cartservice,-,,4,4,4,0,6.3,0.0
3,normal,450,0,0,171,checkoutservice,-,,4,4,4,0,6.3,0.0
3,normal,450,0,0,171,currencyservice,-,,4,4,4,0,6.3,0.0
3,normal,450,0,0,171,emailservice,-,,4,4,4,0,6.3,0.0
3,normal,450,0,0,171,frontend,-,,4,4,4,0,6.3,0.0
3,normal,450,0,0,171,paymentservice,-,,4,4,4,0,6.3,0.0
3,normal,450,0,0,171,productcatalogservice,-,,4,4,4,0,6.3,0.0
3,normal,450,0,0,171,recommendationservice,-,,4,4,1,0,6.3,0.0
3,normal,450,0,0,171,redis-cart,-,,1,1,1,0,6.3,0.0
3,normal,450,0,0,171,shippingservice,-,,4,4,4,0,6.3,0.0
3,normal,450,0,0,186,adservice,-,,4,4,4,0,6.3,0.0
3,normal,450,0,0,186,cartservice,-,,4,4,4,0,6.3,0.0
3,normal,450,0,0,186,checkoutservice,-,,4,4,4,0,6.3,0.0
3,normal,450,0,0,186,currencyservice,-,,4,4,4,0,6.3,0.0
3,normal,450,0,0,186,emailservice,-,,4,4,4,0,6.3,0.0
3,normal,450,0,0,186,frontend,-,,4,4,4,0,6.3,0.0
3,normal,450,0,0,186,paymentservice,-,,4,4,4,0,6.3,0.0
3,normal,450,0,0,186,productcatalogservice,-,,4,4,4,0,6.3,0.0
3,normal,450,0,0,186,recommendationservice,-,,4,4,3,0,6.3,0.0
3,normal,450,0,0,186,redis-cart,-,,1,1,1,0,6.3,0.0
3,normal,450,0,0,186,shippingservice,-,,4,4,4,0,6.3,0.0
3,normal,450,0,0,202,adservice,-,,4,4,4,0,6.3,0.0
3,normal,450,0,0,202,cartservice,-,,4,4,4,0,6.3,0.0
3,normal,450,0,0,202,checkoutservice,-,,4,4,4,0,6.3,0.0
3,normal,450,0,0,202,currencyservice,-,,4,4,4,0,6.3,0.0
3,normal,450,0,0,202,emailservice,-,,4,4,4,0,6.3,0.0
3,normal,450,0,0,202,frontend,-,,4,4,4,0,6.3,0.0
3,normal,450,0,0,202,paymentservice,-,,4,4,4,0,6.3,0.0
3,normal,450,0,0,202,productcatalogservice,-,,4,4,4,0,6.3,0.0
3,normal,450,0,0,202,recommendationservice,-,,4,4,2,0,6.3,0.0
3,normal,450,0,0,202,redis-cart,-,,1,1,1,0,6.3,0.0
3,normal,450,0,0,202,shippingservice,-,,4,4,4,0,6.3,0.0
3,frontrecocatalog,350,0,0,0,adservice,-,,4,4,4,0,6.3,0.0
3,frontrecocatalog,350,0,0,0,cartservice,-,,4,4,4,0,6.3,0.0
3,frontrecocatalog,350,0,0,0,checkoutservice,-,,4,4,4,0,6.3,0.0
3,frontrecocatalog,350,0,0,0,currencyservice,-,,4,4,4,0,6.3,0.0
3,frontrecocatalog,350,0,0,0,emailservice,-,,4,4,4,0,6.3,0.0
3,frontrecocatalog,350,0,0,0,frontend,-,,4,4,4,0,6.3,0.0
3,frontrecocatalog,350,0,0,0,paymentservice,-,,4,4,4,0,6.3,0.0
3,frontrecocatalog,350,0,0,0,redis-cart,-,,1,1,1,0,6.3,0.0
3,frontrecocatalog,350,0,0,0,shippingservice,-,,4,4,4,0,6.3,0.0
3,frontrecocatalog,350,0,0,15,adservice,-,,4,4,4,0,6.3,0.0
3,frontrecocatalog,350,0,0,15,cartservice,-,,4,4,4,0,6.3,0.0
3,frontrecocatalog,350,0,0,15,checkoutservice,-,,4,4,4,0,6.3,0.0
3,frontrecocatalog,350,0,0,15,currencyservice,-,,4,4,4,0,6.3,0.0
3,frontrecocatalog,350,0,0,15,emailservice,-,,4,4,4,0,6.3,0.0
3,frontrecocatalog,350,0,0,15,frontend,-,,4,4,4,0,6.3,0.0
3,frontrecocatalog,350,0,0,15,paymentservice,-,,4,4,4,0,6.3,0.0
3,frontrecocatalog,350,0,0,15,redis-cart,-,,1,1,1,0,6.3,0.0
3,frontrecocatalog,350,0,0,15,shippingservice,-,,4,4,4,0,6.3,0.0
3,frontrecocatalog,350,0,0,31,adservice,-,,4,4,4,0,6.3,0.0
3,frontrecocatalog,350,0,0,31,cartservice,-,,4,4,4,0,6.3,0.0
3,frontrecocatalog,350,0,0,31,checkoutservice,-,,4,4,4,0,6.3,0.0
3,frontrecocatalog,350,0,0,31,currencyservice,-,,4,4,4,0,6.3,0.0
3,frontrecocatalog,350,0,0,31,emailservice,-,,4,4,4,0,6.3,0.0
3,frontrecocatalog,350,0,0,31,frontend,-,,4,4,4,0,6.3,0.0
3,frontrecocatalog,350,0,0,31,paymentservice,-,,4,4,4,0,6.3,0.0
3,frontrecocatalog,350,0,0,31,redis-cart,-,,1,1,1,0,6.3,0.0
3,frontrecocatalog,350,0,0,31,shippingservice,-,,4,4,4,0,6.3,0.0
3,frontrecocatalog,350,0,0,46,adservice,-,,4,4,4,0,6.3,0.0
3,frontrecocatalog,350,0,0,46,cartservice,-,,4,4,4,0,6.3,0.0
3,frontrecocatalog,350,0,0,46,checkoutservice,-,,4,4,4,0,6.3,0.0
3,frontrecocatalog,350,0,0,46,currencyservice,-,,4,4,4,0,6.3,0.0
3,frontrecocatalog,350,0,0,46,emailservice,-,,4,4,4,0,6.3,0.0
3,frontrecocatalog,350,0,0,46,frontend,-,,4,4,4,0,6.3,0.0
3,frontrecocatalog,350,0,0,46,paymentservice,-,,4,4,4,0,6.3,0.0
3,frontrecocatalog,350,0,0,46,redis-cart,-,,1,1,1,0,6.3,0.0
3,frontrecocatalog,350,0,0,46,shippingservice,-,,4,4,4,0,6.3,0.0
3,frontrecocatalog,350,0,0,62,adservice,-,,4,4,4,0,6.3,0.0
3,frontrecocatalog,350,0,0,62,cartservice,-,,4,4,4,0,6.3,0.0
3,frontrecocatalog,350,0,0,62,checkoutservice,-,,4,4,4,0,6.3,0.0
3,frontrecocatalog,350,0,0,62,currencyservice,-,,4,4,4,0,6.3,0.0
3,frontrecocatalog,350,0,0,62,emailservice,-,,4,4,4,0,6.3,0.0
3,frontrecocatalog,350,0,0,62,frontend,-,,4,4,4,0,6.3,0.0
3,frontrecocatalog,350,0,0,62,paymentservice,-,,4,4,4,0,6.3,0.0
3,frontrecocatalog,350,0,0,62,redis-cart,-,,1,1,1,0,6.3,0.0
3,frontrecocatalog,350,0,0,62,shippingservice,-,,4,4,4,0,6.3,0.0
3,frontrecocatalog,350,0,0,77,adservice,-,,4,4,4,0,6.3,0.0
3,frontrecocatalog,350,0,0,77,cartservice,-,,4,4,4,0,6.3,0.0
3,frontrecocatalog,350,0,0,77,checkoutservice,-,,4,4,4,0,6.3,0.0
3,frontrecocatalog,350,0,0,77,currencyservice,-,,4,4,4,0,6.3,0.0
3,frontrecocatalog,350,0,0,77,emailservice,-,,4,4,4,0,6.3,0.0
3,frontrecocatalog,350,0,0,77,frontend,-,,4,4,4,0,6.3,0.0
3,frontrecocatalog,350,0,0,77,paymentservice,-,,4,4,4,0,6.3,0.0
3,frontrecocatalog,350,0,0,77,redis-cart,-,,1,1,1,0,6.3,0.0
3,frontrecocatalog,350,0,0,77,shippingservice,-,,4,4,4,0,6.3,0.0
3,frontrecocatalog,350,0,0,93,adservice,-,,4,4,4,0,6.3,0.0
3,frontrecocatalog,350,0,0,93,cartservice,-,,4,4,4,0,6.3,0.0
3,frontrecocatalog,350,0,0,93,checkoutservice,-,,4,4,4,0,6.3,0.0
3,frontrecocatalog,350,0,0,93,currencyservice,-,,4,4,4,0,6.3,0.0
3,frontrecocatalog,350,0,0,93,emailservice,-,,4,4,4,0,6.3,0.0
3,frontrecocatalog,350,0,0,93,frontend,-,,4,4,4,0,6.3,0.0
3,frontrecocatalog,350,0,0,93,paymentservice,-,,4,4,4,0,6.3,0.0
3,frontrecocatalog,350,0,0,93,redis-cart,-,,1,1,1,0,6.3,0.0
3,frontrecocatalog,350,0,0,93,shippingservice,-,,4,4,4,0,6.3,0.0
3,frontrecocatalog,350,0,0,108,adservice,-,,4,4,4,0,6.3,0.0
3,frontrecocatalog,350,0,0,108,cartservice,-,,4,4,4,0,6.3,0.0
3,frontrecocatalog,350,0,0,108,checkoutservice,-,,4,4,4,0,6.3,0.0
3,frontrecocatalog,350,0,0,108,currencyservice,-,,4,4,4,0,6.3,0.0
3,frontrecocatalog,350,0,0,108,emailservice,-,,4,4,4,0,6.3,0.0
3,frontrecocatalog,350,0,0,108,frontend,-,,4,4,4,0,6.3,0.0
3,frontrecocatalog,350,0,0,108,paymentservice,-,,4,4,4,0,6.3,0.0
3,frontrecocatalog,350,0,0,108,redis-cart,-,,1,1,1,0,6.3,0.0
3,frontrecocatalog,350,0,0,108,shippingservice,-,,4,4,4,0,6.3,0.0
3,frontrecocatalog,350,0,0,124,adservice,-,,4,4,4,0,6.3,0.0
3,frontrecocatalog,350,0,0,124,cartservice,-,,4,4,4,0,6.3,0.0
3,frontrecocatalog,350,0,0,124,checkoutservice,-,,4,4,4,0,6.3,0.0
3,frontrecocatalog,350,0,0,124,currencyservice,-,,4,4,4,0,6.3,0.0
3,frontrecocatalog,350,0,0,124,emailservice,-,,4,4,4,0,6.3,0.0
3,frontrecocatalog,350,0,0,124,frontend,-,,4,4,4,0,6.3,0.0
3,frontrecocatalog,350,0,0,124,paymentservice,-,,4,4,4,0,6.3,0.0
3,frontrecocatalog,350,0,0,124,redis-cart,-,,1,1,1,0,6.3,0.0
3,frontrecocatalog,350,0,0,124,shippingservice,-,,4,4,4,0,6.3,0.0
3,frontrecocatalog,350,0,0,139,adservice,-,,4,4,4,0,6.3,0.0
3,frontrecocatalog,350,0,0,139,cartservice,-,,4,4,4,0,6.3,0.0
3,frontrecocatalog,350,0,0,139,checkoutservice,-,,4,4,4,0,6.3,0.0
3,frontrecocatalog,350,0,0,139,currencyservice,-,,4,4,4,0,6.3,0.0
3,frontrecocatalog,350,0,0,139,emailservice,-,,4,4,4,0,6.3,0.0
3,frontrecocatalog,350,0,0,139,frontend,-,,4,4,4,0,6.3,0.0
3,frontrecocatalog,350,0,0,139,paymentservice,-,,4,4,4,0,6.3,0.0
3,frontrecocatalog,350,0,0,139,redis-cart,-,,1,1,1,0,6.3,0.0
3,frontrecocatalog,350,0,0,139,shippingservice,-,,4,4,4,0,6.3,0.0
3,frontrecocatalog,350,0,0,154,adservice,-,,4,4,4,0,6.3,0.0
3,frontrecocatalog,350,0,0,154,cartservice,-,,4,4,4,0,6.3,0.0
3,frontrecocatalog,350,0,0,154,checkoutservice,-,,4,4,4,0,6.3,0.0
3,frontrecocatalog,350,0,0,154,currencyservice,-,,4,4,4,0,6.3,0.0
3,frontrecocatalog,350,0,0,154,emailservice,-,,4,4,4,0,6.3,0.0
3,frontrecocatalog,350,0,0,154,frontend,-,,4,4,4,0,6.3,0.0
3,frontrecocatalog,350,0,0,154,paymentservice,-,,4,4,4,0,6.3,0.0
3,frontrecocatalog,350,0,0,154,redis-cart,-,,1,1,1,0,6.3,0.0
3,frontrecocatalog,350,0,0,154,shippingservice,-,,4,4,4,0,6.3,0.0
3,frontrecocatalog,350,0,0,170,adservice,-,,4,4,4,0,6.3,0.0
3,frontrecocatalog,350,0,0,170,cartservice,-,,4,4,4,0,6.3,0.0
3,frontrecocatalog,350,0,0,170,checkoutservice,-,,4,4,4,0,6.3,0.0
3,frontrecocatalog,350,0,0,170,currencyservice,-,,4,4,4,0,6.3,0.0
3,frontrecocatalog,350,0,0,170,emailservice,-,,4,4,4,0,6.3,0.0
3,frontrecocatalog,350,0,0,170,frontend,-,,4,4,4,0,6.3,0.0
3,frontrecocatalog,350,0,0,170,paymentservice,-,,4,4,4,0,6.3,0.0
3,frontrecocatalog,350,0,0,170,redis-cart,-,,1,1,1,0,6.3,0.0
3,frontrecocatalog,350,0,0,170,shippingservice,-,,4,4,4,0,6.3,0.0
3,frontrecocatalog,350,0,0,185,adservice,-,,4,4,4,0,6.3,0.0
3,frontrecocatalog,350,0,0,185,cartservice,-,,4,4,4,0,6.3,0.0
3,frontrecocatalog,350,0,0,185,checkoutservice,-,,4,4,4,0,6.3,0.0
3,frontrecocatalog,350,0,0,185,currencyservice,-,,4,4,4,0,6.3,0.0
3,frontrecocatalog,350,0,0,185,emailservice,-,,4,4,4,0,6.3,0.0
3,frontrecocatalog,350,0,0,185,frontend,-,,4,4,4,0,6.3,0.0
3,frontrecocatalog,350,0,0,185,paymentservice,-,,4,4,4,0,6.3,0.0
3,frontrecocatalog,350,0,0,185,redis-cart,-,,1,1,1,0,6.3,0.0
3,frontrecocatalog,350,0,0,185,shippingservice,-,,4,4,4,0,6.3,0.0
3,frontrecocatalog,350,0,0,201,adservice,-,,4,4,4,0,6.3,0.0
3,frontrecocatalog,350,0,0,201,cartservice,-,,4,4,4,0,6.3,0.0
3,frontrecocatalog,350,0,0,201,checkoutservice,-,,4,4,4,0,6.3,0.0
3,frontrecocatalog,350,0,0,201,currencyservice,-,,4,4,4,0,6.3,0.0
3,frontrecocatalog,350,0,0,201,emailservice,-,,4,4,4,0,6.3,0.0
3,frontrecocatalog,350,0,0,201,frontend,-,,4,4,4,0,6.3,0.0
3,frontrecocatalog,350,0,0,201,paymentservice,-,,4,4,4,0,6.3,0.0
3,frontrecocatalog,350,0,0,201,redis-cart,-,,1,1,1,0,6.3,0.0
3,frontrecocatalog,350,0,0,201,shippingservice,-,,4,4,4,0,6.3,0.0
3,frontrecocatalog,400,0,0,1,adservice,-,,4,4,4,0,6.3,0.0
3,frontrecocatalog,400,0,0,1,cartservice,-,,4,4,4,0,6.3,0.0
3,frontrecocatalog,400,0,0,1,checkoutservice,-,,4,4,4,0,6.3,0.0
3,frontrecocatalog,400,0,0,1,currencyservice,-,,4,4,4,0,6.3,0.0
3,frontrecocatalog,400,0,0,1,emailservice,-,,4,4,4,0,6.3,0.0
3,frontrecocatalog,400,0,0,1,frontend,-,,4,4,4,0,6.3,0.0
3,frontrecocatalog,400,0,0,1,paymentservice,-,,4,4,4,0,6.3,0.0
3,frontrecocatalog,400,0,0,1,redis-cart,-,,1,1,1,0,6.3,0.0
3,frontrecocatalog,400,0,0,1,shippingservice,-,,4,4,4,0,6.3,0.0
3,frontrecocatalog,400,0,0,16,adservice,-,,4,4,4,0,6.3,0.0
3,frontrecocatalog,400,0,0,16,cartservice,-,,4,4,4,0,6.3,0.0
3,frontrecocatalog,400,0,0,16,checkoutservice,-,,4,4,4,0,6.3,0.0
3,frontrecocatalog,400,0,0,16,currencyservice,-,,4,4,4,0,6.3,0.0
3,frontrecocatalog,400,0,0,16,emailservice,-,,4,4,4,0,6.3,0.0
3,frontrecocatalog,400,0,0,16,frontend,-,,4,4,4,0,6.3,0.0
3,frontrecocatalog,400,0,0,16,paymentservice,-,,4,4,4,0,6.3,0.0
3,frontrecocatalog,400,0,0,16,redis-cart,-,,1,1,1,0,6.3,0.0
3,frontrecocatalog,400,0,0,16,shippingservice,-,,4,4,4,0,6.3,0.0
3,frontrecocatalog,400,0,0,32,adservice,-,,4,4,4,0,6.3,0.0
3,frontrecocatalog,400,0,0,32,cartservice,-,,4,4,4,0,6.3,0.0
3,frontrecocatalog,400,0,0,32,checkoutservice,-,,4,4,4,0,6.3,0.0
3,frontrecocatalog,400,0,0,32,currencyservice,-,,4,4,4,0,6.3,0.0
3,frontrecocatalog,400,0,0,32,emailservice,-,,4,4,4,0,6.3,0.0
3,frontrecocatalog,400,0,0,32,frontend,-,,4,4,4,0,6.3,0.0
3,frontrecocatalog,400,0,0,32,paymentservice,-,,4,4,4,0,6.3,0.0
3,frontrecocatalog,400,0,0,32,redis-cart,-,,1,1,1,0,6.3,0.0
3,frontrecocatalog,400,0,0,32,shippingservice,-,,4,4,4,0,6.3,0.0
3,frontrecocatalog,400,0,0,47,adservice,-,,4,4,4,0,6.3,0.0
3,frontrecocatalog,400,0,0,47,cartservice,-,,4,4,4,0,6.3,0.0
3,frontrecocatalog,400,0,0,47,checkoutservice,-,,4,4,4,0,6.3,0.0
3,frontrecocatalog,400,0,0,47,currencyservice,-,,4,4,4,0,6.3,0.0
3,frontrecocatalog,400,0,0,47,emailservice,-,,4,4,4,0,6.3,0.0
3,frontrecocatalog,400,0,0,47,frontend,-,,4,4,4,0,6.3,0.0
3,frontrecocatalog,400,0,0,47,paymentservice,-,,4,4,4,0,6.3,0.0
3,frontrecocatalog,400,0,0,47,redis-cart,-,,1,1,1,0,6.3,0.0
3,frontrecocatalog,400,0,0,47,shippingservice,-,,4,4,4,0,6.3,0.0
3,frontrecocatalog,400,0,0,63,adservice,-,,4,4,4,0,6.3,0.0
3,frontrecocatalog,400,0,0,63,cartservice,-,,4,4,4,0,6.3,0.0
3,frontrecocatalog,400,0,0,63,checkoutservice,-,,4,4,4,0,6.3,0.0
3,frontrecocatalog,400,0,0,63,currencyservice,-,,4,4,4,0,6.3,0.0
3,frontrecocatalog,400,0,0,63,emailservice,-,,4,4,4,0,6.3,0.0
3,frontrecocatalog,400,0,0,63,frontend,-,,4,4,4,0,6.3,0.0
3,frontrecocatalog,400,0,0,63,paymentservice,-,,4,4,4,0,6.3,0.0
3,frontrecocatalog,400,0,0,63,redis-cart,-,,1,1,1,0,6.3,0.0
3,frontrecocatalog,400,0,0,63,shippingservice,-,,4,4,4,0,6.3,0.0
3,frontrecocatalog,400,0,0,78,adservice,-,,4,4,4,0,6.3,0.0
3,frontrecocatalog,400,0,0,78,cartservice,-,,4,4,4,0,6.3,0.0
3,frontrecocatalog,400,0,0,78,checkoutservice,-,,4,4,4,0,6.3,0.0
3,frontrecocatalog,400,0,0,78,currencyservice,-,,4,4,4,0,6.3,0.0
3,frontrecocatalog,400,0,0,78,emailservice,-,,4,4,4,0,6.3,0.0
3,frontrecocatalog,400,0,0,78,frontend,-,,4,4,4,0,6.3,0.0
3,frontrecocatalog,400,0,0,78,paymentservice,-,,4,4,4,0,6.3,0.0
3,frontrecocatalog,400,0,0,78,redis-cart,-,,1,1,1,0,6.3,0.0
3,frontrecocatalog,400,0,0,78,shippingservice,-,,4,4,4,0,6.3,0.0
3,frontrecocatalog,400,0,0,93,adservice,-,,4,4,4,0,6.3,0.0
3,frontrecocatalog,400,0,0,93,cartservice,-,,4,4,4,0,6.3,0.0
3,frontrecocatalog,400,0,0,93,checkoutservice,-,,4,4,4,0,6.3,0.0
3,frontrecocatalog,400,0,0,93,currencyservice,-,,4,4,4,0,6.3,0.0
3,frontrecocatalog,400,0,0,93,emailservice,-,,4,4,4,0,6.3,0.0
3,frontrecocatalog,400,0,0,93,frontend,-,,4,4,4,0,6.3,0.0
3,frontrecocatalog,400,0,0,93,paymentservice,-,,4,4,4,0,6.3,0.0
3,frontrecocatalog,400,0,0,93,redis-cart,-,,1,1,1,0,6.3,0.0
3,frontrecocatalog,400,0,0,93,shippingservice,-,,4,4,4,0,6.3,0.0
3,frontrecocatalog,400,0,0,109,adservice,-,,4,4,4,0,6.3,0.0
3,frontrecocatalog,400,0,0,109,cartservice,-,,4,4,4,0,6.3,0.0
3,frontrecocatalog,400,0,0,109,checkoutservice,-,,4,4,4,0,6.3,0.0
3,frontrecocatalog,400,0,0,109,currencyservice,-,,4,4,4,0,6.3,0.0
3,frontrecocatalog,400,0,0,109,emailservice,-,,4,4,4,0,6.3,0.0
3,frontrecocatalog,400,0,0,109,frontend,-,,4,4,4,0,6.3,0.0
3,frontrecocatalog,400,0,0,109,paymentservice,-,,4,4,4,0,6.3,0.0
3,frontrecocatalog,400,0,0,109,redis-cart,-,,1,1,1,0,6.3,0.0
3,frontrecocatalog,400,0,0,109,shippingservice,-,,4,4,4,0,6.3,0.0
3,frontrecocatalog,400,0,0,124,adservice,-,,4,4,4,0,6.3,0.0
3,frontrecocatalog,400,0,0,124,cartservice,-,,4,4,4,0,6.3,0.0
3,frontrecocatalog,400,0,0,124,checkoutservice,-,,4,4,4,0,6.3,0.0
3,frontrecocatalog,400,0,0,124,currencyservice,-,,4,4,4,0,6.3,0.0
3,frontrecocatalog,400,0,0,124,emailservice,-,,4,4,4,0,6.3,0.0
3,frontrecocatalog,400,0,0,124,frontend,-,,4,4,4,0,6.3,0.0
3,frontrecocatalog,400,0,0,124,paymentservice,-,,4,4,4,0,6.3,0.0
3,frontrecocatalog,400,0,0,124,redis-cart,-,,1,1,1,0,6.3,0.0
3,frontrecocatalog,400,0,0,124,shippingservice,-,,4,4,4,0,6.3,0.0
3,frontrecocatalog,400,0,0,140,adservice,-,,4,4,4,0,6.3,0.0
3,frontrecocatalog,400,0,0,140,cartservice,-,,4,4,4,0,6.3,0.0
3,frontrecocatalog,400,0,0,140,checkoutservice,-,,4,4,4,0,6.3,0.0
3,frontrecocatalog,400,0,0,140,currencyservice,-,,4,4,4,0,6.3,0.0
3,frontrecocatalog,400,0,0,140,emailservice,-,,4,4,4,0,6.3,0.0
3,frontrecocatalog,400,0,0,140,frontend,-,,4,4,4,0,6.3,0.0
3,frontrecocatalog,400,0,0,140,paymentservice,-,,4,4,4,0,6.3,0.0
3,frontrecocatalog,400,0,0,140,redis-cart,-,,1,1,1,0,6.3,0.0
3,frontrecocatalog,400,0,0,140,shippingservice,-,,4,4,4,0,6.3,0.0
3,frontrecocatalog,400,0,0,155,adservice,-,,4,4,4,0,6.3,0.0
3,frontrecocatalog,400,0,0,155,cartservice,-,,4,4,4,0,6.3,0.0
3,frontrecocatalog,400,0,0,155,checkoutservice,-,,4,4,4,0,6.3,0.0
3,frontrecocatalog,400,0,0,155,currencyservice,-,,4,4,4,0,6.3,0.0
3,frontrecocatalog,400,0,0,155,emailservice,-,,4,4,4,0,6.3,0.0
3,frontrecocatalog,400,0,0,155,frontend,-,,4,4,4,0,6.3,0.0
3,frontrecocatalog,400,0,0,155,paymentservice,-,,4,4,4,0,6.3,0.0
3,frontrecocatalog,400,0,0,155,redis-cart,-,,1,1,1,0,6.3,0.0
3,frontrecocatalog,400,0,0,155,shippingservice,-,,4,4,4,0,6.3,0.0
3,frontrecocatalog,400,0,0,171,adservice,-,,4,4,4,0,6.3,0.0
3,frontrecocatalog,400,0,0,171,cartservice,-,,4,4,4,0,6.3,0.0
3,frontrecocatalog,400,0,0,171,checkoutservice,-,,4,4,4,0,6.3,0.0
3,frontrecocatalog,400,0,0,171,currencyservice,-,,4,4,4,0,6.3,0.0
3,frontrecocatalog,400,0,0,171,emailservice,-,,4,4,4,0,6.3,0.0
3,frontrecocatalog,400,0,0,171,frontend,-,,4,4,4,0,6.3,0.0
3,frontrecocatalog,400,0,0,171,paymentservice,-,,4,4,4,0,6.3,0.0
3,frontrecocatalog,400,0,0,171,redis-cart,-,,1,1,1,0,6.3,0.0
3,frontrecocatalog,400,0,0,171,shippingservice,-,,4,4,4,0,6.3,0.0
3,frontrecocatalog,400,0,0,186,adservice,-,,4,4,4,0,6.3,0.0
3,frontrecocatalog,400,0,0,186,cartservice,-,,4,4,4,0,6.3,0.0
3,frontrecocatalog,400,0,0,186,checkoutservice,-,,4,4,4,0,6.3,0.0
3,frontrecocatalog,400,0,0,186,currencyservice,-,,4,4,4,0,6.3,0.0
3,frontrecocatalog,400,0,0,186,emailservice,-,,4,4,4,0,6.3,0.0
3,frontrecocatalog,400,0,0,186,frontend,-,,4,4,4,0,6.3,0.0
3,frontrecocatalog,400,0,0,186,paymentservice,-,,4,4,4,0,6.3,0.0
3,frontrecocatalog,400,0,0,186,redis-cart,-,,1,1,1,0,6.3,0.0
3,frontrecocatalog,400,0,0,186,shippingservice,-,,4,4,4,0,6.3,0.0
3,frontrecocatalog,400,0,0,202,adservice,-,,4,4,4,0,6.3,0.0
3,frontrecocatalog,400,0,0,202,cartservice,-,,4,4,4,0,6.3,0.0
3,frontrecocatalog,400,0,0,202,checkoutservice,-,,4,4,4,0,6.3,0.0
3,frontrecocatalog,400,0,0,202,currencyservice,-,,4,4,4,0,6.3,0.0
3,frontrecocatalog,400,0,0,202,emailservice,-,,4,4,4,0,6.3,0.0
3,frontrecocatalog,400,0,0,202,frontend,-,,4,4,4,0,6.3,0.0
3,frontrecocatalog,400,0,0,202,paymentservice,-,,4,4,4,0,6.3,0.0
3,frontrecocatalog,400,0,0,202,redis-cart,-,,1,1,1,0,6.3,0.0
3,frontrecocatalog,400,0,0,202,shippingservice,-,,4,4,4,0,6.3,0.0
3,frontrecocatalog,450,0,0,0,adservice,-,,4,4,4,0,6.3,0.0
3,frontrecocatalog,450,0,0,0,cartservice,-,,4,4,4,0,6.3,0.0
3,frontrecocatalog,450,0,0,0,checkoutservice,-,,4,4,4,0,6.3,0.0
3,frontrecocatalog,450,0,0,0,currencyservice,-,,4,4,4,0,6.3,0.0
3,frontrecocatalog,450,0,0,0,emailservice,-,,4,4,4,0,6.3,0.0
3,frontrecocatalog,450,0,0,0,frontend,-,,4,4,4,0,6.3,0.0
3,frontrecocatalog,450,0,0,0,paymentservice,-,,4,4,4,0,6.3,0.0
3,frontrecocatalog,450,0,0,0,redis-cart,-,,1,1,1,0,6.3,0.0
3,frontrecocatalog,450,0,0,0,shippingservice,-,,4,4,4,0,6.3,0.0
3,frontrecocatalog,450,0,0,16,adservice,-,,4,4,4,0,6.3,0.0
3,frontrecocatalog,450,0,0,16,cartservice,-,,4,4,4,0,6.3,0.0
3,frontrecocatalog,450,0,0,16,checkoutservice,-,,4,4,4,0,6.3,0.0
3,frontrecocatalog,450,0,0,16,currencyservice,-,,4,4,4,0,6.3,0.0
3,frontrecocatalog,450,0,0,16,emailservice,-,,4,4,4,0,6.3,0.0
3,frontrecocatalog,450,0,0,16,frontend,-,,4,4,4,0,6.3,0.0
3,frontrecocatalog,450,0,0,16,paymentservice,-,,4,4,4,0,6.3,0.0
3,frontrecocatalog,450,0,0,16,redis-cart,-,,1,1,1,0,6.3,0.0
3,frontrecocatalog,450,0,0,16,shippingservice,-,,4,4,4,0,6.3,0.0
3,frontrecocatalog,450,0,0,31,adservice,-,,4,4,4,0,6.3,0.0
3,frontrecocatalog,450,0,0,31,cartservice,-,,4,4,4,0,6.3,0.0
3,frontrecocatalog,450,0,0,31,checkoutservice,-,,4,4,4,0,6.3,0.0
3,frontrecocatalog,450,0,0,31,currencyservice,-,,4,4,4,0,6.3,0.0
3,frontrecocatalog,450,0,0,31,emailservice,-,,4,4,4,0,6.3,0.0
3,frontrecocatalog,450,0,0,31,frontend,-,,4,4,4,0,6.3,0.0
3,frontrecocatalog,450,0,0,31,paymentservice,-,,4,4,4,0,6.3,0.0
3,frontrecocatalog,450,0,0,31,redis-cart,-,,1,1,1,0,6.3,0.0
3,frontrecocatalog,450,0,0,31,shippingservice,-,,4,4,4,0,6.3,0.0
3,frontrecocatalog,450,0,0,47,adservice,-,,4,4,4,0,6.3,0.0
3,frontrecocatalog,450,0,0,47,cartservice,-,,4,4,4,0,6.3,0.0
3,frontrecocatalog,450,0,0,47,checkoutservice,-,,4,4,4,0,6.3,0.0
3,frontrecocatalog,450,0,0,47,currencyservice,-,,4,4,4,0,6.3,0.0
3,frontrecocatalog,450,0,0,47,emailservice,-,,4,4,4,0,6.3,0.0
3,frontrecocatalog,450,0,0,47,frontend,-,,4,4,4,0,6.3,0.0
3,frontrecocatalog,450,0,0,47,paymentservice,-,,4,4,4,0,6.3,0.0
3,frontrecocatalog,450,0,0,47,redis-cart,-,,1,1,1,0,6.3,0.0
3,frontrecocatalog,450,0,0,47,shippingservice,-,,4,4,4,0,6.3,0.0
3,frontrecocatalog,450,0,0,62,adservice,-,,4,4,4,0,6.3,0.0
3,frontrecocatalog,450,0,0,62,cartservice,-,,4,4,4,0,6.3,0.0
3,frontrecocatalog,450,0,0,62,checkoutservice,-,,4,4,4,0,6.3,0.0
3,frontrecocatalog,450,0,0,62,currencyservice,-,,4,4,4,0,6.3,0.0
3,frontrecocatalog,450,0,0,62,emailservice,-,,4,4,4,0,6.3,0.0
3,frontrecocatalog,450,0,0,62,frontend,-,,4,4,4,0,6.3,0.0
3,frontrecocatalog,450,0,0,62,paymentservice,-,,4,4,4,0,6.3,0.0
3,frontrecocatalog,450,0,0,62,redis-cart,-,,1,1,1,0,6.3,0.0
3,frontrecocatalog,450,0,0,62,shippingservice,-,,4,4,4,0,6.3,0.0
3,frontrecocatalog,450,0,0,78,adservice,-,,4,4,4,0,6.3,0.0
3,frontrecocatalog,450,0,0,78,cartservice,-,,4,4,4,0,6.3,0.0
3,frontrecocatalog,450,0,0,78,checkoutservice,-,,4,4,4,0,6.3,0.0
3,frontrecocatalog,450,0,0,78,currencyservice,-,,4,4,4,0,6.3,0.0
3,frontrecocatalog,450,0,0,78,emailservice,-,,4,4,4,0,6.3,0.0
3,frontrecocatalog,450,0,0,78,frontend,-,,4,4,4,0,6.3,0.0
3,frontrecocatalog,450,0,0,78,paymentservice,-,,4,4,4,0,6.3,0.0
3,frontrecocatalog,450,0,0,78,redis-cart,-,,1,1,1,0,6.3,0.0
3,frontrecocatalog,450,0,0,78,shippingservice,-,,4,4,4,0,6.3,0.0
3,frontrecocatalog,450,0,0,93,adservice,-,,4,4,4,0,6.3,0.0
3,frontrecocatalog,450,0,0,93,cartservice,-,,4,4,4,0,6.3,0.0
3,frontrecocatalog,450,0,0,93,checkoutservice,-,,4,4,4,0,6.3,0.0
3,frontrecocatalog,450,0,0,93,currencyservice,-,,4,4,4,0,6.3,0.0
3,frontrecocatalog,450,0,0,93,emailservice,-,,4,4,4,0,6.3,0.0
3,frontrecocatalog,450,0,0,93,frontend,-,,4,4,4,0,6.3,0.0
3,frontrecocatalog,450,0,0,93,paymentservice,-,,4,4,4,0,6.3,0.0
3,frontrecocatalog,450,0,0,93,redis-cart,-,,1,1,1,0,6.3,0.0
3,frontrecocatalog,450,0,0,93,shippingservice,-,,4,4,4,0,6.3,0.0
3,frontrecocatalog,450,0,0,109,adservice,-,,4,4,4,0,6.3,0.0
3,frontrecocatalog,450,0,0,109,cartservice,-,,4,4,4,0,6.3,0.0
3,frontrecocatalog,450,0,0,109,checkoutservice,-,,4,4,4,0,6.3,0.0
3,frontrecocatalog,450,0,0,109,currencyservice,-,,4,4,4,0,6.3,0.0
3,frontrecocatalog,450,0,0,109,emailservice,-,,4,4,4,0,6.3,0.0
3,frontrecocatalog,450,0,0,109,frontend,-,,4,4,4,0,6.3,0.0
3,frontrecocatalog,450,0,0,109,paymentservice,-,,4,4,4,0,6.3,0.0
3,frontrecocatalog,450,0,0,109,redis-cart,-,,1,1,1,0,6.3,0.0
3,frontrecocatalog,450,0,0,109,shippingservice,-,,4,4,4,0,6.3,0.0
3,frontrecocatalog,450,0,0,124,adservice,-,,4,4,4,0,6.3,0.0
3,frontrecocatalog,450,0,0,124,cartservice,-,,4,4,4,0,6.3,0.0
3,frontrecocatalog,450,0,0,124,checkoutservice,-,,4,4,4,0,6.3,0.0
3,frontrecocatalog,450,0,0,124,currencyservice,-,,4,4,4,0,6.3,0.0
3,frontrecocatalog,450,0,0,124,emailservice,-,,4,4,4,0,6.3,0.0
3,frontrecocatalog,450,0,0,124,frontend,-,,4,4,4,0,6.3,0.0
3,frontrecocatalog,450,0,0,124,paymentservice,-,,4,4,4,0,6.3,0.0
3,frontrecocatalog,450,0,0,124,redis-cart,-,,1,1,1,0,6.3,0.0
3,frontrecocatalog,450,0,0,124,shippingservice,-,,4,4,4,0,6.3,0.0
3,frontrecocatalog,450,0,0,140,adservice,-,,4,4,4,0,6.3,0.0
3,frontrecocatalog,450,0,0,140,cartservice,-,,4,4,4,0,6.3,0.0
3,frontrecocatalog,450,0,0,140,checkoutservice,-,,4,4,4,0,6.3,0.0
3,frontrecocatalog,450,0,0,140,currencyservice,-,,4,4,4,0,6.3,0.0
3,frontrecocatalog,450,0,0,140,emailservice,-,,4,4,4,0,6.3,0.0
3,frontrecocatalog,450,0,0,140,frontend,-,,4,4,4,0,6.3,0.0
3,frontrecocatalog,450,0,0,140,paymentservice,-,,4,4,4,0,6.3,0.0
3,frontrecocatalog,450,0,0,140,redis-cart,-,,1,1,1,0,6.3,0.0
3,frontrecocatalog,450,0,0,140,shippingservice,-,,4,4,4,0,6.3,0.0
3,frontrecocatalog,450,0,0,155,adservice,-,,4,4,4,0,6.3,0.0
3,frontrecocatalog,450,0,0,155,cartservice,-,,4,4,4,0,6.3,0.0
3,frontrecocatalog,450,0,0,155,checkoutservice,-,,4,4,4,0,6.3,0.0
3,frontrecocatalog,450,0,0,155,currencyservice,-,,4,4,4,0,6.3,0.0
3,frontrecocatalog,450,0,0,155,emailservice,-,,4,4,4,0,6.3,0.0
3,frontrecocatalog,450,0,0,155,frontend,-,,4,4,4,0,6.3,0.0
3,frontrecocatalog,450,0,0,155,paymentservice,-,,4,4,4,0,6.3,0.0
3,frontrecocatalog,450,0,0,155,redis-cart,-,,1,1,1,0,6.3,0.0
3,frontrecocatalog,450,0,0,155,shippingservice,-,,4,4,4,0,6.3,0.0
3,frontrecocatalog,450,0,0,171,adservice,-,,4,4,4,0,6.3,0.0
3,frontrecocatalog,450,0,0,171,cartservice,-,,4,4,4,0,6.3,0.0
3,frontrecocatalog,450,0,0,171,checkoutservice,-,,4,4,4,0,6.3,0.0
3,frontrecocatalog,450,0,0,171,currencyservice,-,,4,4,4,0,6.3,0.0
3,frontrecocatalog,450,0,0,171,emailservice,-,,4,4,4,0,6.3,0.0
3,frontrecocatalog,450,0,0,171,frontend,-,,4,4,4,0,6.3,0.0
3,frontrecocatalog,450,0,0,171,paymentservice,-,,4,4,4,0,6.3,0.0
3,frontrecocatalog,450,0,0,171,redis-cart,-,,1,1,1,0,6.3,0.0
3,frontrecocatalog,450,0,0,171,shippingservice,-,,4,4,4,0,6.3,0.0
3,frontrecocatalog,450,0,0,186,adservice,-,,4,4,4,0,6.3,0.0
3,frontrecocatalog,450,0,0,186,cartservice,-,,4,4,4,0,6.3,0.0
3,frontrecocatalog,450,0,0,186,checkoutservice,-,,4,4,4,0,6.3,0.0
3,frontrecocatalog,450,0,0,186,currencyservice,-,,4,4,4,0,6.3,0.0
3,frontrecocatalog,450,0,0,186,emailservice,-,,4,4,4,0,6.3,0.0
3,frontrecocatalog,450,0,0,186,frontend,-,,4,4,4,0,6.3,0.0
3,frontrecocatalog,450,0,0,186,paymentservice,-,,4,4,4,0,6.3,0.0
3,frontrecocatalog,450,0,0,186,redis-cart,-,,1,1,1,0,6.3,0.0
3,frontrecocatalog,450,0,0,186,shippingservice,-,,4,4,4,0,6.3,0.0
3,frontrecocatalog,450,0,0,202,adservice,-,,4,4,4,0,6.3,0.0
3,frontrecocatalog,450,0,0,202,cartservice,-,,4,4,4,0,6.3,0.0
3,frontrecocatalog,450,0,0,202,checkoutservice,-,,4,4,4,0,6.3,0.0
3,frontrecocatalog,450,0,0,202,currencyservice,-,,4,4,4,0,6.3,0.0
3,frontrecocatalog,450,0,0,202,emailservice,-,,4,4,4,0,6.3,0.0
3,frontrecocatalog,450,0,0,202,frontend,-,,4,4,4,0,6.3,0.0
3,frontrecocatalog,450,0,0,202,paymentservice,-,,4,4,4,0,6.3,0.0
3,frontrecocatalog,450,0,0,202,redis-cart,-,,1,1,1,0,6.3,0.0
3,frontrecocatalog,450,0,0,202,shippingservice,-,,4,4,4,0,6.3,0.0
3,mega,350,0,0,0,megapod,-,,4,4,4,0,12.28,0.0
3,mega,350,0,0,0,redis-cart,-,,1,1,1,0,12.28,0.0
3,mega,350,0,0,15,megapod,-,,4,4,4,0,6.3,0.0
3,mega,350,0,0,15,redis-cart,-,,1,1,1,0,6.3,0.0
3,mega,350,0,0,31,megapod,-,,4,4,4,0,6.3,0.0
3,mega,350,0,0,31,redis-cart,-,,1,1,1,0,6.3,0.0
3,mega,350,0,0,46,megapod,-,,4,4,4,0,6.3,0.0
3,mega,350,0,0,46,redis-cart,-,,1,1,1,0,6.3,0.0
3,mega,350,0,0,62,megapod,-,,4,4,4,0,6.3,0.0
3,mega,350,0,0,62,redis-cart,-,,1,1,1,0,6.3,0.0
3,mega,350,0,0,77,megapod,-,,4,4,4,0,6.3,0.0
3,mega,350,0,0,77,redis-cart,-,,1,1,1,0,6.3,0.0
3,mega,350,0,0,93,megapod,-,,4,4,4,0,6.3,0.0
3,mega,350,0,0,93,redis-cart,-,,1,1,1,0,6.3,0.0
3,mega,350,0,0,108,megapod,-,,4,4,4,0,6.3,0.0
3,mega,350,0,0,108,redis-cart,-,,1,1,1,0,6.3,0.0
3,mega,350,0,0,123,megapod,-,,4,4,4,0,6.3,0.0
3,mega,350,0,0,123,redis-cart,-,,1,1,1,0,6.3,0.0
3,mega,350,0,0,139,megapod,-,,4,4,4,0,6.3,0.0
3,mega,350,0,0,139,redis-cart,-,,1,1,1,0,6.3,0.0
3,mega,350,0,0,154,megapod,-,,4,4,4,0,6.3,0.0
3,mega,350,0,0,154,redis-cart,-,,1,1,1,0,6.3,0.0
3,mega,350,0,0,170,megapod,-,,4,4,4,0,6.3,0.0
3,mega,350,0,0,170,redis-cart,-,,1,1,1,0,6.3,0.0
3,mega,350,0,0,185,megapod,-,,4,4,4,0,6.3,0.0
3,mega,350,0,0,185,redis-cart,-,,1,1,1,0,6.3,0.0
3,mega,350,0,0,200,megapod,-,,4,4,4,0,6.3,0.0
3,mega,350,0,0,200,redis-cart,-,,1,1,1,0,6.3,0.0
3,mega,400,0,0,0,megapod,-,,4,4,4,0,6.3,0.0
3,mega,400,0,0,0,redis-cart,-,,1,1,1,0,6.3,0.0
3,mega,400,0,0,16,megapod,-,,4,4,4,0,6.3,0.0
3,mega,400,0,0,16,redis-cart,-,,1,1,1,0,6.3,0.0
3,mega,400,0,0,31,megapod,-,,4,4,4,0,6.3,0.0
3,mega,400,0,0,31,redis-cart,-,,1,1,1,0,6.3,0.0
3,mega,400,0,0,47,megapod,-,,4,4,4,0,6.3,0.0
3,mega,400,0,0,47,redis-cart,-,,1,1,1,0,6.3,0.0
3,mega,400,0,0,62,megapod,-,,4,4,4,0,6.3,0.0
3,mega,400,0,0,62,redis-cart,-,,1,1,1,0,6.3,0.0
3,mega,400,0,0,77,megapod,-,,4,4,4,0,6.3,0.0
3,mega,400,0,0,77,redis-cart,-,,1,1,1,0,6.3,0.0
3,mega,400,0,0,93,megapod,-,,4,4,4,0,6.3,0.0
3,mega,400,0,0,93,redis-cart,-,,1,1,1,0,6.3,0.0
3,mega,400,0,0,108,megapod,-,,4,4,4,0,6.3,0.0
3,mega,400,0,0,108,redis-cart,-,,1,1,1,0,6.3,0.0
3,mega,400,0,0,124,megapod,-,,4,4,4,0,6.3,0.0
3,mega,400,0,0,124,redis-cart,-,,1,1,1,0,6.3,0.0
3,mega,400,0,0,139,megapod,-,,4,4,4,0,6.3,0.0
3,mega,400,0,0,139,redis-cart,-,,1,1,1,0,6.3,0.0
3,mega,400,0,0,155,megapod,-,,4,4,4,0,6.3,0.0
3,mega,400,0,0,155,redis-cart,-,,1,1,1,0,6.3,0.0
3,mega,400,0,0,170,megapod,-,,4,4,4,0,6.3,0.0
3,mega,400,0,0,170,redis-cart,-,,1,1,1,0,6.3,0.0
3,mega,400,0,0,186,megapod,-,,4,4,4,0,6.3,0.0
3,mega,400,0,0,186,redis-cart,-,,1,1,1,0,6.3,0.0
3,mega,400,0,0,201,megapod,-,,4,4,4,0,6.3,0.0
3,mega,400,0,0,201,redis-cart,-,,1,1,1,0,6.3,0.0
3,mega,450,0,0,0,megapod,-,,4,4,4,0,6.3,0.0
3,mega,450,0,0,0,redis-cart,-,,1,1,1,0,6.3,0.0
3,mega,450,0,0,16,megapod,-,,4,4,4,0,6.3,0.0
3,mega,450,0,0,16,redis-cart,-,,1,1,1,0,6.3,0.0
3,mega,450,0,0,31,megapod,-,,4,4,4,0,6.3,0.0
3,mega,450,0,0,31,redis-cart,-,,1,1,1,0,6.3,0.0
3,mega,450,0,0,47,megapod,-,,4,4,4,0,6.3,0.0
3,mega,450,0,0,47,redis-cart,-,,1,1,1,0,6.3,0.0
3,mega,450,0,0,62,megapod,-,,4,4,4,0,6.3,0.0
3,mega,450,0,0,62,redis-cart,-,,1,1,1,0,6.3,0.0
3,mega,450,0,0,78,megapod,-,,4,4,2,0,6.3,0.0
3,mega,450,0,0,78,redis-cart,-,,1,1,1,0,6.3,0.0
3,mega,450,0,0,93,megapod,-,,4,4,2,0,6.3,0.0
3,mega,450,0,0,93,redis-cart,-,,1,1,1,0,6.3,0.0
3,mega,450,0,0,109,megapod,-,,4,4,2,0,6.3,0.0
3,mega,450,0,0,109,redis-cart,-,,1,1,1,0,6.3,0.0
3,mega,450,0,0,124,megapod,-,,4,4,1,0,6.3,0.0
3,mega,450,0,0,124,redis-cart,-,,1,1,1,0,6.3,0.0
3,mega,450,0,0,140,megapod,-,,4,4,0,0,6.3,0.0
3,mega,450,0,0,140,redis-cart,-,,1,1,1,0,6.3,0.0
3,mega,450,0,0,155,megapod,-,,4,4,1,0,6.3,0.0
3,mega,450,0,0,155,redis-cart,-,,1,1,1,0,6.3,0.0
3,mega,450,0,0,171,megapod,-,,4,4,4,0,6.3,0.0
3,mega,450,0,0,171,redis-cart,-,,1,1,1,0,6.3,0.0
3,mega,450,0,0,186,megapod,-,,4,4,2,0,6.3,0.0
3,mega,450,0,0,186,redis-cart,-,,1,1,1,0,6.3,0.0
3,mega,450,0,0,202,megapod,-,,4,4,1,0,6.3,0.0
3,mega,450,0,0,202,redis-cart,-,,1,1,1,0,6.3,0.0
4,normal,350,0,0,1,adservice,-,,4,4,4,0,6.3,0.0
4,normal,350,0,0,1,cartservice,-,,4,4,4,0,6.3,0.0
4,normal,350,0,0,1,checkoutservice,-,,4,4,4,0,6.3,0.0
4,normal,350,0,0,1,currencyservice,-,,4,4,4,0,6.3,0.0
4,normal,350,0,0,1,emailservice,-,,4,4,4,0,6.3,0.0
4,normal,350,0,0,1,frontend,-,,4,4,4,0,6.3,0.0
4,normal,350,0,0,1,paymentservice,-,,4,4,4,0,6.3,0.0
4,normal,350,0,0,1,productcatalogservice,-,,4,4,4,0,6.3,0.0
4,normal,350,0,0,1,recommendationservice,-,,4,4,4,0,6.3,0.0
4,normal,350,0,0,1,redis-cart,-,,1,1,1,0,6.3,0.0
4,normal,350,0,0,1,shippingservice,-,,4,4,4,0,6.3,0.0
4,normal,350,0,0,16,adservice,-,,4,4,4,0,6.3,0.0
4,normal,350,0,0,16,cartservice,-,,4,4,4,0,6.3,0.0
4,normal,350,0,0,16,checkoutservice,-,,4,4,4,0,6.3,0.0
4,normal,350,0,0,16,currencyservice,-,,4,4,4,0,6.3,0.0
4,normal,350,0,0,16,emailservice,-,,4,4,4,0,6.3,0.0
4,normal,350,0,0,16,frontend,-,,4,4,4,0,6.3,0.0
4,normal,350,0,0,16,paymentservice,-,,4,4,4,0,6.3,0.0
4,normal,350,0,0,16,productcatalogservice,-,,4,4,4,0,6.3,0.0
4,normal,350,0,0,16,recommendationservice,-,,4,4,4,0,6.3,0.0
4,normal,350,0,0,16,redis-cart,-,,1,1,1,0,6.3,0.0
4,normal,350,0,0,16,shippingservice,-,,4,4,4,0,6.3,0.0
4,normal,350,0,0,32,adservice,-,,4,4,4,0,6.3,0.0
4,normal,350,0,0,32,cartservice,-,,4,4,4,0,6.3,0.0
4,normal,350,0,0,32,checkoutservice,-,,4,4,4,0,6.3,0.0
4,normal,350,0,0,32,currencyservice,-,,4,4,4,0,6.3,0.0
4,normal,350,0,0,32,emailservice,-,,4,4,4,0,6.3,0.0
4,normal,350,0,0,32,frontend,-,,4,4,4,0,6.3,0.0
4,normal,350,0,0,32,paymentservice,-,,4,4,4,0,6.3,0.0
4,normal,350,0,0,32,productcatalogservice,-,,4,4,4,0,6.3,0.0
4,normal,350,0,0,32,recommendationservice,-,,4,4,3,0,6.3,0.0
4,normal,350,0,0,32,redis-cart,-,,1,1,1,0,6.3,0.0
4,normal,350,0,0,32,shippingservice,-,,4,4,4,0,6.3,0.0
4,normal,350,0,0,47,adservice,-,,4,4,4,0,6.3,0.0
4,normal,350,0,0,47,cartservice,-,,4,4,4,0,6.3,0.0
4,normal,350,0,0,47,checkoutservice,-,,4,4,4,0,6.3,0.0
4,normal,350,0,0,47,currencyservice,-,,4,4,4,0,6.3,0.0
4,normal,350,0,0,47,emailservice,-,,4,4,4,0,6.3,0.0
4,normal,350,0,0,47,frontend,-,,4,4,4,0,6.3,0.0
4,normal,350,0,0,47,paymentservice,-,,4,4,4,0,6.3,0.0
4,normal,350,0,0,47,productcatalogservice,-,,4,4,4,0,6.3,0.0
4,normal,350,0,0,47,recommendationservice,-,,4,4,3,0,6.3,0.0
4,normal,350,0,0,47,redis-cart,-,,1,1,1,0,6.3,0.0
4,normal,350,0,0,47,shippingservice,-,,4,4,4,0,6.3,0.0
4,normal,350,0,0,62,adservice,-,,4,4,4,0,6.3,0.0
4,normal,350,0,0,62,cartservice,-,,4,4,4,0,6.3,0.0
4,normal,350,0,0,62,checkoutservice,-,,4,4,4,0,6.3,0.0
4,normal,350,0,0,62,currencyservice,-,,4,4,4,0,6.3,0.0
4,normal,350,0,0,62,emailservice,-,,4,4,4,0,6.3,0.0
4,normal,350,0,0,62,frontend,-,,4,4,4,0,6.3,0.0
4,normal,350,0,0,62,paymentservice,-,,4,4,4,0,6.3,0.0
4,normal,350,0,0,62,productcatalogservice,-,,4,4,4,0,6.3,0.0
4,normal,350,0,0,62,recommendationservice,-,,4,4,3,0,6.3,0.0
4,normal,350,0,0,62,redis-cart,-,,1,1,1,0,6.3,0.0
4,normal,350,0,0,62,shippingservice,-,,4,4,4,0,6.3,0.0
4,normal,350,0,0,78,adservice,-,,4,4,4,0,6.3,0.0
4,normal,350,0,0,78,cartservice,-,,4,4,4,0,6.3,0.0
4,normal,350,0,0,78,checkoutservice,-,,4,4,4,0,6.3,0.0
4,normal,350,0,0,78,currencyservice,-,,4,4,4,0,6.3,0.0
4,normal,350,0,0,78,emailservice,-,,4,4,4,0,6.3,0.0
4,normal,350,0,0,78,frontend,-,,4,4,4,0,6.3,0.0
4,normal,350,0,0,78,paymentservice,-,,4,4,4,0,6.3,0.0
4,normal,350,0,0,78,productcatalogservice,-,,4,4,4,0,6.3,0.0
4,normal,350,0,0,78,recommendationservice,-,,4,4,3,0,6.3,0.0
4,normal,350,0,0,78,redis-cart,-,,1,1,1,0,6.3,0.0
4,normal,350,0,0,78,shippingservice,-,,4,4,4,0,6.3,0.0
4,normal,350,0,0,93,adservice,-,,4,4,4,0,6.3,0.0
4,normal,350,0,0,93,cartservice,-,,4,4,4,0,6.3,0.0
4,normal,350,0,0,93,checkoutservice,-,,4,4,4,0,6.3,0.0
4,normal,350,0,0,93,currencyservice,-,,4,4,4,0,6.3,0.0
4,normal,350,0,0,93,emailservice,-,,4,4,4,0,6.3,0.0
4,normal,350,0,0,93,frontend,-,,4,4,4,0,6.3,0.0
4,normal,350,0,0,93,paymentservice,-,,4,4,4,0,6.3,0.0
4,normal,350,0,0,93,productcatalogservice,-,,4,4,4,0,6.3,0.0
4,normal,350,0,0,93,recommendationservice,-,,4,4,2,0,6.3,0.0
4,normal,350,0,0,93,redis-cart,-,,1,1,1,0,6.3,0.0
4,normal,350,0,0,93,shippingservice,-,,4,4,4,0,6.3,0.0
4,normal,350,0,0,109,adservice,-,,4,4,4,0,6.3,0.0
4,normal,350,0,0,109,cartservice,-,,4,4,4,0,6.3,0.0
4,normal,350,0,0,109,checkoutservice,-,,4,4,4,0,6.3,0.0
4,normal,350,0,0,109,currencyservice,-,,4,4,4,0,6.3,0.0
4,normal,350,0,0,109,emailservice,-,,4,4,4,0,6.3,0.0
4,normal,350,0,0,109,frontend,-,,4,4,4,0,6.3,0.0
4,normal,350,0,0,109,paymentservice,-,,4,4,4,0,6.3,0.0
4,normal,350,0,0,109,productcatalogservice,-,,4,4,4,0,6.3,0.0
4,normal,350,0,0,109,recommendationservice,-,,4,4,2,0,6.3,0.0
4,normal,350,0,0,109,redis-cart,-,,1,1,1,0,6.3,0.0
4,normal,350,0,0,109,shippingservice,-,,4,4,4,0,6.3,0.0
4,normal,350,0,0,124,adservice,-,,4,4,4,0,6.3,0.0
4,normal,350,0,0,124,cartservice,-,,4,4,4,0,6.3,0.0
4,normal,350,0,0,124,checkoutservice,-,,4,4,4,0,6.3,0.0
4,normal,350,0,0,124,currencyservice,-,,4,4,4,0,6.3,0.0
4,normal,350,0,0,124,emailservice,-,,4,4,4,0,6.3,0.0
4,normal,350,0,0,124,frontend,-,,4,4,4,0,6.3,0.0
4,normal,350,0,0,124,paymentservice,-,,4,4,4,0,6.3,0.0
4,normal,350,0,0,124,productcatalogservice,-,,4,4,4,0,6.3,0.0
4,normal,350,0,0,124,recommendationservice,-,,4,4,2,0,6.3,0.0
4,normal,350,0,0,124,redis-cart,-,,1,1,1,0,6.3,0.0
4,normal,350,0,0,124,shippingservice,-,,4,4,4,0,6.3,0.0
4,normal,350,0,0,139,adservice,-,,4,4,4,0,6.3,0.0
4,normal,350,0,0,139,cartservice,-,,4,4,4,0,6.3,0.0
4,normal,350,0,0,139,checkoutservice,-,,4,4,4,0,6.3,0.0
4,normal,350,0,0,139,currencyservice,-,,4,4,4,0,6.3,0.0
4,normal,350,0,0,139,emailservice,-,,4,4,4,0,6.3,0.0
4,normal,350,0,0,139,frontend,-,,4,4,4,0,6.3,0.0
4,normal,350,0,0,139,paymentservice,-,,4,4,4,0,6.3,0.0
4,normal,350,0,0,139,productcatalogservice,-,,4,4,4,0,6.3,0.0
4,normal,350,0,0,139,recommendationservice,-,,4,4,3,0,6.3,0.0
4,normal,350,0,0,139,redis-cart,-,,1,1,1,0,6.3,0.0
4,normal,350,0,0,139,shippingservice,-,,4,4,4,0,6.3,0.0
4,normal,350,0,0,155,adservice,-,,4,4,4,0,6.3,0.0
4,normal,350,0,0,155,cartservice,-,,4,4,4,0,6.3,0.0
4,normal,350,0,0,155,checkoutservice,-,,4,4,4,0,6.3,0.0
4,normal,350,0,0,155,currencyservice,-,,4,4,4,0,6.3,0.0
4,normal,350,0,0,155,emailservice,-,,4,4,4,0,6.3,0.0
4,normal,350,0,0,155,frontend,-,,4,4,4,0,6.3,0.0
4,normal,350,0,0,155,paymentservice,-,,4,4,4,0,6.3,0.0
4,normal,350,0,0,155,productcatalogservice,-,,4,4,4,0,6.3,0.0
4,normal,350,0,0,155,recommendationservice,-,,4,4,2,0,6.3,0.0
4,normal,350,0,0,155,redis-cart,-,,1,1,1,0,6.3,0.0
4,normal,350,0,0,155,shippingservice,-,,4,4,4,0,6.3,0.0
4,normal,350,0,0,170,adservice,-,,4,4,4,0,6.3,0.0
4,normal,350,0,0,170,cartservice,-,,4,4,4,0,6.3,0.0
4,normal,350,0,0,170,checkoutservice,-,,4,4,4,0,6.3,0.0
4,normal,350,0,0,170,currencyservice,-,,4,4,4,0,6.3,0.0
4,normal,350,0,0,170,emailservice,-,,4,4,4,0,6.3,0.0
4,normal,350,0,0,170,frontend,-,,4,4,4,0,6.3,0.0
4,normal,350,0,0,170,paymentservice,-,,4,4,4,0,6.3,0.0
4,normal,350,0,0,170,productcatalogservice,-,,4,4,4,0,6.3,0.0
4,normal,350,0,0,170,recommendationservice,-,,4,4,4,0,6.3,0.0
4,normal,350,0,0,170,redis-cart,-,,1,1,1,0,6.3,0.0
4,normal,350,0,0,170,shippingservice,-,,4,4,4,0,6.3,0.0
4,normal,350,0,0,186,adservice,-,,4,4,4,0,6.3,0.0
4,normal,350,0,0,186,cartservice,-,,4,4,4,0,6.3,0.0
4,normal,350,0,0,186,checkoutservice,-,,4,4,4,0,6.3,0.0
4,normal,350,0,0,186,currencyservice,-,,4,4,4,0,6.3,0.0
4,normal,350,0,0,186,emailservice,-,,4,4,4,0,6.3,0.0
4,normal,350,0,0,186,frontend,-,,4,4,4,0,6.3,0.0
4,normal,350,0,0,186,paymentservice,-,,4,4,4,0,6.3,0.0
4,normal,350,0,0,186,productcatalogservice,-,,4,4,4,0,6.3,0.0
4,normal,350,0,0,186,recommendationservice,-,,4,4,2,0,6.3,0.0
4,normal,350,0,0,186,redis-cart,-,,1,1,1,0,6.3,0.0
4,normal,350,0,0,186,shippingservice,-,,4,4,4,0,6.3,0.0
4,normal,350,0,0,201,adservice,-,,4,4,4,0,6.3,0.0
4,normal,350,0,0,201,cartservice,-,,4,4,4,0,6.3,0.0
4,normal,350,0,0,201,checkoutservice,-,,4,4,4,0,6.3,0.0
4,normal,350,0,0,201,currencyservice,-,,4,4,4,0,6.3,0.0
4,normal,350,0,0,201,emailservice,-,,4,4,4,0,6.3,0.0
4,normal,350,0,0,201,frontend,-,,4,4,4,0,6.3,0.0
4,normal,350,0,0,201,paymentservice,-,,4,4,4,0,6.3,0.0
4,normal,350,0,0,201,productcatalogservice,-,,4,4,4,0,6.3,0.0
4,normal,350,0,0,201,recommendationservice,-,,4,4,2,0,6.3,0.0
4,normal,350,0,0,201,redis-cart,-,,1,1,1,0,6.3,0.0
4,normal,350,0,0,201,shippingservice,-,,4,4,4,0,6.3,0.0
4,normal,400,0,0,0,adservice,-,,4,4,4,0,6.3,0.0
4,normal,400,0,0,0,cartservice,-,,4,4,4,0,6.3,0.0
4,normal,400,0,0,0,checkoutservice,-,,4,4,4,0,6.3,0.0
4,normal,400,0,0,0,currencyservice,-,,4,4,4,0,6.3,0.0
4,normal,400,0,0,0,emailservice,-,,4,4,4,0,6.3,0.0
4,normal,400,0,0,0,frontend,-,,4,4,4,0,6.3,0.0
4,normal,400,0,0,0,paymentservice,-,,4,4,4,0,6.3,0.0
4,normal,400,0,0,0,productcatalogservice,-,,4,4,4,0,6.3,0.0
4,normal,400,0,0,0,recommendationservice,-,,4,4,4,0,6.3,0.0
4,normal,400,0,0,0,redis-cart,-,,1,1,1,0,6.3,0.0
4,normal,400,0,0,0,shippingservice,-,,4,4,4,0,6.3,0.0
4,normal,400,0,0,15,adservice,-,,4,4,4,0,6.3,0.0
4,normal,400,0,0,15,cartservice,-,,4,4,4,0,6.3,0.0
4,normal,400,0,0,15,checkoutservice,-,,4,4,4,0,6.3,0.0
4,normal,400,0,0,15,currencyservice,-,,4,4,4,0,6.3,0.0
4,normal,400,0,0,15,emailservice,-,,4,4,4,0,6.3,0.0
4,normal,400,0,0,15,frontend,-,,4,4,4,0,6.3,0.0
4,normal,400,0,0,15,paymentservice,-,,4,4,4,0,6.3,0.0
4,normal,400,0,0,15,productcatalogservice,-,,4,4,4,0,6.3,0.0
4,normal,400,0,0,15,recommendationservice,-,,4,4,4,0,6.3,0.0
4,normal,400,0,0,15,redis-cart,-,,1,1,1,0,6.3,0.0
4,normal,400,0,0,15,shippingservice,-,,4,4,4,0,6.3,0.0
4,normal,400,0,0,31,adservice,-,,4,4,4,0,6.3,0.0
4,normal,400,0,0,31,cartservice,-,,4,4,4,0,6.3,0.0
4,normal,400,0,0,31,checkoutservice,-,,4,4,4,0,6.3,0.0
4,normal,400,0,0,31,currencyservice,-,,4,4,4,0,6.3,0.0
4,normal,400,0,0,31,emailservice,-,,4,4,4,0,6.3,0.0
4,normal,400,0,0,31,frontend,-,,4,4,4,0,6.3,0.0
4,normal,400,0,0,31,paymentservice,-,,4,4,4,0,6.3,0.0
4,normal,400,0,0,31,productcatalogservice,-,,4,4,4,0,6.3,0.0
4,normal,400,0,0,31,recommendationservice,-,,4,4,2,0,6.3,0.0
4,normal,400,0,0,31,redis-cart,-,,1,1,1,0,6.3,0.0
4,normal,400,0,0,31,shippingservice,-,,4,4,4,0,6.3,0.0
4,normal,400,0,0,46,adservice,-,,4,4,4,0,6.3,0.0
4,normal,400,0,0,46,cartservice,-,,4,4,4,0,6.3,0.0
4,normal,400,0,0,46,checkoutservice,-,,4,4,4,0,6.3,0.0
4,normal,400,0,0,46,currencyservice,-,,4,4,4,0,6.3,0.0
4,normal,400,0,0,46,emailservice,-,,4,4,4,0,6.3,0.0
4,normal,400,0,0,46,frontend,-,,4,4,4,0,6.3,0.0
4,normal,400,0,0,46,paymentservice,-,,4,4,4,0,6.3,0.0
4,normal,400,0,0,46,productcatalogservice,-,,4,4,4,0,6.3,0.0
4,normal,400,0,0,46,recommendationservice,-,,4,4,2,0,6.3,0.0
4,normal,400,0,0,46,redis-cart,-,,1,1,1,0,6.3,0.0
4,normal,400,0,0,46,shippingservice,-,,4,4,4,0,6.3,0.0
4,normal,400,0,0,62,adservice,-,,4,4,4,0,6.3,0.0
4,normal,400,0,0,62,cartservice,-,,4,4,4,0,6.3,0.0
4,normal,400,0,0,62,checkoutservice,-,,4,4,4,0,6.3,0.0
4,normal,400,0,0,62,currencyservice,-,,4,4,4,0,6.3,0.0
4,normal,400,0,0,62,emailservice,-,,4,4,4,0,6.3,0.0
4,normal,400,0,0,62,frontend,-,,4,4,4,0,6.3,0.0
4,normal,400,0,0,62,paymentservice,-,,4,4,4,0,6.3,0.0
4,normal,400,0,0,62,productcatalogservice,-,,4,4,4,0,6.3,0.0
4,normal,400,0,0,62,recommendationservice,-,,4,4,2,0,6.3,0.0
4,normal,400,0,0,62,redis-cart,-,,1,1,1,0,6.3,0.0
4,normal,400,0,0,62,shippingservice,-,,4,4,4,0,6.3,0.0
4,normal,400,0,0,77,adservice,-,,4,4,4,0,6.3,0.0
4,normal,400,0,0,77,cartservice,-,,4,4,4,0,6.3,0.0
4,normal,400,0,0,77,checkoutservice,-,,4,4,4,0,6.3,0.0
4,normal,400,0,0,77,currencyservice,-,,4,4,4,0,6.3,0.0
4,normal,400,0,0,77,emailservice,-,,4,4,4,0,6.3,0.0
4,normal,400,0,0,77,frontend,-,,4,4,4,0,6.3,0.0
4,normal,400,0,0,77,paymentservice,-,,4,4,4,0,6.3,0.0
4,normal,400,0,0,77,productcatalogservice,-,,4,4,4,0,6.3,0.0
4,normal,400,0,0,77,recommendationservice,-,,4,4,2,0,6.3,0.0
4,normal,400,0,0,77,redis-cart,-,,1,1,1,0,6.3,0.0
4,normal,400,0,0,77,shippingservice,-,,4,4,4,0,6.3,0.0
4,normal,400,0,0,93,adservice,-,,4,4,4,0,6.3,0.0
4,normal,400,0,0,93,cartservice,-,,4,4,4,0,6.3,0.0
4,normal,400,0,0,93,checkoutservice,-,,4,4,4,0,6.3,0.0
4,normal,400,0,0,93,currencyservice,-,,4,4,4,0,6.3,0.0
4,normal,400,0,0,93,emailservice,-,,4,4,4,0,6.3,0.0
4,normal,400,0,0,93,frontend,-,,4,4,4,0,6.3,0.0
4,normal,400,0,0,93,paymentservice,-,,4,4,4,0,6.3,0.0
4,normal,400,0,0,93,productcatalogservice,-,,4,4,4,0,6.3,0.0
4,normal,400,0,0,93,recommendationservice,-,,4,4,2,0,6.3,0.0
4,normal,400,0,0,93,redis-cart,-,,1,1,1,0,6.3,0.0
4,normal,400,0,0,93,shippingservice,-,,4,4,4,0,6.3,0.0
4,normal,400,0,0,108,adservice,-,,4,4,4,0,6.3,0.0
4,normal,400,0,0,108,cartservice,-,,4,4,4,0,6.3,0.0
4,normal,400,0,0,108,checkoutservice,-,,4,4,4,0,6.3,0.0
4,normal,400,0,0,108,currencyservice,-,,4,4,4,0,6.3,0.0
4,normal,400,0,0,108,emailservice,-,,4,4,4,0,6.3,0.0
4,normal,400,0,0,108,frontend,-,,4,4,4,0,6.3,0.0
4,normal,400,0,0,108,paymentservice,-,,4,4,4,0,6.3,0.0
4,normal,400,0,0,108,productcatalogservice,-,,4,4,4,0,6.3,0.0
4,normal,400,0,0,108,recommendationservice,-,,4,4,4,0,6.3,0.0
4,normal,400,0,0,108,redis-cart,-,,1,1,1,0,6.3,0.0
4,normal,400,0,0,108,shippingservice,-,,4,4,4,0,6.3,0.0
4,normal,400,0,0,123,adservice,-,,4,4,4,0,6.3,0.0
4,normal,400,0,0,123,cartservice,-,,4,4,4,0,6.3,0.0
4,normal,400,0,0,123,checkoutservice,-,,4,4,4,0,6.3,0.0
4,normal,400,0,0,123,currencyservice,-,,4,4,4,0,6.3,0.0
4,normal,400,0,0,123,emailservice,-,,4,4,4,0,6.3,0.0
4,normal,400,0,0,123,frontend,-,,4,4,4,0,6.3,0.0
4,normal,400,0,0,123,paymentservice,-,,4,4,4,0,6.3,0.0
4,normal,400,0,0,123,productcatalogservice,-,,4,4,4,0,6.3,0.0
4,normal,400,0,0,123,recommendationservice,-,,4,4,2,0,6.3,0.0
4,normal,400,0,0,123,redis-cart,-,,1,1,1,0,6.3,0.0
4,normal,400,0,0,123,shippingservice,-,,4,4,4,0,6.3,0.0
4,normal,400,0,0,139,adservice,-,,4,4,4,0,6.3,0.0
4,normal,400,0,0,139,cartservice,-,,4,4,4,0,6.3,0.0
4,normal,400,0,0,139,checkoutservice,-,,4,4,4,0,6.3,0.0
4,normal,400,0,0,139,currencyservice,-,,4,4,4,0,6.3,0.0
4,normal,400,0,0,139,emailservice,-,,4,4,4,0,6.3,0.0
4,normal,400,0,0,139,frontend,-,,4,4,4,0,6.3,0.0
4,normal,400,0,0,139,paymentservice,-,,4,4,4,0,6.3,0.0
4,normal,400,0,0,139,productcatalogservice,-,,4,4,4,0,6.3,0.0
4,normal,400,0,0,139,recommendationservice,-,,4,4,2,0,6.3,0.0
4,normal,400,0,0,139,redis-cart,-,,1,1,1,0,6.3,0.0
4,normal,400,0,0,139,shippingservice,-,,4,4,4,0,6.3,0.0
4,normal,400,0,0,154,adservice,-,,4,4,4,0,6.3,0.0
4,normal,400,0,0,154,cartservice,-,,4,4,4,0,6.3,0.0
4,normal,400,0,0,154,checkoutservice,-,,4,4,4,0,6.3,0.0
4,normal,400,0,0,154,currencyservice,-,,4,4,4,0,6.3,0.0
4,normal,400,0,0,154,emailservice,-,,4,4,4,0,6.3,0.0
4,normal,400,0,0,154,frontend,-,,4,4,4,0,6.3,0.0
4,normal,400,0,0,154,paymentservice,-,,4,4,4,0,6.3,0.0
4,normal,400,0,0,154,productcatalogservice,-,,4,4,4,0,6.3,0.0
4,normal,400,0,0,154,recommendationservice,-,,4,4,2,0,6.3,0.0
4,normal,400,0,0,154,redis-cart,-,,1,1,1,0,6.3,0.0
4,normal,400,0,0,154,shippingservice,-,,4,4,4,0,6.3,0.0
4,normal,400,0,0,170,adservice,-,,4,4,4,0,6.3,0.0
4,normal,400,0,0,170,cartservice,-,,4,4,4,0,6.3,0.0
4,normal,400,0,0,170,checkoutservice,-,,4,4,4,0,6.3,0.0
4,normal,400,0,0,170,currencyservice,-,,4,4,4,0,6.3,0.0
4,normal,400,0,0,170,emailservice,-,,4,4,4,0,6.3,0.0
4,normal,400,0,0,170,frontend,-,,4,4,4,0,6.3,0.0
4,normal,400,0,0,170,paymentservice,-,,4,4,4,0,6.3,0.0
4,normal,400,0,0,170,productcatalogservice,-,,4,4,4,0,6.3,0.0
4,normal,400,0,0,170,recommendationservice,-,,4,4,2,0,6.3,0.0
4,normal,400,0,0,170,redis-cart,-,,1,1,1,0,6.3,0.0
4,normal,400,0,0,170,shippingservice,-,,4,4,4,0,6.3,0.0
4,normal,400,0,0,185,adservice,-,,4,4,4,0,6.3,0.0
4,normal,400,0,0,185,cartservice,-,,4,4,4,0,6.3,0.0
4,normal,400,0,0,185,checkoutservice,-,,4,4,4,0,6.3,0.0
4,normal,400,0,0,185,currencyservice,-,,4,4,4,0,6.3,0.0
4,normal,400,0,0,185,emailservice,-,,4,4,4,0,6.3,0.0
4,normal,400,0,0,185,frontend,-,,4,4,4,0,6.3,0.0
4,normal,400,0,0,185,paymentservice,-,,4,4,4,0,6.3,0.0
4,normal,400,0,0,185,productcatalogservice,-,,4,4,4,0,6.3,0.0
4,normal,400,0,0,185,recommendationservice,-,,4,4,2,0,6.3,0.0
4,normal,400,0,0,185,redis-cart,-,,1,1,1,0,6.3,0.0
4,normal,400,0,0,185,shippingservice,-,,4,4,4,0,6.3,0.0
4,normal,400,0,0,200,adservice,-,,4,4,4,0,6.3,0.0
4,normal,400,0,0,200,cartservice,-,,4,4,4,0,6.3,0.0
4,normal,400,0,0,200,checkoutservice,-,,4,4,4,0,6.3,0.0
4,normal,400,0,0,200,currencyservice,-,,4,4,4,0,6.3,0.0
4,normal,400,0,0,200,emailservice,-,,4,4,4,0,6.3,0.0
4,normal,400,0,0,200,frontend,-,,4,4,4,0,6.3,0.0
4,normal,400,0,0,200,paymentservice,-,,4,4,4,0,6.3,0.0
4,normal,400,0,0,200,productcatalogservice,-,,4,4,4,0,6.3,0.0
4,normal,400,0,0,200,recommendationservice,-,,4,4,3,0,6.3,0.0
4,normal,400,0,0,200,redis-cart,-,,1,1,1,0,6.3,0.0
4,normal,400,0,0,200,shippingservice,-,,4,4,4,0,6.3,0.0
4,normal,450,0,0,1,adservice,-,,4,4,4,0,6.3,0.0
4,normal,450,0,0,1,cartservice,-,,4,4,4,0,6.3,0.0
4,normal,450,0,0,1,checkoutservice,-,,4,4,4,0,6.3,0.0
4,normal,450,0,0,1,currencyservice,-,,4,4,4,0,6.3,0.0
4,normal,450,0,0,1,emailservice,-,,4,4,4,0,6.3,0.0
4,normal,450,0,0,1,frontend,-,,4,4,4,0,6.3,0.0
4,normal,450,0,0,1,paymentservice,-,,4,4,4,0,6.3,0.0
4,normal,450,0,0,1,productcatalogservice,-,,4,4,4,0,6.3,0.0
4,normal,450,0,0,1,recommendationservice,-,,4,4,4,0,6.3,0.0
4,normal,450,0,0,1,redis-cart,-,,1,1,1,0,6.3,0.0
4,normal,450,0,0,1,shippingservice,-,,4,4,4,0,6.3,0.0
4,normal,450,0,0,16,adservice,-,,4,4,4,0,6.3,0.0
4,normal,450,0,0,16,cartservice,-,,4,4,4,0,6.3,0.0
4,normal,450,0,0,16,checkoutservice,-,,4,4,4,0,6.3,0.0
4,normal,450,0,0,16,currencyservice,-,,4,4,4,0,6.3,0.0
4,normal,450,0,0,16,emailservice,-,,4,4,4,0,6.3,0.0
4,normal,450,0,0,16,frontend,-,,4,4,4,0,6.3,0.0
4,normal,450,0,0,16,paymentservice,-,,4,4,4,0,6.3,0.0
4,normal,450,0,0,16,productcatalogservice,-,,4,4,4,0,6.3,0.0
4,normal,450,0,0,16,recommendationservice,-,,4,4,4,0,6.3,0.0
4,normal,450,0,0,16,redis-cart,-,,1,1,1,0,6.3,0.0
4,normal,450,0,0,16,shippingservice,-,,4,4,4,0,6.3,0.0
4,normal,450,0,0,32,adservice,-,,4,4,4,0,6.3,0.0
4,normal,450,0,0,32,cartservice,-,,4,4,4,0,6.3,0.0
4,normal,450,0,0,32,checkoutservice,-,,4,4,4,0,6.3,0.0
4,normal,450,0,0,32,currencyservice,-,,4,4,4,0,6.3,0.0
4,normal,450,0,0,32,emailservice,-,,4,4,4,0,6.3,0.0
4,normal,450,0,0,32,frontend,-,,4,4,4,0,6.3,0.0
4,normal,450,0,0,32,paymentservice,-,,4,4,4,0,6.3,0.0
4,normal,450,0,0,32,productcatalogservice,-,,4,4,4,0,6.3,0.0
4,normal,450,0,0,32,recommendationservice,-,,4,4,3,0,6.3,0.0
4,normal,450,0,0,32,redis-cart,-,,1,1,1,0,6.3,0.0
4,normal,450,0,0,32,shippingservice,-,,4,4,4,0,6.3,0.0
4,normal,450,0,0,47,adservice,-,,4,4,4,0,6.3,0.0
4,normal,450,0,0,47,cartservice,-,,4,4,4,0,6.3,0.0
4,normal,450,0,0,47,checkoutservice,-,,4,4,4,0,6.3,0.0
4,normal,450,0,0,47,currencyservice,-,,4,4,4,0,6.3,0.0
4,normal,450,0,0,47,emailservice,-,,4,4,4,0,6.3,0.0
4,normal,450,0,0,47,frontend,-,,4,4,4,0,6.3,0.0
4,normal,450,0,0,47,paymentservice,-,,4,4,4,0,6.3,0.0
4,normal,450,0,0,47,productcatalogservice,-,,4,4,4,0,6.3,0.0
4,normal,450,0,0,47,recommendationservice,-,,4,4,2,0,6.3,0.0
4,normal,450,0,0,47,redis-cart,-,,1,1,1,0,6.3,0.0
4,normal,450,0,0,47,shippingservice,-,,4,4,4,0,6.3,0.0
4,normal,450,0,0,62,adservice,-,,4,4,4,0,6.3,0.0
4,normal,450,0,0,62,cartservice,-,,4,4,4,0,6.3,0.0
4,normal,450,0,0,62,checkoutservice,-,,4,4,4,0,6.3,0.0
4,normal,450,0,0,62,currencyservice,-,,4,4,4,0,6.3,0.0
4,normal,450,0,0,62,emailservice,-,,4,4,4,0,6.3,0.0
4,normal,450,0,0,62,frontend,-,,4,4,4,0,6.3,0.0
4,normal,450,0,0,62,paymentservice,-,,4,4,4,0,6.3,0.0
4,normal,450,0,0,62,productcatalogservice,-,,4,4,4,0,6.3,0.0
4,normal,450,0,0,62,recommendationservice,-,,4,4,1,0,6.3,0.0
4,normal,450,0,0,62,redis-cart,-,,1,1,1,0,6.3,0.0
4,normal,450,0,0,62,shippingservice,-,,4,4,4,0,6.3,0.0
4,normal,450,0,0,78,adservice,-,,4,4,4,0,6.3,0.0
4,normal,450,0,0,78,cartservice,-,,4,4,4,0,6.3,0.0
4,normal,450,0,0,78,checkoutservice,-,,4,4,4,0,6.3,0.0
4,normal,450,0,0,78,currencyservice,-,,4,4,4,0,6.3,0.0
4,normal,450,0,0,78,emailservice,-,,4,4,4,0,6.3,0.0
4,normal,450,0,0,78,frontend,-,,4,4,4,0,6.3,0.0
4,normal,450,0,0,78,paymentservice,-,,4,4,4,0,6.3,0.0
4,normal,450,0,0,78,productcatalogservice,-,,4,4,4,0,6.3,0.0
4,normal,450,0,0,78,recommendationservice,-,,4,4,1,0,6.3,0.0
4,normal,450,0,0,78,redis-cart,-,,1,1,1,0,6.3,0.0
4,normal,450,0,0,78,shippingservice,-,,4,4,4,0,6.3,0.0
4,normal,450,0,0,93,adservice,-,,4,4,4,0,6.3,0.0
4,normal,450,0,0,93,cartservice,-,,4,4,4,0,6.3,0.0
4,normal,450,0,0,93,checkoutservice,-,,4,4,4,0,6.3,0.0
4,normal,450,0,0,93,currencyservice,-,,4,4,4,0,6.3,0.0
4,normal,450,0,0,93,emailservice,-,,4,4,4,0,6.3,0.0
4,normal,450,0,0,93,frontend,-,,4,4,4,0,6.3,0.0
4,normal,450,0,0,93,paymentservice,-,,4,4,4,0,6.3,0.0
4,normal,450,0,0,93,productcatalogservice,-,,4,4,4,0,6.3,0.0
4,normal,450,0,0,93,recommendationservice,-,,4,4,1,0,6.3,0.0
4,normal,450,0,0,93,redis-cart,-,,1,1,1,0,6.3,0.0
4,normal,450,0,0,93,shippingservice,-,,4,4,4,0,6.3,0.0
4,normal,450,0,0,109,adservice,-,,4,4,4,0,6.3,0.0
4,normal,450,0,0,109,cartservice,-,,4,4,4,0,6.3,0.0
4,normal,450,0,0,109,checkoutservice,-,,4,4,4,0,6.3,0.0
4,normal,450,0,0,109,currencyservice,-,,4,4,4,0,6.3,0.0
4,normal,450,0,0,109,emailservice,-,,4,4,4,0,6.3,0.0
4,normal,450,0,0,109,frontend,-,,4,4,4,0,6.3,0.0
4,normal,450,0,0,109,paymentservice,-,,4,4,4,0,6.3,0.0
4,normal,450,0,0,109,productcatalogservice,-,,4,4,4,0,6.3,0.0
4,normal,450,0,0,109,recommendationservice,-,,4,4,3,0,6.3,0.0
4,normal,450,0,0,109,redis-cart,-,,1,1,1,0,6.3,0.0
4,normal,450,0,0,109,shippingservice,-,,4,4,4,0,6.3,0.0
4,normal,450,0,0,124,adservice,-,,4,4,4,0,6.3,0.0
4,normal,450,0,0,124,cartservice,-,,4,4,4,0,6.3,0.0
4,normal,450,0,0,124,checkoutservice,-,,4,4,4,0,6.3,0.0
4,normal,450,0,0,124,currencyservice,-,,4,4,4,0,6.3,0.0
4,normal,450,0,0,124,emailservice,-,,4,4,4,0,6.3,0.0
4,normal,450,0,0,124,frontend,-,,4,4,4,0,6.3,0.0
4,normal,450,0,0,124,paymentservice,-,,4,4,4,0,6.3,0.0
4,normal,450,0,0,124,productcatalogservice,-,,4,4,4,0,6.3,0.0
4,normal,450,0,0,124,recommendationservice,-,,4,4,2,0,6.3,0.0
4,normal,450,0,0,124,redis-cart,-,,1,1,1,0,6.3,0.0
4,normal,450,0,0,124,shippingservice,-,,4,4,4,0,6.3,0.0
4,normal,450,0,0,140,adservice,-,,4,4,4,0,6.3,0.0
4,normal,450,0,0,140,cartservice,-,,4,4,4,0,6.3,0.0
4,normal,450,0,0,140,checkoutservice,-,,4,4,4,0,6.3,0.0
4,normal,450,0,0,140,currencyservice,-,,4,4,4,0,6.3,0.0
4,normal,450,0,0,140,emailservice,-,,4,4,4,0,6.3,0.0
4,normal,450,0,0,140,frontend,-,,4,4,4,0,6.3,0.0
4,normal,450,0,0,140,paymentservice,-,,4,4,4,0,6.3,0.0
4,normal,450,0,0,140,productcatalogservice,-,,4,4,4,0,6.3,0.0
4,normal,450,0,0,140,recommendationservice,-,,4,4,3,0,6.3,0.0
4,normal,450,0,0,140,redis-cart,-,,1,1,1,0,6.3,0.0
4,normal,450,0,0,140,shippingservice,-,,4,4,4,0,6.3,0.0
4,normal,450,0,0,155,adservice,-,,4,4,4,0,6.3,0.0
4,normal,450,0,0,155,cartservice,-,,4,4,4,0,6.3,0.0
4,normal,450,0,0,155,checkoutservice,-,,4,4,4,0,6.3,0.0
4,normal,450,0,0,155,currencyservice,-,,4,4,4,0,6.3,0.0
4,normal,450,0,0,155,emailservice,-,,4,4,4,0,6.3,0.0
4,normal,450,0,0,155,frontend,-,,4,4,4,0,6.3,0.0
4,normal,450,0,0,155,paymentservice,-,,4,4,4,0,6.3,0.0
4,normal,450,0,0,155,productcatalogservice,-,,4,4,4,0,6.3,0.0
4,normal,450,0,0,155,recommendationservice,-,,4,4,2,0,6.3,0.0
4,normal,450,0,0,155,redis-cart,-,,1,1,1,0,6.3,0.0
4,normal,450,0,0,155,shippingservice,-,,4,4,4,0,6.3,0.0
4,normal,450,0,0,170,adservice,-,,4,4,4,0,6.3,0.0
4,normal,450,0,0,170,cartservice,-,,4,4,4,0,6.3,0.0
4,normal,450,0,0,170,checkoutservice,-,,4,4,4,0,6.3,0.0
4,normal,450,0,0,170,currencyservice,-,,4,4,4,0,6.3,0.0
4,normal,450,0,0,170,emailservice,-,,4,4,4,0,6.3,0.0
4,normal,450,0,0,170,frontend,-,,4,4,4,0,6.3,0.0
4,normal,450,0,0,170,paymentservice,-,,4,4,4,0,6.3,0.0
4,normal,450,0,0,170,productcatalogservice,-,,4,4,4,0,6.3,0.0
4,normal,450,0,0,170,recommendationservice,-,,4,4,2,0,6.3,0.0
4,normal,450,0,0,170,redis-cart,-,,1,1,1,0,6.3,0.0
4,normal,450,0,0,170,shippingservice,-,,4,4,4,0,6.3,0.0
4,normal,450,0,0,186,adservice,-,,4,4,4,0,6.3,0.0
4,normal,450,0,0,186,cartservice,-,,4,4,4,0,6.3,0.0
4,normal,450,0,0,186,checkoutservice,-,,4,4,4,0,6.3,0.0
4,normal,450,0,0,186,currencyservice,-,,4,4,4,0,6.3,0.0
4,normal,450,0,0,186,emailservice,-,,4,4,4,0,6.3,0.0
4,normal,450,0,0,186,frontend,-,,4,4,4,0,6.3,0.0
4,normal,450,0,0,186,paymentservice,-,,4,4,4,0,6.3,0.0
4,normal,450,0,0,186,productcatalogservice,-,,4,4,4,0,6.3,0.0
4,normal,450,0,0,186,recommendationservice,-,,4,4,2,0,6.3,0.0
4,normal,450,0,0,186,redis-cart,-,,1,1,1,0,6.3,0.0
4,normal,450,0,0,186,shippingservice,-,,4,4,4,0,6.3,0.0
4,normal,450,0,0,201,adservice,-,,4,4,4,0,6.3,0.0
4,normal,450,0,0,201,cartservice,-,,4,4,4,0,6.3,0.0
4,normal,450,0,0,201,checkoutservice,-,,4,4,4,0,6.3,0.0
4,normal,450,0,0,201,currencyservice,-,,4,4,4,0,6.3,0.0
4,normal,450,0,0,201,emailservice,-,,4,4,4,0,6.3,0.0
4,normal,450,0,0,201,frontend,-,,4,4,4,0,6.3,0.0
4,normal,450,0,0,201,paymentservice,-,,4,4,4,0,6.3,0.0
4,normal,450,0,0,201,productcatalogservice,-,,4,4,4,0,6.3,0.0
4,normal,450,0,0,201,recommendationservice,-,,4,4,4,0,6.3,0.0
4,normal,450,0,0,201,redis-cart,-,,1,1,1,0,6.3,0.0
4,normal,450,0,0,201,shippingservice,-,,4,4,4,0,6.3,0.0
4,frontrecocatalog,350,0,0,1,adservice,-,,4,4,4,0,6.3,0.0
4,frontrecocatalog,350,0,0,1,cartservice,-,,4,4,4,0,6.3,0.0
4,frontrecocatalog,350,0,0,1,checkoutservice,-,,4,4,4,0,6.3,0.0
4,frontrecocatalog,350,0,0,1,currencyservice,-,,4,4,4,0,6.3,0.0
4,frontrecocatalog,350,0,0,1,emailservice,-,,4,4,4,0,6.3,0.0
4,frontrecocatalog,350,0,0,1,frontend,-,,4,4,4,0,6.3,0.0
4,frontrecocatalog,350,0,0,1,paymentservice,-,,4,4,4,0,6.3,0.0
4,frontrecocatalog,350,0,0,1,redis-cart,-,,1,1,1,0,6.3,0.0
4,frontrecocatalog,350,0,0,1,shippingservice,-,,4,4,4,0,6.3,0.0
4,frontrecocatalog,350,0,0,16,adservice,-,,4,4,4,0,6.3,0.0
4,frontrecocatalog,350,0,0,16,cartservice,-,,4,4,4,0,6.3,0.0
4,frontrecocatalog,350,0,0,16,checkoutservice,-,,4,4,4,0,6.3,0.0
4,frontrecocatalog,350,0,0,16,currencyservice,-,,4,4,4,0,6.3,0.0
4,frontrecocatalog,350,0,0,16,emailservice,-,,4,4,4,0,6.3,0.0
4,frontrecocatalog,350,0,0,16,frontend,-,,4,4,4,0,6.3,0.0
4,frontrecocatalog,350,0,0,16,paymentservice,-,,4,4,4,0,6.3,0.0
4,frontrecocatalog,350,0,0,16,redis-cart,-,,1,1,1,0,6.3,0.0
4,frontrecocatalog,350,0,0,16,shippingservice,-,,4,4,4,0,6.3,0.0
4,frontrecocatalog,350,0,0,31,adservice,-,,4,4,4,0,6.3,0.0
4,frontrecocatalog,350,0,0,31,cartservice,-,,4,4,4,0,6.3,0.0
4,frontrecocatalog,350,0,0,31,checkoutservice,-,,4,4,4,0,6.3,0.0
4,frontrecocatalog,350,0,0,31,currencyservice,-,,4,4,4,0,6.3,0.0
4,frontrecocatalog,350,0,0,31,emailservice,-,,4,4,4,0,6.3,0.0
4,frontrecocatalog,350,0,0,31,frontend,-,,4,4,4,0,6.3,0.0
4,frontrecocatalog,350,0,0,31,paymentservice,-,,4,4,4,0,6.3,0.0
4,frontrecocatalog,350,0,0,31,redis-cart,-,,1,1,1,0,6.3,0.0
4,frontrecocatalog,350,0,0,31,shippingservice,-,,4,4,4,0,6.3,0.0
4,frontrecocatalog,350,0,0,47,adservice,-,,4,4,4,0,6.3,0.0
4,frontrecocatalog,350,0,0,47,cartservice,-,,4,4,4,0,6.3,0.0
4,frontrecocatalog,350,0,0,47,checkoutservice,-,,4,4,4,0,6.3,0.0
4,frontrecocatalog,350,0,0,47,currencyservice,-,,4,4,4,0,6.3,0.0
4,frontrecocatalog,350,0,0,47,emailservice,-,,4,4,4,0,6.3,0.0
4,frontrecocatalog,350,0,0,47,frontend,-,,4,4,4,0,6.3,0.0
4,frontrecocatalog,350,0,0,47,paymentservice,-,,4,4,4,0,6.3,0.0
4,frontrecocatalog,350,0,0,47,redis-cart,-,,1,1,1,0,6.3,0.0
4,frontrecocatalog,350,0,0,47,shippingservice,-,,4,4,4,0,6.3,0.0
4,frontrecocatalog,350,0,0,62,adservice,-,,4,4,4,0,6.3,0.0
4,frontrecocatalog,350,0,0,62,cartservice,-,,4,4,4,0,6.3,0.0
4,frontrecocatalog,350,0,0,62,checkoutservice,-,,4,4,4,0,6.3,0.0
4,frontrecocatalog,350,0,0,62,currencyservice,-,,4,4,4,0,6.3,0.0
4,frontrecocatalog,350,0,0,62,emailservice,-,,4,4,4,0,6.3,0.0
4,frontrecocatalog,350,0,0,62,frontend,-,,4,4,4,0,6.3,0.0
4,frontrecocatalog,350,0,0,62,paymentservice,-,,4,4,4,0,6.3,0.0
4,frontrecocatalog,350,0,0,62,redis-cart,-,,1,1,1,0,6.3,0.0
4,frontrecocatalog,350,0,0,62,shippingservice,-,,4,4,4,0,6.3,0.0
4,frontrecocatalog,350,0,0,77,adservice,-,,4,4,4,0,6.3,0.0
4,frontrecocatalog,350,0,0,77,cartservice,-,,4,4,4,0,6.3,0.0
4,frontrecocatalog,350,0,0,77,checkoutservice,-,,4,4,4,0,6.3,0.0
4,frontrecocatalog,350,0,0,77,currencyservice,-,,4,4,4,0,6.3,0.0
4,frontrecocatalog,350,0,0,77,emailservice,-,,4,4,4,0,6.3,0.0
4,frontrecocatalog,350,0,0,77,frontend,-,,4,4,4,0,6.3,0.0
4,frontrecocatalog,350,0,0,77,paymentservice,-,,4,4,4,0,6.3,0.0
4,frontrecocatalog,350,0,0,77,redis-cart,-,,1,1,1,0,6.3,0.0
4,frontrecocatalog,350,0,0,77,shippingservice,-,,4,4,4,0,6.3,0.0
4,frontrecocatalog,350,0,0,93,adservice,-,,4,4,4,0,6.3,0.0
4,frontrecocatalog,350,0,0,93,cartservice,-,,4,4,4,0,6.3,0.0
4,frontrecocatalog,350,0,0,93,checkoutservice,-,,4,4,4,0,6.3,0.0
4,frontrecocatalog,350,0,0,93,currencyservice,-,,4,4,4,0,6.3,0.0
4,frontrecocatalog,350,0,0,93,emailservice,-,,4,4,4,0,6.3,0.0
4,frontrecocatalog,350,0,0,93,frontend,-,,4,4,4,0,6.3,0.0
4,frontrecocatalog,350,0,0,93,paymentservice,-,,4,4,4,0,6.3,0.0
4,frontrecocatalog,350,0,0,93,redis-cart,-,,1,1,1,0,6.3,0.0
4,frontrecocatalog,350,0,0,93,shippingservice,-,,4,4,4,0,6.3,0.0
4,frontrecocatalog,350,0,0,108,adservice,-,,4,4,4,0,6.3,0.0
4,frontrecocatalog,350,0,0,108,cartservice,-,,4,4,4,0,6.3,0.0
4,frontrecocatalog,350,0,0,108,checkoutservice,-,,4,4,4,0,6.3,0.0
4,frontrecocatalog,350,0,0,108,currencyservice,-,,4,4,4,0,6.3,0.0
4,frontrecocatalog,350,0,0,108,emailservice,-,,4,4,4,0,6.3,0.0
4,frontrecocatalog,350,0,0,108,frontend,-,,4,4,4,0,6.3,0.0
4,frontrecocatalog,350,0,0,108,paymentservice,-,,4,4,4,0,6.3,0.0
4,frontrecocatalog,350,0,0,108,redis-cart,-,,1,1,1,0,6.3,0.0
4,frontrecocatalog,350,0,0,108,shippingservice,-,,4,4,4,0,6.3,0.0
4,frontrecocatalog,350,0,0,124,adservice,-,,4,4,4,0,6.3,0.0
4,frontrecocatalog,350,0,0,124,cartservice,-,,4,4,4,0,6.3,0.0
4,frontrecocatalog,350,0,0,124,checkoutservice,-,,4,4,4,0,6.3,0.0
4,frontrecocatalog,350,0,0,124,currencyservice,-,,4,4,4,0,6.3,0.0
4,frontrecocatalog,350,0,0,124,emailservice,-,,4,4,4,0,6.3,0.0
4,frontrecocatalog,350,0,0,124,frontend,-,,4,4,4,0,6.3,0.0
4,frontrecocatalog,350,0,0,124,paymentservice,-,,4,4,4,0,6.3,0.0
4,frontrecocatalog,350,0,0,124,redis-cart,-,,1,1,1,0,6.3,0.0
4,frontrecocatalog,350,0,0,124,shippingservice,-,,4,4,4,0,6.3,0.0
4,frontrecocatalog,350,0,0,139,adservice,-,,4,4,4,0,6.3,0.0
4,frontrecocatalog,350,0,0,139,cartservice,-,,4,4,4,0,6.3,0.0
4,frontrecocatalog,350,0,0,139,checkoutservice,-,,4,4,4,0,6.3,0.0
4,frontrecocatalog,350,0,0,139,currencyservice,-,,4,4,4,0,6.3,0.0
4,frontrecocatalog,350,0,0,139,emailservice,-,,4,4,4,0,6.3,0.0
4,frontrecocatalog,350,0,0,139,frontend,-,,4,4,4,0,6.3,0.0
4,frontrecocatalog,350,0,0,139,paymentservice,-,,4,4,4,0,6.3,0.0
4,frontrecocatalog,350,0,0,139,redis-cart,-,,1,1,1,0,6.3,0.0
4,frontrecocatalog,350,0,0,139,shippingservice,-,,4,4,4,0,6.3,0.0
4,frontrecocatalog,350,0,0,155,adservice,-,,4,4,4,0,6.3,0.0
4,frontrecocatalog,350,0,0,155,cartservice,-,,4,4,4,0,6.3,0.0
4,frontrecocatalog,350,0,0,155,checkoutservice,-,,4,4,4,0,6.3,0.0
4,frontrecocatalog,350,0,0,155,currencyservice,-,,4,4,4,0,6.3,0.0
4,frontrecocatalog,350,0,0,155,emailservice,-,,4,4,4,0,6.3,0.0
4,frontrecocatalog,350,0,0,155,frontend,-,,4,4,4,0,6.3,0.0
4,frontrecocatalog,350,0,0,155,paymentservice,-,,4,4,4,0,6.3,0.0
4,frontrecocatalog,350,0,0,155,redis-cart,-,,1,1,1,0,6.3,0.0
4,frontrecocatalog,350,0,0,155,shippingservice,-,,4,4,4,0,6.3,0.0
4,frontrecocatalog,350,0,0,170,adservice,-,,4,4,4,0,6.3,0.0
4,frontrecocatalog,350,0,0,170,cartservice,-,,4,4,4,0,6.3,0.0
4,frontrecocatalog,350,0,0,170,checkoutservice,-,,4,4,4,0,6.3,0.0
4,frontrecocatalog,350,0,0,170,currencyservice,-,,4,4,4,0,6.3,0.0
4,frontrecocatalog,350,0,0,170,emailservice,-,,4,4,4,0,6.3,0.0
4,frontrecocatalog,350,0,0,170,frontend,-,,4,4,4,0,6.3,0.0
4,frontrecocatalog,350,0,0,170,paymentservice,-,,4,4,4,0,6.3,0.0
4,frontrecocatalog,350,0,0,170,redis-cart,-,,1,1,1,0,6.3,0.0
4,frontrecocatalog,350,0,0,170,shippingservice,-,,4,4,4,0,6.3,0.0
4,frontrecocatalog,350,0,0,186,adservice,-,,4,4,4,0,6.3,0.0
4,frontrecocatalog,350,0,0,186,cartservice,-,,4,4,4,0,6.3,0.0
4,frontrecocatalog,350,0,0,186,checkoutservice,-,,4,4,4,0,6.3,0.0
4,frontrecocatalog,350,0,0,186,currencyservice,-,,4,4,4,0,6.3,0.0
4,frontrecocatalog,350,0,0,186,emailservice,-,,4,4,4,0,6.3,0.0
4,frontrecocatalog,350,0,0,186,frontend,-,,4,4,4,0,6.3,0.0
4,frontrecocatalog,350,0,0,186,paymentservice,-,,4,4,4,0,6.3,0.0
4,frontrecocatalog,350,0,0,186,redis-cart,-,,1,1,1,0,6.3,0.0
4,frontrecocatalog,350,0,0,186,shippingservice,-,,4,4,4,0,6.3,0.0
4,frontrecocatalog,350,0,0,201,adservice,-,,4,4,4,0,6.3,0.0
4,frontrecocatalog,350,0,0,201,cartservice,-,,4,4,4,0,6.3,0.0
4,frontrecocatalog,350,0,0,201,checkoutservice,-,,4,4,4,0,6.3,0.0
4,frontrecocatalog,350,0,0,201,currencyservice,-,,4,4,4,0,6.3,0.0
4,frontrecocatalog,350,0,0,201,emailservice,-,,4,4,4,0,6.3,0.0
4,frontrecocatalog,350,0,0,201,frontend,-,,4,4,4,0,6.3,0.0
4,frontrecocatalog,350,0,0,201,paymentservice,-,,4,4,4,0,6.3,0.0
4,frontrecocatalog,350,0,0,201,redis-cart,-,,1,1,1,0,6.3,0.0
4,frontrecocatalog,350,0,0,201,shippingservice,-,,4,4,4,0,6.3,0.0
4,frontrecocatalog,400,0,0,0,adservice,-,,4,4,4,0,6.3,0.0
4,frontrecocatalog,400,0,0,0,cartservice,-,,4,4,4,0,6.3,0.0
4,frontrecocatalog,400,0,0,0,checkoutservice,-,,4,4,4,0,6.3,0.0
4,frontrecocatalog,400,0,0,0,currencyservice,-,,4,4,4,0,6.3,0.0
4,frontrecocatalog,400,0,0,0,emailservice,-,,4,4,4,0,6.3,0.0
4,frontrecocatalog,400,0,0,0,frontend,-,,4,4,4,0,6.3,0.0
4,frontrecocatalog,400,0,0,0,paymentservice,-,,4,4,4,0,6.3,0.0
4,frontrecocatalog,400,0,0,0,redis-cart,-,,1,1,1,0,6.3,0.0
4,frontrecocatalog,400,0,0,0,shippingservice,-,,4,4,4,0,6.3,0.0
4,frontrecocatalog,400,0,0,16,adservice,-,,4,4,4,0,6.3,0.0
4,frontrecocatalog,400,0,0,16,cartservice,-,,4,4,4,0,6.3,0.0
4,frontrecocatalog,400,0,0,16,checkoutservice,-,,4,4,4,0,6.3,0.0
4,frontrecocatalog,400,0,0,16,currencyservice,-,,4,4,4,0,6.3,0.0
4,frontrecocatalog,400,0,0,16,emailservice,-,,4,4,4,0,6.3,0.0
4,frontrecocatalog,400,0,0,16,frontend,-,,4,4,4,0,6.3,0.0
4,frontrecocatalog,400,0,0,16,paymentservice,-,,4,4,4,0,6.3,0.0
4,frontrecocatalog,400,0,0,16,redis-cart,-,,1,1,1,0,6.3,0.0
4,frontrecocatalog,400,0,0,16,shippingservice,-,,4,4,4,0,6.3,0.0
4,frontrecocatalog,400,0,0,31,adservice,-,,4,4,4,0,6.3,0.0
4,frontrecocatalog,400,0,0,31,cartservice,-,,4,4,4,0,6.3,0.0
4,frontrecocatalog,400,0,0,31,checkoutservice,-,,4,4,4,0,6.3,0.0
4,frontrecocatalog,400,0,0,31,currencyservice,-,,4,4,4,0,6.3,0.0
4,frontrecocatalog,400,0,0,31,emailservice,-,,4,4,4,0,6.3,0.0
4,frontrecocatalog,400,0,0,31,frontend,-,,4,4,4,0,6.3,0.0
4,frontrecocatalog,400,0,0,31,paymentservice,-,,4,4,4,0,6.3,0.0
4,frontrecocatalog,400,0,0,31,redis-cart,-,,1,1,1,0,6.3,0.0
4,frontrecocatalog,400,0,0,31,shippingservice,-,,4,4,4,0,6.3,0.0
4,frontrecocatalog,400,0,0,46,adservice,-,,4,4,4,0,6.3,0.0
4,frontrecocatalog,400,0,0,46,cartservice,-,,4,4,4,0,6.3,0.0
4,frontrecocatalog,400,0,0,46,checkoutservice,-,,4,4,4,0,6.3,0.0
4,frontrecocatalog,400,0,0,46,currencyservice,-,,4,4,4,0,6.3,0.0
4,frontrecocatalog,400,0,0,46,emailservice,-,,4,4,4,0,6.3,0.0
4,frontrecocatalog,400,0,0,46,frontend,-,,4,4,4,0,6.3,0.0
4,frontrecocatalog,400,0,0,46,paymentservice,-,,4,4,4,0,6.3,0.0
4,frontrecocatalog,400,0,0,46,redis-cart,-,,1,1,1,0,6.3,0.0
4,frontrecocatalog,400,0,0,46,shippingservice,-,,4,4,4,0,6.3,0.0
4,frontrecocatalog,400,0,0,62,adservice,-,,4,4,4,0,6.3,0.0
4,frontrecocatalog,400,0,0,62,cartservice,-,,4,4,4,0,6.3,0.0
4,frontrecocatalog,400,0,0,62,checkoutservice,-,,4,4,4,0,6.3,0.0
4,frontrecocatalog,400,0,0,62,currencyservice,-,,4,4,4,0,6.3,0.0
4,frontrecocatalog,400,0,0,62,emailservice,-,,4,4,4,0,6.3,0.0
4,frontrecocatalog,400,0,0,62,frontend,-,,4,4,4,0,6.3,0.0
4,frontrecocatalog,400,0,0,62,paymentservice,-,,4,4,4,0,6.3,0.0
4,frontrecocatalog,400,0,0,62,redis-cart,-,,1,1,1,0,6.3,0.0
4,frontrecocatalog,400,0,0,62,shippingservice,-,,4,4,4,0,6.3,0.0
4,frontrecocatalog,400,0,0,77,adservice,-,,4,4,4,0,6.3,0.0
4,frontrecocatalog,400,0,0,77,cartservice,-,,4,4,4,0,6.3,0.0
4,frontrecocatalog,400,0,0,77,checkoutservice,-,,4,4,4,0,6.3,0.0
4,frontrecocatalog,400,0,0,77,currencyservice,-,,4,4,4,0,6.3,0.0
4,frontrecocatalog,400,0,0,77,emailservice,-,,4,4,4,0,6.3,0.0
4,frontrecocatalog,400,0,0,77,frontend,-,,4,4,4,0,6.3,0.0
4,frontrecocatalog,400,0,0,77,paymentservice,-,,4,4,4,0,6.3,0.0
4,frontrecocatalog,400,0,0,77,redis-cart,-,,1,1,1,0,6.3,0.0
4,frontrecocatalog,400,0,0,77,shippingservice,-,,4,4,4,0,6.3,0.0
4,frontrecocatalog,400,0,0,93,adservice,-,,4,4,4,0,6.3,0.0
4,frontrecocatalog,400,0,0,93,cartservice,-,,4,4,4,0,6.3,0.0
4,frontrecocatalog,400,0,0,93,checkoutservice,-,,4,4,4,0,6.3,0.0
4,frontrecocatalog,400,0,0,93,currencyservice,-,,4,4,4,0,6.3,0.0
4,frontrecocatalog,400,0,0,93,emailservice,-,,4,4,4,0,6.3,0.0
4,frontrecocatalog,400,0,0,93,frontend,-,,4,4,4,0,6.3,0.0
4,frontrecocatalog,400,0,0,93,paymentservice,-,,4,4,4,0,6.3,0.0
4,frontrecocatalog,400,0,0,93,redis-cart,-,,1,1,1,0,6.3,0.0
4,frontrecocatalog,400,0,0,93,shippingservice,-,,4,4,4,0,6.3,0.0
4,frontrecocatalog,400,0,0,108,adservice,-,,4,4,4,0,6.3,0.0
4,frontrecocatalog,400,0,0,108,cartservice,-,,4,4,4,0,6.3,0.0
4,frontrecocatalog,400,0,0,108,checkoutservice,-,,4,4,4,0,6.3,0.0
4,frontrecocatalog,400,0,0,108,currencyservice,-,,4,4,4,0,6.3,0.0
4,frontrecocatalog,400,0,0,108,emailservice,-,,4,4,4,0,6.3,0.0
4,frontrecocatalog,400,0,0,108,frontend,-,,4,4,4,0,6.3,0.0
4,frontrecocatalog,400,0,0,108,paymentservice,-,,4,4,4,0,6.3,0.0
4,frontrecocatalog,400,0,0,108,redis-cart,-,,1,1,1,0,6.3,0.0
4,frontrecocatalog,400,0,0,108,shippingservice,-,,4,4,4,0,6.3,0.0
4,frontrecocatalog,400,0,0,124,adservice,-,,4,4,4,0,6.3,0.0
4,frontrecocatalog,400,0,0,124,cartservice,-,,4,4,4,0,6.3,0.0
4,frontrecocatalog,400,0,0,124,checkoutservice,-,,4,4,4,0,6.3,0.0
4,frontrecocatalog,400,0,0,124,currencyservice,-,,4,4,4,0,6.3,0.0
4,frontrecocatalog,400,0,0,124,emailservice,-,,4,4,4,0,6.3,0.0
4,frontrecocatalog,400,0,0,124,frontend,-,,4,4,4,0,6.3,0.0
4,frontrecocatalog,400,0,0,124,paymentservice,-,,4,4,4,0,6.3,0.0
4,frontrecocatalog,400,0,0,124,redis-cart,-,,1,1,1,0,6.3,0.0
4,frontrecocatalog,400,0,0,124,shippingservice,-,,4,4,4,0,6.3,0.0
4,frontrecocatalog,400,0,0,139,adservice,-,,4,4,4,0,6.3,0.0
4,frontrecocatalog,400,0,0,139,cartservice,-,,4,4,4,0,6.3,0.0
4,frontrecocatalog,400,0,0,139,checkoutservice,-,,4,4,4,0,6.3,0.0
4,frontrecocatalog,400,0,0,139,currencyservice,-,,4,4,4,0,6.3,0.0
4,frontrecocatalog,400,0,0,139,emailservice,-,,4,4,4,0,6.3,0.0
4,frontrecocatalog,400,0,0,139,frontend,-,,4,4,4,0,6.3,0.0
4,frontrecocatalog,400,0,0,139,paymentservice,-,,4,4,4,0,6.3,0.0
4,frontrecocatalog,400,0,0,139,redis-cart,-,,1,1,1,0,6.3,0.0
4,frontrecocatalog,400,0,0,139,shippingservice,-,,4,4,4,0,6.3,0.0
4,frontrecocatalog,400,0,0,155,adservice,-,,4,4,4,0,6.3,0.0
4,frontrecocatalog,400,0,0,155,cartservice,-,,4,4,4,0,6.3,0.0
4,frontrecocatalog,400,0,0,155,checkoutservice,-,,4,4,4,0,6.3,0.0
4,frontrecocatalog,400,0,0,155,currencyservice,-,,4,4,4,0,6.3,0.0
4,frontrecocatalog,400,0,0,155,emailservice,-,,4,4,4,0,6.3,0.0
4,frontrecocatalog,400,0,0,155,frontend,-,,4,4,4,0,6.3,0.0
4,frontrecocatalog,400,0,0,155,paymentservice,-,,4,4,4,0,6.3,0.0
4,frontrecocatalog,400,0,0,155,redis-cart,-,,1,1,1,0,6.3,0.0
4,frontrecocatalog,400,0,0,155,shippingservice,-,,4,4,4,0,6.3,0.0
4,frontrecocatalog,400,0,0,170,adservice,-,,4,4,4,0,6.3,0.0
4,frontrecocatalog,400,0,0,170,cartservice,-,,4,4,4,0,6.3,0.0
4,frontrecocatalog,400,0,0,170,checkoutservice,-,,4,4,4,0,6.3,0.0
4,frontrecocatalog,400,0,0,170,currencyservice,-,,4,4,4,0,6.3,0.0
4,frontrecocatalog,400,0,0,170,emailservice,-,,4,4,4,0,6.3,0.0
4,frontrecocatalog,400,0,0,170,frontend,-,,4,4,4,0,6.3,0.0
4,frontrecocatalog,400,0,0,170,paymentservice,-,,4,4,4,0,6.3,0.0
4,frontrecocatalog,400,0,0,170,redis-cart,-,,1,1,1,0,6.3,0.0
4,frontrecocatalog,400,0,0,170,shippingservice,-,,4,4,4,0,6.3,0.0
4,frontrecocatalog,400,0,0,186,adservice,-,,4,4,4,0,6.3,0.0
4,frontrecocatalog,400,0,0,186,cartservice,-,,4,4,4,0,6.3,0.0
4,frontrecocatalog,400,0,0,186,checkoutservice,-,,4,4,4,0,6.3,0.0
4,frontrecocatalog,400,0,0,186,currencyservice,-,,4,4,4,0,6.3,0.0
4,frontrecocatalog,400,0,0,186,emailservice,-,,4,4,4,0,6.3,0.0
4,frontrecocatalog,400,0,0,186,frontend,-,,4,4,4,0,6.3,0.0
4,frontrecocatalog,400,0,0,186,paymentservice,-,,4,4,4,0,6.3,0.0
4,frontrecocatalog,400,0,0,186,redis-cart,-,,1,1,1,0,6.3,0.0
4,frontrecocatalog,400,0,0,186,shippingservice,-,,4,4,4,0,6.3,0.0
4,frontrecocatalog,400,0,0,201,adservice,-,,4,4,4,0,6.3,0.0
4,frontrecocatalog,400,0,0,201,cartservice,-,,4,4,4,0,6.3,0.0
4,frontrecocatalog,400,0,0,201,checkoutservice,-,,4,4,4,0,6.3,0.0
4,frontrecocatalog,400,0,0,201,currencyservice,-,,4,4,4,0,6.3,0.0
4,frontrecocatalog,400,0,0,201,emailservice,-,,4,4,4,0,6.3,0.0
4,frontrecocatalog,400,0,0,201,frontend,-,,4,4,4,0,6.3,0.0
4,frontrecocatalog,400,0,0,201,paymentservice,-,,4,4,4,0,6.3,0.0
4,frontrecocatalog,400,0,0,201,redis-cart,-,,1,1,1,0,6.3,0.0
4,frontrecocatalog,400,0,0,201,shippingservice,-,,4,4,4,0,6.3,0.0
4,frontrecocatalog,450,0,0,0,adservice,-,,4,4,4,0,6.3,0.0
4,frontrecocatalog,450,0,0,0,cartservice,-,,4,4,4,0,6.3,0.0
4,frontrecocatalog,450,0,0,0,checkoutservice,-,,4,4,4,0,6.3,0.0
4,frontrecocatalog,450,0,0,0,currencyservice,-,,4,4,4,0,6.3,0.0
4,frontrecocatalog,450,0,0,0,emailservice,-,,4,4,4,0,6.3,0.0
4,frontrecocatalog,450,0,0,0,frontend,-,,4,4,4,0,6.3,0.0
4,frontrecocatalog,450,0,0,0,paymentservice,-,,4,4,4,0,6.3,0.0
4,frontrecocatalog,450,0,0,0,redis-cart,-,,1,1,1,0,6.3,0.0
4,frontrecocatalog,450,0,0,0,shippingservice,-,,4,4,4,0,6.3,0.0
4,frontrecocatalog,450,0,0,16,adservice,-,,4,4,4,0,6.3,0.0
4,frontrecocatalog,450,0,0,16,cartservice,-,,4,4,4,0,6.3,0.0
4,frontrecocatalog,450,0,0,16,checkoutservice,-,,4,4,4,0,6.3,0.0
4,frontrecocatalog,450,0,0,16,currencyservice,-,,4,4,4,0,6.3,0.0
4,frontrecocatalog,450,0,0,16,emailservice,-,,4,4,4,0,6.3,0.0
4,frontrecocatalog,450,0,0,16,frontend,-,,4,4,4,0,6.3,0.0
4,frontrecocatalog,450,0,0,16,paymentservice,-,,4,4,4,0,6.3,0.0
4,frontrecocatalog,450,0,0,16,redis-cart,-,,1,1,1,0,6.3,0.0
4,frontrecocatalog,450,0,0,16,shippingservice,-,,4,4,4,0,6.3,0.0
4,frontrecocatalog,450,0,0,31,adservice,-,,4,4,4,0,6.3,0.0
4,frontrecocatalog,450,0,0,31,cartservice,-,,4,4,4,0,6.3,0.0
4,frontrecocatalog,450,0,0,31,checkoutservice,-,,4,4,4,0,6.3,0.0
4,frontrecocatalog,450,0,0,31,currencyservice,-,,4,4,4,0,6.3,0.0
4,frontrecocatalog,450,0,0,31,emailservice,-,,4,4,4,0,6.3,0.0
4,frontrecocatalog,450,0,0,31,frontend,-,,4,4,4,0,6.3,0.0
4,frontrecocatalog,450,0,0,31,paymentservice,-,,4,4,4,0,6.3,0.0
4,frontrecocatalog,450,0,0,31,redis-cart,-,,1,1,1,0,6.3,0.0
4,frontrecocatalog,450,0,0,31,shippingservice,-,,4,4,4,0,6.3,0.0
4,frontrecocatalog,450,0,0,47,adservice,-,,4,4,4,0,6.3,0.0
4,frontrecocatalog,450,0,0,47,cartservice,-,,4,4,4,0,6.3,0.0
4,frontrecocatalog,450,0,0,47,checkoutservice,-,,4,4,4,0,6.3,0.0
4,frontrecocatalog,450,0,0,47,currencyservice,-,,4,4,4,0,6.3,0.0
4,frontrecocatalog,450,0,0,47,emailservice,-,,4,4,4,0,6.3,0.0
4,frontrecocatalog,450,0,0,47,frontend,-,,4,4,4,0,6.3,0.0
4,frontrecocatalog,450,0,0,47,paymentservice,-,,4,4,4,0,6.3,0.0
4,frontrecocatalog,450,0,0,47,redis-cart,-,,1,1,1,0,6.3,0.0
4,frontrecocatalog,450,0,0,47,shippingservice,-,,4,4,4,0,6.3,0.0
4,frontrecocatalog,450,0,0,62,adservice,-,,4,4,4,0,6.3,0.0
4,frontrecocatalog,450,0,0,62,cartservice,-,,4,4,4,0,6.3,0.0
4,frontrecocatalog,450,0,0,62,checkoutservice,-,,4,4,4,0,6.3,0.0
4,frontrecocatalog,450,0,0,62,currencyservice,-,,4,4,4,0,6.3,0.0
4,frontrecocatalog,450,0,0,62,emailservice,-,,4,4,4,0,6.3,0.0
4,frontrecocatalog,450,0,0,62,frontend,-,,4,4,4,0,6.3,0.0
4,frontrecocatalog,450,0,0,62,paymentservice,-,,4,4,4,0,6.3,0.0
4,frontrecocatalog,450,0,0,62,redis-cart,-,,1,1,1,0,6.3,0.0
4,frontrecocatalog,450,0,0,62,shippingservice,-,,4,4,4,0,6.3,0.0
4,frontrecocatalog,450,0,0,78,adservice,-,,4,4,4,0,6.3,0.0
4,frontrecocatalog,450,0,0,78,cartservice,-,,4,4,4,0,6.3,0.0
4,frontrecocatalog,450,0,0,78,checkoutservice,-,,4,4,4,0,6.3,0.0
4,frontrecocatalog,450,0,0,78,currencyservice,-,,4,4,4,0,6.3,0.0
4,frontrecocatalog,450,0,0,78,emailservice,-,,4,4,4,0,6.3,0.0
4,frontrecocatalog,450,0,0,78,frontend,-,,4,4,4,0,6.3,0.0
4,frontrecocatalog,450,0,0,78,paymentservice,-,,4,4,4,0,6.3,0.0
4,frontrecocatalog,450,0,0,78,redis-cart,-,,1,1,1,0,6.3,0.0
4,frontrecocatalog,450,0,0,78,shippingservice,-,,4,4,4,0,6.3,0.0
4,frontrecocatalog,450,0,0,93,adservice,-,,4,4,4,0,6.3,0.0
4,frontrecocatalog,450,0,0,93,cartservice,-,,4,4,4,0,6.3,0.0
4,frontrecocatalog,450,0,0,93,checkoutservice,-,,4,4,4,0,6.3,0.0
4,frontrecocatalog,450,0,0,93,currencyservice,-,,4,4,4,0,6.3,0.0
4,frontrecocatalog,450,0,0,93,emailservice,-,,4,4,4,0,6.3,0.0
4,frontrecocatalog,450,0,0,93,frontend,-,,4,4,4,0,6.3,0.0
4,frontrecocatalog,450,0,0,93,paymentservice,-,,4,4,4,0,6.3,0.0
4,frontrecocatalog,450,0,0,93,redis-cart,-,,1,1,1,0,6.3,0.0
4,frontrecocatalog,450,0,0,93,shippingservice,-,,4,4,4,0,6.3,0.0
4,frontrecocatalog,450,0,0,109,adservice,-,,4,4,4,0,6.3,0.0
4,frontrecocatalog,450,0,0,109,cartservice,-,,4,4,4,0,6.3,0.0
4,frontrecocatalog,450,0,0,109,checkoutservice,-,,4,4,4,0,6.3,0.0
4,frontrecocatalog,450,0,0,109,currencyservice,-,,4,4,4,0,6.3,0.0
4,frontrecocatalog,450,0,0,109,emailservice,-,,4,4,4,0,6.3,0.0
4,frontrecocatalog,450,0,0,109,frontend,-,,4,4,4,0,6.3,0.0
4,frontrecocatalog,450,0,0,109,paymentservice,-,,4,4,4,0,6.3,0.0
4,frontrecocatalog,450,0,0,109,redis-cart,-,,1,1,1,0,6.3,0.0
4,frontrecocatalog,450,0,0,109,shippingservice,-,,4,4,4,0,6.3,0.0
4,frontrecocatalog,450,0,0,124,adservice,-,,4,4,4,0,6.3,0.0
4,frontrecocatalog,450,0,0,124,cartservice,-,,4,4,4,0,6.3,0.0
4,frontrecocatalog,450,0,0,124,checkoutservice,-,,4,4,4,0,6.3,0.0
4,frontrecocatalog,450,0,0,124,currencyservice,-,,4,4,4,0,6.3,0.0
4,frontrecocatalog,450,0,0,124,emailservice,-,,4,4,4,0,6.3,0.0
4,frontrecocatalog,450,0,0,124,frontend,-,,4,4,4,0,6.3,0.0
4,frontrecocatalog,450,0,0,124,paymentservice,-,,4,4,4,0,6.3,0.0
4,frontrecocatalog,450,0,0,124,redis-cart,-,,1,1,1,0,6.3,0.0
4,frontrecocatalog,450,0,0,124,shippingservice,-,,4,4,4,0,6.3,0.0
4,frontrecocatalog,450,0,0,140,adservice,-,,4,4,4,0,6.3,0.0
4,frontrecocatalog,450,0,0,140,cartservice,-,,4,4,4,0,6.3,0.0
4,frontrecocatalog,450,0,0,140,checkoutservice,-,,4,4,4,0,6.3,0.0
4,frontrecocatalog,450,0,0,140,currencyservice,-,,4,4,4,0,6.3,0.0
4,frontrecocatalog,450,0,0,140,emailservice,-,,4,4,4,0,6.3,0.0
4,frontrecocatalog,450,0,0,140,frontend,-,,4,4,4,0,6.3,0.0
4,frontrecocatalog,450,0,0,140,paymentservice,-,,4,4,4,0,6.3,0.0
4,frontrecocatalog,450,0,0,140,redis-cart,-,,1,1,1,0,6.3,0.0
4,frontrecocatalog,450,0,0,140,shippingservice,-,,4,4,4,0,6.3,0.0
4,frontrecocatalog,450,0,0,155,adservice,-,,4,4,4,0,6.3,0.0
4,frontrecocatalog,450,0,0,155,cartservice,-,,4,4,4,0,6.3,0.0
4,frontrecocatalog,450,0,0,155,checkoutservice,-,,4,4,4,0,6.3,0.0
4,frontrecocatalog,450,0,0,155,currencyservice,-,,4,4,4,0,6.3,0.0
4,frontrecocatalog,450,0,0,155,emailservice,-,,4,4,4,0,6.3,0.0
4,frontrecocatalog,450,0,0,155,frontend,-,,4,4,3,0,6.3,0.0
4,frontrecocatalog,450,0,0,155,paymentservice,-,,4,4,4,0,6.3,0.0
4,frontrecocatalog,450,0,0,155,redis-cart,-,,1,1,1,0,6.3,0.0
4,frontrecocatalog,450,0,0,155,shippingservice,-,,4,4,4,0,6.3,0.0
4,frontrecocatalog,450,0,0,171,adservice,-,,4,4,4,0,6.3,0.0
4,frontrecocatalog,450,0,0,171,cartservice,-,,4,4,4,0,6.3,0.0
4,frontrecocatalog,450,0,0,171,checkoutservice,-,,4,4,4,0,6.3,0.0
4,frontrecocatalog,450,0,0,171,currencyservice,-,,4,4,4,0,6.3,0.0
4,frontrecocatalog,450,0,0,171,emailservice,-,,4,4,4,0,6.3,0.0
4,frontrecocatalog,450,0,0,171,frontend,-,,4,4,0,0,6.3,0.0
4,frontrecocatalog,450,0,0,171,paymentservice,-,,4,4,4,0,6.3,0.0
4,frontrecocatalog,450,0,0,171,redis-cart,-,,1,1,1,0,6.3,0.0
4,frontrecocatalog,450,0,0,171,shippingservice,-,,4,4,4,0,6.3,0.0
4,frontrecocatalog,450,0,0,186,adservice,-,,4,4,4,0,6.3,0.0
4,frontrecocatalog,450,0,0,186,cartservice,-,,4,4,4,0,6.3,0.0
4,frontrecocatalog,450,0,0,186,checkoutservice,-,,4,4,4,0,6.3,0.0
4,frontrecocatalog,450,0,0,186,currencyservice,-,,4,4,4,0,6.3,0.0
4,frontrecocatalog,450,0,0,186,emailservice,-,,4,4,4,0,6.3,0.0
4,frontrecocatalog,450,0,0,186,frontend,-,,4,4,0,0,6.3,0.0
4,frontrecocatalog,450,0,0,186,paymentservice,-,,4,4,4,0,6.3,0.0
4,frontrecocatalog,450,0,0,186,redis-cart,-,,1,1,1,0,6.3,0.0
4,frontrecocatalog,450,0,0,186,shippingservice,-,,4,4,4,0,6.3,0.0
4,frontrecocatalog,450,0,0,202,adservice,-,,4,4,4,0,6.3,0.0
4,frontrecocatalog,450,0,0,202,cartservice,-,,4,4,4,0,6.3,0.0
4,frontrecocatalog,450,0,0,202,checkoutservice,-,,4,4,4,0,6.3,0.0
4,frontrecocatalog,450,0,0,202,currencyservice,-,,4,4,4,0,6.3,0.0
4,frontrecocatalog,450,0,0,202,emailservice,-,,4,4,4,0,6.3,0.0
4,frontrecocatalog,450,0,0,202,frontend,-,,4,4,3,0,6.3,0.0
4,frontrecocatalog,450,0,0,202,paymentservice,-,,4,4,4,0,6.3,0.0
4,frontrecocatalog,450,0,0,202,redis-cart,-,,1,1,1,0,6.3,0.0
4,frontrecocatalog,450,0,0,202,shippingservice,-,,4,4,4,0,6.3,0.0
4,mega,350,0,0,1,megapod,-,,4,4,4,0,12.28,0.0
4,mega,350,0,0,1,redis-cart,-,,1,1,1,0,12.28,0.0
4,mega,350,0,0,16,megapod,-,,4,4,4,0,12.28,0.0
4,mega,350,0,0,16,redis-cart,-,,1,1,1,0,12.28,0.0
4,mega,350,0,0,32,megapod,-,,4,4,4,0,6.3,0.0
4,mega,350,0,0,32,redis-cart,-,,1,1,1,0,6.3,0.0
4,mega,350,0,0,47,megapod,-,,4,4,4,0,6.3,0.0
4,mega,350,0,0,47,redis-cart,-,,1,1,1,0,6.3,0.0
4,mega,350,0,0,63,megapod,-,,4,4,4,0,6.3,0.0
4,mega,350,0,0,63,redis-cart,-,,1,1,1,0,6.3,0.0
4,mega,350,0,0,78,megapod,-,,4,4,4,0,6.3,0.0
4,mega,350,0,0,78,redis-cart,-,,1,1,1,0,6.3,0.0
4,mega,350,0,0,93,megapod,-,,4,4,4,0,6.3,0.0
4,mega,350,0,0,93,redis-cart,-,,1,1,1,0,6.3,0.0
4,mega,350,0,0,109,megapod,-,,4,4,4,0,6.3,0.0
4,mega,350,0,0,109,redis-cart,-,,1,1,1,0,6.3,0.0
4,mega,350,0,0,124,megapod,-,,4,4,4,0,6.3,0.0
4,mega,350,0,0,124,redis-cart,-,,1,1,1,0,6.3,0.0
4,mega,350,0,0,140,megapod,-,,4,4,4,0,6.3,0.0
4,mega,350,0,0,140,redis-cart,-,,1,1,1,0,6.3,0.0
4,mega,350,0,0,155,megapod,-,,4,4,4,0,6.3,0.0
4,mega,350,0,0,155,redis-cart,-,,1,1,1,0,6.3,0.0
4,mega,350,0,0,171,megapod,-,,4,4,4,0,6.3,0.0
4,mega,350,0,0,171,redis-cart,-,,1,1,1,0,6.3,0.0
4,mega,350,0,0,186,megapod,-,,4,4,4,0,6.3,0.0
4,mega,350,0,0,186,redis-cart,-,,1,1,1,0,6.3,0.0
4,mega,350,0,0,201,megapod,-,,4,4,4,0,6.3,0.0
4,mega,350,0,0,201,redis-cart,-,,1,1,1,0,6.3,0.0
4,mega,400,0,0,0,megapod,-,,4,4,4,0,6.3,0.0
4,mega,400,0,0,0,redis-cart,-,,1,1,1,0,6.3,0.0
4,mega,400,0,0,15,megapod,-,,4,4,4,0,6.3,0.0
4,mega,400,0,0,15,redis-cart,-,,1,1,1,0,6.3,0.0
4,mega,400,0,0,31,megapod,-,,4,4,4,0,6.3,0.0
4,mega,400,0,0,31,redis-cart,-,,1,1,1,0,6.3,0.0
4,mega,400,0,0,46,megapod,-,,4,4,4,0,6.3,0.0
4,mega,400,0,0,46,redis-cart,-,,1,1,1,0,6.3,0.0
4,mega,400,0,0,62,megapod,-,,4,4,4,0,6.3,0.0
4,mega,400,0,0,62,redis-cart,-,,1,1,1,0,6.3,0.0
4,mega,400,0,0,77,megapod,-,,4,4,4,0,6.3,0.0
4,mega,400,0,0,77,redis-cart,-,,1,1,1,0,6.3,0.0
4,mega,400,0,0,93,megapod,-,,4,4,4,0,6.3,0.0
4,mega,400,0,0,93,redis-cart,-,,1,1,1,0,6.3,0.0
4,mega,400,0,0,108,megapod,-,,4,4,4,0,6.3,0.0
4,mega,400,0,0,108,redis-cart,-,,1,1,1,0,6.3,0.0
4,mega,400,0,0,124,megapod,-,,4,4,4,0,6.3,0.0
4,mega,400,0,0,124,redis-cart,-,,1,1,1,0,6.3,0.0
4,mega,400,0,0,139,megapod,-,,4,4,4,0,6.3,0.0
4,mega,400,0,0,139,redis-cart,-,,1,1,1,0,6.3,0.0
4,mega,400,0,0,155,megapod,-,,4,4,4,0,6.3,0.0
4,mega,400,0,0,155,redis-cart,-,,1,1,1,0,6.3,0.0
4,mega,400,0,0,170,megapod,-,,4,4,4,0,6.3,0.0
4,mega,400,0,0,170,redis-cart,-,,1,1,1,0,6.3,0.0
4,mega,400,0,0,186,megapod,-,,4,4,4,0,6.3,0.0
4,mega,400,0,0,186,redis-cart,-,,1,1,1,0,6.3,0.0
4,mega,400,0,0,201,megapod,-,,4,4,4,0,6.3,0.0
4,mega,400,0,0,201,redis-cart,-,,1,1,1,0,6.3,0.0
4,mega,450,0,0,0,megapod,-,,4,4,4,0,6.3,0.0
4,mega,450,0,0,0,redis-cart,-,,1,1,1,0,6.3,0.0
4,mega,450,0,0,16,megapod,-,,4,4,4,0,6.3,0.0
4,mega,450,0,0,16,redis-cart,-,,1,1,1,0,6.3,0.0
4,mega,450,0,0,31,megapod,-,,4,4,4,0,6.3,0.0
4,mega,450,0,0,31,redis-cart,-,,1,1,1,0,6.3,0.0
4,mega,450,0,0,47,megapod,-,,4,4,4,0,6.3,0.0
4,mega,450,0,0,47,redis-cart,-,,1,1,1,0,6.3,0.0
4,mega,450,0,0,62,megapod,-,,4,4,3,0,6.3,0.0
4,mega,450,0,0,62,redis-cart,-,,1,1,1,0,6.3,0.0
4,mega,450,0,0,77,megapod,-,,4,4,0,0,6.3,0.0
4,mega,450,0,0,77,redis-cart,-,,1,1,1,0,6.3,0.0
4,mega,450,0,0,93,megapod,-,,4,4,1,0,6.3,0.0
4,mega,450,0,0,93,redis-cart,-,,1,1,1,0,6.3,0.0
4,mega,450,0,0,108,megapod,-,,4,4,2,0,6.3,0.0
4,mega,450,0,0,108,redis-cart,-,,1,1,1,0,6.3,0.0
4,mega,450,0,0,124,megapod,-,,4,4,0,0,6.3,0.0
4,mega,450,0,0,124,redis-cart,-,,1,1,1,0,6.3,0.0
4,mega,450,0,0,139,megapod,-,,4,4,0,0,6.3,0.0
4,mega,450,0,0,139,redis-cart,-,,1,1,1,0,6.3,0.0
4,mega,450,0,0,155,megapod,-,,4,4,0,0,6.3,0.0
4,mega,450,0,0,155,redis-cart,-,,1,1,1,0,6.3,0.0
4,mega,450,0,0,170,megapod,-,,4,4,3,0,6.3,0.0
4,mega,450,0,0,170,redis-cart,-,,1,1,1,0,6.3,0.0
4,mega,450,0,0,186,megapod,-,,4,4,2,0,6.3,0.0
4,mega,450,0,0,186,redis-cart,-,,1,1,1,0,6.3,0.0
4,mega,450,0,0,201,megapod,-,,4,4,2,0,6.3,0.0
4,mega,450,0,0,201,redis-cart,-,,1,1,1,0,6.3,0.0
5,normal,350,0,0,0,adservice,-,,4,4,4,0,6.3,0.0
5,normal,350,0,0,0,cartservice,-,,4,4,4,0,6.3,0.0
5,normal,350,0,0,0,checkoutservice,-,,4,4,4,0,6.3,0.0
5,normal,350,0,0,0,currencyservice,-,,4,4,4,0,6.3,0.0
5,normal,350,0,0,0,emailservice,-,,4,4,4,0,6.3,0.0
5,normal,350,0,0,0,frontend,-,,4,4,4,0,6.3,0.0
5,normal,350,0,0,0,paymentservice,-,,4,4,4,0,6.3,0.0
5,normal,350,0,0,0,productcatalogservice,-,,4,4,4,0,6.3,0.0
5,normal,350,0,0,0,recommendationservice,-,,4,4,4,0,6.3,0.0
5,normal,350,0,0,0,redis-cart,-,,1,1,1,0,6.3,0.0
5,normal,350,0,0,0,shippingservice,-,,4,4,4,0,6.3,0.0
5,normal,350,0,0,16,adservice,-,,4,4,4,0,6.3,0.0
5,normal,350,0,0,16,cartservice,-,,4,4,4,0,6.3,0.0
5,normal,350,0,0,16,checkoutservice,-,,4,4,4,0,6.3,0.0
5,normal,350,0,0,16,currencyservice,-,,4,4,4,0,6.3,0.0
5,normal,350,0,0,16,emailservice,-,,4,4,4,0,6.3,0.0
5,normal,350,0,0,16,frontend,-,,4,4,4,0,6.3,0.0
5,normal,350,0,0,16,paymentservice,-,,4,4,4,0,6.3,0.0
5,normal,350,0,0,16,productcatalogservice,-,,4,4,4,0,6.3,0.0
5,normal,350,0,0,16,recommendationservice,-,,4,4,4,0,6.3,0.0
5,normal,350,0,0,16,redis-cart,-,,1,1,1,0,6.3,0.0
5,normal,350,0,0,16,shippingservice,-,,4,4,4,0,6.3,0.0
5,normal,350,0,0,31,adservice,-,,4,4,4,0,6.3,0.0
5,normal,350,0,0,31,cartservice,-,,4,4,4,0,6.3,0.0
5,normal,350,0,0,31,checkoutservice,-,,4,4,4,0,6.3,0.0
5,normal,350,0,0,31,currencyservice,-,,4,4,4,0,6.3,0.0
5,normal,350,0,0,31,emailservice,-,,4,4,4,0,6.3,0.0
5,normal,350,0,0,31,frontend,-,,4,4,4,0,6.3,0.0
5,normal,350,0,0,31,paymentservice,-,,4,4,4,0,6.3,0.0
5,normal,350,0,0,31,productcatalogservice,-,,4,4,4,0,6.3,0.0
5,normal,350,0,0,31,recommendationservice,-,,4,4,4,0,6.3,0.0
5,normal,350,0,0,31,redis-cart,-,,1,1,1,0,6.3,0.0
5,normal,350,0,0,31,shippingservice,-,,4,4,4,0,6.3,0.0
5,normal,350,0,0,47,adservice,-,,4,4,4,0,6.3,0.0
5,normal,350,0,0,47,cartservice,-,,4,4,4,0,6.3,0.0
5,normal,350,0,0,47,checkoutservice,-,,4,4,4,0,6.3,0.0
5,normal,350,0,0,47,currencyservice,-,,4,4,4,0,6.3,0.0
5,normal,350,0,0,47,emailservice,-,,4,4,4,0,6.3,0.0
5,normal,350,0,0,47,frontend,-,,4,4,4,0,6.3,0.0
5,normal,350,0,0,47,paymentservice,-,,4,4,4,0,6.3,0.0
5,normal,350,0,0,47,productcatalogservice,-,,4,4,4,0,6.3,0.0
5,normal,350,0,0,47,recommendationservice,-,,4,4,4,0,6.3,0.0
5,normal,350,0,0,47,redis-cart,-,,1,1,1,0,6.3,0.0
5,normal,350,0,0,47,shippingservice,-,,4,4,4,0,6.3,0.0
5,normal,350,0,0,62,adservice,-,,4,4,4,0,6.3,0.0
5,normal,350,0,0,62,cartservice,-,,4,4,4,0,6.3,0.0
5,normal,350,0,0,62,checkoutservice,-,,4,4,4,0,6.3,0.0
5,normal,350,0,0,62,currencyservice,-,,4,4,4,0,6.3,0.0
5,normal,350,0,0,62,emailservice,-,,4,4,4,0,6.3,0.0
5,normal,350,0,0,62,frontend,-,,4,4,4,0,6.3,0.0
5,normal,350,0,0,62,paymentservice,-,,4,4,4,0,6.3,0.0
5,normal,350,0,0,62,productcatalogservice,-,,4,4,4,0,6.3,0.0
5,normal,350,0,0,62,recommendationservice,-,,4,4,4,0,6.3,0.0
5,normal,350,0,0,62,redis-cart,-,,1,1,1,0,6.3,0.0
5,normal,350,0,0,62,shippingservice,-,,4,4,4,0,6.3,0.0
5,normal,350,0,0,78,adservice,-,,4,4,4,0,6.3,0.0
5,normal,350,0,0,78,cartservice,-,,4,4,4,0,6.3,0.0
5,normal,350,0,0,78,checkoutservice,-,,4,4,4,0,6.3,0.0
5,normal,350,0,0,78,currencyservice,-,,4,4,4,0,6.3,0.0
5,normal,350,0,0,78,emailservice,-,,4,4,4,0,6.3,0.0
5,normal,350,0,0,78,frontend,-,,4,4,4,0,6.3,0.0
5,normal,350,0,0,78,paymentservice,-,,4,4,4,0,6.3,0.0
5,normal,350,0,0,78,productcatalogservice,-,,4,4,4,0,6.3,0.0
5,normal,350,0,0,78,recommendationservice,-,,4,4,4,0,6.3,0.0
5,normal,350,0,0,78,redis-cart,-,,1,1,1,0,6.3,0.0
5,normal,350,0,0,78,shippingservice,-,,4,4,4,0,6.3,0.0
5,normal,350,0,0,93,adservice,-,,4,4,4,0,6.3,0.0
5,normal,350,0,0,93,cartservice,-,,4,4,4,0,6.3,0.0
5,normal,350,0,0,93,checkoutservice,-,,4,4,4,0,6.3,0.0
5,normal,350,0,0,93,currencyservice,-,,4,4,4,0,6.3,0.0
5,normal,350,0,0,93,emailservice,-,,4,4,4,0,6.3,0.0
5,normal,350,0,0,93,frontend,-,,4,4,4,0,6.3,0.0
5,normal,350,0,0,93,paymentservice,-,,4,4,4,0,6.3,0.0
5,normal,350,0,0,93,productcatalogservice,-,,4,4,4,0,6.3,0.0
5,normal,350,0,0,93,recommendationservice,-,,4,4,4,0,6.3,0.0
5,normal,350,0,0,93,redis-cart,-,,1,1,1,0,6.3,0.0
5,normal,350,0,0,93,shippingservice,-,,4,4,4,0,6.3,0.0
5,normal,350,0,0,109,adservice,-,,4,4,4,0,6.3,0.0
5,normal,350,0,0,109,cartservice,-,,4,4,4,0,6.3,0.0
5,normal,350,0,0,109,checkoutservice,-,,4,4,4,0,6.3,0.0
5,normal,350,0,0,109,currencyservice,-,,4,4,4,0,6.3,0.0
5,normal,350,0,0,109,emailservice,-,,4,4,4,0,6.3,0.0
5,normal,350,0,0,109,frontend,-,,4,4,4,0,6.3,0.0
5,normal,350,0,0,109,paymentservice,-,,4,4,4,0,6.3,0.0
5,normal,350,0,0,109,productcatalogservice,-,,4,4,4,0,6.3,0.0
5,normal,350,0,0,109,recommendationservice,-,,4,4,4,0,6.3,0.0
5,normal,350,0,0,109,redis-cart,-,,1,1,1,0,6.3,0.0
5,normal,350,0,0,109,shippingservice,-,,4,4,4,0,6.3,0.0
5,normal,350,0,0,124,adservice,-,,4,4,4,0,6.3,0.0
5,normal,350,0,0,124,cartservice,-,,4,4,4,0,6.3,0.0
5,normal,350,0,0,124,checkoutservice,-,,4,4,4,0,6.3,0.0
5,normal,350,0,0,124,currencyservice,-,,4,4,4,0,6.3,0.0
5,normal,350,0,0,124,emailservice,-,,4,4,4,0,6.3,0.0
5,normal,350,0,0,124,frontend,-,,4,4,4,0,6.3,0.0
5,normal,350,0,0,124,paymentservice,-,,4,4,4,0,6.3,0.0
5,normal,350,0,0,124,productcatalogservice,-,,4,4,4,0,6.3,0.0
5,normal,350,0,0,124,recommendationservice,-,,4,4,4,0,6.3,0.0
5,normal,350,0,0,124,redis-cart,-,,1,1,1,0,6.3,0.0
5,normal,350,0,0,124,shippingservice,-,,4,4,4,0,6.3,0.0
5,normal,350,0,0,140,adservice,-,,4,4,4,0,6.3,0.0
5,normal,350,0,0,140,cartservice,-,,4,4,4,0,6.3,0.0
5,normal,350,0,0,140,checkoutservice,-,,4,4,4,0,6.3,0.0
5,normal,350,0,0,140,currencyservice,-,,4,4,4,0,6.3,0.0
5,normal,350,0,0,140,emailservice,-,,4,4,4,0,6.3,0.0
5,normal,350,0,0,140,frontend,-,,4,4,4,0,6.3,0.0
5,normal,350,0,0,140,paymentservice,-,,4,4,4,0,6.3,0.0
5,normal,350,0,0,140,productcatalogservice,-,,4,4,4,0,6.3,0.0
5,normal,350,0,0,140,recommendationservice,-,,4,4,4,0,6.3,0.0
5,normal,350,0,0,140,redis-cart,-,,1,1,1,0,6.3,0.0
5,normal,350,0,0,140,shippingservice,-,,4,4,4,0,6.3,0.0
5,normal,350,0,0,155,adservice,-,,4,4,4,0,6.3,0.0
5,normal,350,0,0,155,cartservice,-,,4,4,4,0,6.3,0.0
5,normal,350,0,0,155,checkoutservice,-,,4,4,4,0,6.3,0.0
5,normal,350,0,0,155,currencyservice,-,,4,4,4,0,6.3,0.0
5,normal,350,0,0,155,emailservice,-,,4,4,4,0,6.3,0.0
5,normal,350,0,0,155,frontend,-,,4,4,4,0,6.3,0.0
5,normal,350,0,0,155,paymentservice,-,,4,4,4,0,6.3,0.0
5,normal,350,0,0,155,productcatalogservice,-,,4,4,4,0,6.3,0.0
5,normal,350,0,0,155,recommendationservice,-,,4,4,4,0,6.3,0.0
5,normal,350,0,0,155,redis-cart,-,,1,1,1,0,6.3,0.0
5,normal,350,0,0,155,shippingservice,-,,4,4,4,0,6.3,0.0
5,normal,350,0,0,170,adservice,-,,4,4,4,0,6.3,0.0
5,normal,350,0,0,170,cartservice,-,,4,4,4,0,6.3,0.0
5,normal,350,0,0,170,checkoutservice,-,,4,4,4,0,6.3,0.0
5,normal,350,0,0,170,currencyservice,-,,4,4,4,0,6.3,0.0
5,normal,350,0,0,170,emailservice,-,,4,4,4,0,6.3,0.0
5,normal,350,0,0,170,frontend,-,,4,4,4,0,6.3,0.0
5,normal,350,0,0,170,paymentservice,-,,4,4,4,0,6.3,0.0
5,normal,350,0,0,170,productcatalogservice,-,,4,4,4,0,6.3,0.0
5,normal,350,0,0,170,recommendationservice,-,,4,4,4,0,6.3,0.0
5,normal,350,0,0,170,redis-cart,-,,1,1,1,0,6.3,0.0
5,normal,350,0,0,170,shippingservice,-,,4,4,4,0,6.3,0.0
5,normal,350,0,0,186,adservice,-,,4,4,4,0,6.3,0.0
5,normal,350,0,0,186,cartservice,-,,4,4,4,0,6.3,0.0
5,normal,350,0,0,186,checkoutservice,-,,4,4,4,0,6.3,0.0
5,normal,350,0,0,186,currencyservice,-,,4,4,4,0,6.3,0.0
5,normal,350,0,0,186,emailservice,-,,4,4,4,0,6.3,0.0
5,normal,350,0,0,186,frontend,-,,4,4,4,0,6.3,0.0
5,normal,350,0,0,186,paymentservice,-,,4,4,4,0,6.3,0.0
5,normal,350,0,0,186,productcatalogservice,-,,4,4,4,0,6.3,0.0
5,normal,350,0,0,186,recommendationservice,-,,4,4,4,0,6.3,0.0
5,normal,350,0,0,186,redis-cart,-,,1,1,1,0,6.3,0.0
5,normal,350,0,0,186,shippingservice,-,,4,4,4,0,6.3,0.0
5,normal,350,0,0,201,adservice,-,,4,4,4,0,6.3,0.0
5,normal,350,0,0,201,cartservice,-,,4,4,4,0,6.3,0.0
5,normal,350,0,0,201,checkoutservice,-,,4,4,4,0,6.3,0.0
5,normal,350,0,0,201,currencyservice,-,,4,4,4,0,6.3,0.0
5,normal,350,0,0,201,emailservice,-,,4,4,4,0,6.3,0.0
5,normal,350,0,0,201,frontend,-,,4,4,4,0,6.3,0.0
5,normal,350,0,0,201,paymentservice,-,,4,4,4,0,6.3,0.0
5,normal,350,0,0,201,productcatalogservice,-,,4,4,4,0,6.3,0.0
5,normal,350,0,0,201,recommendationservice,-,,4,4,4,0,6.3,0.0
5,normal,350,0,0,201,redis-cart,-,,1,1,1,0,6.3,0.0
5,normal,350,0,0,201,shippingservice,-,,4,4,4,0,6.3,0.0
5,normal,400,0,0,0,adservice,-,,4,4,4,0,6.3,0.0
5,normal,400,0,0,0,cartservice,-,,4,4,4,0,6.3,0.0
5,normal,400,0,0,0,checkoutservice,-,,4,4,4,0,6.3,0.0
5,normal,400,0,0,0,currencyservice,-,,4,4,4,0,6.3,0.0
5,normal,400,0,0,0,emailservice,-,,4,4,4,0,6.3,0.0
5,normal,400,0,0,0,frontend,-,,4,4,4,0,6.3,0.0
5,normal,400,0,0,0,paymentservice,-,,4,4,4,0,6.3,0.0
5,normal,400,0,0,0,productcatalogservice,-,,4,4,4,0,6.3,0.0
5,normal,400,0,0,0,recommendationservice,-,,4,4,4,0,6.3,0.0
5,normal,400,0,0,0,redis-cart,-,,1,1,1,0,6.3,0.0
5,normal,400,0,0,0,shippingservice,-,,4,4,4,0,6.3,0.0
5,normal,400,0,0,16,adservice,-,,4,4,4,0,6.3,0.0
5,normal,400,0,0,16,cartservice,-,,4,4,4,0,6.3,0.0
5,normal,400,0,0,16,checkoutservice,-,,4,4,4,0,6.3,0.0
5,normal,400,0,0,16,currencyservice,-,,4,4,4,0,6.3,0.0
5,normal,400,0,0,16,emailservice,-,,4,4,4,0,6.3,0.0
5,normal,400,0,0,16,frontend,-,,4,4,4,0,6.3,0.0
5,normal,400,0,0,16,paymentservice,-,,4,4,4,0,6.3,0.0
5,normal,400,0,0,16,productcatalogservice,-,,4,4,4,0,6.3,0.0
5,normal,400,0,0,16,recommendationservice,-,,4,4,4,0,6.3,0.0
5,normal,400,0,0,16,redis-cart,-,,1,1,1,0,6.3,0.0
5,normal,400,0,0,16,shippingservice,-,,4,4,4,0,6.3,0.0
5,normal,400,0,0,31,adservice,-,,4,4,4,0,6.3,0.0
5,normal,400,0,0,31,cartservice,-,,4,4,4,0,6.3,0.0
5,normal,400,0,0,31,checkoutservice,-,,4,4,4,0,6.3,0.0
5,normal,400,0,0,31,currencyservice,-,,4,4,4,0,6.3,0.0
5,normal,400,0,0,31,emailservice,-,,4,4,4,0,6.3,0.0
5,normal,400,0,0,31,frontend,-,,4,4,4,0,6.3,0.0
5,normal,400,0,0,31,paymentservice,-,,4,4,4,0,6.3,0.0
5,normal,400,0,0,31,productcatalogservice,-,,4,4,4,0,6.3,0.0
5,normal,400,0,0,31,recommendationservice,-,,4,4,4,0,6.3,0.0
5,normal,400,0,0,31,redis-cart,-,,1,1,1,0,6.3,0.0
5,normal,400,0,0,31,shippingservice,-,,4,4,4,0,6.3,0.0
5,normal,400,0,0,47,adservice,-,,4,4,4,0,6.3,0.0
5,normal,400,0,0,47,cartservice,-,,4,4,4,0,6.3,0.0
5,normal,400,0,0,47,checkoutservice,-,,4,4,4,0,6.3,0.0
5,normal,400,0,0,47,currencyservice,-,,4,4,4,0,6.3,0.0
5,normal,400,0,0,47,emailservice,-,,4,4,4,0,6.3,0.0
5,normal,400,0,0,47,frontend,-,,4,4,4,0,6.3,0.0
5,normal,400,0,0,47,paymentservice,-,,4,4,4,0,6.3,0.0
5,normal,400,0,0,47,productcatalogservice,-,,4,4,4,0,6.3,0.0
5,normal,400,0,0,47,recommendationservice,-,,4,4,4,0,6.3,0.0
5,normal,400,0,0,47,redis-cart,-,,1,1,1,0,6.3,0.0
5,normal,400,0,0,47,shippingservice,-,,4,4,4,0,6.3,0.0
5,normal,400,0,0,62,adservice,-,,4,4,4,0,6.3,0.0
5,normal,400,0,0,62,cartservice,-,,4,4,4,0,6.3,0.0
5,normal,400,0,0,62,checkoutservice,-,,4,4,4,0,6.3,0.0
5,normal,400,0,0,62,currencyservice,-,,4,4,4,0,6.3,0.0
5,normal,400,0,0,62,emailservice,-,,4,4,4,0,6.3,0.0
5,normal,400,0,0,62,frontend,-,,4,4,4,0,6.3,0.0
5,normal,400,0,0,62,paymentservice,-,,4,4,4,0,6.3,0.0
5,normal,400,0,0,62,productcatalogservice,-,,4,4,4,0,6.3,0.0
5,normal,400,0,0,62,recommendationservice,-,,4,4,4,0,6.3,0.0
5,normal,400,0,0,62,redis-cart,-,,1,1,1,0,6.3,0.0
5,normal,400,0,0,62,shippingservice,-,,4,4,4,0,6.3,0.0
5,normal,400,0,0,78,adservice,-,,4,4,4,0,6.3,0.0
5,normal,400,0,0,78,cartservice,-,,4,4,4,0,6.3,0.0
5,normal,400,0,0,78,checkoutservice,-,,4,4,4,0,6.3,0.0
5,normal,400,0,0,78,currencyservice,-,,4,4,4,0,6.3,0.0
5,normal,400,0,0,78,emailservice,-,,4,4,4,0,6.3,0.0
5,normal,400,0,0,78,frontend,-,,4,4,4,0,6.3,0.0
5,normal,400,0,0,78,paymentservice,-,,4,4,4,0,6.3,0.0
5,normal,400,0,0,78,productcatalogservice,-,,4,4,4,0,6.3,0.0
5,normal,400,0,0,78,recommendationservice,-,,4,4,4,0,6.3,0.0
5,normal,400,0,0,78,redis-cart,-,,1,1,1,0,6.3,0.0
5,normal,400,0,0,78,shippingservice,-,,4,4,4,0,6.3,0.0
5,normal,400,0,0,93,adservice,-,,4,4,4,0,6.3,0.0
5,normal,400,0,0,93,cartservice,-,,4,4,4,0,6.3,0.0
5,normal,400,0,0,93,checkoutservice,-,,4,4,4,0,6.3,0.0
5,normal,400,0,0,93,currencyservice,-,,4,4,4,0,6.3,0.0
5,normal,400,0,0,93,emailservice,-,,4,4,4,0,6.3,0.0
5,normal,400,0,0,93,frontend,-,,4,4,4,0,6.3,0.0
5,normal,400,0,0,93,paymentservice,-,,4,4,4,0,6.3,0.0
5,normal,400,0,0,93,productcatalogservice,-,,4,4,4,0,6.3,0.0
5,normal,400,0,0,93,recommendationservice,-,,4,4,4,0,6.3,0.0
5,normal,400,0,0,93,redis-cart,-,,1,1,1,0,6.3,0.0
5,normal,400,0,0,93,shippingservice,-,,4,4,4,0,6.3,0.0
5,normal,400,0,0,109,adservice,-,,4,4,4,0,6.3,0.0
5,normal,400,0,0,109,cartservice,-,,4,4,4,0,6.3,0.0
5,normal,400,0,0,109,checkoutservice,-,,4,4,4,0,6.3,0.0
5,normal,400,0,0,109,currencyservice,-,,4,4,4,0,6.3,0.0
5,normal,400,0,0,109,emailservice,-,,4,4,4,0,6.3,0.0
5,normal,400,0,0,109,frontend,-,,4,4,4,0,6.3,0.0
5,normal,400,0,0,109,paymentservice,-,,4,4,4,0,6.3,0.0
5,normal,400,0,0,109,productcatalogservice,-,,4,4,4,0,6.3,0.0
5,normal,400,0,0,109,recommendationservice,-,,4,4,4,0,6.3,0.0
5,normal,400,0,0,109,redis-cart,-,,1,1,1,0,6.3,0.0
5,normal,400,0,0,109,shippingservice,-,,4,4,4,0,6.3,0.0
5,normal,400,0,0,124,adservice,-,,4,4,4,0,6.3,0.0
5,normal,400,0,0,124,cartservice,-,,4,4,4,0,6.3,0.0
5,normal,400,0,0,124,checkoutservice,-,,4,4,4,0,6.3,0.0
5,normal,400,0,0,124,currencyservice,-,,4,4,4,0,6.3,0.0
5,normal,400,0,0,124,emailservice,-,,4,4,4,0,6.3,0.0
5,normal,400,0,0,124,frontend,-,,4,4,4,0,6.3,0.0
5,normal,400,0,0,124,paymentservice,-,,4,4,4,0,6.3,0.0
5,normal,400,0,0,124,productcatalogservice,-,,4,4,4,0,6.3,0.0
5,normal,400,0,0,124,recommendationservice,-,,4,4,4,0,6.3,0.0
5,normal,400,0,0,124,redis-cart,-,,1,1,1,0,6.3,0.0
5,normal,400,0,0,124,shippingservice,-,,4,4,4,0,6.3,0.0
5,normal,400,0,0,140,adservice,-,,4,4,4,0,6.3,0.0
5,normal,400,0,0,140,cartservice,-,,4,4,4,0,6.3,0.0
5,normal,400,0,0,140,checkoutservice,-,,4,4,4,0,6.3,0.0
5,normal,400,0,0,140,currencyservice,-,,4,4,4,0,6.3,0.0
5,normal,400,0,0,140,emailservice,-,,4,4,4,0,6.3,0.0
5,normal,400,0,0,140,frontend,-,,4,4,4,0,6.3,0.0
5,normal,400,0,0,140,paymentservice,-,,4,4,4,0,6.3,0.0
5,normal,400,0,0,140,productcatalogservice,-,,4,4,4,0,6.3,0.0
5,normal,400,0,0,140,recommendationservice,-,,4,4,4,0,6.3,0.0
5,normal,400,0,0,140,redis-cart,-,,1,1,1,0,6.3,0.0
5,normal,400,0,0,140,shippingservice,-,,4,4,4,0,6.3,0.0
5,normal,400,0,0,155,adservice,-,,4,4,4,0,6.3,0.0
5,normal,400,0,0,155,cartservice,-,,4,4,4,0,6.3,0.0
5,normal,400,0,0,155,checkoutservice,-,,4,4,4,0,6.3,0.0
5,normal,400,0,0,155,currencyservice,-,,4,4,4,0,6.3,0.0
5,normal,400,0,0,155,emailservice,-,,4,4,4,0,6.3,0.0
5,normal,400,0,0,155,frontend,-,,4,4,4,0,6.3,0.0
5,normal,400,0,0,155,paymentservice,-,,4,4,4,0,6.3,0.0
5,normal,400,0,0,155,productcatalogservice,-,,4,4,4,0,6.3,0.0
5,normal,400,0,0,155,recommendationservice,-,,4,4,4,0,6.3,0.0
5,normal,400,0,0,155,redis-cart,-,,1,1,1,0,6.3,0.0
5,normal,400,0,0,155,shippingservice,-,,4,4,4,0,6.3,0.0
5,normal,400,0,0,171,adservice,-,,4,4,4,0,6.3,0.0
5,normal,400,0,0,171,cartservice,-,,4,4,4,0,6.3,0.0
5,normal,400,0,0,171,checkoutservice,-,,4,4,4,0,6.3,0.0
5,normal,400,0,0,171,currencyservice,-,,4,4,4,0,6.3,0.0
5,normal,400,0,0,171,emailservice,-,,4,4,4,0,6.3,0.0
5,normal,400,0,0,171,frontend,-,,4,4,4,0,6.3,0.0
5,normal,400,0,0,171,paymentservice,-,,4,4,4,0,6.3,0.0
5,normal,400,0,0,171,productcatalogservice,-,,4,4,4,0,6.3,0.0
5,normal,400,0,0,171,recommendationservice,-,,4,4,4,0,6.3,0.0
5,normal,400,0,0,171,redis-cart,-,,1,1,1,0,6.3,0.0
5,normal,400,0,0,171,shippingservice,-,,4,4,4,0,6.3,0.0
5,normal,400,0,0,186,adservice,-,,4,4,4,0,6.3,0.0
5,normal,400,0,0,186,cartservice,-,,4,4,4,0,6.3,0.0
5,normal,400,0,0,186,checkoutservice,-,,4,4,4,0,6.3,0.0
5,normal,400,0,0,186,currencyservice,-,,4,4,4,0,6.3,0.0
5,normal,400,0,0,186,emailservice,-,,4,4,4,0,6.3,0.0
5,normal,400,0,0,186,frontend,-,,4,4,4,0,6.3,0.0
5,normal,400,0,0,186,paymentservice,-,,4,4,4,0,6.3,0.0
5,normal,400,0,0,186,productcatalogservice,-,,4,4,4,0,6.3,0.0
5,normal,400,0,0,186,recommendationservice,-,,4,4,4,0,6.3,0.0
5,normal,400,0,0,186,redis-cart,-,,1,1,1,0,6.3,0.0
5,normal,400,0,0,186,shippingservice,-,,4,4,4,0,6.3,0.0
5,normal,400,0,0,202,adservice,-,,4,4,4,0,6.3,0.0
5,normal,400,0,0,202,cartservice,-,,4,4,4,0,6.3,0.0
5,normal,400,0,0,202,checkoutservice,-,,4,4,4,0,6.3,0.0
5,normal,400,0,0,202,currencyservice,-,,4,4,4,0,6.3,0.0
5,normal,400,0,0,202,emailservice,-,,4,4,4,0,6.3,0.0
5,normal,400,0,0,202,frontend,-,,4,4,4,0,6.3,0.0
5,normal,400,0,0,202,paymentservice,-,,4,4,4,0,6.3,0.0
5,normal,400,0,0,202,productcatalogservice,-,,4,4,4,0,6.3,0.0
5,normal,400,0,0,202,recommendationservice,-,,4,4,4,0,6.3,0.0
5,normal,400,0,0,202,redis-cart,-,,1,1,1,0,6.3,0.0
5,normal,400,0,0,202,shippingservice,-,,4,4,4,0,6.3,0.0
5,normal,450,0,0,1,adservice,-,,4,4,4,0,6.3,0.0
5,normal,450,0,0,1,cartservice,-,,4,4,4,0,6.3,0.0
5,normal,450,0,0,1,checkoutservice,-,,4,4,4,0,6.3,0.0
5,normal,450,0,0,1,currencyservice,-,,4,4,4,0,6.3,0.0
5,normal,450,0,0,1,emailservice,-,,4,4,4,0,6.3,0.0
5,normal,450,0,0,1,frontend,-,,4,4,4,0,6.3,0.0
5,normal,450,0,0,1,paymentservice,-,,4,4,4,0,6.3,0.0
5,normal,450,0,0,1,productcatalogservice,-,,4,4,4,0,6.3,0.0
5,normal,450,0,0,1,recommendationservice,-,,4,4,4,0,6.3,0.0
5,normal,450,0,0,1,redis-cart,-,,1,1,1,0,6.3,0.0
5,normal,450,0,0,1,shippingservice,-,,4,4,4,0,6.3,0.0
5,normal,450,0,0,16,adservice,-,,4,4,4,0,6.3,0.0
5,normal,450,0,0,16,cartservice,-,,4,4,4,0,6.3,0.0
5,normal,450,0,0,16,checkoutservice,-,,4,4,4,0,6.3,0.0
5,normal,450,0,0,16,currencyservice,-,,4,4,4,0,6.3,0.0
5,normal,450,0,0,16,emailservice,-,,4,4,4,0,6.3,0.0
5,normal,450,0,0,16,frontend,-,,4,4,4,0,6.3,0.0
5,normal,450,0,0,16,paymentservice,-,,4,4,4,0,6.3,0.0
5,normal,450,0,0,16,productcatalogservice,-,,4,4,4,0,6.3,0.0
5,normal,450,0,0,16,recommendationservice,-,,4,4,4,0,6.3,0.0
5,normal,450,0,0,16,redis-cart,-,,1,1,1,0,6.3,0.0
5,normal,450,0,0,16,shippingservice,-,,4,4,4,0,6.3,0.0
5,normal,450,0,0,32,adservice,-,,4,4,4,0,6.3,0.0
5,normal,450,0,0,32,cartservice,-,,4,4,4,0,6.3,0.0
5,normal,450,0,0,32,checkoutservice,-,,4,4,4,0,6.3,0.0
5,normal,450,0,0,32,currencyservice,-,,4,4,4,0,6.3,0.0
5,normal,450,0,0,32,emailservice,-,,4,4,4,0,6.3,0.0
5,normal,450,0,0,32,frontend,-,,4,4,4,0,6.3,0.0
5,normal,450,0,0,32,paymentservice,-,,4,4,4,0,6.3,0.0
5,normal,450,0,0,32,productcatalogservice,-,,4,4,4,0,6.3,0.0
5,normal,450,0,0,32,recommendationservice,-,,4,4,4,0,6.3,0.0
5,normal,450,0,0,32,redis-cart,-,,1,1,1,0,6.3,0.0
5,normal,450,0,0,32,shippingservice,-,,4,4,4,0,6.3,0.0
5,normal,450,0,0,47,adservice,-,,4,4,4,0,6.3,0.0
5,normal,450,0,0,47,cartservice,-,,4,4,4,0,6.3,0.0
5,normal,450,0,0,47,checkoutservice,-,,4,4,4,0,6.3,0.0
5,normal,450,0,0,47,currencyservice,-,,4,4,4,0,6.3,0.0
5,normal,450,0,0,47,emailservice,-,,4,4,4,0,6.3,0.0
5,normal,450,0,0,47,frontend,-,,4,4,4,0,6.3,0.0
5,normal,450,0,0,47,paymentservice,-,,4,4,4,0,6.3,0.0
5,normal,450,0,0,47,productcatalogservice,-,,4,4,4,0,6.3,0.0
5,normal,450,0,0,47,recommendationservice,-,,4,4,4,0,6.3,0.0
5,normal,450,0,0,47,redis-cart,-,,1,1,1,0,6.3,0.0
5,normal,450,0,0,47,shippingservice,-,,4,4,4,0,6.3,0.0
5,normal,450,0,0,63,adservice,-,,4,4,4,0,6.3,0.0
5,normal,450,0,0,63,cartservice,-,,4,4,4,0,6.3,0.0
5,normal,450,0,0,63,checkoutservice,-,,4,4,4,0,6.3,0.0
5,normal,450,0,0,63,currencyservice,-,,4,4,4,0,6.3,0.0
5,normal,450,0,0,63,emailservice,-,,4,4,4,0,6.3,0.0
5,normal,450,0,0,63,frontend,-,,4,4,4,0,6.3,0.0
5,normal,450,0,0,63,paymentservice,-,,4,4,4,0,6.3,0.0
5,normal,450,0,0,63,productcatalogservice,-,,4,4,4,0,6.3,0.0
5,normal,450,0,0,63,recommendationservice,-,,4,4,4,0,6.3,0.0
5,normal,450,0,0,63,redis-cart,-,,1,1,1,0,6.3,0.0
5,normal,450,0,0,63,shippingservice,-,,4,4,4,0,6.3,0.0
5,normal,450,0,0,78,adservice,-,,4,4,4,0,6.3,0.0
5,normal,450,0,0,78,cartservice,-,,4,4,4,0,6.3,0.0
5,normal,450,0,0,78,checkoutservice,-,,4,4,4,0,6.3,0.0
5,normal,450,0,0,78,currencyservice,-,,4,4,4,0,6.3,0.0
5,normal,450,0,0,78,emailservice,-,,4,4,4,0,6.3,0.0
5,normal,450,0,0,78,frontend,-,,4,4,4,0,6.3,0.0
5,normal,450,0,0,78,paymentservice,-,,4,4,4,0,6.3,0.0
5,normal,450,0,0,78,productcatalogservice,-,,4,4,4,0,6.3,0.0
5,normal,450,0,0,78,recommendationservice,-,,4,4,3,0,6.3,0.0
5,normal,450,0,0,78,redis-cart,-,,1,1,1,0,6.3,0.0
5,normal,450,0,0,78,shippingservice,-,,4,4,4,0,6.3,0.0
5,normal,450,0,0,94,adservice,-,,4,4,4,0,6.3,0.0
5,normal,450,0,0,94,cartservice,-,,4,4,4,0,6.3,0.0
5,normal,450,0,0,94,checkoutservice,-,,4,4,4,0,6.3,0.0
5,normal,450,0,0,94,currencyservice,-,,4,4,4,0,6.3,0.0
5,normal,450,0,0,94,emailservice,-,,4,4,4,0,6.3,0.0
5,normal,450,0,0,94,frontend,-,,4,4,4,0,6.3,0.0
5,normal,450,0,0,94,paymentservice,-,,4,4,4,0,6.3,0.0
5,normal,450,0,0,94,productcatalogservice,-,,4,4,4,0,6.3,0.0
5,normal,450,0,0,94,recommendationservice,-,,4,4,2,0,6.3,0.0
5,normal,450,0,0,94,redis-cart,-,,1,1,1,0,6.3,0.0
5,normal,450,0,0,94,shippingservice,-,,4,4,4,0,6.3,0.0
5,normal,450,0,0,109,adservice,-,,4,4,4,0,6.3,0.0
5,normal,450,0,0,109,cartservice,-,,4,4,4,0,6.3,0.0
5,normal,450,0,0,109,checkoutservice,-,,4,4,4,0,6.3,0.0
5,normal,450,0,0,109,currencyservice,-,,4,4,4,0,6.3,0.0
5,normal,450,0,0,109,emailservice,-,,4,4,4,0,6.3,0.0
5,normal,450,0,0,109,frontend,-,,4,4,4,0,6.3,0.0
5,normal,450,0,0,109,paymentservice,-,,4,4,4,0,6.3,0.0
5,normal,450,0,0,109,productcatalogservice,-,,4,4,4,0,6.3,0.0
5,normal,450,0,0,109,recommendationservice,-,,4,4,0,0,6.3,0.0
5,normal,450,0,0,109,redis-cart,-,,1,1,1,0,6.3,0.0
5,normal,450,0,0,109,shippingservice,-,,4,4,4,0,6.3,0.0
5,normal,450,0,0,125,adservice,-,,4,4,4,0,6.3,0.0
5,normal,450,0,0,125,cartservice,-,,4,4,4,0,6.3,0.0
5,normal,450,0,0,125,checkoutservice,-,,4,4,4,0,6.3,0.0
5,normal,450,0,0,125,currencyservice,-,,4,4,4,0,6.3,0.0
5,normal,450,0,0,125,emailservice,-,,4,4,4,0,6.3,0.0
5,normal,450,0,0,125,frontend,-,,4,4,4,0,6.3,0.0
5,normal,450,0,0,125,paymentservice,-,,4,4,4,0,6.3,0.0
5,normal,450,0,0,125,productcatalogservice,-,,4,4,4,0,6.3,0.0
5,normal,450,0,0,125,recommendationservice,-,,4,4,0,0,6.3,0.0
5,normal,450,0,0,125,redis-cart,-,,1,1,1,0,6.3,0.0
5,normal,450,0,0,125,shippingservice,-,,4,4,4,0,6.3,0.0
5,normal,450,0,0,140,adservice,-,,4,4,4,0,6.3,0.0
5,normal,450,0,0,140,cartservice,-,,4,4,4,0,6.3,0.0
5,normal,450,0,0,140,checkoutservice,-,,4,4,4,0,6.3,0.0
5,normal,450,0,0,140,currencyservice,-,,4,4,4,0,6.3,0.0
5,normal,450,0,0,140,emailservice,-,,4,4,4,0,6.3,0.0
5,normal,450,0,0,140,frontend,-,,4,4,4,0,6.3,0.0
5,normal,450,0,0,140,paymentservice,-,,4,4,4,0,6.3,0.0
5,normal,450,0,0,140,productcatalogservice,-,,4,4,4,0,6.3,0.0
5,normal,450,0,0,140,recommendationservice,-,,4,4,3,0,6.3,0.0
5,normal,450,0,0,140,redis-cart,-,,1,1,1,0,6.3,0.0
5,normal,450,0,0,140,shippingservice,-,,4,4,4,0,6.3,0.0
5,normal,450,0,0,156,adservice,-,,4,4,4,0,6.3,0.0
5,normal,450,0,0,156,cartservice,-,,4,4,4,0,6.3,0.0
5,normal,450,0,0,156,checkoutservice,-,,4,4,4,0,6.3,0.0
5,normal,450,0,0,156,currencyservice,-,,4,4,4,0,6.3,0.0
5,normal,450,0,0,156,emailservice,-,,4,4,4,0,6.3,0.0
5,normal,450,0,0,156,frontend,-,,4,4,4,0,6.3,0.0
5,normal,450,0,0,156,paymentservice,-,,4,4,4,0,6.3,0.0
5,normal,450,0,0,156,productcatalogservice,-,,4,4,4,0,6.3,0.0
5,normal,450,0,0,156,recommendationservice,-,,4,4,2,0,6.3,0.0
5,normal,450,0,0,156,redis-cart,-,,1,1,1,0,6.3,0.0
5,normal,450,0,0,156,shippingservice,-,,4,4,4,0,6.3,0.0
5,normal,450,0,0,171,adservice,-,,4,4,4,0,6.3,0.0
5,normal,450,0,0,171,cartservice,-,,4,4,4,0,6.3,0.0
5,normal,450,0,0,171,checkoutservice,-,,4,4,4,0,6.3,0.0
5,normal,450,0,0,171,currencyservice,-,,4,4,4,0,6.3,0.0
5,normal,450,0,0,171,emailservice,-,,4,4,4,0,6.3,0.0
5,normal,450,0,0,171,frontend,-,,4,4,4,0,6.3,0.0
5,normal,450,0,0,171,paymentservice,-,,4,4,4,0,6.3,0.0
5,normal,450,0,0,171,productcatalogservice,-,,4,4,4,0,6.3,0.0
5,normal,450,0,0,171,recommendationservice,-,,4,4,3,0,6.3,0.0
5,normal,450,0,0,171,redis-cart,-,,1,1,1,0,6.3,0.0
5,normal,450,0,0,171,shippingservice,-,,4,4,4,0,6.3,0.0
5,normal,450,0,0,186,adservice,-,,4,4,4,0,6.3,0.0
5,normal,450,0,0,186,cartservice,-,,4,4,4,0,6.3,0.0
5,normal,450,0,0,186,checkoutservice,-,,4,4,4,0,6.3,0.0
5,normal,450,0,0,186,currencyservice,-,,4,4,4,0,6.3,0.0
5,normal,450,0,0,186,emailservice,-,,4,4,4,0,6.3,0.0
5,normal,450,0,0,186,frontend,-,,4,4,4,0,6.3,0.0
5,normal,450,0,0,186,paymentservice,-,,4,4,4,0,6.3,0.0
5,normal,450,0,0,186,productcatalogservice,-,,4,4,4,0,6.3,0.0
5,normal,450,0,0,186,recommendationservice,-,,4,4,2,0,6.3,0.0
5,normal,450,0,0,186,redis-cart,-,,1,1,1,0,6.3,0.0
5,normal,450,0,0,186,shippingservice,-,,4,4,4,0,6.3,0.0
5,normal,450,0,0,202,adservice,-,,4,4,4,0,6.3,0.0
5,normal,450,0,0,202,cartservice,-,,4,4,4,0,6.3,0.0
5,normal,450,0,0,202,checkoutservice,-,,4,4,4,0,6.3,0.0
5,normal,450,0,0,202,currencyservice,-,,4,4,4,0,6.3,0.0
5,normal,450,0,0,202,emailservice,-,,4,4,4,0,6.3,0.0
5,normal,450,0,0,202,frontend,-,,4,4,4,0,6.3,0.0
5,normal,450,0,0,202,paymentservice,-,,4,4,4,0,6.3,0.0
5,normal,450,0,0,202,productcatalogservice,-,,4,4,4,0,6.3,0.0
5,normal,450,0,0,202,recommendationservice,-,,4,4,2,0,6.3,0.0
5,normal,450,0,0,202,redis-cart,-,,1,1,1,0,6.3,0.0
5,normal,450,0,0,202,shippingservice,-,,4,4,4,0,6.3,0.0
5,frontrecocatalog,350,0,0,0,adservice,-,,4,4,4,0,6.3,0.0
5,frontrecocatalog,350,0,0,0,cartservice,-,,4,4,4,0,6.3,0.0
5,frontrecocatalog,350,0,0,0,checkoutservice,-,,4,4,4,0,6.3,0.0
5,frontrecocatalog,350,0,0,0,currencyservice,-,,4,4,4,0,6.3,0.0
5,frontrecocatalog,350,0,0,0,emailservice,-,,4,4,4,0,6.3,0.0
5,frontrecocatalog,350,0,0,0,frontend,-,,4,4,4,0,6.3,0.0
5,frontrecocatalog,350,0,0,0,paymentservice,-,,4,4,4,0,6.3,0.0
5,frontrecocatalog,350,0,0,0,redis-cart,-,,1,1,1,0,6.3,0.0
5,frontrecocatalog,350,0,0,0,shippingservice,-,,4,4,4,0,6.3,0.0
5,frontrecocatalog,350,0,0,16,adservice,-,,4,4,4,0,6.3,0.0
5,frontrecocatalog,350,0,0,16,cartservice,-,,4,4,4,0,6.3,0.0
5,frontrecocatalog,350,0,0,16,checkoutservice,-,,4,4,4,0,6.3,0.0
5,frontrecocatalog,350,0,0,16,currencyservice,-,,4,4,4,0,6.3,0.0
5,frontrecocatalog,350,0,0,16,emailservice,-,,4,4,4,0,6.3,0.0
5,frontrecocatalog,350,0,0,16,frontend,-,,4,4,4,0,6.3,0.0
5,frontrecocatalog,350,0,0,16,paymentservice,-,,4,4,4,0,6.3,0.0
5,frontrecocatalog,350,0,0,16,redis-cart,-,,1,1,1,0,6.3,0.0
5,frontrecocatalog,350,0,0,16,shippingservice,-,,4,4,4,0,6.3,0.0
5,frontrecocatalog,350,0,0,31,adservice,-,,4,4,4,0,6.3,0.0
5,frontrecocatalog,350,0,0,31,cartservice,-,,4,4,4,0,6.3,0.0
5,frontrecocatalog,350,0,0,31,checkoutservice,-,,4,4,4,0,6.3,0.0
5,frontrecocatalog,350,0,0,31,currencyservice,-,,4,4,4,0,6.3,0.0
5,frontrecocatalog,350,0,0,31,emailservice,-,,4,4,4,0,6.3,0.0
5,frontrecocatalog,350,0,0,31,frontend,-,,4,4,4,0,6.3,0.0
5,frontrecocatalog,350,0,0,31,paymentservice,-,,4,4,4,0,6.3,0.0
5,frontrecocatalog,350,0,0,31,redis-cart,-,,1,1,1,0,6.3,0.0
5,frontrecocatalog,350,0,0,31,shippingservice,-,,4,4,4,0,6.3,0.0
5,frontrecocatalog,350,0,0,47,adservice,-,,4,4,4,0,6.3,0.0
5,frontrecocatalog,350,0,0,47,cartservice,-,,4,4,4,0,6.3,0.0
5,frontrecocatalog,350,0,0,47,checkoutservice,-,,4,4,4,0,6.3,0.0
5,frontrecocatalog,350,0,0,47,currencyservice,-,,4,4,4,0,6.3,0.0
5,frontrecocatalog,350,0,0,47,emailservice,-,,4,4,4,0,6.3,0.0
5,frontrecocatalog,350,0,0,47,frontend,-,,4,4,4,0,6.3,0.0
5,frontrecocatalog,350,0,0,47,paymentservice,-,,4,4,4,0,6.3,0.0
5,frontrecocatalog,350,0,0,47,redis-cart,-,,1,1,1,0,6.3,0.0
5,frontrecocatalog,350,0,0,47,shippingservice,-,,4,4,4,0,6.3,0.0
5,frontrecocatalog,350,0,0,62,adservice,-,,4,4,4,0,6.3,0.0
5,frontrecocatalog,350,0,0,62,cartservice,-,,4,4,4,0,6.3,0.0
5,frontrecocatalog,350,0,0,62,checkoutservice,-,,4,4,4,0,6.3,0.0
5,frontrecocatalog,350,0,0,62,currencyservice,-,,4,4,4,0,6.3,0.0
5,frontrecocatalog,350,0,0,62,emailservice,-,,4,4,4,0,6.3,0.0
5,frontrecocatalog,350,0,0,62,frontend,-,,4,4,4,0,6.3,0.0
5,frontrecocatalog,350,0,0,62,paymentservice,-,,4,4,4,0,6.3,0.0
5,frontrecocatalog,350,0,0,62,redis-cart,-,,1,1,1,0,6.3,0.0
5,frontrecocatalog,350,0,0,62,shippingservice,-,,4,4,4,0,6.3,0.0
5,frontrecocatalog,350,0,0,77,adservice,-,,4,4,4,0,6.3,0.0
5,frontrecocatalog,350,0,0,77,cartservice,-,,4,4,4,0,6.3,0.0
5,frontrecocatalog,350,0,0,77,checkoutservice,-,,4,4,4,0,6.3,0.0
5,frontrecocatalog,350,0,0,77,currencyservice,-,,4,4,4,0,6.3,0.0
5,frontrecocatalog,350,0,0,77,emailservice,-,,4,4,4,0,6.3,0.0
5,frontrecocatalog,350,0,0,77,frontend,-,,4,4,4,0,6.3,0.0
5,frontrecocatalog,350,0,0,77,paymentservice,-,,4,4,4,0,6.3,0.0
5,frontrecocatalog,350,0,0,77,redis-cart,-,,1,1,1,0,6.3,0.0
5,frontrecocatalog,350,0,0,77,shippingservice,-,,4,4,4,0,6.3,0.0
5,frontrecocatalog,350,0,0,93,adservice,-,,4,4,4,0,6.3,0.0
5,frontrecocatalog,350,0,0,93,cartservice,-,,4,4,4,0,6.3,0.0
5,frontrecocatalog,350,0,0,93,checkoutservice,-,,4,4,4,0,6.3,0.0
5,frontrecocatalog,350,0,0,93,currencyservice,-,,4,4,4,0,6.3,0.0
5,frontrecocatalog,350,0,0,93,emailservice,-,,4,4,4,0,6.3,0.0
5,frontrecocatalog,350,0,0,93,frontend,-,,4,4,4,0,6.3,0.0
5,frontrecocatalog,350,0,0,93,paymentservice,-,,4,4,4,0,6.3,0.0
5,frontrecocatalog,350,0,0,93,redis-cart,-,,1,1,1,0,6.3,0.0
5,frontrecocatalog,350,0,0,93,shippingservice,-,,4,4,4,0,6.3,0.0
5,frontrecocatalog,350,0,0,108,adservice,-,,4,4,4,0,6.3,0.0
5,frontrecocatalog,350,0,0,108,cartservice,-,,4,4,4,0,6.3,0.0
5,frontrecocatalog,350,0,0,108,checkoutservice,-,,4,4,4,0,6.3,0.0
5,frontrecocatalog,350,0,0,108,currencyservice,-,,4,4,4,0,6.3,0.0
5,frontrecocatalog,350,0,0,108,emailservice,-,,4,4,4,0,6.3,0.0
5,frontrecocatalog,350,0,0,108,frontend,-,,4,4,4,0,6.3,0.0
5,frontrecocatalog,350,0,0,108,paymentservice,-,,4,4,4,0,6.3,0.0
5,frontrecocatalog,350,0,0,108,redis-cart,-,,1,1,1,0,6.3,0.0
5,frontrecocatalog,350,0,0,108,shippingservice,-,,4,4,4,0,6.3,0.0
5,frontrecocatalog,350,0,0,124,adservice,-,,4,4,4,0,6.3,0.0
5,frontrecocatalog,350,0,0,124,cartservice,-,,4,4,4,0,6.3,0.0
5,frontrecocatalog,350,0,0,124,checkoutservice,-,,4,4,4,0,6.3,0.0
5,frontrecocatalog,350,0,0,124,currencyservice,-,,4,4,4,0,6.3,0.0
5,frontrecocatalog,350,0,0,124,emailservice,-,,4,4,4,0,6.3,0.0
5,frontrecocatalog,350,0,0,124,frontend,-,,4,4,4,0,6.3,0.0
5,frontrecocatalog,350,0,0,124,paymentservice,-,,4,4,4,0,6.3,0.0
5,frontrecocatalog,350,0,0,124,redis-cart,-,,1,1,1,0,6.3,0.0
5,frontrecocatalog,350,0,0,124,shippingservice,-,,4,4,4,0,6.3,0.0
5,frontrecocatalog,350,0,0,139,adservice,-,,4,4,4,0,6.3,0.0
5,frontrecocatalog,350,0,0,139,cartservice,-,,4,4,4,0,6.3,0.0
5,frontrecocatalog,350,0,0,139,checkoutservice,-,,4,4,4,0,6.3,0.0
5,frontrecocatalog,350,0,0,139,currencyservice,-,,4,4,4,0,6.3,0.0
5,frontrecocatalog,350,0,0,139,emailservice,-,,4,4,4,0,6.3,0.0
5,frontrecocatalog,350,0,0,139,frontend,-,,4,4,4,0,6.3,0.0
5,frontrecocatalog,350,0,0,139,paymentservice,-,,4,4,4,0,6.3,0.0
5,frontrecocatalog,350,0,0,139,redis-cart,-,,1,1,1,0,6.3,0.0
5,frontrecocatalog,350,0,0,139,shippingservice,-,,4,4,4,0,6.3,0.0
5,frontrecocatalog,350,0,0,155,adservice,-,,4,4,4,0,6.3,0.0
5,frontrecocatalog,350,0,0,155,cartservice,-,,4,4,4,0,6.3,0.0
5,frontrecocatalog,350,0,0,155,checkoutservice,-,,4,4,4,0,6.3,0.0
5,frontrecocatalog,350,0,0,155,currencyservice,-,,4,4,4,0,6.3,0.0
5,frontrecocatalog,350,0,0,155,emailservice,-,,4,4,4,0,6.3,0.0
5,frontrecocatalog,350,0,0,155,frontend,-,,4,4,4,0,6.3,0.0
5,frontrecocatalog,350,0,0,155,paymentservice,-,,4,4,4,0,6.3,0.0
5,frontrecocatalog,350,0,0,155,redis-cart,-,,1,1,1,0,6.3,0.0
5,frontrecocatalog,350,0,0,155,shippingservice,-,,4,4,4,0,6.3,0.0
5,frontrecocatalog,350,0,0,170,adservice,-,,4,4,4,0,6.3,0.0
5,frontrecocatalog,350,0,0,170,cartservice,-,,4,4,4,0,6.3,0.0
5,frontrecocatalog,350,0,0,170,checkoutservice,-,,4,4,4,0,6.3,0.0
5,frontrecocatalog,350,0,0,170,currencyservice,-,,4,4,4,0,6.3,0.0
5,frontrecocatalog,350,0,0,170,emailservice,-,,4,4,4,0,6.3,0.0
5,frontrecocatalog,350,0,0,170,frontend,-,,4,4,4,0,6.3,0.0
5,frontrecocatalog,350,0,0,170,paymentservice,-,,4,4,4,0,6.3,0.0
5,frontrecocatalog,350,0,0,170,redis-cart,-,,1,1,1,0,6.3,0.0
5,frontrecocatalog,350,0,0,170,shippingservice,-,,4,4,4,0,6.3,0.0
5,frontrecocatalog,350,0,0,185,adservice,-,,4,4,4,0,6.3,0.0
5,frontrecocatalog,350,0,0,185,cartservice,-,,4,4,4,0,6.3,0.0
5,frontrecocatalog,350,0,0,185,checkoutservice,-,,4,4,4,0,6.3,0.0
5,frontrecocatalog,350,0,0,185,currencyservice,-,,4,4,4,0,6.3,0.0
5,frontrecocatalog,350,0,0,185,emailservice,-,,4,4,4,0,6.3,0.0
5,frontrecocatalog,350,0,0,185,frontend,-,,4,4,4,0,6.3,0.0
5,frontrecocatalog,350,0,0,185,paymentservice,-,,4,4,4,0,6.3,0.0
5,frontrecocatalog,350,0,0,185,redis-cart,-,,1,1,1,0,6.3,0.0
5,frontrecocatalog,350,0,0,185,shippingservice,-,,4,4,4,0,6.3,0.0
5,frontrecocatalog,350,0,0,201,adservice,-,,4,4,4,0,6.3,0.0
5,frontrecocatalog,350,0,0,201,cartservice,-,,4,4,4,0,6.3,0.0
5,frontrecocatalog,350,0,0,201,checkoutservice,-,,4,4,4,0,6.3,0.0
5,frontrecocatalog,350,0,0,201,currencyservice,-,,4,4,4,0,6.3,0.0
5,frontrecocatalog,350,0,0,201,emailservice,-,,4,4,4,0,6.3,0.0
5,frontrecocatalog,350,0,0,201,frontend,-,,4,4,4,0,6.3,0.0
5,frontrecocatalog,350,0,0,201,paymentservice,-,,4,4,4,0,6.3,0.0
5,frontrecocatalog,350,0,0,201,redis-cart,-,,1,1,1,0,6.3,0.0
5,frontrecocatalog,350,0,0,201,shippingservice,-,,4,4,4,0,6.3,0.0
5,frontrecocatalog,400,0,0,1,adservice,-,,4,4,4,0,6.3,0.0
5,frontrecocatalog,400,0,0,1,cartservice,-,,4,4,4,0,6.3,0.0
5,frontrecocatalog,400,0,0,1,checkoutservice,-,,4,4,4,0,6.3,0.0
5,frontrecocatalog,400,0,0,1,currencyservice,-,,4,4,4,0,6.3,0.0
5,frontrecocatalog,400,0,0,1,emailservice,-,,4,4,4,0,6.3,0.0
5,frontrecocatalog,400,0,0,1,frontend,-,,4,4,4,0,6.3,0.0
5,frontrecocatalog,400,0,0,1,paymentservice,-,,4,4,4,0,6.3,0.0
5,frontrecocatalog,400,0,0,1,redis-cart,-,,1,1,1,0,6.3,0.0
5,frontrecocatalog,400,0,0,1,shippingservice,-,,4,4,4,0,6.3,0.0
5,frontrecocatalog,400,0,0,16,adservice,-,,4,4,4,0,6.3,0.0
5,frontrecocatalog,400,0,0,16,cartservice,-,,4,4,4,0,6.3,0.0
5,frontrecocatalog,400,0,0,16,checkoutservice,-,,4,4,4,0,6.3,0.0
5,frontrecocatalog,400,0,0,16,currencyservice,-,,4,4,4,0,6.3,0.0
5,frontrecocatalog,400,0,0,16,emailservice,-,,4,4,4,0,6.3,0.0
5,frontrecocatalog,400,0,0,16,frontend,-,,4,4,4,0,6.3,0.0
5,frontrecocatalog,400,0,0,16,paymentservice,-,,4,4,4,0,6.3,0.0
5,frontrecocatalog,400,0,0,16,redis-cart,-,,1,1,1,0,6.3,0.0
5,frontrecocatalog,400,0,0,16,shippingservice,-,,4,4,4,0,6.3,0.0
5,frontrecocatalog,400,0,0,32,adservice,-,,4,4,4,0,6.3,0.0
5,frontrecocatalog,400,0,0,32,cartservice,-,,4,4,4,0,6.3,0.0
5,frontrecocatalog,400,0,0,32,checkoutservice,-,,4,4,4,0,6.3,0.0
5,frontrecocatalog,400,0,0,32,currencyservice,-,,4,4,4,0,6.3,0.0
5,frontrecocatalog,400,0,0,32,emailservice,-,,4,4,4,0,6.3,0.0
5,frontrecocatalog,400,0,0,32,frontend,-,,4,4,4,0,6.3,0.0
5,frontrecocatalog,400,0,0,32,paymentservice,-,,4,4,4,0,6.3,0.0
5,frontrecocatalog,400,0,0,32,redis-cart,-,,1,1,1,0,6.3,0.0
5,frontrecocatalog,400,0,0,32,shippingservice,-,,4,4,4,0,6.3,0.0
5,frontrecocatalog,400,0,0,47,adservice,-,,4,4,4,0,6.3,0.0
5,frontrecocatalog,400,0,0,47,cartservice,-,,4,4,4,0,6.3,0.0
5,frontrecocatalog,400,0,0,47,checkoutservice,-,,4,4,4,0,6.3,0.0
5,frontrecocatalog,400,0,0,47,currencyservice,-,,4,4,4,0,6.3,0.0
5,frontrecocatalog,400,0,0,47,emailservice,-,,4,4,4,0,6.3,0.0
5,frontrecocatalog,400,0,0,47,frontend,-,,4,4,4,0,6.3,0.0
5,frontrecocatalog,400,0,0,47,paymentservice,-,,4,4,4,0,6.3,0.0
5,frontrecocatalog,400,0,0,47,redis-cart,-,,1,1,1,0,6.3,0.0
5,frontrecocatalog,400,0,0,47,shippingservice,-,,4,4,4,0,6.3,0.0
5,frontrecocatalog,400,0,0,63,adservice,-,,4,4,4,0,6.3,0.0
5,frontrecocatalog,400,0,0,63,cartservice,-,,4,4,4,0,6.3,0.0
5,frontrecocatalog,400,0,0,63,checkoutservice,-,,4,4,4,0,6.3,0.0
5,frontrecocatalog,400,0,0,63,currencyservice,-,,4,4,4,0,6.3,0.0
5,frontrecocatalog,400,0,0,63,emailservice,-,,4,4,4,0,6.3,0.0
5,frontrecocatalog,400,0,0,63,frontend,-,,4,4,4,0,6.3,0.0
5,frontrecocatalog,400,0,0,63,paymentservice,-,,4,4,4,0,6.3,0.0
5,frontrecocatalog,400,0,0,63,redis-cart,-,,1,1,1,0,6.3,0.0
5,frontrecocatalog,400,0,0,63,shippingservice,-,,4,4,4,0,6.3,0.0
5,frontrecocatalog,400,0,0,78,adservice,-,,4,4,4,0,6.3,0.0
5,frontrecocatalog,400,0,0,78,cartservice,-,,4,4,4,0,6.3,0.0
5,frontrecocatalog,400,0,0,78,checkoutservice,-,,4,4,4,0,6.3,0.0
5,frontrecocatalog,400,0,0,78,currencyservice,-,,4,4,4,0,6.3,0.0
5,frontrecocatalog,400,0,0,78,emailservice,-,,4,4,4,0,6.3,0.0
5,frontrecocatalog,400,0,0,78,frontend,-,,4,4,4,0,6.3,0.0
5,frontrecocatalog,400,0,0,78,paymentservice,-,,4,4,4,0,6.3,0.0
5,frontrecocatalog,400,0,0,78,redis-cart,-,,1,1,1,0,6.3,0.0
5,frontrecocatalog,400,0,0,78,shippingservice,-,,4,4,4,0,6.3,0.0
5,frontrecocatalog,400,0,0,94,adservice,-,,4,4,4,0,6.3,0.0
5,frontrecocatalog,400,0,0,94,cartservice,-,,4,4,4,0,6.3,0.0
5,frontrecocatalog,400,0,0,94,checkoutservice,-,,4,4,4,0,6.3,0.0
5,frontrecocatalog,400,0,0,94,currencyservice,-,,4,4,4,0,6.3,0.0
5,frontrecocatalog,400,0,0,94,emailservice,-,,4,4,4,0,6.3,0.0
5,frontrecocatalog,400,0,0,94,frontend,-,,4,4,4,0,6.3,0.0
5,frontrecocatalog,400,0,0,94,paymentservice,-,,4,4,4,0,6.3,0.0
5,frontrecocatalog,400,0,0,94,redis-cart,-,,1,1,1,0,6.3,0.0
5,frontrecocatalog,400,0,0,94,shippingservice,-,,4,4,4,0,6.3,0.0
5,frontrecocatalog,400,0,0,109,adservice,-,,4,4,4,0,6.3,0.0
5,frontrecocatalog,400,0,0,109,cartservice,-,,4,4,4,0,6.3,0.0
5,frontrecocatalog,400,0,0,109,checkoutservice,-,,4,4,4,0,6.3,0.0
5,frontrecocatalog,400,0,0,109,currencyservice,-,,4,4,4,0,6.3,0.0
5,frontrecocatalog,400,0,0,109,emailservice,-,,4,4,4,0,6.3,0.0
5,frontrecocatalog,400,0,0,109,frontend,-,,4,4,4,0,6.3,0.0
5,frontrecocatalog,400,0,0,109,paymentservice,-,,4,4,4,0,6.3,0.0
5,frontrecocatalog,400,0,0,109,redis-cart,-,,1,1,1,0,6.3,0.0
5,frontrecocatalog,400,0,0,109,shippingservice,-,,4,4,4,0,6.3,0.0
5,frontrecocatalog,400,0,0,125,adservice,-,,4,4,4,0,6.3,0.0
5,frontrecocatalog,400,0,0,125,cartservice,-,,4,4,4,0,6.3,0.0
5,frontrecocatalog,400,0,0,125,checkoutservice,-,,4,4,4,0,6.3,0.0
5,frontrecocatalog,400,0,0,125,currencyservice,-,,4,4,4,0,6.3,0.0
5,frontrecocatalog,400,0,0,125,emailservice,-,,4,4,4,0,6.3,0.0
5,frontrecocatalog,400,0,0,125,frontend,-,,4,4,4,0,6.3,0.0
5,frontrecocatalog,400,0,0,125,paymentservice,-,,4,4,4,0,6.3,0.0
5,frontrecocatalog,400,0,0,125,redis-cart,-,,1,1,1,0,6.3,0.0
5,frontrecocatalog,400,0,0,125,shippingservice,-,,4,4,4,0,6.3,0.0
5,frontrecocatalog,400,0,0,140,adservice,-,,4,4,4,0,6.3,0.0
5,frontrecocatalog,400,0,0,140,cartservice,-,,4,4,4,0,6.3,0.0
5,frontrecocatalog,400,0,0,140,checkoutservice,-,,4,4,4,0,6.3,0.0
5,frontrecocatalog,400,0,0,140,currencyservice,-,,4,4,4,0,6.3,0.0
5,frontrecocatalog,400,0,0,140,emailservice,-,,4,4,4,0,6.3,0.0
5,frontrecocatalog,400,0,0,140,frontend,-,,4,4,4,0,6.3,0.0
5,frontrecocatalog,400,0,0,140,paymentservice,-,,4,4,4,0,6.3,0.0
5,frontrecocatalog,400,0,0,140,redis-cart,-,,1,1,1,0,6.3,0.0
5,frontrecocatalog,400,0,0,140,shippingservice,-,,4,4,4,0,6.3,0.0
5,frontrecocatalog,400,0,0,156,adservice,-,,4,4,4,0,6.3,0.0
5,frontrecocatalog,400,0,0,156,cartservice,-,,4,4,4,0,6.3,0.0
5,frontrecocatalog,400,0,0,156,checkoutservice,-,,4,4,4,0,6.3,0.0
5,frontrecocatalog,400,0,0,156,currencyservice,-,,4,4,4,0,6.3,0.0
5,frontrecocatalog,400,0,0,156,emailservice,-,,4,4,4,0,6.3,0.0
5,frontrecocatalog,400,0,0,156,frontend,-,,4,4,4,0,6.3,0.0
5,frontrecocatalog,400,0,0,156,paymentservice,-,,4,4,4,0,6.3,0.0
5,frontrecocatalog,400,0,0,156,redis-cart,-,,1,1,1,0,6.3,0.0
5,frontrecocatalog,400,0,0,156,shippingservice,-,,4,4,4,0,6.3,0.0
5,frontrecocatalog,400,0,0,171,adservice,-,,4,4,4,0,6.3,0.0
5,frontrecocatalog,400,0,0,171,cartservice,-,,4,4,4,0,6.3,0.0
5,frontrecocatalog,400,0,0,171,checkoutservice,-,,4,4,4,0,6.3,0.0
5,frontrecocatalog,400,0,0,171,currencyservice,-,,4,4,4,0,6.3,0.0
5,frontrecocatalog,400,0,0,171,emailservice,-,,4,4,4,0,6.3,0.0
5,frontrecocatalog,400,0,0,171,frontend,-,,4,4,4,0,6.3,0.0
5,frontrecocatalog,400,0,0,171,paymentservice,-,,4,4,4,0,6.3,0.0
5,frontrecocatalog,400,0,0,171,redis-cart,-,,1,1,1,0,6.3,0.0
5,frontrecocatalog,400,0,0,171,shippingservice,-,,4,4,4,0,6.3,0.0
5,frontrecocatalog,400,0,0,187,adservice,-,,4,4,4,0,6.3,0.0
5,frontrecocatalog,400,0,0,187,cartservice,-,,4,4,4,0,6.3,0.0
5,frontrecocatalog,400,0,0,187,checkoutservice,-,,4,4,4,0,6.3,0.0
5,frontrecocatalog,400,0,0,187,currencyservice,-,,4,4,4,0,6.3,0.0
5,frontrecocatalog,400,0,0,187,emailservice,-,,4,4,4,0,6.3,0.0
5,frontrecocatalog,400,0,0,187,frontend,-,,4,4,4,0,6.3,0.0
5,frontrecocatalog,400,0,0,187,paymentservice,-,,4,4,4,0,6.3,0.0
5,frontrecocatalog,400,0,0,187,redis-cart,-,,1,1,1,0,6.3,0.0
5,frontrecocatalog,400,0,0,187,shippingservice,-,,4,4,4,0,6.3,0.0
5,frontrecocatalog,400,0,0,202,adservice,-,,4,4,4,0,6.3,0.0
5,frontrecocatalog,400,0,0,202,cartservice,-,,4,4,4,0,6.3,0.0
5,frontrecocatalog,400,0,0,202,checkoutservice,-,,4,4,4,0,6.3,0.0
5,frontrecocatalog,400,0,0,202,currencyservice,-,,4,4,4,0,6.3,0.0
5,frontrecocatalog,400,0,0,202,emailservice,-,,4,4,4,0,6.3,0.0
5,frontrecocatalog,400,0,0,202,frontend,-,,4,4,4,0,6.3,0.0
5,frontrecocatalog,400,0,0,202,paymentservice,-,,4,4,4,0,6.3,0.0
5,frontrecocatalog,400,0,0,202,redis-cart,-,,1,1,1,0,6.3,0.0
5,frontrecocatalog,400,0,0,202,shippingservice,-,,4,4,4,0,6.3,0.0
5,frontrecocatalog,450,0,0,1,adservice,-,,4,4,4,0,6.3,0.0
5,frontrecocatalog,450,0,0,1,cartservice,-,,4,4,4,0,6.3,0.0
5,frontrecocatalog,450,0,0,1,checkoutservice,-,,4,4,4,0,6.3,0.0
5,frontrecocatalog,450,0,0,1,currencyservice,-,,4,4,4,0,6.3,0.0
5,frontrecocatalog,450,0,0,1,emailservice,-,,4,4,4,0,6.3,0.0
5,frontrecocatalog,450,0,0,1,frontend,-,,4,4,4,0,6.3,0.0
5,frontrecocatalog,450,0,0,1,paymentservice,-,,4,4,4,0,6.3,0.0
5,frontrecocatalog,450,0,0,1,redis-cart,-,,1,1,1,0,6.3,0.0
5,frontrecocatalog,450,0,0,1,shippingservice,-,,4,4,4,0,6.3,0.0
5,frontrecocatalog,450,0,0,16,adservice,-,,4,4,4,0,6.3,0.0
5,frontrecocatalog,450,0,0,16,cartservice,-,,4,4,4,0,6.3,0.0
5,frontrecocatalog,450,0,0,16,checkoutservice,-,,4,4,4,0,6.3,0.0
5,frontrecocatalog,450,0,0,16,currencyservice,-,,4,4,4,0,6.3,0.0
5,frontrecocatalog,450,0,0,16,emailservice,-,,4,4,4,0,6.3,0.0
5,frontrecocatalog,450,0,0,16,frontend,-,,4,4,4,0,6.3,0.0
5,frontrecocatalog,450,0,0,16,paymentservice,-,,4,4,4,0,6.3,0.0
5,frontrecocatalog,450,0,0,16,redis-cart,-,,1,1,1,0,6.3,0.0
5,frontrecocatalog,450,0,0,16,shippingservice,-,,4,4,4,0,6.3,0.0
5,frontrecocatalog,450,0,0,32,adservice,-,,4,4,4,0,6.3,0.0
5,frontrecocatalog,450,0,0,32,cartservice,-,,4,4,4,0,6.3,0.0
5,frontrecocatalog,450,0,0,32,checkoutservice,-,,4,4,4,0,6.3,0.0
5,frontrecocatalog,450,0,0,32,currencyservice,-,,4,4,4,0,6.3,0.0
5,frontrecocatalog,450,0,0,32,emailservice,-,,4,4,3,0,6.3,0.0
5,frontrecocatalog,450,0,0,32,frontend,-,,4,4,4,0,6.3,0.0
5,frontrecocatalog,450,0,0,32,paymentservice,-,,4,4,4,0,6.3,0.0
5,frontrecocatalog,450,0,0,32,redis-cart,-,,1,1,1,0,6.3,0.0
5,frontrecocatalog,450,0,0,32,shippingservice,-,,4,4,4,0,6.3,0.0
5,frontrecocatalog,450,0,0,47,adservice,-,,4,4,4,0,6.3,0.0
5,frontrecocatalog,450,0,0,47,cartservice,-,,4,4,4,0,6.3,0.0
5,frontrecocatalog,450,0,0,47,checkoutservice,-,,4,4,4,0,6.3,0.0
5,frontrecocatalog,450,0,0,47,currencyservice,-,,4,4,4,0,6.3,0.0
5,frontrecocatalog,450,0,0,47,emailservice,-,,4,4,3,0,6.3,0.0
5,frontrecocatalog,450,0,0,47,frontend,-,,4,4,4,0,6.3,0.0
5,frontrecocatalog,450,0,0,47,paymentservice,-,,4,4,4,0,6.3,0.0
5,frontrecocatalog,450,0,0,47,redis-cart,-,,1,1,1,0,6.3,0.0
5,frontrecocatalog,450,0,0,47,shippingservice,-,,4,4,4,0,6.3,0.0
5,frontrecocatalog,450,0,0,63,adservice,-,,4,4,4,0,6.3,0.0
5,frontrecocatalog,450,0,0,63,cartservice,-,,4,4,4,0,6.3,0.0
5,frontrecocatalog,450,0,0,63,checkoutservice,-,,4,4,4,0,6.3,0.0
5,frontrecocatalog,450,0,0,63,currencyservice,-,,4,4,4,0,6.3,0.0
5,frontrecocatalog,450,0,0,63,emailservice,-,,4,4,3,0,6.3,0.0
5,frontrecocatalog,450,0,0,63,frontend,-,,4,4,4,0,6.3,0.0
5,frontrecocatalog,450,0,0,63,paymentservice,-,,4,4,4,0,6.3,0.0
5,frontrecocatalog,450,0,0,63,redis-cart,-,,1,1,1,0,6.3,0.0
5,frontrecocatalog,450,0,0,63,shippingservice,-,,4,4,4,0,6.3,0.0
5,frontrecocatalog,450,0,0,78,adservice,-,,4,4,4,0,6.3,0.0
5,frontrecocatalog,450,0,0,78,cartservice,-,,4,4,4,0,6.3,0.0
5,frontrecocatalog,450,0,0,78,checkoutservice,-,,4,4,4,0,6.3,0.0
5,frontrecocatalog,450,0,0,78,currencyservice,-,,4,4,4,0,6.3,0.0
5,frontrecocatalog,450,0,0,78,emailservice,-,,4,4,3,0,6.3,0.0
5,frontrecocatalog,450,0,0,78,frontend,-,,4,4,3,0,6.3,0.0
5,frontrecocatalog,450,0,0,78,paymentservice,-,,4,4,4,0,6.3,0.0
5,frontrecocatalog,450,0,0,78,redis-cart,-,,1,1,1,0,6.3,0.0
5,frontrecocatalog,450,0,0,78,shippingservice,-,,4,4,4,0,6.3,0.0
5,frontrecocatalog,450,0,0,94,adservice,-,,4,4,4,0,6.3,0.0
5,frontrecocatalog,450,0,0,94,cartservice,-,,4,4,4,0,6.3,0.0
5,frontrecocatalog,450,0,0,94,checkoutservice,-,,4,4,4,0,6.3,0.0
5,frontrecocatalog,450,0,0,94,currencyservice,-,,4,4,4,0,6.3,0.0
5,frontrecocatalog,450,0,0,94,emailservice,-,,4,4,3,0,6.3,0.0
5,frontrecocatalog,450,0,0,94,frontend,-,,4,4,4,0,6.3,0.0
5,frontrecocatalog,450,0,0,94,paymentservice,-,,4,4,4,0,6.3,0.0
5,frontrecocatalog,450,0,0,94,redis-cart,-,,1,1,1,0,6.3,0.0
5,frontrecocatalog,450,0,0,94,shippingservice,-,,4,4,4,0,6.3,0.0
5,frontrecocatalog,450,0,0,109,adservice,-,,4,4,4,0,6.3,0.0
5,frontrecocatalog,450,0,0,109,cartservice,-,,4,4,4,0,6.3,0.0
5,frontrecocatalog,450,0,0,109,checkoutservice,-,,4,4,4,0,6.3,0.0
5,frontrecocatalog,450,0,0,109,currencyservice,-,,4,4,4,0,6.3,0.0
5,frontrecocatalog,450,0,0,109,emailservice,-,,4,4,3,0,6.3,0.0
5,frontrecocatalog,450,0,0,109,frontend,-,,4,4,3,0,6.3,0.0
5,frontrecocatalog,450,0,0,109,paymentservice,-,,4,4,4,0,6.3,0.0
5,frontrecocatalog,450,0,0,109,redis-cart,-,,1,1,1,0,6.3,0.0
5,frontrecocatalog,450,0,0,109,shippingservice,-,,4,4,4,0,6.3,0.0
5,frontrecocatalog,450,0,0,125,adservice,-,,4,4,4,0,6.3,0.0
5,frontrecocatalog,450,0,0,125,cartservice,-,,4,4,4,0,6.3,0.0
5,frontrecocatalog,450,0,0,125,checkoutservice,-,,4,4,4,0,6.3,0.0
5,frontrecocatalog,450,0,0,125,currencyservice,-,,4,4,4,0,6.3,0.0
5,frontrecocatalog,450,0,0,125,emailservice,-,,4,4,4,0,6.3,0.0
5,frontrecocatalog,450,0,0,125,frontend,-,,4,4,0,0,6.3,0.0
5,frontrecocatalog,450,0,0,125,paymentservice,-,,4,4,4,0,6.3,0.0
5,frontrecocatalog,450,0,0,125,redis-cart,-,,1,1,1,0,6.3,0.0
5,frontrecocatalog,450,0,0,125,shippingservice,-,,4,4,4,0,6.3,0.0
5,frontrecocatalog,450,0,0,140,adservice,-,,4,4,4,0,6.3,0.0
5,frontrecocatalog,450,0,0,140,cartservice,-,,4,4,4,0,6.3,0.0
5,frontrecocatalog,450,0,0,140,checkoutservice,-,,4,4,4,0,6.3,0.0
5,frontrecocatalog,450,0,0,140,currencyservice,-,,4,4,4,0,6.3,0.0
5,frontrecocatalog,450,0,0,140,emailservice,-,,4,4,4,0,6.3,0.0
5,frontrecocatalog,450,0,0,140,frontend,-,,4,4,0,0,6.3,0.0
5,frontrecocatalog,450,0,0,140,paymentservice,-,,4,4,4,0,6.3,0.0
5,frontrecocatalog,450,0,0,140,redis-cart,-,,1,1,1,0,6.3,0.0
5,frontrecocatalog,450,0,0,140,shippingservice,-,,4,4,4,0,6.3,0.0
5,frontrecocatalog,450,0,0,156,adservice,-,,4,4,4,0,6.3,0.0
5,frontrecocatalog,450,0,0,156,cartservice,-,,4,4,4,0,6.3,0.0
5,frontrecocatalog,450,0,0,156,checkoutservice,-,,4,4,4,0,6.3,0.0
5,frontrecocatalog,450,0,0,156,currencyservice,-,,4,4,4,0,6.3,0.0
5,frontrecocatalog,450,0,0,156,emailservice,-,,4,4,4,0,6.3,0.0
5,frontrecocatalog,450,0,0,156,frontend,-,,4,4,0,0,6.3,0.0
5,frontrecocatalog,450,0,0,156,paymentservice,-,,4,4,4,0,6.3,0.0
5,frontrecocatalog,450,0,0,156,redis-cart,-,,1,1,1,0,6.3,0.0
5,frontrecocatalog,450,0,0,156,shippingservice,-,,4,4,4,0,6.3,0.0
5,frontrecocatalog,450,0,0,171,adservice,-,,4,4,4,0,6.3,0.0
5,frontrecocatalog,450,0,0,171,cartservice,-,,4,4,4,0,6.3,0.0
5,frontrecocatalog,450,0,0,171,checkoutservice,-,,4,4,4,0,6.3,0.0
5,frontrecocatalog,450,0,0,171,currencyservice,-,,4,4,4,0,6.3,0.0
5,frontrecocatalog,450,0,0,171,emailservice,-,,4,4,4,0,6.3,0.0
5,frontrecocatalog,450,0,0,171,frontend,-,,4,4,0,0,6.3,0.0
5,frontrecocatalog,450,0,0,171,paymentservice,-,,4,4,4,0,6.3,0.0
5,frontrecocatalog,450,0,0,171,redis-cart,-,,1,1,1,0,6.3,0.0
5,frontrecocatalog,450,0,0,171,shippingservice,-,,4,4,4,0,6.3,0.0
5,frontrecocatalog,450,0,0,187,adservice,-,,4,4,4,0,6.3,0.0
5,frontrecocatalog,450,0,0,187,cartservice,-,,4,4,4,0,6.3,0.0
5,frontrecocatalog,450,0,0,187,checkoutservice,-,,4,4,4,0,6.3,0.0
5,frontrecocatalog,450,0,0,187,currencyservice,-,,4,4,4,0,6.3,0.0
5,frontrecocatalog,450,0,0,187,emailservice,-,,4,4,4,0,6.3,0.0
5,frontrecocatalog,450,0,0,187,frontend,-,,4,4,0,0,6.3,0.0
5,frontrecocatalog,450,0,0,187,paymentservice,-,,4,4,4,0,6.3,0.0
5,frontrecocatalog,450,0,0,187,redis-cart,-,,1,1,1,0,6.3,0.0
5,frontrecocatalog,450,0,0,187,shippingservice,-,,4,4,4,0,6.3,0.0
5,frontrecocatalog,450,0,0,203,adservice,-,,4,4,4,0,6.3,0.0
5,frontrecocatalog,450,0,0,203,cartservice,-,,4,4,4,0,6.3,0.0
5,frontrecocatalog,450,0,0,203,checkoutservice,-,,4,4,4,0,6.3,0.0
5,frontrecocatalog,450,0,0,203,currencyservice,-,,4,4,4,0,6.3,0.0
5,frontrecocatalog,450,0,0,203,emailservice,-,,4,4,4,0,6.3,0.0
5,frontrecocatalog,450,0,0,203,frontend,-,,4,4,2,0,6.3,0.0
5,frontrecocatalog,450,0,0,203,paymentservice,-,,4,4,4,0,6.3,0.0
5,frontrecocatalog,450,0,0,203,redis-cart,-,,1,1,1,0,6.3,0.0
5,frontrecocatalog,450,0,0,203,shippingservice,-,,4,4,4,0,6.3,0.0
5,mega,350,0,0,1,megapod,-,,4,4,4,0,12.28,0.0
5,mega,350,0,0,1,redis-cart,-,,1,1,1,0,12.28,0.0
5,mega,350,0,0,16,megapod,-,,4,4,4,0,6.3,0.0
5,mega,350,0,0,16,redis-cart,-,,1,1,1,0,6.3,0.0
5,mega,350,0,0,32,megapod,-,,4,4,4,0,6.3,0.0
5,mega,350,0,0,32,redis-cart,-,,1,1,1,0,6.3,0.0
5,mega,350,0,0,47,megapod,-,,4,4,4,0,6.3,0.0
5,mega,350,0,0,47,redis-cart,-,,1,1,1,0,6.3,0.0
5,mega,350,0,0,62,megapod,-,,4,4,4,0,6.3,0.0
5,mega,350,0,0,62,redis-cart,-,,1,1,1,0,6.3,0.0
5,mega,350,0,0,78,megapod,-,,4,4,4,0,6.3,0.0
5,mega,350,0,0,78,redis-cart,-,,1,1,1,0,6.3,0.0
5,mega,350,0,0,93,megapod,-,,4,4,4,0,6.3,0.0
5,mega,350,0,0,93,redis-cart,-,,1,1,1,0,6.3,0.0
5,mega,350,0,0,109,megapod,-,,4,4,4,0,6.3,0.0
5,mega,350,0,0,109,redis-cart,-,,1,1,1,0,6.3,0.0
5,mega,350,0,0,124,megapod,-,,4,4,4,0,6.3,0.0
5,mega,350,0,0,124,redis-cart,-,,1,1,1,0,6.3,0.0
5,mega,350,0,0,139,megapod,-,,4,4,4,0,6.3,0.0
5,mega,350,0,0,139,redis-cart,-,,1,1,1,0,6.3,0.0
5,mega,350,0,0,155,megapod,-,,4,4,4,0,6.3,0.0
5,mega,350,0,0,155,redis-cart,-,,1,1,1,0,6.3,0.0
5,mega,350,0,0,170,megapod,-,,4,4,4,0,6.3,0.0
5,mega,350,0,0,170,redis-cart,-,,1,1,1,0,6.3,0.0
5,mega,350,0,0,186,megapod,-,,4,4,4,0,6.3,0.0
5,mega,350,0,0,186,redis-cart,-,,1,1,1,0,6.3,0.0
5,mega,350,0,0,201,megapod,-,,4,4,4,0,6.3,0.0
5,mega,350,0,0,201,redis-cart,-,,1,1,1,0,6.3,0.0
5,mega,400,0,0,1,megapod,-,,4,4,4,0,6.3,0.0
5,mega,400,0,0,1,redis-cart,-,,1,1,1,0,6.3,0.0
5,mega,400,0,0,16,megapod,-,,4,4,4,0,6.3,0.0
5,mega,400,0,0,16,redis-cart,-,,1,1,1,0,6.3,0.0
5,mega,400,0,0,32,megapod,-,,4,4,4,0,6.3,0.0
5,mega,400,0,0,32,redis-cart,-,,1,1,1,0,6.3,0.0
5,mega,400,0,0,47,megapod,-,,4,4,4,0,6.3,0.0
5,mega,400,0,0,47,redis-cart,-,,1,1,1,0,6.3,0.0
5,mega,400,0,0,63,megapod,-,,4,4,4,0,6.3,0.0
5,mega,400,0,0,63,redis-cart,-,,1,1,1,0,6.3,0.0
5,mega,400,0,0,78,megapod,-,,4,4,4,0,6.3,0.0
5,mega,400,0,0,78,redis-cart,-,,1,1,1,0,6.3,0.0
5,mega,400,0,0,93,megapod,-,,4,4,4,0,6.3,0.0
5,mega,400,0,0,93,redis-cart,-,,1,1,1,0,6.3,0.0
5,mega,400,0,0,109,megapod,-,,4,4,4,0,6.3,0.0
5,mega,400,0,0,109,redis-cart,-,,1,1,1,0,6.3,0.0
5,mega,400,0,0,124,megapod,-,,4,4,4,0,6.3,0.0
5,mega,400,0,0,124,redis-cart,-,,1,1,1,0,6.3,0.0
5,mega,400,0,0,140,megapod,-,,4,4,4,0,6.3,0.0
5,mega,400,0,0,140,redis-cart,-,,1,1,1,0,6.3,0.0
5,mega,400,0,0,155,megapod,-,,4,4,4,0,6.3,0.0
5,mega,400,0,0,155,redis-cart,-,,1,1,1,0,6.3,0.0
5,mega,400,0,0,171,megapod,-,,4,4,4,0,6.3,0.0
5,mega,400,0,0,171,redis-cart,-,,1,1,1,0,6.3,0.0
5,mega,400,0,0,186,megapod,-,,4,4,4,0,6.3,0.0
5,mega,400,0,0,186,redis-cart,-,,1,1,1,0,6.3,0.0
5,mega,400,0,0,202,megapod,-,,4,4,4,0,6.3,0.0
5,mega,400,0,0,202,redis-cart,-,,1,1,1,0,6.3,0.0
5,mega,450,0,0,0,megapod,-,,4,4,4,0,6.3,0.0
5,mega,450,0,0,0,redis-cart,-,,1,1,1,0,6.3,0.0
5,mega,450,0,0,16,megapod,-,,4,4,4,0,6.3,0.0
5,mega,450,0,0,16,redis-cart,-,,1,1,1,0,6.3,0.0
5,mega,450,0,0,31,megapod,-,,4,4,4,0,6.3,0.0
5,mega,450,0,0,31,redis-cart,-,,1,1,1,0,6.3,0.0
5,mega,450,0,0,47,megapod,-,,4,4,4,0,6.3,0.0
5,mega,450,0,0,47,redis-cart,-,,1,1,1,0,6.3,0.0
5,mega,450,0,0,62,megapod,-,,4,4,4,0,6.3,0.0
5,mega,450,0,0,62,redis-cart,-,,1,1,1,0,6.3,0.0
5,mega,450,0,0,78,megapod,-,,4,4,3,0,6.3,0.0
5,mega,450,0,0,78,redis-cart,-,,1,1,1,0,6.3,0.0
5,mega,450,0,0,93,megapod,-,,4,4,1,0,6.3,0.0
5,mega,450,0,0,93,redis-cart,-,,1,1,1,0,6.3,0.0
5,mega,450,0,0,109,megapod,-,,4,4,1,0,6.3,0.0
5,mega,450,0,0,109,redis-cart,-,,1,1,1,0,6.3,0.0
5,mega,450,0,0,124,megapod,-,,4,4,0,0,6.3,0.0
5,mega,450,0,0,124,redis-cart,-,,1,1,1,0,6.3,0.0
5,mega,450,0,0,140,megapod,-,,4,4,1,0,6.3,0.0
5,mega,450,0,0,140,redis-cart,-,,1,1,1,0,6.3,0.0
5,mega,450,0,0,155,megapod,-,,4,4,2,0,6.3,0.0
5,mega,450,0,0,155,redis-cart,-,,1,1,1,0,6.3,0.0
5,mega,450,0,0,171,megapod,-,,4,4,1,0,6.3,0.0
5,mega,450,0,0,171,redis-cart,-,,1,1,1,0,6.3,0.0
5,mega,450,0,0,186,megapod,-,,4,4,1,0,6.3,0.0
5,mega,450,0,0,186,redis-cart,-,,1,1,1,0,6.3,0.0
5,mega,450,0,0,202,megapod,-,,4,4,1,0,6.3,0.0
5,mega,450,0,0,202,redis-cart,-,,1,1,1,0,6.3,0.0
6,normal,350,0,0,1,adservice,-,,4,4,4,0,6.3,0.0
6,normal,350,0,0,1,cartservice,-,,4,4,4,0,6.3,0.0
6,normal,350,0,0,1,checkoutservice,-,,4,4,4,0,6.3,0.0
6,normal,350,0,0,1,currencyservice,-,,4,4,4,0,6.3,0.0
6,normal,350,0,0,1,emailservice,-,,4,4,4,0,6.3,0.0
6,normal,350,0,0,1,frontend,-,,4,4,4,0,6.3,0.0
6,normal,350,0,0,1,paymentservice,-,,4,4,4,0,6.3,0.0
6,normal,350,0,0,1,productcatalogservice,-,,4,4,4,0,6.3,0.0
6,normal,350,0,0,1,recommendationservice,-,,4,4,4,0,6.3,0.0
6,normal,350,0,0,1,redis-cart,-,,1,1,1,0,6.3,0.0
6,normal,350,0,0,1,shippingservice,-,,4,4,4,0,6.3,0.0
6,normal,350,0,0,16,adservice,-,,4,4,4,0,6.3,0.0
6,normal,350,0,0,16,cartservice,-,,4,4,4,0,6.3,0.0
6,normal,350,0,0,16,checkoutservice,-,,4,4,4,0,6.3,0.0
6,normal,350,0,0,16,currencyservice,-,,4,4,4,0,6.3,0.0
6,normal,350,0,0,16,emailservice,-,,4,4,4,0,6.3,0.0
6,normal,350,0,0,16,frontend,-,,4,4,4,0,6.3,0.0
6,normal,350,0,0,16,paymentservice,-,,4,4,4,0,6.3,0.0
6,normal,350,0,0,16,productcatalogservice,-,,4,4,4,0,6.3,0.0
6,normal,350,0,0,16,recommendationservice,-,,4,4,4,0,6.3,0.0
6,normal,350,0,0,16,redis-cart,-,,1,1,1,0,6.3,0.0
6,normal,350,0,0,16,shippingservice,-,,4,4,4,0,6.3,0.0
6,normal,350,0,0,32,adservice,-,,4,4,4,0,6.3,0.0
6,normal,350,0,0,32,cartservice,-,,4,4,4,0,6.3,0.0
6,normal,350,0,0,32,checkoutservice,-,,4,4,4,0,6.3,0.0
6,normal,350,0,0,32,currencyservice,-,,4,4,4,0,6.3,0.0
6,normal,350,0,0,32,emailservice,-,,4,4,4,0,6.3,0.0
6,normal,350,0,0,32,frontend,-,,4,4,4,0,6.3,0.0
6,normal,350,0,0,32,paymentservice,-,,4,4,4,0,6.3,0.0
6,normal,350,0,0,32,productcatalogservice,-,,4,4,4,0,6.3,0.0
6,normal,350,0,0,32,recommendationservice,-,,4,4,4,0,6.3,0.0
6,normal,350,0,0,32,redis-cart,-,,1,1,1,0,6.3,0.0
6,normal,350,0,0,32,shippingservice,-,,4,4,4,0,6.3,0.0
6,normal,350,0,0,47,adservice,-,,4,4,4,0,6.3,0.0
6,normal,350,0,0,47,cartservice,-,,4,4,4,0,6.3,0.0
6,normal,350,0,0,47,checkoutservice,-,,4,4,4,0,6.3,0.0
6,normal,350,0,0,47,currencyservice,-,,4,4,4,0,6.3,0.0
6,normal,350,0,0,47,emailservice,-,,4,4,4,0,6.3,0.0
6,normal,350,0,0,47,frontend,-,,4,4,4,0,6.3,0.0
6,normal,350,0,0,47,paymentservice,-,,4,4,4,0,6.3,0.0
6,normal,350,0,0,47,productcatalogservice,-,,4,4,4,0,6.3,0.0
6,normal,350,0,0,47,recommendationservice,-,,4,4,4,0,6.3,0.0
6,normal,350,0,0,47,redis-cart,-,,1,1,1,0,6.3,0.0
6,normal,350,0,0,47,shippingservice,-,,4,4,4,0,6.3,0.0
6,normal,350,0,0,63,adservice,-,,4,4,4,0,6.3,0.0
6,normal,350,0,0,63,cartservice,-,,4,4,4,0,6.3,0.0
6,normal,350,0,0,63,checkoutservice,-,,4,4,4,0,6.3,0.0
6,normal,350,0,0,63,currencyservice,-,,4,4,4,0,6.3,0.0
6,normal,350,0,0,63,emailservice,-,,4,4,4,0,6.3,0.0
6,normal,350,0,0,63,frontend,-,,4,4,4,0,6.3,0.0
6,normal,350,0,0,63,paymentservice,-,,4,4,4,0,6.3,0.0
6,normal,350,0,0,63,productcatalogservice,-,,4,4,4,0,6.3,0.0
6,normal,350,0,0,63,recommendationservice,-,,4,4,4,0,6.3,0.0
6,normal,350,0,0,63,redis-cart,-,,1,1,1,0,6.3,0.0
6,normal,350,0,0,63,shippingservice,-,,4,4,4,0,6.3,0.0
6,normal,350,0,0,78,adservice,-,,4,4,4,0,6.3,0.0
6,normal,350,0,0,78,cartservice,-,,4,4,4,0,6.3,0.0
6,normal,350,0,0,78,checkoutservice,-,,4,4,4,0,6.3,0.0
6,normal,350,0,0,78,currencyservice,-,,4,4,4,0,6.3,0.0
6,normal,350,0,0,78,emailservice,-,,4,4,4,0,6.3,0.0
6,normal,350,0,0,78,frontend,-,,4,4,4,0,6.3,0.0
6,normal,350,0,0,78,paymentservice,-,,4,4,4,0,6.3,0.0
6,normal,350,0,0,78,productcatalogservice,-,,4,4,4,0,6.3,0.0
6,normal,350,0,0,78,recommendationservice,-,,4,4,4,0,6.3,0.0
6,normal,350,0,0,78,redis-cart,-,,1,1,1,0,6.3,0.0
6,normal,350,0,0,78,shippingservice,-,,4,4,4,0,6.3,0.0
6,normal,350,0,0,94,adservice,-,,4,4,4,0,6.3,0.0
6,normal,350,0,0,94,cartservice,-,,4,4,4,0,6.3,0.0
6,normal,350,0,0,94,checkoutservice,-,,4,4,4,0,6.3,0.0
6,normal,350,0,0,94,currencyservice,-,,4,4,4,0,6.3,0.0
6,normal,350,0,0,94,emailservice,-,,4,4,4,0,6.3,0.0
6,normal,350,0,0,94,frontend,-,,4,4,4,0,6.3,0.0
6,normal,350,0,0,94,paymentservice,-,,4,4,4,0,6.3,0.0
6,normal,350,0,0,94,productcatalogservice,-,,4,4,4,0,6.3,0.0
6,normal,350,0,0,94,recommendationservice,-,,4,4,4,0,6.3,0.0
6,normal,350,0,0,94,redis-cart,-,,1,1,1,0,6.3,0.0
6,normal,350,0,0,94,shippingservice,-,,4,4,4,0,6.3,0.0
6,normal,350,0,0,109,adservice,-,,4,4,4,0,6.3,0.0
6,normal,350,0,0,109,cartservice,-,,4,4,4,0,6.3,0.0
6,normal,350,0,0,109,checkoutservice,-,,4,4,4,0,6.3,0.0
6,normal,350,0,0,109,currencyservice,-,,4,4,4,0,6.3,0.0
6,normal,350,0,0,109,emailservice,-,,4,4,4,0,6.3,0.0
6,normal,350,0,0,109,frontend,-,,4,4,4,0,6.3,0.0
6,normal,350,0,0,109,paymentservice,-,,4,4,4,0,6.3,0.0
6,normal,350,0,0,109,productcatalogservice,-,,4,4,4,0,6.3,0.0
6,normal,350,0,0,109,recommendationservice,-,,4,4,4,0,6.3,0.0
6,normal,350,0,0,109,redis-cart,-,,1,1,1,0,6.3,0.0
6,normal,350,0,0,109,shippingservice,-,,4,4,4,0,6.3,0.0
6,normal,350,0,0,125,adservice,-,,4,4,4,0,6.3,0.0
6,normal,350,0,0,125,cartservice,-,,4,4,4,0,6.3,0.0
6,normal,350,0,0,125,checkoutservice,-,,4,4,4,0,6.3,0.0
6,normal,350,0,0,125,currencyservice,-,,4,4,4,0,6.3,0.0
6,normal,350,0,0,125,emailservice,-,,4,4,4,0,6.3,0.0
6,normal,350,0,0,125,frontend,-,,4,4,4,0,6.3,0.0
6,normal,350,0,0,125,paymentservice,-,,4,4,4,0,6.3,0.0
6,normal,350,0,0,125,productcatalogservice,-,,4,4,4,0,6.3,0.0
6,normal,350,0,0,125,recommendationservice,-,,4,4,4,0,6.3,0.0
6,normal,350,0,0,125,redis-cart,-,,1,1,1,0,6.3,0.0
6,normal,350,0,0,125,shippingservice,-,,4,4,4,0,6.3,0.0
6,normal,350,0,0,140,adservice,-,,4,4,4,0,6.3,0.0
6,normal,350,0,0,140,cartservice,-,,4,4,4,0,6.3,0.0
6,normal,350,0,0,140,checkoutservice,-,,4,4,4,0,6.3,0.0
6,normal,350,0,0,140,currencyservice,-,,4,4,4,0,6.3,0.0
6,normal,350,0,0,140,emailservice,-,,4,4,4,0,6.3,0.0
6,normal,350,0,0,140,frontend,-,,4,4,4,0,6.3,0.0
6,normal,350,0,0,140,paymentservice,-,,4,4,4,0,6.3,0.0
6,normal,350,0,0,140,productcatalogservice,-,,4,4,4,0,6.3,0.0
6,normal,350,0,0,140,recommendationservice,-,,4,4,4,0,6.3,0.0
6,normal,350,0,0,140,redis-cart,-,,1,1,1,0,6.3,0.0
6,normal,350,0,0,140,shippingservice,-,,4,4,4,0,6.3,0.0
6,normal,350,0,0,156,adservice,-,,4,4,4,0,6.3,0.0
6,normal,350,0,0,156,cartservice,-,,4,4,4,0,6.3,0.0
6,normal,350,0,0,156,checkoutservice,-,,4,4,4,0,6.3,0.0
6,normal,350,0,0,156,currencyservice,-,,4,4,4,0,6.3,0.0
6,normal,350,0,0,156,emailservice,-,,4,4,4,0,6.3,0.0
6,normal,350,0,0,156,frontend,-,,4,4,4,0,6.3,0.0
6,normal,350,0,0,156,paymentservice,-,,4,4,4,0,6.3,0.0
6,normal,350,0,0,156,productcatalogservice,-,,4,4,4,0,6.3,0.0
6,normal,350,0,0,156,recommendationservice,-,,4,4,4,0,6.3,0.0
6,normal,350,0,0,156,redis-cart,-,,1,1,1,0,6.3,0.0
6,normal,350,0,0,156,shippingservice,-,,4,4,4,0,6.3,0.0
6,normal,350,0,0,171,adservice,-,,4,4,4,0,6.3,0.0
6,normal,350,0,0,171,cartservice,-,,4,4,4,0,6.3,0.0
6,normal,350,0,0,171,checkoutservice,-,,4,4,4,0,6.3,0.0
6,normal,350,0,0,171,currencyservice,-,,4,4,4,0,6.3,0.0
6,normal,350,0,0,171,emailservice,-,,4,4,4,0,6.3,0.0
6,normal,350,0,0,171,frontend,-,,4,4,4,0,6.3,0.0
6,normal,350,0,0,171,paymentservice,-,,4,4,4,0,6.3,0.0
6,normal,350,0,0,171,productcatalogservice,-,,4,4,4,0,6.3,0.0
6,normal,350,0,0,171,recommendationservice,-,,4,4,4,0,6.3,0.0
6,normal,350,0,0,171,redis-cart,-,,1,1,1,0,6.3,0.0
6,normal,350,0,0,171,shippingservice,-,,4,4,4,0,6.3,0.0
6,normal,350,0,0,187,adservice,-,,4,4,4,0,6.3,0.0
6,normal,350,0,0,187,cartservice,-,,4,4,4,0,6.3,0.0
6,normal,350,0,0,187,checkoutservice,-,,4,4,4,0,6.3,0.0
6,normal,350,0,0,187,currencyservice,-,,4,4,4,0,6.3,0.0
6,normal,350,0,0,187,emailservice,-,,4,4,4,0,6.3,0.0
6,normal,350,0,0,187,frontend,-,,4,4,4,0,6.3,0.0
6,normal,350,0,0,187,paymentservice,-,,4,4,4,0,6.3,0.0
6,normal,350,0,0,187,productcatalogservice,-,,4,4,4,0,6.3,0.0
6,normal,350,0,0,187,recommendationservice,-,,4,4,4,0,6.3,0.0
6,normal,350,0,0,187,redis-cart,-,,1,1,1,0,6.3,0.0
6,normal,350,0,0,187,shippingservice,-,,4,4,4,0,6.3,0.0
6,normal,350,0,0,202,adservice,-,,4,4,4,0,6.3,0.0
6,normal,350,0,0,202,cartservice,-,,4,4,4,0,6.3,0.0
6,normal,350,0,0,202,checkoutservice,-,,4,4,4,0,6.3,0.0
6,normal,350,0,0,202,currencyservice,-,,4,4,4,0,6.3,0.0
6,normal,350,0,0,202,emailservice,-,,4,4,4,0,6.3,0.0
6,normal,350,0,0,202,frontend,-,,4,4,4,0,6.3,0.0
6,normal,350,0,0,202,paymentservice,-,,4,4,4,0,6.3,0.0
6,normal,350,0,0,202,productcatalogservice,-,,4,4,4,0,6.3,0.0
6,normal,350,0,0,202,recommendationservice,-,,4,4,4,0,6.3,0.0
6,normal,350,0,0,202,redis-cart,-,,1,1,1,0,6.3,0.0
6,normal,350,0,0,202,shippingservice,-,,4,4,4,0,6.3,0.0
6,normal,400,0,0,0,adservice,-,,4,4,4,0,6.3,0.0
6,normal,400,0,0,0,cartservice,-,,4,4,4,0,6.3,0.0
6,normal,400,0,0,0,checkoutservice,-,,4,4,4,0,6.3,0.0
6,normal,400,0,0,0,currencyservice,-,,4,4,4,0,6.3,0.0
6,normal,400,0,0,0,emailservice,-,,4,4,4,0,6.3,0.0
6,normal,400,0,0,0,frontend,-,,4,4,4,0,6.3,0.0
6,normal,400,0,0,0,paymentservice,-,,4,4,4,0,6.3,0.0
6,normal,400,0,0,0,productcatalogservice,-,,4,4,4,0,6.3,0.0
6,normal,400,0,0,0,recommendationservice,-,,4,4,4,0,6.3,0.0
6,normal,400,0,0,0,redis-cart,-,,1,1,1,0,6.3,0.0
6,normal,400,0,0,0,shippingservice,-,,4,4,4,0,6.3,0.0
6,normal,400,0,0,16,adservice,-,,4,4,4,0,6.3,0.0
6,normal,400,0,0,16,cartservice,-,,4,4,4,0,6.3,0.0
6,normal,400,0,0,16,checkoutservice,-,,4,4,4,0,6.3,0.0
6,normal,400,0,0,16,currencyservice,-,,4,4,4,0,6.3,0.0
6,normal,400,0,0,16,emailservice,-,,4,4,4,0,6.3,0.0
6,normal,400,0,0,16,frontend,-,,4,4,4,0,6.3,0.0
6,normal,400,0,0,16,paymentservice,-,,4,4,4,0,6.3,0.0
6,normal,400,0,0,16,productcatalogservice,-,,4,4,4,0,6.3,0.0
6,normal,400,0,0,16,recommendationservice,-,,4,4,4,0,6.3,0.0
6,normal,400,0,0,16,redis-cart,-,,1,1,1,0,6.3,0.0
6,normal,400,0,0,16,shippingservice,-,,4,4,4,0,6.3,0.0
6,normal,400,0,0,32,adservice,-,,4,4,4,0,6.3,0.0
6,normal,400,0,0,32,cartservice,-,,4,4,4,0,6.3,0.0
6,normal,400,0,0,32,checkoutservice,-,,4,4,4,0,6.3,0.0
6,normal,400,0,0,32,currencyservice,-,,4,4,4,0,6.3,0.0
6,normal,400,0,0,32,emailservice,-,,4,4,4,0,6.3,0.0
6,normal,400,0,0,32,frontend,-,,4,4,4,0,6.3,0.0
6,normal,400,0,0,32,paymentservice,-,,4,4,4,0,6.3,0.0
6,normal,400,0,0,32,productcatalogservice,-,,4,4,4,0,6.3,0.0
6,normal,400,0,0,32,recommendationservice,-,,4,4,4,0,6.3,0.0
6,normal,400,0,0,32,redis-cart,-,,1,1,1,0,6.3,0.0
6,normal,400,0,0,32,shippingservice,-,,4,4,4,0,6.3,0.0
6,normal,400,0,0,47,adservice,-,,4,4,4,0,6.3,0.0
6,normal,400,0,0,47,cartservice,-,,4,4,4,0,6.3,0.0
6,normal,400,0,0,47,checkoutservice,-,,4,4,4,0,6.3,0.0
6,normal,400,0,0,47,currencyservice,-,,4,4,4,0,6.3,0.0
6,normal,400,0,0,47,emailservice,-,,4,4,4,0,6.3,0.0
6,normal,400,0,0,47,frontend,-,,4,4,4,0,6.3,0.0
6,normal,400,0,0,47,paymentservice,-,,4,4,4,0,6.3,0.0
6,normal,400,0,0,47,productcatalogservice,-,,4,4,4,0,6.3,0.0
6,normal,400,0,0,47,recommendationservice,-,,4,4,3,0,6.3,0.0
6,normal,400,0,0,47,redis-cart,-,,1,1,1,0,6.3,0.0
6,normal,400,0,0,47,shippingservice,-,,4,4,4,0,6.3,0.0
6,normal,400,0,0,63,adservice,-,,4,4,4,0,6.3,0.0
6,normal,400,0,0,63,cartservice,-,,4,4,4,0,6.3,0.0
6,normal,400,0,0,63,checkoutservice,-,,4,4,4,0,6.3,0.0
6,normal,400,0,0,63,currencyservice,-,,4,4,4,0,6.3,0.0
6,normal,400,0,0,63,emailservice,-,,4,4,4,0,6.3,0.0
6,normal,400,0,0,63,frontend,-,,4,4,4,0,6.3,0.0
6,normal,400,0,0,63,paymentservice,-,,4,4,4,0,6.3,0.0
6,normal,400,0,0,63,productcatalogservice,-,,4,4,4,0,6.3,0.0
6,normal,400,0,0,63,recommendationservice,-,,4,4,3,0,6.3,0.0
6,normal,400,0,0,63,redis-cart,-,,1,1,1,0,6.3,0.0
6,normal,400,0,0,63,shippingservice,-,,4,4,4,0,6.3,0.0
6,normal,400,0,0,78,adservice,-,,4,4,4,0,6.3,0.0
6,normal,400,0,0,78,cartservice,-,,4,4,4,0,6.3,0.0
6,normal,400,0,0,78,checkoutservice,-,,4,4,4,0,6.3,0.0
6,normal,400,0,0,78,currencyservice,-,,4,4,4,0,6.3,0.0
6,normal,400,0,0,78,emailservice,-,,4,4,4,0,6.3,0.0
6,normal,400,0,0,78,frontend,-,,4,4,4,0,6.3,0.0
6,normal,400,0,0,78,paymentservice,-,,4,4,4,0,6.3,0.0
6,normal,400,0,0,78,productcatalogservice,-,,4,4,4,0,6.3,0.0
6,normal,400,0,0,78,recommendationservice,-,,4,4,3,0,6.3,0.0
6,normal,400,0,0,78,redis-cart,-,,1,1,1,0,6.3,0.0
6,normal,400,0,0,78,shippingservice,-,,4,4,4,0,6.3,0.0
6,normal,400,0,0,93,adservice,-,,4,4,4,0,6.3,0.0
6,normal,400,0,0,93,cartservice,-,,4,4,4,0,6.3,0.0
6,normal,400,0,0,93,checkoutservice,-,,4,4,4,0,6.3,0.0
6,normal,400,0,0,93,currencyservice,-,,4,4,4,0,6.3,0.0
6,normal,400,0,0,93,emailservice,-,,4,4,4,0,6.3,0.0
6,normal,400,0,0,93,frontend,-,,4,4,4,0,6.3,0.0
6,normal,400,0,0,93,paymentservice,-,,4,4,4,0,6.3,0.0
6,normal,400,0,0,93,productcatalogservice,-,,4,4,4,0,6.3,0.0
6,normal,400,0,0,93,recommendationservice,-,,4,4,2,0,6.3,0.0
6,normal,400,0,0,93,redis-cart,-,,1,1,1,0,6.3,0.0
6,normal,400,0,0,93,shippingservice,-,,4,4,4,0,6.3,0.0
6,normal,400,0,0,109,adservice,-,,4,4,4,0,6.3,0.0
6,normal,400,0,0,109,cartservice,-,,4,4,4,0,6.3,0.0
6,normal,400,0,0,109,checkoutservice,-,,4,4,4,0,6.3,0.0
6,normal,400,0,0,109,currencyservice,-,,4,4,4,0,6.3,0.0
6,normal,400,0,0,109,emailservice,-,,4,4,4,0,6.3,0.0
6,normal,400,0,0,109,frontend,-,,4,4,4,0,6.3,0.0
6,normal,400,0,0,109,paymentservice,-,,4,4,4,0,6.3,0.0
6,normal,400,0,0,109,productcatalogservice,-,,4,4,4,0,6.3,0.0
6,normal,400,0,0,109,recommendationservice,-,,4,4,3,0,6.3,0.0
6,normal,400,0,0,109,redis-cart,-,,1,1,1,0,6.3,0.0
6,normal,400,0,0,109,shippingservice,-,,4,4,4,0,6.3,0.0
6,normal,400,0,0,124,adservice,-,,4,4,4,0,6.3,0.0
6,normal,400,0,0,124,cartservice,-,,4,4,4,0,6.3,0.0
6,normal,400,0,0,124,checkoutservice,-,,4,4,4,0,6.3,0.0
6,normal,400,0,0,124,currencyservice,-,,4,4,4,0,6.3,0.0
6,normal,400,0,0,124,emailservice,-,,4,4,4,0,6.3,0.0
6,normal,400,0,0,124,frontend,-,,4,4,4,0,6.3,0.0
6,normal,400,0,0,124,paymentservice,-,,4,4,4,0,6.3,0.0
6,normal,400,0,0,124,productcatalogservice,-,,4,4,4,0,6.3,0.0
6,normal,400,0,0,124,recommendationservice,-,,4,4,3,0,6.3,0.0
6,normal,400,0,0,124,redis-cart,-,,1,1,1,0,6.3,0.0
6,normal,400,0,0,124,shippingservice,-,,4,4,4,0,6.3,0.0
6,normal,400,0,0,140,adservice,-,,4,4,4,0,6.3,0.0
6,normal,400,0,0,140,cartservice,-,,4,4,4,0,6.3,0.0
6,normal,400,0,0,140,checkoutservice,-,,4,4,4,0,6.3,0.0
6,normal,400,0,0,140,currencyservice,-,,4,4,4,0,6.3,0.0
6,normal,400,0,0,140,emailservice,-,,4,4,4,0,6.3,0.0
6,normal,400,0,0,140,frontend,-,,4,4,4,0,6.3,0.0
6,normal,400,0,0,140,paymentservice,-,,4,4,4,0,6.3,0.0
6,normal,400,0,0,140,productcatalogservice,-,,4,4,4,0,6.3,0.0
6,normal,400,0,0,140,recommendationservice,-,,4,4,3,0,6.3,0.0
6,normal,400,0,0,140,redis-cart,-,,1,1,1,0,6.3,0.0
6,normal,400,0,0,140,shippingservice,-,,4,4,4,0,6.3,0.0
6,normal,400,0,0,155,adservice,-,,4,4,4,0,6.3,0.0
6,normal,400,0,0,155,cartservice,-,,4,4,4,0,6.3,0.0
6,normal,400,0,0,155,checkoutservice,-,,4,4,4,0,6.3,0.0
6,normal,400,0,0,155,currencyservice,-,,4,4,4,0,6.3,0.0
6,normal,400,0,0,155,emailservice,-,,4,4,4,0,6.3,0.0
6,normal,400,0,0,155,frontend,-,,4,4,4,0,6.3,0.0
6,normal,400,0,0,155,paymentservice,-,,4,4,4,0,6.3,0.0
6,normal,400,0,0,155,productcatalogservice,-,,4,4,4,0,6.3,0.0
6,normal,400,0,0,155,recommendationservice,-,,4,4,2,0,6.3,0.0
6,normal,400,0,0,155,redis-cart,-,,1,1,1,0,6.3,0.0
6,normal,400,0,0,155,shippingservice,-,,4,4,4,0,6.3,0.0
6,normal,400,0,0,170,adservice,-,,4,4,4,0,6.3,0.0
6,normal,400,0,0,170,cartservice,-,,4,4,4,0,6.3,0.0
6,normal,400,0,0,170,checkoutservice,-,,4,4,4,0,6.3,0.0
6,normal,400,0,0,170,currencyservice,-,,4,4,4,0,6.3,0.0
6,normal,400,0,0,170,emailservice,-,,4,4,3,0,6.3,0.0
6,normal,400,0,0,170,frontend,-,,4,4,4,0,6.3,0.0
6,normal,400,0,0,170,paymentservice,-,,4,4,4,0,6.3,0.0
6,normal,400,0,0,170,productcatalogservice,-,,4,4,4,0,6.3,0.0
6,normal,400,0,0,170,recommendationservice,-,,4,4,4,0,6.3,0.0
6,normal,400,0,0,170,redis-cart,-,,1,1,1,0,6.3,0.0
6,normal,400,0,0,170,shippingservice,-,,4,4,4,0,6.3,0.0
6,normal,400,0,0,186,adservice,-,,4,4,4,0,6.3,0.0
6,normal,400,0,0,186,cartservice,-,,4,4,4,0,6.3,0.0
6,normal,400,0,0,186,checkoutservice,-,,4,4,4,0,6.3,0.0
6,normal,400,0,0,186,currencyservice,-,,4,4,4,0,6.3,0.0
6,normal,400,0,0,186,emailservice,-,,4,4,4,0,6.3,0.0
6,normal,400,0,0,186,frontend,-,,4,4,4,0,6.3,0.0
6,normal,400,0,0,186,paymentservice,-,,4,4,4,0,6.3,0.0
6,normal,400,0,0,186,productcatalogservice,-,,4,4,4,0,6.3,0.0
6,normal,400,0,0,186,recommendationservice,-,,4,4,1,0,6.3,0.0
6,normal,400,0,0,186,redis-cart,-,,1,1,1,0,6.3,0.0
6,normal,400,0,0,186,shippingservice,-,,4,4,4,0,6.3,0.0
6,normal,400,0,0,201,adservice,-,,4,4,4,0,6.3,0.0
6,normal,400,0,0,201,cartservice,-,,4,4,4,0,6.3,0.0
6,normal,400,0,0,201,checkoutservice,-,,4,4,4,0,6.3,0.0
6,normal,400,0,0,201,currencyservice,-,,4,4,4,0,6.3,0.0
6,normal,400,0,0,201,emailservice,-,,4,4,4,0,6.3,0.0
6,normal,400,0,0,201,frontend,-,,4,4,4,0,6.3,0.0
6,normal,400,0,0,201,paymentservice,-,,4,4,4,0,6.3,0.0
6,normal,400,0,0,201,productcatalogservice,-,,4,4,4,0,6.3,0.0
6,normal,400,0,0,201,recommendationservice,-,,4,4,1,0,6.3,0.0
6,normal,400,0,0,201,redis-cart,-,,1,1,1,0,6.3,0.0
6,normal,400,0,0,201,shippingservice,-,,4,4,4,0,6.3,0.0
6,normal,450,0,0,0,adservice,-,,4,4,4,0,6.3,0.0
6,normal,450,0,0,0,cartservice,-,,4,4,4,0,6.3,0.0
6,normal,450,0,0,0,checkoutservice,-,,4,4,4,0,6.3,0.0
6,normal,450,0,0,0,currencyservice,-,,4,4,4,0,6.3,0.0
6,normal,450,0,0,0,emailservice,-,,4,4,4,0,6.3,0.0
6,normal,450,0,0,0,frontend,-,,4,4,4,0,6.3,0.0
6,normal,450,0,0,0,paymentservice,-,,4,4,4,0,6.3,0.0
6,normal,450,0,0,0,productcatalogservice,-,,4,4,4,0,6.3,0.0
6,normal,450,0,0,0,recommendationservice,-,,4,4,4,0,6.3,0.0
6,normal,450,0,0,0,redis-cart,-,,1,1,1,0,6.3,0.0
6,normal,450,0,0,0,shippingservice,-,,4,4,4,0,6.3,0.0
6,normal,450,0,0,16,adservice,-,,4,4,4,0,6.3,0.0
6,normal,450,0,0,16,cartservice,-,,4,4,4,0,6.3,0.0
6,normal,450,0,0,16,checkoutservice,-,,4,4,4,0,6.3,0.0
6,normal,450,0,0,16,currencyservice,-,,4,4,4,0,6.3,0.0
6,normal,450,0,0,16,emailservice,-,,4,4,4,0,6.3,0.0
6,normal,450,0,0,16,frontend,-,,4,4,4,0,6.3,0.0
6,normal,450,0,0,16,paymentservice,-,,4,4,4,0,6.3,0.0
6,normal,450,0,0,16,productcatalogservice,-,,4,4,4,0,6.3,0.0
6,normal,450,0,0,16,recommendationservice,-,,4,4,4,0,6.3,0.0
6,normal,450,0,0,16,redis-cart,-,,1,1,1,0,6.3,0.0
6,normal,450,0,0,16,shippingservice,-,,4,4,4,0,6.3,0.0
6,normal,450,0,0,31,adservice,-,,4,4,4,0,6.3,0.0
6,normal,450,0,0,31,cartservice,-,,4,4,4,0,6.3,0.0
6,normal,450,0,0,31,checkoutservice,-,,4,4,4,0,6.3,0.0
6,normal,450,0,0,31,currencyservice,-,,4,4,4,0,6.3,0.0
6,normal,450,0,0,31,emailservice,-,,4,4,4,0,6.3,0.0
6,normal,450,0,0,31,frontend,-,,4,4,4,0,6.3,0.0
6,normal,450,0,0,31,paymentservice,-,,4,4,4,0,6.3,0.0
6,normal,450,0,0,31,productcatalogservice,-,,4,4,4,0,6.3,0.0
6,normal,450,0,0,31,recommendationservice,-,,4,4,3,0,6.3,0.0
6,normal,450,0,0,31,redis-cart,-,,1,1,1,0,6.3,0.0
6,normal,450,0,0,31,shippingservice,-,,4,4,4,0,6.3,0.0
6,normal,450,0,0,47,adservice,-,,4,4,4,0,6.3,0.0
6,normal,450,0,0,47,cartservice,-,,4,4,4,0,6.3,0.0
6,normal,450,0,0,47,checkoutservice,-,,4,4,4,0,6.3,0.0
6,normal,450,0,0,47,currencyservice,-,,4,4,4,0,6.3,0.0
6,normal,450,0,0,47,emailservice,-,,4,4,4,0,6.3,0.0
6,normal,450,0,0,47,frontend,-,,4,4,4,0,6.3,0.0
6,normal,450,0,0,47,paymentservice,-,,4,4,4,0,6.3,0.0
6,normal,450,0,0,47,productcatalogservice,-,,4,4,4,0,6.3,0.0
6,normal,450,0,0,47,recommendationservice,-,,4,4,2,0,6.3,0.0
6,normal,450,0,0,47,redis-cart,-,,1,1,1,0,6.3,0.0
6,normal,450,0,0,47,shippingservice,-,,4,4,4,0,6.3,0.0
6,normal,450,0,0,62,adservice,-,,4,4,4,0,6.3,0.0
6,normal,450,0,0,62,cartservice,-,,4,4,4,0,6.3,0.0
6,normal,450,0,0,62,checkoutservice,-,,4,4,4,0,6.3,0.0
6,normal,450,0,0,62,currencyservice,-,,4,4,4,0,6.3,0.0
6,normal,450,0,0,62,emailservice,-,,4,4,4,0,6.3,0.0
6,normal,450,0,0,62,frontend,-,,4,4,4,0,6.3,0.0
6,normal,450,0,0,62,paymentservice,-,,4,4,4,0,6.3,0.0
6,normal,450,0,0,62,productcatalogservice,-,,4,4,4,0,6.3,0.0
6,normal,450,0,0,62,recommendationservice,-,,4,4,2,0,6.3,0.0
6,normal,450,0,0,62,redis-cart,-,,1,1,1,0,6.3,0.0
6,normal,450,0,0,62,shippingservice,-,,4,4,4,0,6.3,0.0
6,normal,450,0,0,77,adservice,-,,4,4,4,0,6.3,0.0
6,normal,450,0,0,77,cartservice,-,,4,4,4,0,6.3,0.0
6,normal,450,0,0,77,checkoutservice,-,,4,4,4,0,6.3,0.0
6,normal,450,0,0,77,currencyservice,-,,4,4,4,0,6.3,0.0
6,normal,450,0,0,77,emailservice,-,,4,4,4,0,6.3,0.0
6,normal,450,0,0,77,frontend,-,,4,4,4,0,6.3,0.0
6,normal,450,0,0,77,paymentservice,-,,4,4,4,0,6.3,0.0
6,normal,450,0,0,77,productcatalogservice,-,,4,4,4,0,6.3,0.0
6,normal,450,0,0,77,recommendationservice,-,,4,4,2,0,6.3,0.0
6,normal,450,0,0,77,redis-cart,-,,1,1,1,0,6.3,0.0
6,normal,450,0,0,77,shippingservice,-,,4,4,4,0,6.3,0.0
6,normal,450,0,0,93,adservice,-,,4,4,4,0,6.3,0.0
6,normal,450,0,0,93,cartservice,-,,4,4,4,0,6.3,0.0
6,normal,450,0,0,93,checkoutservice,-,,4,4,4,0,6.3,0.0
6,normal,450,0,0,93,currencyservice,-,,4,4,4,0,6.3,0.0
6,normal,450,0,0,93,emailservice,-,,4,4,4,0,6.3,0.0
6,normal,450,0,0,93,frontend,-,,4,4,4,0,6.3,0.0
6,normal,450,0,0,93,paymentservice,-,,4,4,4,0,6.3,0.0
6,normal,450,0,0,93,productcatalogservice,-,,4,4,4,0,6.3,0.0
6,normal,450,0,0,93,recommendationservice,-,,4,4,2,0,6.3,0.0
6,normal,450,0,0,93,redis-cart,-,,1,1,1,0,6.3,0.0
6,normal,450,0,0,93,shippingservice,-,,4,4,4,0,6.3,0.0
6,normal,450,0,0,108,adservice,-,,4,4,4,0,6.3,0.0
6,normal,450,0,0,108,cartservice,-,,4,4,4,0,6.3,0.0
6,normal,450,0,0,108,checkoutservice,-,,4,4,4,0,6.3,0.0
6,normal,450,0,0,108,currencyservice,-,,4,4,4,0,6.3,0.0
6,normal,450,0,0,108,emailservice,-,,4,4,4,0,6.3,0.0
6,normal,450,0,0,108,frontend,-,,4,4,4,0,6.3,0.0
6,normal,450,0,0,108,paymentservice,-,,4,4,4,0,6.3,0.0
6,normal,450,0,0,108,productcatalogservice,-,,4,4,4,0,6.3,0.0
6,normal,450,0,0,108,recommendationservice,-,,4,4,4,0,6.3,0.0
6,normal,450,0,0,108,redis-cart,-,,1,1,1,0,6.3,0.0
6,normal,450,0,0,108,shippingservice,-,,4,4,4,0,6.3,0.0
6,normal,450,0,0,124,adservice,-,,4,4,4,0,6.3,0.0
6,normal,450,0,0,124,cartservice,-,,4,4,4,0,6.3,0.0
6,normal,450,0,0,124,checkoutservice,-,,4,4,4,0,6.3,0.0
6,normal,450,0,0,124,currencyservice,-,,4,4,4,0,6.3,0.0
6,normal,450,0,0,124,emailservice,-,,4,4,4,0,6.3,0.0
6,normal,450,0,0,124,frontend,-,,4,4,4,0,6.3,0.0
6,normal,450,0,0,124,paymentservice,-,,4,4,4,0,6.3,0.0
6,normal,450,0,0,124,productcatalogservice,-,,4,4,4,0,6.3,0.0
6,normal,450,0,0,124,recommendationservice,-,,4,4,2,0,6.3,0.0
6,normal,450,0,0,124,redis-cart,-,,1,1,1,0,6.3,0.0
6,normal,450,0,0,124,shippingservice,-,,4,4,4,0,6.3,0.0
6,normal,450,0,0,139,adservice,-,,4,4,4,0,6.3,0.0
6,normal,450,0,0,139,cartservice,-,,4,4,4,0,6.3,0.0
6,normal,450,0,0,139,checkoutservice,-,,4,4,4,0,6.3,0.0
6,normal,450,0,0,139,currencyservice,-,,4,4,4,0,6.3,0.0
6,normal,450,0,0,139,emailservice,-,,4,4,4,0,6.3,0.0
6,normal,450,0,0,139,frontend,-,,4,4,4,0,6.3,0.0
6,normal,450,0,0,139,paymentservice,-,,4,4,4,0,6.3,0.0
6,normal,450,0,0,139,productcatalogservice,-,,4,4,4,0,6.3,0.0
6,normal,450,0,0,139,recommendationservice,-,,4,4,2,0,6.3,0.0
6,normal,450,0,0,139,redis-cart,-,,1,1,1,0,6.3,0.0
6,normal,450,0,0,139,shippingservice,-,,4,4,4,0,6.3,0.0
6,normal,450,0,0,154,adservice,-,,4,4,4,0,6.3,0.0
6,normal,450,0,0,154,cartservice,-,,4,4,4,0,6.3,0.0
6,normal,450,0,0,154,checkoutservice,-,,4,4,4,0,6.3,0.0
6,normal,450,0,0,154,currencyservice,-,,4,4,4,0,6.3,0.0
6,normal,450,0,0,154,emailservice,-,,4,4,4,0,6.3,0.0
6,normal,450,0,0,154,frontend,-,,4,4,4,0,6.3,0.0
6,normal,450,0,0,154,paymentservice,-,,4,4,4,0,6.3,0.0
6,normal,450,0,0,154,productcatalogservice,-,,4,4,4,0,6.3,0.0
6,normal,450,0,0,154,recommendationservice,-,,4,4,2,0,6.3,0.0
6,normal,450,0,0,154,redis-cart,-,,1,1,1,0,6.3,0.0
6,normal,450,0,0,154,shippingservice,-,,4,4,4,0,6.3,0.0
6,normal,450,0,0,170,adservice,-,,4,4,4,0,6.3,0.0
6,normal,450,0,0,170,cartservice,-,,4,4,4,0,6.3,0.0
6,normal,450,0,0,170,checkoutservice,-,,4,4,4,0,6.3,0.0
6,normal,450,0,0,170,currencyservice,-,,4,4,4,0,6.3,0.0
6,normal,450,0,0,170,emailservice,-,,4,4,4,0,6.3,0.0
6,normal,450,0,0,170,frontend,-,,4,4,4,0,6.3,0.0
6,normal,450,0,0,170,paymentservice,-,,4,4,4,0,6.3,0.0
6,normal,450,0,0,170,productcatalogservice,-,,4,4,4,0,6.3,0.0
6,normal,450,0,0,170,recommendationservice,-,,4,4,2,0,6.3,0.0
6,normal,450,0,0,170,redis-cart,-,,1,1,1,0,6.3,0.0
6,normal,450,0,0,170,shippingservice,-,,4,4,4,0,6.3,0.0
6,normal,450,0,0,185,adservice,-,,4,4,4,0,6.3,0.0
6,normal,450,0,0,185,cartservice,-,,4,4,4,0,6.3,0.0
6,normal,450,0,0,185,checkoutservice,-,,4,4,4,0,6.3,0.0
6,normal,450,0,0,185,currencyservice,-,,4,4,4,0,6.3,0.0
6,normal,450,0,0,185,emailservice,-,,4,4,4,0,6.3,0.0
6,normal,450,0,0,185,frontend,-,,4,4,4,0,6.3,0.0
6,normal,450,0,0,185,paymentservice,-,,4,4,4,0,6.3,0.0
6,normal,450,0,0,185,productcatalogservice,-,,4,4,4,0,6.3,0.0
6,normal,450,0,0,185,recommendationservice,-,,4,4,3,0,6.3,0.0
6,normal,450,0,0,185,redis-cart,-,,1,1,1,0,6.3,0.0
6,normal,450,0,0,185,shippingservice,-,,4,4,4,0,6.3,0.0
6,normal,450,0,0,201,adservice,-,,4,4,4,0,6.3,0.0
6,normal,450,0,0,201,cartservice,-,,4,4,4,0,6.3,0.0
6,normal,450,0,0,201,checkoutservice,-,,4,4,4,0,6.3,0.0
6,normal,450,0,0,201,currencyservice,-,,4,4,4,0,6.3,0.0
6,normal,450,0,0,201,emailservice,-,,4,4,4,0,6.3,0.0
6,normal,450,0,0,201,frontend,-,,4,4,4,0,6.3,0.0
6,normal,450,0,0,201,paymentservice,-,,4,4,4,0,6.3,0.0
6,normal,450,0,0,201,productcatalogservice,-,,4,4,4,0,6.3,0.0
6,normal,450,0,0,201,recommendationservice,-,,4,4,2,0,6.3,0.0
6,normal,450,0,0,201,redis-cart,-,,1,1,1,0,6.3,0.0
6,normal,450,0,0,201,shippingservice,-,,4,4,4,0,6.3,0.0
6,frontrecocatalog,350,0,0,1,adservice,-,,4,4,4,0,6.3,0.0
6,frontrecocatalog,350,0,0,1,cartservice,-,,4,4,4,0,6.3,0.0
6,frontrecocatalog,350,0,0,1,checkoutservice,-,,4,4,4,0,6.3,0.0
6,frontrecocatalog,350,0,0,1,currencyservice,-,,4,4,4,0,6.3,0.0
6,frontrecocatalog,350,0,0,1,emailservice,-,,4,4,4,0,6.3,0.0
6,frontrecocatalog,350,0,0,1,frontend,-,,4,4,4,0,6.3,0.0
6,frontrecocatalog,350,0,0,1,paymentservice,-,,4,4,4,0,6.3,0.0
6,frontrecocatalog,350,0,0,1,redis-cart,-,,1,1,1,0,6.3,0.0
6,frontrecocatalog,350,0,0,1,shippingservice,-,,4,4,4,0,6.3,0.0
6,frontrecocatalog,350,0,0,16,adservice,-,,4,4,4,0,6.3,0.0
6,frontrecocatalog,350,0,0,16,cartservice,-,,4,4,4,0,6.3,0.0
6,frontrecocatalog,350,0,0,16,checkoutservice,-,,4,4,4,0,6.3,0.0
6,frontrecocatalog,350,0,0,16,currencyservice,-,,4,4,4,0,6.3,0.0
6,frontrecocatalog,350,0,0,16,emailservice,-,,4,4,4,0,6.3,0.0
6,frontrecocatalog,350,0,0,16,frontend,-,,4,4,4,0,6.3,0.0
6,frontrecocatalog,350,0,0,16,paymentservice,-,,4,4,4,0,6.3,0.0
6,frontrecocatalog,350,0,0,16,redis-cart,-,,1,1,1,0,6.3,0.0
6,frontrecocatalog,350,0,0,16,shippingservice,-,,4,4,4,0,6.3,0.0
6,frontrecocatalog,350,0,0,32,adservice,-,,4,4,4,0,6.3,0.0
6,frontrecocatalog,350,0,0,32,cartservice,-,,4,4,4,0,6.3,0.0
6,frontrecocatalog,350,0,0,32,checkoutservice,-,,4,4,4,0,6.3,0.0
6,frontrecocatalog,350,0,0,32,currencyservice,-,,4,4,4,0,6.3,0.0
6,frontrecocatalog,350,0,0,32,emailservice,-,,4,4,4,0,6.3,0.0
6,frontrecocatalog,350,0,0,32,frontend,-,,4,4,4,0,6.3,0.0
6,frontrecocatalog,350,0,0,32,paymentservice,-,,4,4,4,0,6.3,0.0
6,frontrecocatalog,350,0,0,32,redis-cart,-,,1,1,1,0,6.3,0.0
6,frontrecocatalog,350,0,0,32,shippingservice,-,,4,4,4,0,6.3,0.0
6,frontrecocatalog,350,0,0,47,adservice,-,,4,4,4,0,6.3,0.0
6,frontrecocatalog,350,0,0,47,cartservice,-,,4,4,4,0,6.3,0.0
6,frontrecocatalog,350,0,0,47,checkoutservice,-,,4,4,4,0,6.3,0.0
6,frontrecocatalog,350,0,0,47,currencyservice,-,,4,4,4,0,6.3,0.0
6,frontrecocatalog,350,0,0,47,emailservice,-,,4,4,4,0,6.3,0.0
6,frontrecocatalog,350,0,0,47,frontend,-,,4,4,4,0,6.3,0.0
6,frontrecocatalog,350,0,0,47,paymentservice,-,,4,4,4,0,6.3,0.0
6,frontrecocatalog,350,0,0,47,redis-cart,-,,1,1,1,0,6.3,0.0
6,frontrecocatalog,350,0,0,47,shippingservice,-,,4,4,4,0,6.3,0.0
6,frontrecocatalog,350,0,0,63,adservice,-,,4,4,4,0,6.3,0.0
6,frontrecocatalog,350,0,0,63,cartservice,-,,4,4,4,0,6.3,0.0
6,frontrecocatalog,350,0,0,63,checkoutservice,-,,4,4,4,0,6.3,0.0
6,frontrecocatalog,350,0,0,63,currencyservice,-,,4,4,4,0,6.3,0.0
6,frontrecocatalog,350,0,0,63,emailservice,-,,4,4,4,0,6.3,0.0
6,frontrecocatalog,350,0,0,63,frontend,-,,4,4,4,0,6.3,0.0
6,frontrecocatalog,350,0,0,63,paymentservice,-,,4,4,4,0,6.3,0.0
6,frontrecocatalog,350,0,0,63,redis-cart,-,,1,1,1,0,6.3,0.0
6,frontrecocatalog,350,0,0,63,shippingservice,-,,4,4,4,0,6.3,0.0
6,frontrecocatalog,350,0,0,78,adservice,-,,4,4,4,0,6.3,0.0
6,frontrecocatalog,350,0,0,78,cartservice,-,,4,4,4,0,6.3,0.0
6,frontrecocatalog,350,0,0,78,checkoutservice,-,,4,4,4,0,6.3,0.0
6,frontrecocatalog,350,0,0,78,currencyservice,-,,4,4,4,0,6.3,0.0
6,frontrecocatalog,350,0,0,78,emailservice,-,,4,4,4,0,6.3,0.0
6,frontrecocatalog,350,0,0,78,frontend,-,,4,4,4,0,6.3,0.0
6,frontrecocatalog,350,0,0,78,paymentservice,-,,4,4,4,0,6.3,0.0
6,frontrecocatalog,350,0,0,78,redis-cart,-,,1,1,1,0,6.3,0.0
6,frontrecocatalog,350,0,0,78,shippingservice,-,,4,4,4,0,6.3,0.0
6,frontrecocatalog,350,0,0,93,adservice,-,,4,4,4,0,6.3,0.0
6,frontrecocatalog,350,0,0,93,cartservice,-,,4,4,4,0,6.3,0.0
6,frontrecocatalog,350,0,0,93,checkoutservice,-,,4,4,4,0,6.3,0.0
6,frontrecocatalog,350,0,0,93,currencyservice,-,,4,4,4,0,6.3,0.0
6,frontrecocatalog,350,0,0,93,emailservice,-,,4,4,4,0,6.3,0.0
6,frontrecocatalog,350,0,0,93,frontend,-,,4,4,4,0,6.3,0.0
6,frontrecocatalog,350,0,0,93,paymentservice,-,,4,4,4,0,6.3,0.0
6,frontrecocatalog,350,0,0,93,redis-cart,-,,1,1,1,0,6.3,0.0
6,frontrecocatalog,350,0,0,93,shippingservice,-,,4,4,4,0,6.3,0.0
6,frontrecocatalog,350,0,0,109,adservice,-,,4,4,4,0,6.3,0.0
6,frontrecocatalog,350,0,0,109,cartservice,-,,4,4,4,0,6.3,0.0
6,frontrecocatalog,350,0,0,109,checkoutservice,-,,4,4,4,0,6.3,0.0
6,frontrecocatalog,350,0,0,109,currencyservice,-,,4,4,4,0,6.3,0.0
6,frontrecocatalog,350,0,0,109,emailservice,-,,4,4,4,0,6.3,0.0
6,frontrecocatalog,350,0,0,109,frontend,-,,4,4,4,0,6.3,0.0
6,frontrecocatalog,350,0,0,109,paymentservice,-,,4,4,4,0,6.3,0.0
6,frontrecocatalog,350,0,0,109,redis-cart,-,,1,1,1,0,6.3,0.0
6,frontrecocatalog,350,0,0,109,shippingservice,-,,4,4,4,0,6.3,0.0
6,frontrecocatalog,350,0,0,124,adservice,-,,4,4,4,0,6.3,0.0
6,frontrecocatalog,350,0,0,124,cartservice,-,,4,4,4,0,6.3,0.0
6,frontrecocatalog,350,0,0,124,checkoutservice,-,,4,4,4,0,6.3,0.0
6,frontrecocatalog,350,0,0,124,currencyservice,-,,4,4,4,0,6.3,0.0
6,frontrecocatalog,350,0,0,124,emailservice,-,,4,4,4,0,6.3,0.0
6,frontrecocatalog,350,0,0,124,frontend,-,,4,4,4,0,6.3,0.0
6,frontrecocatalog,350,0,0,124,paymentservice,-,,4,4,4,0,6.3,0.0
6,frontrecocatalog,350,0,0,124,redis-cart,-,,1,1,1,0,6.3,0.0
6,frontrecocatalog,350,0,0,124,shippingservice,-,,4,4,4,0,6.3,0.0
6,frontrecocatalog,350,0,0,140,adservice,-,,4,4,4,0,6.3,0.0
6,frontrecocatalog,350,0,0,140,cartservice,-,,4,4,4,0,6.3,0.0
6,frontrecocatalog,350,0,0,140,checkoutservice,-,,4,4,4,0,6.3,0.0
6,frontrecocatalog,350,0,0,140,currencyservice,-,,4,4,4,0,6.3,0.0
6,frontrecocatalog,350,0,0,140,emailservice,-,,4,4,4,0,6.3,0.0
6,frontrecocatalog,350,0,0,140,frontend,-,,4,4,4,0,6.3,0.0
6,frontrecocatalog,350,0,0,140,paymentservice,-,,4,4,4,0,6.3,0.0
6,frontrecocatalog,350,0,0,140,redis-cart,-,,1,1,1,0,6.3,0.0
6,frontrecocatalog,350,0,0,140,shippingservice,-,,4,4,4,0,6.3,0.0
6,frontrecocatalog,350,0,0,155,adservice,-,,4,4,4,0,6.3,0.0
6,frontrecocatalog,350,0,0,155,cartservice,-,,4,4,4,0,6.3,0.0
6,frontrecocatalog,350,0,0,155,checkoutservice,-,,4,4,4,0,6.3,0.0
6,frontrecocatalog,350,0,0,155,currencyservice,-,,4,4,4,0,6.3,0.0
6,frontrecocatalog,350,0,0,155,emailservice,-,,4,4,4,0,6.3,0.0
6,frontrecocatalog,350,0,0,155,frontend,-,,4,4,4,0,6.3,0.0
6,frontrecocatalog,350,0,0,155,paymentservice,-,,4,4,4,0,6.3,0.0
6,frontrecocatalog,350,0,0,155,redis-cart,-,,1,1,1,0,6.3,0.0
6,frontrecocatalog,350,0,0,155,shippingservice,-,,4,4,4,0,6.3,0.0
6,frontrecocatalog,350,0,0,171,adservice,-,,4,4,4,0,6.3,0.0
6,frontrecocatalog,350,0,0,171,cartservice,-,,4,4,4,0,6.3,0.0
6,frontrecocatalog,350,0,0,171,checkoutservice,-,,4,4,4,0,6.3,0.0
6,frontrecocatalog,350,0,0,171,currencyservice,-,,4,4,4,0,6.3,0.0
6,frontrecocatalog,350,0,0,171,emailservice,-,,4,4,4,0,6.3,0.0
6,frontrecocatalog,350,0,0,171,frontend,-,,4,4,4,0,6.3,0.0
6,frontrecocatalog,350,0,0,171,paymentservice,-,,4,4,4,0,6.3,0.0
6,frontrecocatalog,350,0,0,171,redis-cart,-,,1,1,1,0,6.3,0.0
6,frontrecocatalog,350,0,0,171,shippingservice,-,,4,4,4,0,6.3,0.0
6,frontrecocatalog,350,0,0,186,adservice,-,,4,4,4,0,6.3,0.0
6,frontrecocatalog,350,0,0,186,cartservice,-,,4,4,4,0,6.3,0.0
6,frontrecocatalog,350,0,0,186,checkoutservice,-,,4,4,4,0,6.3,0.0
6,frontrecocatalog,350,0,0,186,currencyservice,-,,4,4,4,0,6.3,0.0
6,frontrecocatalog,350,0,0,186,emailservice,-,,4,4,4,0,6.3,0.0
6,frontrecocatalog,350,0,0,186,frontend,-,,4,4,4,0,6.3,0.0
6,frontrecocatalog,350,0,0,186,paymentservice,-,,4,4,4,0,6.3,0.0
6,frontrecocatalog,350,0,0,186,redis-cart,-,,1,1,1,0,6.3,0.0
6,frontrecocatalog,350,0,0,186,shippingservice,-,,4,4,4,0,6.3,0.0
6,frontrecocatalog,350,0,0,202,adservice,-,,4,4,4,0,6.3,0.0
6,frontrecocatalog,350,0,0,202,cartservice,-,,4,4,4,0,6.3,0.0
6,frontrecocatalog,350,0,0,202,checkoutservice,-,,4,4,4,0,6.3,0.0
6,frontrecocatalog,350,0,0,202,currencyservice,-,,4,4,4,0,6.3,0.0
6,frontrecocatalog,350,0,0,202,emailservice,-,,4,4,4,0,6.3,0.0
6,frontrecocatalog,350,0,0,202,frontend,-,,4,4,4,0,6.3,0.0
6,frontrecocatalog,350,0,0,202,paymentservice,-,,4,4,4,0,6.3,0.0
6,frontrecocatalog,350,0,0,202,redis-cart,-,,1,1,1,0,6.3,0.0
6,frontrecocatalog,350,0,0,202,shippingservice,-,,4,4,4,0,6.3,0.0
6,frontrecocatalog,400,0,0,0,adservice,-,,4,4,4,0,6.3,0.0
6,frontrecocatalog,400,0,0,0,cartservice,-,,4,4,4,0,6.3,0.0
6,frontrecocatalog,400,0,0,0,checkoutservice,-,,4,4,4,0,6.3,0.0
6,frontrecocatalog,400,0,0,0,currencyservice,-,,4,4,4,0,6.3,0.0
6,frontrecocatalog,400,0,0,0,emailservice,-,,4,4,4,0,6.3,0.0
6,frontrecocatalog,400,0,0,0,frontend,-,,4,4,4,0,6.3,0.0
6,frontrecocatalog,400,0,0,0,paymentservice,-,,4,4,4,0,6.3,0.0
6,frontrecocatalog,400,0,0,0,redis-cart,-,,1,1,1,0,6.3,0.0
6,frontrecocatalog,400,0,0,0,shippingservice,-,,4,4,4,0,6.3,0.0
6,frontrecocatalog,400,0,0,16,adservice,-,,4,4,4,0,6.3,0.0
6,frontrecocatalog,400,0,0,16,cartservice,-,,4,4,4,0,6.3,0.0
6,frontrecocatalog,400,0,0,16,checkoutservice,-,,4,4,4,0,6.3,0.0
6,frontrecocatalog,400,0,0,16,currencyservice,-,,4,4,4,0,6.3,0.0
6,frontrecocatalog,400,0,0,16,emailservice,-,,4,4,4,0,6.3,0.0
6,frontrecocatalog,400,0,0,16,frontend,-,,4,4,4,0,6.3,0.0
6,frontrecocatalog,400,0,0,16,paymentservice,-,,4,4,4,0,6.3,0.0
6,frontrecocatalog,400,0,0,16,redis-cart,-,,1,1,1,0,6.3,0.0
6,frontrecocatalog,400,0,0,16,shippingservice,-,,4,4,4,0,6.3,0.0
6,frontrecocatalog,400,0,0,31,adservice,-,,4,4,4,0,6.3,0.0
6,frontrecocatalog,400,0,0,31,cartservice,-,,4,4,4,0,6.3,0.0
6,frontrecocatalog,400,0,0,31,checkoutservice,-,,4,4,4,0,6.3,0.0
6,frontrecocatalog,400,0,0,31,currencyservice,-,,4,4,4,0,6.3,0.0
6,frontrecocatalog,400,0,0,31,emailservice,-,,4,4,4,0,6.3,0.0
6,frontrecocatalog,400,0,0,31,frontend,-,,4,4,4,0,6.3,0.0
6,frontrecocatalog,400,0,0,31,paymentservice,-,,4,4,4,0,6.3,0.0
6,frontrecocatalog,400,0,0,31,redis-cart,-,,1,1,1,0,6.3,0.0
6,frontrecocatalog,400,0,0,31,shippingservice,-,,4,4,4,0,6.3,0.0
6,frontrecocatalog,400,0,0,47,adservice,-,,4,4,4,0,6.3,0.0
6,frontrecocatalog,400,0,0,47,cartservice,-,,4,4,4,0,6.3,0.0
6,frontrecocatalog,400,0,0,47,checkoutservice,-,,4,4,4,0,6.3,0.0
6,frontrecocatalog,400,0,0,47,currencyservice,-,,4,4,4,0,6.3,0.0
6,frontrecocatalog,400,0,0,47,emailservice,-,,4,4,4,0,6.3,0.0
6,frontrecocatalog,400,0,0,47,frontend,-,,4,4,4,0,6.3,0.0
6,frontrecocatalog,400,0,0,47,paymentservice,-,,4,4,4,0,6.3,0.0
6,frontrecocatalog,400,0,0,47,redis-cart,-,,1,1,1,0,6.3,0.0
6,frontrecocatalog,400,0,0,47,shippingservice,-,,4,4,4,0,6.3,0.0
6,frontrecocatalog,400,0,0,62,adservice,-,,4,4,4,0,6.3,0.0
6,frontrecocatalog,400,0,0,62,cartservice,-,,4,4,4,0,6.3,0.0
6,frontrecocatalog,400,0,0,62,checkoutservice,-,,4,4,4,0,6.3,0.0
6,frontrecocatalog,400,0,0,62,currencyservice,-,,4,4,4,0,6.3,0.0
6,frontrecocatalog,400,0,0,62,emailservice,-,,4,4,4,0,6.3,0.0
6,frontrecocatalog,400,0,0,62,frontend,-,,4,4,4,0,6.3,0.0
6,frontrecocatalog,400,0,0,62,paymentservice,-,,4,4,4,0,6.3,0.0
6,frontrecocatalog,400,0,0,62,redis-cart,-,,1,1,1,0,6.3,0.0
6,frontrecocatalog,400,0,0,62,shippingservice,-,,4,4,4,0,6.3,0.0
6,frontrecocatalog,400,0,0,78,adservice,-,,4,4,4,0,6.3,0.0
6,frontrecocatalog,400,0,0,78,cartservice,-,,4,4,4,0,6.3,0.0
6,frontrecocatalog,400,0,0,78,checkoutservice,-,,4,4,4,0,6.3,0.0
6,frontrecocatalog,400,0,0,78,currencyservice,-,,4,4,4,0,6.3,0.0
6,frontrecocatalog,400,0,0,78,emailservice,-,,4,4,4,0,6.3,0.0
6,frontrecocatalog,400,0,0,78,frontend,-,,4,4,4,0,6.3,0.0
6,frontrecocatalog,400,0,0,78,paymentservice,-,,4,4,4,0,6.3,0.0
6,frontrecocatalog,400,0,0,78,redis-cart,-,,1,1,1,0,6.3,0.0
6,frontrecocatalog,400,0,0,78,shippingservice,-,,4,4,4,0,6.3,0.0
6,frontrecocatalog,400,0,0,93,adservice,-,,4,4,4,0,6.3,0.0
6,frontrecocatalog,400,0,0,93,cartservice,-,,4,4,4,0,6.3,0.0
6,frontrecocatalog,400,0,0,93,checkoutservice,-,,4,4,4,0,6.3,0.0
6,frontrecocatalog,400,0,0,93,currencyservice,-,,4,4,4,0,6.3,0.0
6,frontrecocatalog,400,0,0,93,emailservice,-,,4,4,4,0,6.3,0.0
6,frontrecocatalog,400,0,0,93,frontend,-,,4,4,4,0,6.3,0.0
6,frontrecocatalog,400,0,0,93,paymentservice,-,,4,4,4,0,6.3,0.0
6,frontrecocatalog,400,0,0,93,redis-cart,-,,1,1,1,0,6.3,0.0
6,frontrecocatalog,400,0,0,93,shippingservice,-,,4,4,4,0,6.3,0.0
6,frontrecocatalog,400,0,0,109,adservice,-,,4,4,4,0,6.3,0.0
6,frontrecocatalog,400,0,0,109,cartservice,-,,4,4,4,0,6.3,0.0
6,frontrecocatalog,400,0,0,109,checkoutservice,-,,4,4,4,0,6.3,0.0
6,frontrecocatalog,400,0,0,109,currencyservice,-,,4,4,4,0,6.3,0.0
6,frontrecocatalog,400,0,0,109,emailservice,-,,4,4,3,0,6.3,0.0
6,frontrecocatalog,400,0,0,109,frontend,-,,4,4,4,0,6.3,0.0
6,frontrecocatalog,400,0,0,109,paymentservice,-,,4,4,4,0,6.3,0.0
6,frontrecocatalog,400,0,0,109,redis-cart,-,,1,1,1,0,6.3,0.0
6,frontrecocatalog,400,0,0,109,shippingservice,-,,4,4,4,0,6.3,0.0
6,frontrecocatalog,400,0,0,124,adservice,-,,4,4,4,0,6.3,0.0
6,frontrecocatalog,400,0,0,124,cartservice,-,,4,4,4,0,6.3,0.0
6,frontrecocatalog,400,0,0,124,checkoutservice,-,,4,4,4,0,6.3,0.0
6,frontrecocatalog,400,0,0,124,currencyservice,-,,4,4,4,0,6.3,0.0
6,frontrecocatalog,400,0,0,124,emailservice,-,,4,4,4,0,6.3,0.0
6,frontrecocatalog,400,0,0,124,frontend,-,,4,4,4,0,6.3,0.0
6,frontrecocatalog,400,0,0,124,paymentservice,-,,4,4,4,0,6.3,0.0
6,frontrecocatalog,400,0,0,124,redis-cart,-,,1,1,1,0,6.3,0.0
6,frontrecocatalog,400,0,0,124,shippingservice,-,,4,4,4,0,6.3,0.0
6,frontrecocatalog,400,0,0,140,adservice,-,,4,4,4,0,6.3,0.0
6,frontrecocatalog,400,0,0,140,cartservice,-,,4,4,4,0,6.3,0.0
6,frontrecocatalog,400,0,0,140,checkoutservice,-,,4,4,4,0,6.3,0.0
6,frontrecocatalog,400,0,0,140,currencyservice,-,,4,4,4,0,6.3,0.0
6,frontrecocatalog,400,0,0,140,emailservice,-,,4,4,4,0,6.3,0.0
6,frontrecocatalog,400,0,0,140,frontend,-,,4,4,4,0,6.3,0.0
6,frontrecocatalog,400,0,0,140,paymentservice,-,,4,4,4,0,6.3,0.0
6,frontrecocatalog,400,0,0,140,redis-cart,-,,1,1,1,0,6.3,0.0
6,frontrecocatalog,400,0,0,140,shippingservice,-,,4,4,4,0,6.3,0.0
6,frontrecocatalog,400,0,0,155,adservice,-,,4,4,4,0,6.3,0.0
6,frontrecocatalog,400,0,0,155,cartservice,-,,4,4,4,0,6.3,0.0
6,frontrecocatalog,400,0,0,155,checkoutservice,-,,4,4,4,0,6.3,0.0
6,frontrecocatalog,400,0,0,155,currencyservice,-,,4,4,4,0,6.3,0.0
6,frontrecocatalog,400,0,0,155,emailservice,-,,4,4,4,0,6.3,0.0
6,frontrecocatalog,400,0,0,155,frontend,-,,4,4,4,0,6.3,0.0
6,frontrecocatalog,400,0,0,155,paymentservice,-,,4,4,4,0,6.3,0.0
6,frontrecocatalog,400,0,0,155,redis-cart,-,,1,1,1,0,6.3,0.0
6,frontrecocatalog,400,0,0,155,shippingservice,-,,4,4,4,0,6.3,0.0
6,frontrecocatalog,400,0,0,171,adservice,-,,4,4,4,0,6.3,0.0
6,frontrecocatalog,400,0,0,171,cartservice,-,,4,4,4,0,6.3,0.0
6,frontrecocatalog,400,0,0,171,checkoutservice,-,,4,4,4,0,6.3,0.0
6,frontrecocatalog,400,0,0,171,currencyservice,-,,4,4,4,0,6.3,0.0
6,frontrecocatalog,400,0,0,171,emailservice,-,,4,4,3,0,6.3,0.0
6,frontrecocatalog,400,0,0,171,frontend,-,,4,4,4,0,6.3,0.0
6,frontrecocatalog,400,0,0,171,paymentservice,-,,4,4,4,0,6.3,0.0
6,frontrecocatalog,400,0,0,171,redis-cart,-,,1,1,1,0,6.3,0.0
6,frontrecocatalog,400,0,0,171,shippingservice,-,,4,4,4,0,6.3,0.0
6,frontrecocatalog,400,0,0,186,adservice,-,,4,4,4,0,6.3,0.0
6,frontrecocatalog,400,0,0,186,cartservice,-,,4,4,4,0,6.3,0.0
6,frontrecocatalog,400,0,0,186,checkoutservice,-,,4,4,4,0,6.3,0.0
6,frontrecocatalog,400,0,0,186,currencyservice,-,,4,4,4,0,6.3,0.0
6,frontrecocatalog,400,0,0,186,emailservice,-,,4,4,4,0,6.3,0.0
6,frontrecocatalog,400,0,0,186,frontend,-,,4,4,4,0,6.3,0.0
6,frontrecocatalog,400,0,0,186,paymentservice,-,,4,4,4,0,6.3,0.0
6,frontrecocatalog,400,0,0,186,redis-cart,-,,1,1,1,0,6.3,0.0
6,frontrecocatalog,400,0,0,186,shippingservice,-,,4,4,4,0,6.3,0.0
6,frontrecocatalog,400,0,0,202,adservice,-,,4,4,4,0,6.3,0.0
6,frontrecocatalog,400,0,0,202,cartservice,-,,4,4,4,0,6.3,0.0
6,frontrecocatalog,400,0,0,202,checkoutservice,-,,4,4,4,0,6.3,0.0
6,frontrecocatalog,400,0,0,202,currencyservice,-,,4,4,4,0,6.3,0.0
6,frontrecocatalog,400,0,0,202,emailservice,-,,4,4,4,0,6.3,0.0
6,frontrecocatalog,400,0,0,202,frontend,-,,4,4,4,0,6.3,0.0
6,frontrecocatalog,400,0,0,202,paymentservice,-,,4,4,4,0,6.3,0.0
6,frontrecocatalog,400,0,0,202,redis-cart,-,,1,1,1,0,6.3,0.0
6,frontrecocatalog,400,0,0,202,shippingservice,-,,4,4,4,0,6.3,0.0
6,frontrecocatalog,450,0,0,1,adservice,-,,4,4,4,0,6.3,0.0
6,frontrecocatalog,450,0,0,1,cartservice,-,,4,4,4,0,6.3,0.0
6,frontrecocatalog,450,0,0,1,checkoutservice,-,,4,4,4,0,6.3,0.0
6,frontrecocatalog,450,0,0,1,currencyservice,-,,4,4,4,0,6.3,0.0
6,frontrecocatalog,450,0,0,1,emailservice,-,,4,4,4,0,6.3,0.0
6,frontrecocatalog,450,0,0,1,frontend,-,,4,4,4,0,6.3,0.0
6,frontrecocatalog,450,0,0,1,paymentservice,-,,4,4,4,0,6.3,0.0
6,frontrecocatalog,450,0,0,1,redis-cart,-,,1,1,1,0,6.3,0.0
6,frontrecocatalog,450,0,0,1,shippingservice,-,,4,4,4,0,6.3,0.0
6,frontrecocatalog,450,0,0,16,adservice,-,,4,4,4,0,6.3,0.0
6,frontrecocatalog,450,0,0,16,cartservice,-,,4,4,4,0,6.3,0.0
6,frontrecocatalog,450,0,0,16,checkoutservice,-,,4,4,4,0,6.3,0.0
6,frontrecocatalog,450,0,0,16,currencyservice,-,,4,4,4,0,6.3,0.0
6,frontrecocatalog,450,0,0,16,emailservice,-,,4,4,4,0,6.3,0.0
6,frontrecocatalog,450,0,0,16,frontend,-,,4,4,4,0,6.3,0.0
6,frontrecocatalog,450,0,0,16,paymentservice,-,,4,4,4,0,6.3,0.0
6,frontrecocatalog,450,0,0,16,redis-cart,-,,1,1,1,0,6.3,0.0
6,frontrecocatalog,450,0,0,16,shippingservice,-,,4,4,4,0,6.3,0.0
6,frontrecocatalog,450,0,0,32,adservice,-,,4,4,4,0,6.3,0.0
6,frontrecocatalog,450,0,0,32,cartservice,-,,4,4,4,0,6.3,0.0
6,frontrecocatalog,450,0,0,32,checkoutservice,-,,4,4,4,0,6.3,0.0
6,frontrecocatalog,450,0,0,32,currencyservice,-,,4,4,4,0,6.3,0.0
6,frontrecocatalog,450,0,0,32,emailservice,-,,4,4,4,0,6.3,0.0
6,frontrecocatalog,450,0,0,32,frontend,-,,4,4,4,0,6.3,0.0
6,frontrecocatalog,450,0,0,32,paymentservice,-,,4,4,4,0,6.3,0.0
6,frontrecocatalog,450,0,0,32,redis-cart,-,,1,1,1,0,6.3,0.0
6,frontrecocatalog,450,0,0,32,shippingservice,-,,4,4,4,0,6.3,0.0
6,frontrecocatalog,450,0,0,47,adservice,-,,4,4,4,0,6.3,0.0
6,frontrecocatalog,450,0,0,47,cartservice,-,,4,4,4,0,6.3,0.0
6,frontrecocatalog,450,0,0,47,checkoutservice,-,,4,4,4,0,6.3,0.0
6,frontrecocatalog,450,0,0,47,currencyservice,-,,4,4,4,0,6.3,0.0
6,frontrecocatalog,450,0,0,47,emailservice,-,,4,4,4,0,6.3,0.0
6,frontrecocatalog,450,0,0,47,frontend,-,,4,4,4,0,6.3,0.0
6,frontrecocatalog,450,0,0,47,paymentservice,-,,4,4,4,0,6.3,0.0
6,frontrecocatalog,450,0,0,47,redis-cart,-,,1,1,1,0,6.3,0.0
6,frontrecocatalog,450,0,0,47,shippingservice,-,,4,4,4,0,6.3,0.0
6,frontrecocatalog,450,0,0,63,adservice,-,,4,4,4,0,6.3,0.0
6,frontrecocatalog,450,0,0,63,cartservice,-,,4,4,4,0,6.3,0.0
6,frontrecocatalog,450,0,0,63,checkoutservice,-,,4,4,4,0,6.3,0.0
6,frontrecocatalog,450,0,0,63,currencyservice,-,,4,4,4,0,6.3,0.0
6,frontrecocatalog,450,0,0,63,emailservice,-,,4,4,3,0,6.3,0.0
6,frontrecocatalog,450,0,0,63,frontend,-,,4,4,4,0,6.3,0.0
6,frontrecocatalog,450,0,0,63,paymentservice,-,,4,4,4,0,6.3,0.0
6,frontrecocatalog,450,0,0,63,redis-cart,-,,1,1,1,0,6.3,0.0
6,frontrecocatalog,450,0,0,63,shippingservice,-,,4,4,4,0,6.3,0.0
6,frontrecocatalog,450,0,0,78,adservice,-,,4,4,4,0,6.3,0.0
6,frontrecocatalog,450,0,0,78,cartservice,-,,4,4,4,0,6.3,0.0
6,frontrecocatalog,450,0,0,78,checkoutservice,-,,4,4,4,0,6.3,0.0
6,frontrecocatalog,450,0,0,78,currencyservice,-,,4,4,4,0,6.3,0.0
6,frontrecocatalog,450,0,0,78,emailservice,-,,4,4,3,0,6.3,0.0
6,frontrecocatalog,450,0,0,78,frontend,-,,4,4,4,0,6.3,0.0
6,frontrecocatalog,450,0,0,78,paymentservice,-,,4,4,4,0,6.3,0.0
6,frontrecocatalog,450,0,0,78,redis-cart,-,,1,1,1,0,6.3,0.0
6,frontrecocatalog,450,0,0,78,shippingservice,-,,4,4,4,0,6.3,0.0
6,frontrecocatalog,450,0,0,94,adservice,-,,4,4,4,0,6.3,0.0
6,frontrecocatalog,450,0,0,94,cartservice,-,,4,4,4,0,6.3,0.0
6,frontrecocatalog,450,0,0,94,checkoutservice,-,,4,4,4,0,6.3,0.0
6,frontrecocatalog,450,0,0,94,currencyservice,-,,4,4,4,0,6.3,0.0
6,frontrecocatalog,450,0,0,94,emailservice,-,,4,4,3,0,6.3,0.0
6,frontrecocatalog,450,0,0,94,frontend,-,,4,4,3,0,6.3,0.0
6,frontrecocatalog,450,0,0,94,paymentservice,-,,4,4,4,0,6.3,0.0
6,frontrecocatalog,450,0,0,94,redis-cart,-,,1,1,1,0,6.3,0.0
6,frontrecocatalog,450,0,0,94,shippingservice,-,,4,4,4,0,6.3,0.0
6,frontrecocatalog,450,0,0,109,adservice,-,,4,4,4,0,6.3,0.0
6,frontrecocatalog,450,0,0,109,cartservice,-,,4,4,4,0,6.3,0.0
6,frontrecocatalog,450,0,0,109,checkoutservice,-,,4,4,4,0,6.3,0.0
6,frontrecocatalog,450,0,0,109,currencyservice,-,,4,4,4,0,6.3,0.0
6,frontrecocatalog,450,0,0,109,emailservice,-,,4,4,3,0,6.3,0.0
6,frontrecocatalog,450,0,0,109,frontend,-,,4,4,4,0,6.3,0.0
6,frontrecocatalog,450,0,0,109,paymentservice,-,,4,4,4,0,6.3,0.0
6,frontrecocatalog,450,0,0,109,redis-cart,-,,1,1,1,0,6.3,0.0
6,frontrecocatalog,450,0,0,109,shippingservice,-,,4,4,4,0,6.3,0.0
6,frontrecocatalog,450,0,0,125,adservice,-,,4,4,4,0,6.3,0.0
6,frontrecocatalog,450,0,0,125,cartservice,-,,4,4,4,0,6.3,0.0
6,frontrecocatalog,450,0,0,125,checkoutservice,-,,4,4,4,0,6.3,0.0
6,frontrecocatalog,450,0,0,125,currencyservice,-,,4,4,4,0,6.3,0.0
6,frontrecocatalog,450,0,0,125,emailservice,-,,4,4,3,0,6.3,0.0
6,frontrecocatalog,450,0,0,125,frontend,-,,4,4,0,0,6.3,0.0
6,frontrecocatalog,450,0,0,125,paymentservice,-,,4,4,4,0,6.3,0.0
6,frontrecocatalog,450,0,0,125,redis-cart,-,,1,1,1,0,6.3,0.0
6,frontrecocatalog,450,0,0,125,shippingservice,-,,4,4,4,0,6.3,0.0
6,frontrecocatalog,450,0,0,140,adservice,-,,4,4,4,0,6.3,0.0
6,frontrecocatalog,450,0,0,140,cartservice,-,,4,4,4,0,6.3,0.0
6,frontrecocatalog,450,0,0,140,checkoutservice,-,,4,4,4,0,6.3,0.0
6,frontrecocatalog,450,0,0,140,currencyservice,-,,4,4,4,0,6.3,0.0
6,frontrecocatalog,450,0,0,140,emailservice,-,,4,4,3,0,6.3,0.0
6,frontrecocatalog,450,0,0,140,frontend,-,,4,4,1,0,6.3,0.0
6,frontrecocatalog,450,0,0,140,paymentservice,-,,4,4,4,0,6.3,0.0
6,frontrecocatalog,450,0,0,140,redis-cart,-,,1,1,1,0,6.3,0.0
6,frontrecocatalog,450,0,0,140,shippingservice,-,,4,4,4,0,6.3,0.0
6,frontrecocatalog,450,0,0,156,adservice,-,,4,4,4,0,6.3,0.0
6,frontrecocatalog,450,0,0,156,cartservice,-,,4,4,4,0,6.3,0.0
6,frontrecocatalog,450,0,0,156,checkoutservice,-,,4,4,4,0,6.3,0.0
6,frontrecocatalog,450,0,0,156,currencyservice,-,,4,4,4,0,6.3,0.0
6,frontrecocatalog,450,0,0,156,emailservice,-,,4,4,3,0,6.3,0.0
6,frontrecocatalog,450,0,0,156,frontend,-,,4,4,2,0,6.3,0.0
6,frontrecocatalog,450,0,0,156,paymentservice,-,,4,4,4,0,6.3,0.0
6,frontrecocatalog,450,0,0,156,redis-cart,-,,1,1,1,0,6.3,0.0
6,frontrecocatalog,450,0,0,156,shippingservice,-,,4,4,4,0,6.3,0.0
6,frontrecocatalog,450,0,0,172,adservice,-,,4,4,4,0,6.3,0.0
6,frontrecocatalog,450,0,0,172,cartservice,-,,4,4,4,0,6.3,0.0
6,frontrecocatalog,450,0,0,172,checkoutservice,-,,4,4,4,0,6.3,0.0
6,frontrecocatalog,450,0,0,172,currencyservice,-,,4,4,4,0,6.3,0.0
6,frontrecocatalog,450,0,0,172,emailservice,-,,4,4,3,0,6.3,0.0
6,frontrecocatalog,450,0,0,172,frontend,-,,4,4,0,0,6.3,0.0
6,frontrecocatalog,450,0,0,172,paymentservice,-,,4,4,4,0,6.3,0.0
6,frontrecocatalog,450,0,0,172,redis-cart,-,,1,1,1,0,6.3,0.0
6,frontrecocatalog,450,0,0,172,shippingservice,-,,4,4,4,0,6.3,0.0
6,frontrecocatalog,450,0,0,187,adservice,-,,4,4,4,0,6.3,0.0
6,frontrecocatalog,450,0,0,187,cartservice,-,,4,4,4,0,6.3,0.0
6,frontrecocatalog,450,0,0,187,checkoutservice,-,,4,4,4,0,6.3,0.0
6,frontrecocatalog,450,0,0,187,currencyservice,-,,4,4,4,0,6.3,0.0
6,frontrecocatalog,450,0,0,187,emailservice,-,,4,4,3,0,6.3,0.0
6,frontrecocatalog,450,0,0,187,frontend,-,,4,4,3,0,6.3,0.0
6,frontrecocatalog,450,0,0,187,paymentservice,-,,4,4,4,0,6.3,0.0
6,frontrecocatalog,450,0,0,187,redis-cart,-,,1,1,1,0,6.3,0.0
6,frontrecocatalog,450,0,0,187,shippingservice,-,,4,4,4,0,6.3,0.0
6,frontrecocatalog,450,0,0,203,adservice,-,,4,4,4,0,6.3,0.0
6,frontrecocatalog,450,0,0,203,cartservice,-,,4,4,4,0,6.3,0.0
6,frontrecocatalog,450,0,0,203,checkoutservice,-,,4,4,4,0,6.3,0.0
6,frontrecocatalog,450,0,0,203,currencyservice,-,,4,4,4,0,6.3,0.0
6,frontrecocatalog,450,0,0,203,emailservice,-,,4,4,4,0,6.3,0.0
6,frontrecocatalog,450,0,0,203,frontend,-,,4,4,3,0,6.3,0.0
6,frontrecocatalog,450,0,0,203,paymentservice,-,,4,4,4,0,6.3,0.0
6,frontrecocatalog,450,0,0,203,redis-cart,-,,1,1,1,0,6.3,0.0
6,frontrecocatalog,450,0,0,203,shippingservice,-,,4,4,4,0,6.3,0.0
6,mega,350,0,0,1,megapod,-,,4,4,4,0,12.28,0.0
6,mega,350,0,0,1,redis-cart,-,,1,1,1,0,12.28,0.0
6,mega,350,0,0,16,megapod,-,,4,4,4,0,6.3,0.0
6,mega,350,0,0,16,redis-cart,-,,1,1,1,0,6.3,0.0
6,mega,350,0,0,31,megapod,-,,4,4,4,0,6.3,0.0
6,mega,350,0,0,31,redis-cart,-,,1,1,1,0,6.3,0.0
6,mega,350,0,0,47,megapod,-,,4,4,4,0,6.3,0.0
6,mega,350,0,0,47,redis-cart,-,,1,1,1,0,6.3,0.0
6,mega,350,0,0,62,megapod,-,,4,4,4,0,6.3,0.0
6,mega,350,0,0,62,redis-cart,-,,1,1,1,0,6.3,0.0
6,mega,350,0,0,78,megapod,-,,4,4,4,0,6.3,0.0
6,mega,350,0,0,78,redis-cart,-,,1,1,1,0,6.3,0.0
6,mega,350,0,0,93,megapod,-,,4,4,4,0,6.3,0.0
6,mega,350,0,0,93,redis-cart,-,,1,1,1,0,6.3,0.0
6,mega,350,0,0,108,megapod,-,,4,4,4,0,6.3,0.0
6,mega,350,0,0,108,redis-cart,-,,1,1,1,0,6.3,0.0
6,mega,350,0,0,124,megapod,-,,4,4,4,0,6.3,0.0
6,mega,350,0,0,124,redis-cart,-,,1,1,1,0,6.3,0.0
6,mega,350,0,0,139,megapod,-,,4,4,4,0,6.3,0.0
6,mega,350,0,0,139,redis-cart,-,,1,1,1,0,6.3,0.0
6,mega,350,0,0,155,megapod,-,,4,4,4,0,6.3,0.0
6,mega,350,0,0,155,redis-cart,-,,1,1,1,0,6.3,0.0
6,mega,350,0,0,170,megapod,-,,4,4,4,0,6.3,0.0
6,mega,350,0,0,170,redis-cart,-,,1,1,1,0,6.3,0.0
6,mega,350,0,0,185,megapod,-,,4,4,4,0,6.3,0.0
6,mega,350,0,0,185,redis-cart,-,,1,1,1,0,6.3,0.0
6,mega,350,0,0,201,megapod,-,,4,4,4,0,6.3,0.0
6,mega,350,0,0,201,redis-cart,-,,1,1,1,0,6.3,0.0
6,mega,400,0,0,0,megapod,-,,4,4,4,0,6.3,0.0
6,mega,400,0,0,0,redis-cart,-,,1,1,1,0,6.3,0.0
6,mega,400,0,0,16,megapod,-,,4,4,4,0,6.3,0.0
6,mega,400,0,0,16,redis-cart,-,,1,1,1,0,6.3,0.0
6,mega,400,0,0,31,megapod,-,,4,4,4,0,6.3,0.0
6,mega,400,0,0,31,redis-cart,-,,1,1,1,0,6.3,0.0
6,mega,400,0,0,47,megapod,-,,4,4,4,0,6.3,0.0
6,mega,400,0,0,47,redis-cart,-,,1,1,1,0,6.3,0.0
6,mega,400,0,0,62,megapod,-,,4,4,4,0,6.3,0.0
6,mega,400,0,0,62,redis-cart,-,,1,1,1,0,6.3,0.0
6,mega,400,0,0,78,megapod,-,,4,4,4,0,6.3,0.0
6,mega,400,0,0,78,redis-cart,-,,1,1,1,0,6.3,0.0
6,mega,400,0,0,93,megapod,-,,4,4,4,0,6.3,0.0
6,mega,400,0,0,93,redis-cart,-,,1,1,1,0,6.3,0.0
6,mega,400,0,0,109,megapod,-,,4,4,4,0,6.3,0.0
6,mega,400,0,0,109,redis-cart,-,,1,1,1,0,6.3,0.0
6,mega,400,0,0,124,megapod,-,,4,4,4,0,6.3,0.0
6,mega,400,0,0,124,redis-cart,-,,1,1,1,0,6.3,0.0
6,mega,400,0,0,140,megapod,-,,4,4,4,0,6.3,0.0
6,mega,400,0,0,140,redis-cart,-,,1,1,1,0,6.3,0.0
6,mega,400,0,0,155,megapod,-,,4,4,4,0,6.3,0.0
6,mega,400,0,0,155,redis-cart,-,,1,1,1,0,6.3,0.0
6,mega,400,0,0,171,megapod,-,,4,4,4,0,6.3,0.0
6,mega,400,0,0,171,redis-cart,-,,1,1,1,0,6.3,0.0
6,mega,400,0,0,186,megapod,-,,4,4,4,0,6.3,0.0
6,mega,400,0,0,186,redis-cart,-,,1,1,1,0,6.3,0.0
6,mega,400,0,0,202,megapod,-,,4,4,4,0,6.3,0.0
6,mega,400,0,0,202,redis-cart,-,,1,1,1,0,6.3,0.0
6,mega,450,0,0,1,megapod,-,,4,4,4,0,6.3,0.0
6,mega,450,0,0,1,redis-cart,-,,1,1,1,0,6.3,0.0
6,mega,450,0,0,16,megapod,-,,4,4,4,0,6.3,0.0
6,mega,450,0,0,16,redis-cart,-,,1,1,1,0,6.3,0.0
6,mega,450,0,0,32,megapod,-,,4,4,4,0,6.3,0.0
6,mega,450,0,0,32,redis-cart,-,,1,1,1,0,6.3,0.0
6,mega,450,0,0,47,megapod,-,,4,4,4,0,6.3,0.0
6,mega,450,0,0,47,redis-cart,-,,1,1,1,0,6.3,0.0
6,mega,450,0,0,63,megapod,-,,4,4,4,0,6.3,0.0
6,mega,450,0,0,63,redis-cart,-,,1,1,1,0,6.3,0.0
6,mega,450,0,0,78,megapod,-,,4,4,2,0,6.3,0.0
6,mega,450,0,0,78,redis-cart,-,,1,1,1,0,6.3,0.0
6,mega,450,0,0,93,megapod,-,,4,4,0,0,6.3,0.0
6,mega,450,0,0,93,redis-cart,-,,1,1,1,0,6.3,0.0
6,mega,450,0,0,109,megapod,-,,4,4,1,0,6.3,0.0
6,mega,450,0,0,109,redis-cart,-,,1,1,1,0,6.3,0.0
6,mega,450,0,0,124,megapod,-,,4,4,0,0,6.3,0.0
6,mega,450,0,0,124,redis-cart,-,,1,1,1,0,6.3,0.0
6,mega,450,0,0,140,megapod,-,,4,4,2,0,6.3,0.0
6,mega,450,0,0,140,redis-cart,-,,1,1,1,0,6.3,0.0
6,mega,450,0,0,155,megapod,-,,4,4,0,0,6.3,0.0
6,mega,450,0,0,155,redis-cart,-,,1,1,1,0,6.3,0.0
6,mega,450,0,0,171,megapod,-,,4,4,1,0,6.3,0.0
6,mega,450,0,0,171,redis-cart,-,,1,1,1,0,6.3,0.0
6,mega,450,0,0,186,megapod,-,,4,4,2,0,6.3,0.0
6,mega,450,0,0,186,redis-cart,-,,1,1,1,0,6.3,0.0
6,mega,450,0,0,202,megapod,-,,4,4,1,0,6.3,0.0
6,mega,450,0,0,202,redis-cart,-,,1,1,1,0,6.3,0.0
7,normal,350,0,0,0,adservice,-,,4,4,4,0,6.3,0.0
7,normal,350,0,0,0,cartservice,-,,4,4,4,0,6.3,0.0
7,normal,350,0,0,0,checkoutservice,-,,4,4,4,0,6.3,0.0
7,normal,350,0,0,0,currencyservice,-,,4,4,4,0,6.3,0.0
7,normal,350,0,0,0,emailservice,-,,4,4,4,0,6.3,0.0
7,normal,350,0,0,0,frontend,-,,4,4,4,0,6.3,0.0
7,normal,350,0,0,0,paymentservice,-,,4,4,4,0,6.3,0.0
7,normal,350,0,0,0,productcatalogservice,-,,4,4,4,0,6.3,0.0
7,normal,350,0,0,0,recommendationservice,-,,4,4,4,0,6.3,0.0
7,normal,350,0,0,0,redis-cart,-,,1,1,1,0,6.3,0.0
7,normal,350,0,0,0,shippingservice,-,,4,4,4,0,6.3,0.0
7,normal,350,0,0,15,adservice,-,,4,4,4,0,6.3,0.0
7,normal,350,0,0,15,cartservice,-,,4,4,4,0,6.3,0.0
7,normal,350,0,0,15,checkoutservice,-,,4,4,4,0,6.3,0.0
7,normal,350,0,0,15,currencyservice,-,,4,4,4,0,6.3,0.0
7,normal,350,0,0,15,emailservice,-,,4,4,4,0,6.3,0.0
7,normal,350,0,0,15,frontend,-,,4,4,4,0,6.3,0.0
7,normal,350,0,0,15,paymentservice,-,,4,4,4,0,6.3,0.0
7,normal,350,0,0,15,productcatalogservice,-,,4,4,4,0,6.3,0.0
7,normal,350,0,0,15,recommendationservice,-,,4,4,4,0,6.3,0.0
7,normal,350,0,0,15,redis-cart,-,,1,1,1,0,6.3,0.0
7,normal,350,0,0,15,shippingservice,-,,4,4,4,0,6.3,0.0
7,normal,350,0,0,31,adservice,-,,4,4,4,0,6.3,0.0
7,normal,350,0,0,31,cartservice,-,,4,4,4,0,6.3,0.0
7,normal,350,0,0,31,checkoutservice,-,,4,4,4,0,6.3,0.0
7,normal,350,0,0,31,currencyservice,-,,4,4,4,0,6.3,0.0
7,normal,350,0,0,31,emailservice,-,,4,4,4,0,6.3,0.0
7,normal,350,0,0,31,frontend,-,,4,4,4,0,6.3,0.0
7,normal,350,0,0,31,paymentservice,-,,4,4,4,0,6.3,0.0
7,normal,350,0,0,31,productcatalogservice,-,,4,4,4,0,6.3,0.0
7,normal,350,0,0,31,recommendationservice,-,,4,4,4,0,6.3,0.0
7,normal,350,0,0,31,redis-cart,-,,1,1,1,0,6.3,0.0
7,normal,350,0,0,31,shippingservice,-,,4,4,4,0,6.3,0.0
7,normal,350,0,0,46,adservice,-,,4,4,4,0,6.3,0.0
7,normal,350,0,0,46,cartservice,-,,4,4,4,0,6.3,0.0
7,normal,350,0,0,46,checkoutservice,-,,4,4,4,0,6.3,0.0
7,normal,350,0,0,46,currencyservice,-,,4,4,4,0,6.3,0.0
7,normal,350,0,0,46,emailservice,-,,4,4,4,0,6.3,0.0
7,normal,350,0,0,46,frontend,-,,4,4,4,0,6.3,0.0
7,normal,350,0,0,46,paymentservice,-,,4,4,4,0,6.3,0.0
7,normal,350,0,0,46,productcatalogservice,-,,4,4,4,0,6.3,0.0
7,normal,350,0,0,46,recommendationservice,-,,4,4,4,0,6.3,0.0
7,normal,350,0,0,46,redis-cart,-,,1,1,1,0,6.3,0.0
7,normal,350,0,0,46,shippingservice,-,,4,4,4,0,6.3,0.0
7,normal,350,0,0,62,adservice,-,,4,4,4,0,6.3,0.0
7,normal,350,0,0,62,cartservice,-,,4,4,4,0,6.3,0.0
7,normal,350,0,0,62,checkoutservice,-,,4,4,4,0,6.3,0.0
7,normal,350,0,0,62,currencyservice,-,,4,4,4,0,6.3,0.0
7,normal,350,0,0,62,emailservice,-,,4,4,4,0,6.3,0.0
7,normal,350,0,0,62,frontend,-,,4,4,4,0,6.3,0.0
7,normal,350,0,0,62,paymentservice,-,,4,4,4,0,6.3,0.0
7,normal,350,0,0,62,productcatalogservice,-,,4,4,4,0,6.3,0.0
7,normal,350,0,0,62,recommendationservice,-,,4,4,4,0,6.3,0.0
7,normal,350,0,0,62,redis-cart,-,,1,1,1,0,6.3,0.0
7,normal,350,0,0,62,shippingservice,-,,4,4,4,0,6.3,0.0
7,normal,350,0,0,77,adservice,-,,4,4,4,0,6.3,0.0
7,normal,350,0,0,77,cartservice,-,,4,4,4,0,6.3,0.0
7,normal,350,0,0,77,checkoutservice,-,,4,4,4,0,6.3,0.0
7,normal,350,0,0,77,currencyservice,-,,4,4,4,0,6.3,0.0
7,normal,350,0,0,77,emailservice,-,,4,4,4,0,6.3,0.0
7,normal,350,0,0,77,frontend,-,,4,4,4,0,6.3,0.0
7,normal,350,0,0,77,paymentservice,-,,4,4,4,0,6.3,0.0
7,normal,350,0,0,77,productcatalogservice,-,,4,4,4,0,6.3,0.0
7,normal,350,0,0,77,recommendationservice,-,,4,4,4,0,6.3,0.0
7,normal,350,0,0,77,redis-cart,-,,1,1,1,0,6.3,0.0
7,normal,350,0,0,77,shippingservice,-,,4,4,4,0,6.3,0.0
7,normal,350,0,0,93,adservice,-,,4,4,4,0,6.3,0.0
7,normal,350,0,0,93,cartservice,-,,4,4,4,0,6.3,0.0
7,normal,350,0,0,93,checkoutservice,-,,4,4,4,0,6.3,0.0
7,normal,350,0,0,93,currencyservice,-,,4,4,4,0,6.3,0.0
7,normal,350,0,0,93,emailservice,-,,4,4,4,0,6.3,0.0
7,normal,350,0,0,93,frontend,-,,4,4,4,0,6.3,0.0
7,normal,350,0,0,93,paymentservice,-,,4,4,4,0,6.3,0.0
7,normal,350,0,0,93,productcatalogservice,-,,4,4,4,0,6.3,0.0
7,normal,350,0,0,93,recommendationservice,-,,4,4,4,0,6.3,0.0
7,normal,350,0,0,93,redis-cart,-,,1,1,1,0,6.3,0.0
7,normal,350,0,0,93,shippingservice,-,,4,4,4,0,6.3,0.0
7,normal,350,0,0,108,adservice,-,,4,4,4,0,6.3,0.0
7,normal,350,0,0,108,cartservice,-,,4,4,4,0,6.3,0.0
7,normal,350,0,0,108,checkoutservice,-,,4,4,4,0,6.3,0.0
7,normal,350,0,0,108,currencyservice,-,,4,4,4,0,6.3,0.0
7,normal,350,0,0,108,emailservice,-,,4,4,4,0,6.3,0.0
7,normal,350,0,0,108,frontend,-,,4,4,4,0,6.3,0.0
7,normal,350,0,0,108,paymentservice,-,,4,4,4,0,6.3,0.0
7,normal,350,0,0,108,productcatalogservice,-,,4,4,4,0,6.3,0.0
7,normal,350,0,0,108,recommendationservice,-,,4,4,4,0,6.3,0.0
7,normal,350,0,0,108,redis-cart,-,,1,1,1,0,6.3,0.0
7,normal,350,0,0,108,shippingservice,-,,4,4,4,0,6.3,0.0
7,normal,350,0,0,124,adservice,-,,4,4,4,0,6.3,0.0
7,normal,350,0,0,124,cartservice,-,,4,4,4,0,6.3,0.0
7,normal,350,0,0,124,checkoutservice,-,,4,4,4,0,6.3,0.0
7,normal,350,0,0,124,currencyservice,-,,4,4,4,0,6.3,0.0
7,normal,350,0,0,124,emailservice,-,,4,4,4,0,6.3,0.0
7,normal,350,0,0,124,frontend,-,,4,4,4,0,6.3,0.0
7,normal,350,0,0,124,paymentservice,-,,4,4,4,0,6.3,0.0
7,normal,350,0,0,124,productcatalogservice,-,,4,4,4,0,6.3,0.0
7,normal,350,0,0,124,recommendationservice,-,,4,4,4,0,6.3,0.0
7,normal,350,0,0,124,redis-cart,-,,1,1,1,0,6.3,0.0
7,normal,350,0,0,124,shippingservice,-,,4,4,4,0,6.3,0.0
7,normal,350,0,0,139,adservice,-,,4,4,4,0,6.3,0.0
7,normal,350,0,0,139,cartservice,-,,4,4,4,0,6.3,0.0
7,normal,350,0,0,139,checkoutservice,-,,4,4,4,0,6.3,0.0
7,normal,350,0,0,139,currencyservice,-,,4,4,4,0,6.3,0.0
7,normal,350,0,0,139,emailservice,-,,4,4,4,0,6.3,0.0
7,normal,350,0,0,139,frontend,-,,4,4,4,0,6.3,0.0
7,normal,350,0,0,139,paymentservice,-,,4,4,4,0,6.3,0.0
7,normal,350,0,0,139,productcatalogservice,-,,4,4,4,0,6.3,0.0
7,normal,350,0,0,139,recommendationservice,-,,4,4,4,0,6.3,0.0
7,normal,350,0,0,139,redis-cart,-,,1,1,1,0,6.3,0.0
7,normal,350,0,0,139,shippingservice,-,,4,4,4,0,6.3,0.0
7,normal,350,0,0,155,adservice,-,,4,4,4,0,6.3,0.0
7,normal,350,0,0,155,cartservice,-,,4,4,4,0,6.3,0.0
7,normal,350,0,0,155,checkoutservice,-,,4,4,4,0,6.3,0.0
7,normal,350,0,0,155,currencyservice,-,,4,4,4,0,6.3,0.0
7,normal,350,0,0,155,emailservice,-,,4,4,4,0,6.3,0.0
7,normal,350,0,0,155,frontend,-,,4,4,4,0,6.3,0.0
7,normal,350,0,0,155,paymentservice,-,,4,4,4,0,6.3,0.0
7,normal,350,0,0,155,productcatalogservice,-,,4,4,4,0,6.3,0.0
7,normal,350,0,0,155,recommendationservice,-,,4,4,3,0,6.3,0.0
7,normal,350,0,0,155,redis-cart,-,,1,1,1,0,6.3,0.0
7,normal,350,0,0,155,shippingservice,-,,4,4,4,0,6.3,0.0
7,normal,350,0,0,170,adservice,-,,4,4,4,0,6.3,0.0
7,normal,350,0,0,170,cartservice,-,,4,4,4,0,6.3,0.0
7,normal,350,0,0,170,checkoutservice,-,,4,4,4,0,6.3,0.0
7,normal,350,0,0,170,currencyservice,-,,4,4,4,0,6.3,0.0
7,normal,350,0,0,170,emailservice,-,,4,4,4,0,6.3,0.0
7,normal,350,0,0,170,frontend,-,,4,4,4,0,6.3,0.0
7,normal,350,0,0,170,paymentservice,-,,4,4,4,0,6.3,0.0
7,normal,350,0,0,170,productcatalogservice,-,,4,4,4,0,6.3,0.0
7,normal,350,0,0,170,recommendationservice,-,,4,4,4,0,6.3,0.0
7,normal,350,0,0,170,redis-cart,-,,1,1,1,0,6.3,0.0
7,normal,350,0,0,170,shippingservice,-,,4,4,4,0,6.3,0.0
7,normal,350,0,0,186,adservice,-,,4,4,4,0,6.3,0.0
7,normal,350,0,0,186,cartservice,-,,4,4,4,0,6.3,0.0
7,normal,350,0,0,186,checkoutservice,-,,4,4,4,0,6.3,0.0
7,normal,350,0,0,186,currencyservice,-,,4,4,4,0,6.3,0.0
7,normal,350,0,0,186,emailservice,-,,4,4,4,0,6.3,0.0
7,normal,350,0,0,186,frontend,-,,4,4,4,0,6.3,0.0
7,normal,350,0,0,186,paymentservice,-,,4,4,4,0,6.3,0.0
7,normal,350,0,0,186,productcatalogservice,-,,4,4,4,0,6.3,0.0
7,normal,350,0,0,186,recommendationservice,-,,4,4,4,0,6.3,0.0
7,normal,350,0,0,186,redis-cart,-,,1,1,1,0,6.3,0.0
7,normal,350,0,0,186,shippingservice,-,,4,4,4,0,6.3,0.0
7,normal,350,0,0,201,adservice,-,,4,4,4,0,6.3,0.0
7,normal,350,0,0,201,cartservice,-,,4,4,4,0,6.3,0.0
7,normal,350,0,0,201,checkoutservice,-,,4,4,4,0,6.3,0.0
7,normal,350,0,0,201,currencyservice,-,,4,4,4,0,6.3,0.0
7,normal,350,0,0,201,emailservice,-,,4,4,4,0,6.3,0.0
7,normal,350,0,0,201,frontend,-,,4,4,4,0,6.3,0.0
7,normal,350,0,0,201,paymentservice,-,,4,4,4,0,6.3,0.0
7,normal,350,0,0,201,productcatalogservice,-,,4,4,4,0,6.3,0.0
7,normal,350,0,0,201,recommendationservice,-,,4,4,3,0,6.3,0.0
7,normal,350,0,0,201,redis-cart,-,,1,1,1,0,6.3,0.0
7,normal,350,0,0,201,shippingservice,-,,4,4,4,0,6.3,0.0
7,normal,400,0,0,1,adservice,-,,4,4,4,0,6.3,0.0
7,normal,400,0,0,1,cartservice,-,,4,4,4,0,6.3,0.0
7,normal,400,0,0,1,checkoutservice,-,,4,4,4,0,6.3,0.0
7,normal,400,0,0,1,currencyservice,-,,4,4,4,0,6.3,0.0
7,normal,400,0,0,1,emailservice,-,,4,4,4,0,6.3,0.0
7,normal,400,0,0,1,frontend,-,,4,4,4,0,6.3,0.0
7,normal,400,0,0,1,paymentservice,-,,4,4,4,0,6.3,0.0
7,normal,400,0,0,1,productcatalogservice,-,,4,4,4,0,6.3,0.0
7,normal,400,0,0,1,recommendationservice,-,,4,4,4,0,6.3,0.0
7,normal,400,0,0,1,redis-cart,-,,1,1,1,0,6.3,0.0
7,normal,400,0,0,1,shippingservice,-,,4,4,4,0,6.3,0.0
7,normal,400,0,0,17,adservice,-,,4,4,4,0,6.3,0.0
7,normal,400,0,0,17,cartservice,-,,4,4,4,0,6.3,0.0
7,normal,400,0,0,17,checkoutservice,-,,4,4,4,0,6.3,0.0
7,normal,400,0,0,17,currencyservice,-,,4,4,4,0,6.3,0.0
7,normal,400,0,0,17,emailservice,-,,4,4,4,0,6.3,0.0
7,normal,400,0,0,17,frontend,-,,4,4,4,0,6.3,0.0
7,normal,400,0,0,17,paymentservice,-,,4,4,4,0,6.3,0.0
7,normal,400,0,0,17,productcatalogservice,-,,4,4,4,0,6.3,0.0
7,normal,400,0,0,17,recommendationservice,-,,4,4,4,0,6.3,0.0
7,normal,400,0,0,17,redis-cart,-,,1,1,1,0,6.3,0.0
7,normal,400,0,0,17,shippingservice,-,,4,4,4,0,6.3,0.0
7,normal,400,0,0,32,adservice,-,,4,4,4,0,6.3,0.0
7,normal,400,0,0,32,cartservice,-,,4,4,4,0,6.3,0.0
7,normal,400,0,0,32,checkoutservice,-,,4,4,4,0,6.3,0.0
7,normal,400,0,0,32,currencyservice,-,,4,4,4,0,6.3,0.0
7,normal,400,0,0,32,emailservice,-,,4,4,4,0,6.3,0.0
7,normal,400,0,0,32,frontend,-,,4,4,4,0,6.3,0.0
7,normal,400,0,0,32,paymentservice,-,,4,4,4,0,6.3,0.0
7,normal,400,0,0,32,productcatalogservice,-,,4,4,4,0,6.3,0.0
7,normal,400,0,0,32,recommendationservice,-,,4,4,4,0,6.3,0.0
7,normal,400,0,0,32,redis-cart,-,,1,1,1,0,6.3,0.0
7,normal,400,0,0,32,shippingservice,-,,4,4,4,0,6.3,0.0
7,normal,400,0,0,47,adservice,-,,4,4,4,0,6.3,0.0
7,normal,400,0,0,47,cartservice,-,,4,4,4,0,6.3,0.0
7,normal,400,0,0,47,checkoutservice,-,,4,4,4,0,6.3,0.0
7,normal,400,0,0,47,currencyservice,-,,4,4,4,0,6.3,0.0
7,normal,400,0,0,47,emailservice,-,,4,4,4,0,6.3,0.0
7,normal,400,0,0,47,frontend,-,,4,4,4,0,6.3,0.0
7,normal,400,0,0,47,paymentservice,-,,4,4,4,0,6.3,0.0
7,normal,400,0,0,47,productcatalogservice,-,,4,4,4,0,6.3,0.0
7,normal,400,0,0,47,recommendationservice,-,,4,4,3,0,6.3,0.0
7,normal,400,0,0,47,redis-cart,-,,1,1,1,0,6.3,0.0
7,normal,400,0,0,47,shippingservice,-,,4,4,4,0,6.3,0.0
7,normal,400,0,0,63,adservice,-,,4,4,4,0,6.3,0.0
7,normal,400,0,0,63,cartservice,-,,4,4,4,0,6.3,0.0
7,normal,400,0,0,63,checkoutservice,-,,4,4,4,0,6.3,0.0
7,normal,400,0,0,63,currencyservice,-,,4,4,4,0,6.3,0.0
7,normal,400,0,0,63,emailservice,-,,4,4,4,0,6.3,0.0
7,normal,400,0,0,63,frontend,-,,4,4,4,0,6.3,0.0
7,normal,400,0,0,63,paymentservice,-,,4,4,4,0,6.3,0.0
7,normal,400,0,0,63,productcatalogservice,-,,4,4,4,0,6.3,0.0
7,normal,400,0,0,63,recommendationservice,-,,4,4,3,0,6.3,0.0
7,normal,400,0,0,63,redis-cart,-,,1,1,1,0,6.3,0.0
7,normal,400,0,0,63,shippingservice,-,,4,4,4,0,6.3,0.0
7,normal,400,0,0,78,adservice,-,,4,4,4,0,6.3,0.0
7,normal,400,0,0,78,cartservice,-,,4,4,4,0,6.3,0.0
7,normal,400,0,0,78,checkoutservice,-,,4,4,4,0,6.3,0.0
7,normal,400,0,0,78,currencyservice,-,,4,4,4,0,6.3,0.0
7,normal,400,0,0,78,emailservice,-,,4,4,4,0,6.3,0.0
7,normal,400,0,0,78,frontend,-,,4,4,4,0,6.3,0.0
7,normal,400,0,0,78,paymentservice,-,,4,4,4,0,6.3,0.0
7,normal,400,0,0,78,productcatalogservice,-,,4,4,4,0,6.3,0.0
7,normal,400,0,0,78,recommendationservice,-,,4,4,2,0,6.3,0.0
7,normal,400,0,0,78,redis-cart,-,,1,1,1,0,6.3,0.0
7,normal,400,0,0,78,shippingservice,-,,4,4,4,0,6.3,0.0
7,normal,400,0,0,94,adservice,-,,4,4,4,0,6.3,0.0
7,normal,400,0,0,94,cartservice,-,,4,4,4,0,6.3,0.0
7,normal,400,0,0,94,checkoutservice,-,,4,4,4,0,6.3,0.0
7,normal,400,0,0,94,currencyservice,-,,4,4,4,0,6.3,0.0
7,normal,400,0,0,94,emailservice,-,,4,4,4,0,6.3,0.0
7,normal,400,0,0,94,frontend,-,,4,4,4,0,6.3,0.0
7,normal,400,0,0,94,paymentservice,-,,4,4,4,0,6.3,0.0
7,normal,400,0,0,94,productcatalogservice,-,,4,4,4,0,6.3,0.0
7,normal,400,0,0,94,recommendationservice,-,,4,4,1,0,6.3,0.0
7,normal,400,0,0,94,redis-cart,-,,1,1,1,0,6.3,0.0
7,normal,400,0,0,94,shippingservice,-,,4,4,4,0,6.3,0.0
7,normal,400,0,0,109,adservice,-,,4,4,4,0,6.3,0.0
7,normal,400,0,0,109,cartservice,-,,4,4,4,0,6.3,0.0
7,normal,400,0,0,109,checkoutservice,-,,4,4,4,0,6.3,0.0
7,normal,400,0,0,109,currencyservice,-,,4,4,4,0,6.3,0.0
7,normal,400,0,0,109,emailservice,-,,4,4,4,0,6.3,0.0
7,normal,400,0,0,109,frontend,-,,4,4,4,0,6.3,0.0
7,normal,400,0,0,109,paymentservice,-,,4,4,4,0,6.3,0.0
7,normal,400,0,0,109,productcatalogservice,-,,4,4,4,0,6.3,0.0
7,normal,400,0,0,109,recommendationservice,-,,4,4,1,0,6.3,0.0
7,normal,400,0,0,109,redis-cart,-,,1,1,1,0,6.3,0.0
7,normal,400,0,0,109,shippingservice,-,,4,4,4,0,6.3,0.0
7,normal,400,0,0,125,adservice,-,,4,4,4,0,6.3,0.0
7,normal,400,0,0,125,cartservice,-,,4,4,4,0,6.3,0.0
7,normal,400,0,0,125,checkoutservice,-,,4,4,4,0,6.3,0.0
7,normal,400,0,0,125,currencyservice,-,,4,4,4,0,6.3,0.0
7,normal,400,0,0,125,emailservice,-,,4,4,4,0,6.3,0.0
7,normal,400,0,0,125,frontend,-,,4,4,4,0,6.3,0.0
7,normal,400,0,0,125,paymentservice,-,,4,4,4,0,6.3,0.0
7,normal,400,0,0,125,productcatalogservice,-,,4,4,4,0,6.3,0.0
7,normal,400,0,0,125,recommendationservice,-,,4,4,1,0,6.3,0.0
7,normal,400,0,0,125,redis-cart,-,,1,1,1,0,6.3,0.0
7,normal,400,0,0,125,shippingservice,-,,4,4,4,0,6.3,0.0
7,normal,400,0,0,140,adservice,-,,4,4,4,0,6.3,0.0
7,normal,400,0,0,140,cartservice,-,,4,4,4,0,6.3,0.0
7,normal,400,0,0,140,checkoutservice,-,,4,4,4,0,6.3,0.0
7,normal,400,0,0,140,currencyservice,-,,4,4,4,0,6.3,0.0
7,normal,400,0,0,140,emailservice,-,,4,4,4,0,6.3,0.0
7,normal,400,0,0,140,frontend,-,,4,4,4,0,6.3,0.0
7,normal,400,0,0,140,paymentservice,-,,4,4,4,0,6.3,0.0
7,normal,400,0,0,140,productcatalogservice,-,,4,4,4,0,6.3,0.0
7,normal,400,0,0,140,recommendationservice,-,,4,4,2,0,6.3,0.0
7,normal,400,0,0,140,redis-cart,-,,1,1,1,0,6.3,0.0
7,normal,400,0,0,140,shippingservice,-,,4,4,4,0,6.3,0.0
7,normal,400,0,0,156,adservice,-,,4,4,4,0,6.3,0.0
7,normal,400,0,0,156,cartservice,-,,4,4,4,0,6.3,0.0
7,normal,400,0,0,156,checkoutservice,-,,4,4,4,0,6.3,0.0
7,normal,400,0,0,156,currencyservice,-,,4,4,4,0,6.3,0.0
7,normal,400,0,0,156,emailservice,-,,4,4,4,0,6.3,0.0
7,normal,400,0,0,156,frontend,-,,4,4,4,0,6.3,0.0
7,normal,400,0,0,156,paymentservice,-,,4,4,4,0,6.3,0.0
7,normal,400,0,0,156,productcatalogservice,-,,4,4,4,0,6.3,0.0
7,normal,400,0,0,156,recommendationservice,-,,4,4,2,0,6.3,0.0
7,normal,400,0,0,156,redis-cart,-,,1,1,1,0,6.3,0.0
7,normal,400,0,0,156,shippingservice,-,,4,4,4,0,6.3,0.0
7,normal,400,0,0,171,adservice,-,,4,4,4,0,6.3,0.0
7,normal,400,0,0,171,cartservice,-,,4,4,4,0,6.3,0.0
7,normal,400,0,0,171,checkoutservice,-,,4,4,4,0,6.3,0.0
7,normal,400,0,0,171,currencyservice,-,,4,4,4,0,6.3,0.0
7,normal,400,0,0,171,emailservice,-,,4,4,4,0,6.3,0.0
7,normal,400,0,0,171,frontend,-,,4,4,4,0,6.3,0.0
7,normal,400,0,0,171,paymentservice,-,,4,4,4,0,6.3,0.0
7,normal,400,0,0,171,productcatalogservice,-,,4,4,4,0,6.3,0.0
7,normal,400,0,0,171,recommendationservice,-,,4,4,2,0,6.3,0.0
7,normal,400,0,0,171,redis-cart,-,,1,1,1,0,6.3,0.0
7,normal,400,0,0,171,shippingservice,-,,4,4,4,0,6.3,0.0
7,normal,400,0,0,187,adservice,-,,4,4,4,0,6.3,0.0
7,normal,400,0,0,187,cartservice,-,,4,4,4,0,6.3,0.0
7,normal,400,0,0,187,checkoutservice,-,,4,4,4,0,6.3,0.0
7,normal,400,0,0,187,currencyservice,-,,4,4,4,0,6.3,0.0
7,normal,400,0,0,187,emailservice,-,,4,4,4,0,6.3,0.0
7,normal,400,0,0,187,frontend,-,,4,4,4,0,6.3,0.0
7,normal,400,0,0,187,paymentservice,-,,4,4,4,0,6.3,0.0
7,normal,400,0,0,187,productcatalogservice,-,,4,4,4,0,6.3,0.0
7,normal,400,0,0,187,recommendationservice,-,,4,4,2,0,6.3,0.0
7,normal,400,0,0,187,redis-cart,-,,1,1,1,0,6.3,0.0
7,normal,400,0,0,187,shippingservice,-,,4,4,4,0,6.3,0.0
7,normal,400,0,0,202,adservice,-,,4,4,4,0,6.3,0.0
7,normal,400,0,0,202,cartservice,-,,4,4,4,0,6.3,0.0
7,normal,400,0,0,202,checkoutservice,-,,4,4,4,0,6.3,0.0
7,normal,400,0,0,202,currencyservice,-,,4,4,4,0,6.3,0.0
7,normal,400,0,0,202,emailservice,-,,4,4,4,0,6.3,0.0
7,normal,400,0,0,202,frontend,-,,4,4,4,0,6.3,0.0
7,normal,400,0,0,202,paymentservice,-,,4,4,4,0,6.3,0.0
7,normal,400,0,0,202,productcatalogservice,-,,4,4,4,0,6.3,0.0
7,normal,400,0,0,202,recommendationservice,-,,4,4,2,0,6.3,0.0
7,normal,400,0,0,202,redis-cart,-,,1,1,1,0,6.3,0.0
7,normal,400,0,0,202,shippingservice,-,,4,4,4,0,6.3,0.0
7,frontrecocatalog,350,0,0,1,adservice,-,,4,4,4,0,6.3,0.0
7,frontrecocatalog,350,0,0,1,cartservice,-,,4,4,4,0,6.3,0.0
7,frontrecocatalog,350,0,0,1,checkoutservice,-,,4,4,4,0,6.3,0.0
7,frontrecocatalog,350,0,0,1,currencyservice,-,,4,4,4,0,6.3,0.0
7,frontrecocatalog,350,0,0,1,emailservice,-,,4,4,4,0,6.3,0.0
7,frontrecocatalog,350,0,0,1,frontend,-,,4,4,4,0,6.3,0.0
7,frontrecocatalog,350,0,0,1,paymentservice,-,,4,4,4,0,6.3,0.0
7,frontrecocatalog,350,0,0,1,redis-cart,-,,1,1,1,0,6.3,0.0
7,frontrecocatalog,350,0,0,1,shippingservice,-,,4,4,4,0,6.3,0.0
7,frontrecocatalog,350,0,0,16,adservice,-,,4,4,4,0,6.3,0.0
7,frontrecocatalog,350,0,0,16,cartservice,-,,4,4,4,0,6.3,0.0
7,frontrecocatalog,350,0,0,16,checkoutservice,-,,4,4,4,0,6.3,0.0
7,frontrecocatalog,350,0,0,16,currencyservice,-,,4,4,4,0,6.3,0.0
7,frontrecocatalog,350,0,0,16,emailservice,-,,4,4,4,0,6.3,0.0
7,frontrecocatalog,350,0,0,16,frontend,-,,4,4,4,0,6.3,0.0
7,frontrecocatalog,350,0,0,16,paymentservice,-,,4,4,4,0,6.3,0.0
7,frontrecocatalog,350,0,0,16,redis-cart,-,,1,1,1,0,6.3,0.0
7,frontrecocatalog,350,0,0,16,shippingservice,-,,4,4,4,0,6.3,0.0
7,frontrecocatalog,350,0,0,31,adservice,-,,4,4,4,0,6.3,0.0
7,frontrecocatalog,350,0,0,31,cartservice,-,,4,4,4,0,6.3,0.0
7,frontrecocatalog,350,0,0,31,checkoutservice,-,,4,4,4,0,6.3,0.0
7,frontrecocatalog,350,0,0,31,currencyservice,-,,4,4,4,0,6.3,0.0
7,frontrecocatalog,350,0,0,31,emailservice,-,,4,4,3,0,6.3,0.0
7,frontrecocatalog,350,0,0,31,frontend,-,,4,4,4,0,6.3,0.0
7,frontrecocatalog,350,0,0,31,paymentservice,-,,4,4,4,0,6.3,0.0
7,frontrecocatalog,350,0,0,31,redis-cart,-,,1,1,1,0,6.3,0.0
7,frontrecocatalog,350,0,0,31,shippingservice,-,,4,4,4,0,6.3,0.0
7,frontrecocatalog,350,0,0,47,adservice,-,,4,4,4,0,6.3,0.0
7,frontrecocatalog,350,0,0,47,cartservice,-,,4,4,4,0,6.3,0.0
7,frontrecocatalog,350,0,0,47,checkoutservice,-,,4,4,4,0,6.3,0.0
7,frontrecocatalog,350,0,0,47,currencyservice,-,,4,4,4,0,6.3,0.0
7,frontrecocatalog,350,0,0,47,emailservice,-,,4,4,3,0,6.3,0.0
7,frontrecocatalog,350,0,0,47,frontend,-,,4,4,4,0,6.3,0.0
7,frontrecocatalog,350,0,0,47,paymentservice,-,,4,4,4,0,6.3,0.0
7,frontrecocatalog,350,0,0,47,redis-cart,-,,1,1,1,0,6.3,0.0
7,frontrecocatalog,350,0,0,47,shippingservice,-,,4,4,4,0,6.3,0.0
7,frontrecocatalog,350,0,0,62,adservice,-,,4,4,4,0,6.3,0.0
7,frontrecocatalog,350,0,0,62,cartservice,-,,4,4,4,0,6.3,0.0
7,frontrecocatalog,350,0,0,62,checkoutservice,-,,4,4,4,0,6.3,0.0
7,frontrecocatalog,350,0,0,62,currencyservice,-,,4,4,4,0,6.3,0.0
7,frontrecocatalog,350,0,0,62,emailservice,-,,4,4,3,0,6.3,0.0
7,frontrecocatalog,350,0,0,62,frontend,-,,4,4,4,0,6.3,0.0
7,frontrecocatalog,350,0,0,62,paymentservice,-,,4,4,4,0,6.3,0.0
7,frontrecocatalog,350,0,0,62,redis-cart,-,,1,1,1,0,6.3,0.0
7,frontrecocatalog,350,0,0,62,shippingservice,-,,4,4,4,0,6.3,0.0
7,frontrecocatalog,350,0,0,78,adservice,-,,4,4,4,0,6.3,0.0
7,frontrecocatalog,350,0,0,78,cartservice,-,,4,4,4,0,6.3,0.0
7,frontrecocatalog,350,0,0,78,checkoutservice,-,,4,4,4,0,6.3,0.0
7,frontrecocatalog,350,0,0,78,currencyservice,-,,4,4,4,0,6.3,0.0
7,frontrecocatalog,350,0,0,78,emailservice,-,,4,4,3,0,6.3,0.0
7,frontrecocatalog,350,0,0,78,frontend,-,,4,4,4,0,6.3,0.0
7,frontrecocatalog,350,0,0,78,paymentservice,-,,4,4,4,0,6.3,0.0
7,frontrecocatalog,350,0,0,78,redis-cart,-,,1,1,1,0,6.3,0.0
7,frontrecocatalog,350,0,0,78,shippingservice,-,,4,4,4,0,6.3,0.0
7,frontrecocatalog,350,0,0,93,adservice,-,,4,4,4,0,6.3,0.0
7,frontrecocatalog,350,0,0,93,cartservice,-,,4,4,4,0,6.3,0.0
7,frontrecocatalog,350,0,0,93,checkoutservice,-,,4,4,4,0,6.3,0.0
7,frontrecocatalog,350,0,0,93,currencyservice,-,,4,4,4,0,6.3,0.0
7,frontrecocatalog,350,0,0,93,emailservice,-,,4,4,4,0,6.3,0.0
7,frontrecocatalog,350,0,0,93,frontend,-,,4,4,4,0,6.3,0.0
7,frontrecocatalog,350,0,0,93,paymentservice,-,,4,4,4,0,6.3,0.0
7,frontrecocatalog,350,0,0,93,redis-cart,-,,1,1,1,0,6.3,0.0
7,frontrecocatalog,350,0,0,93,shippingservice,-,,4,4,4,0,6.3,0.0
7,frontrecocatalog,350,0,0,109,adservice,-,,4,4,4,0,6.3,0.0
7,frontrecocatalog,350,0,0,109,cartservice,-,,4,4,4,0,6.3,0.0
7,frontrecocatalog,350,0,0,109,checkoutservice,-,,4,4,4,0,6.3,0.0
7,frontrecocatalog,350,0,0,109,currencyservice,-,,4,4,4,0,6.3,0.0
7,frontrecocatalog,350,0,0,109,emailservice,-,,4,4,4,0,6.3,0.0
7,frontrecocatalog,350,0,0,109,frontend,-,,4,4,4,0,6.3,0.0
7,frontrecocatalog,350,0,0,109,paymentservice,-,,4,4,4,0,6.3,0.0
7,frontrecocatalog,350,0,0,109,redis-cart,-,,1,1,1,0,6.3,0.0
7,frontrecocatalog,350,0,0,109,shippingservice,-,,4,4,4,0,6.3,0.0
7,frontrecocatalog,350,0,0,124,adservice,-,,4,4,4,0,6.3,0.0
7,frontrecocatalog,350,0,0,124,cartservice,-,,4,4,4,0,6.3,0.0
7,frontrecocatalog,350,0,0,124,checkoutservice,-,,4,4,4,0,6.3,0.0
7,frontrecocatalog,350,0,0,124,currencyservice,-,,4,4,4,0,6.3,0.0
7,frontrecocatalog,350,0,0,124,emailservice,-,,4,4,4,0,6.3,0.0
7,frontrecocatalog,350,0,0,124,frontend,-,,4,4,4,0,6.3,0.0
7,frontrecocatalog,350,0,0,124,paymentservice,-,,4,4,4,0,6.3,0.0
7,frontrecocatalog,350,0,0,124,redis-cart,-,,1,1,1,0,6.3,0.0
7,frontrecocatalog,350,0,0,124,shippingservice,-,,4,4,4,0,6.3,0.0
7,frontrecocatalog,350,0,0,140,adservice,-,,4,4,4,0,6.3,0.0
7,frontrecocatalog,350,0,0,140,cartservice,-,,4,4,4,0,6.3,0.0
7,frontrecocatalog,350,0,0,140,checkoutservice,-,,4,4,4,0,6.3,0.0
7,frontrecocatalog,350,0,0,140,currencyservice,-,,4,4,4,0,6.3,0.0
7,frontrecocatalog,350,0,0,140,emailservice,-,,4,4,4,0,6.3,0.0
7,frontrecocatalog,350,0,0,140,frontend,-,,4,4,4,0,6.3,0.0
7,frontrecocatalog,350,0,0,140,paymentservice,-,,4,4,4,0,6.3,0.0
7,frontrecocatalog,350,0,0,140,redis-cart,-,,1,1,1,0,6.3,0.0
7,frontrecocatalog,350,0,0,140,shippingservice,-,,4,4,4,0,6.3,0.0
7,frontrecocatalog,350,0,0,155,adservice,-,,4,4,4,0,6.3,0.0
7,frontrecocatalog,350,0,0,155,cartservice,-,,4,4,4,0,6.3,0.0
7,frontrecocatalog,350,0,0,155,checkoutservice,-,,4,4,4,0,6.3,0.0
7,frontrecocatalog,350,0,0,155,currencyservice,-,,4,4,4,0,6.3,0.0
7,frontrecocatalog,350,0,0,155,emailservice,-,,4,4,4,0,6.3,0.0
7,frontrecocatalog,350,0,0,155,frontend,-,,4,4,4,0,6.3,0.0
7,frontrecocatalog,350,0,0,155,paymentservice,-,,4,4,4,0,6.3,0.0
7,frontrecocatalog,350,0,0,155,redis-cart,-,,1,1,1,0,6.3,0.0
7,frontrecocatalog,350,0,0,155,shippingservice,-,,4,4,4,0,6.3,0.0
7,frontrecocatalog,350,0,0,171,adservice,-,,4,4,4,0,6.3,0.0
7,frontrecocatalog,350,0,0,171,cartservice,-,,4,4,4,0,6.3,0.0
7,frontrecocatalog,350,0,0,171,checkoutservice,-,,4,4,4,0,6.3,0.0
7,frontrecocatalog,350,0,0,171,currencyservice,-,,4,4,4,0,6.3,0.0
7,frontrecocatalog,350,0,0,171,emailservice,-,,4,4,4,0,6.3,0.0
7,frontrecocatalog,350,0,0,171,frontend,-,,4,4,4,0,6.3,0.0
7,frontrecocatalog,350,0,0,171,paymentservice,-,,4,4,4,0,6.3,0.0
7,frontrecocatalog,350,0,0,171,redis-cart,-,,1,1,1,0,6.3,0.0
7,frontrecocatalog,350,0,0,171,shippingservice,-,,4,4,4,0,6.3,0.0
7,frontrecocatalog,350,0,0,186,adservice,-,,4,4,4,0,6.3,0.0
7,frontrecocatalog,350,0,0,186,cartservice,-,,4,4,4,0,6.3,0.0
7,frontrecocatalog,350,0,0,186,checkoutservice,-,,4,4,4,0,6.3,0.0
7,frontrecocatalog,350,0,0,186,currencyservice,-,,4,4,4,0,6.3,0.0
7,frontrecocatalog,350,0,0,186,emailservice,-,,4,4,4,0,6.3,0.0
7,frontrecocatalog,350,0,0,186,frontend,-,,4,4,4,0,6.3,0.0
7,frontrecocatalog,350,0,0,186,paymentservice,-,,4,4,4,0,6.3,0.0
7,frontrecocatalog,350,0,0,186,redis-cart,-,,1,1,1,0,6.3,0.0
7,frontrecocatalog,350,0,0,186,shippingservice,-,,4,4,4,0,6.3,0.0
7,frontrecocatalog,350,0,0,202,adservice,-,,4,4,4,0,6.3,0.0
7,frontrecocatalog,350,0,0,202,cartservice,-,,4,4,4,0,6.3,0.0
7,frontrecocatalog,350,0,0,202,checkoutservice,-,,4,4,4,0,6.3,0.0
7,frontrecocatalog,350,0,0,202,currencyservice,-,,4,4,4,0,6.3,0.0
7,frontrecocatalog,350,0,0,202,emailservice,-,,4,4,4,0,6.3,0.0
7,frontrecocatalog,350,0,0,202,frontend,-,,4,4,4,0,6.3,0.0
7,frontrecocatalog,350,0,0,202,paymentservice,-,,4,4,4,0,6.3,0.0
7,frontrecocatalog,350,0,0,202,redis-cart,-,,1,1,1,0,6.3,0.0
7,frontrecocatalog,350,0,0,202,shippingservice,-,,4,4,4,0,6.3,0.0
7,frontrecocatalog,400,0,0,0,adservice,-,,4,4,4,0,6.3,0.0
7,frontrecocatalog,400,0,0,0,cartservice,-,,4,4,4,0,6.3,0.0
7,frontrecocatalog,400,0,0,0,checkoutservice,-,,4,4,4,0,6.3,0.0
7,frontrecocatalog,400,0,0,0,currencyservice,-,,4,4,4,0,6.3,0.0
7,frontrecocatalog,400,0,0,0,emailservice,-,,4,4,4,0,6.3,0.0
7,frontrecocatalog,400,0,0,0,frontend,-,,4,4,4,0,6.3,0.0
7,frontrecocatalog,400,0,0,0,paymentservice,-,,4,4,4,0,6.3,0.0
7,frontrecocatalog,400,0,0,0,redis-cart,-,,1,1,1,0,6.3,0.0
7,frontrecocatalog,400,0,0,0,shippingservice,-,,4,4,4,0,6.3,0.0
7,frontrecocatalog,400,0,0,16,adservice,-,,4,4,4,0,6.3,0.0
7,frontrecocatalog,400,0,0,16,cartservice,-,,4,4,4,0,6.3,0.0
7,frontrecocatalog,400,0,0,16,checkoutservice,-,,4,4,4,0,6.3,0.0
7,frontrecocatalog,400,0,0,16,currencyservice,-,,4,4,4,0,6.3,0.0
7,frontrecocatalog,400,0,0,16,emailservice,-,,4,4,4,0,6.3,0.0
7,frontrecocatalog,400,0,0,16,frontend,-,,4,4,4,0,6.3,0.0
7,frontrecocatalog,400,0,0,16,paymentservice,-,,4,4,4,0,6.3,0.0
7,frontrecocatalog,400,0,0,16,redis-cart,-,,1,1,1,0,6.3,0.0
7,frontrecocatalog,400,0,0,16,shippingservice,-,,4,4,4,0,6.3,0.0
7,frontrecocatalog,400,0,0,31,adservice,-,,4,4,4,0,6.3,0.0
7,frontrecocatalog,400,0,0,31,cartservice,-,,4,4,4,0,6.3,0.0
7,frontrecocatalog,400,0,0,31,checkoutservice,-,,4,4,4,0,6.3,0.0
7,frontrecocatalog,400,0,0,31,currencyservice,-,,4,4,4,0,6.3,0.0
7,frontrecocatalog,400,0,0,31,emailservice,-,,4,4,4,0,6.3,0.0
7,frontrecocatalog,400,0,0,31,frontend,-,,4,4,4,0,6.3,0.0
7,frontrecocatalog,400,0,0,31,paymentservice,-,,4,4,4,0,6.3,0.0
7,frontrecocatalog,400,0,0,31,redis-cart,-,,1,1,1,0,6.3,0.0
7,frontrecocatalog,400,0,0,31,shippingservice,-,,4,4,4,0,6.3,0.0
7,frontrecocatalog,400,0,0,47,adservice,-,,4,4,4,0,6.3,0.0
7,frontrecocatalog,400,0,0,47,cartservice,-,,4,4,4,0,6.3,0.0
7,frontrecocatalog,400,0,0,47,checkoutservice,-,,4,4,4,0,6.3,0.0
7,frontrecocatalog,400,0,0,47,currencyservice,-,,4,4,4,0,6.3,0.0
7,frontrecocatalog,400,0,0,47,emailservice,-,,4,4,4,0,6.3,0.0
7,frontrecocatalog,400,0,0,47,frontend,-,,4,4,4,0,6.3,0.0
7,frontrecocatalog,400,0,0,47,paymentservice,-,,4,4,4,0,6.3,0.0
7,frontrecocatalog,400,0,0,47,redis-cart,-,,1,1,1,0,6.3,0.0
7,frontrecocatalog,400,0,0,47,shippingservice,-,,4,4,4,0,6.3,0.0
7,frontrecocatalog,400,0,0,62,adservice,-,,4,4,4,0,6.3,0.0
7,frontrecocatalog,400,0,0,62,cartservice,-,,4,4,4,0,6.3,0.0
7,frontrecocatalog,400,0,0,62,checkoutservice,-,,4,4,4,0,6.3,0.0
7,frontrecocatalog,400,0,0,62,currencyservice,-,,4,4,4,0,6.3,0.0
7,frontrecocatalog,400,0,0,62,emailservice,-,,4,4,4,0,6.3,0.0
7,frontrecocatalog,400,0,0,62,frontend,-,,4,4,4,0,6.3,0.0
7,frontrecocatalog,400,0,0,62,paymentservice,-,,4,4,4,0,6.3,0.0
7,frontrecocatalog,400,0,0,62,redis-cart,-,,1,1,1,0,6.3,0.0
7,frontrecocatalog,400,0,0,62,shippingservice,-,,4,4,4,0,6.3,0.0
7,frontrecocatalog,400,0,0,78,adservice,-,,4,4,4,0,6.3,0.0
7,frontrecocatalog,400,0,0,78,cartservice,-,,4,4,4,0,6.3,0.0
7,frontrecocatalog,400,0,0,78,checkoutservice,-,,4,4,4,0,6.3,0.0
7,frontrecocatalog,400,0,0,78,currencyservice,-,,4,4,4,0,6.3,0.0
7,frontrecocatalog,400,0,0,78,emailservice,-,,4,4,4,0,6.3,0.0
7,frontrecocatalog,400,0,0,78,frontend,-,,4,4,4,0,6.3,0.0
7,frontrecocatalog,400,0,0,78,paymentservice,-,,4,4,4,0,6.3,0.0
7,frontrecocatalog,400,0,0,78,redis-cart,-,,1,1,1,0,6.3,0.0
7,frontrecocatalog,400,0,0,78,shippingservice,-,,4,4,4,0,6.3,0.0
7,frontrecocatalog,400,0,0,93,adservice,-,,4,4,4,0,6.3,0.0
7,frontrecocatalog,400,0,0,93,cartservice,-,,4,4,4,0,6.3,0.0
7,frontrecocatalog,400,0,0,93,checkoutservice,-,,4,4,4,0,6.3,0.0
7,frontrecocatalog,400,0,0,93,currencyservice,-,,4,4,4,0,6.3,0.0
7,frontrecocatalog,400,0,0,93,emailservice,-,,4,4,4,0,6.3,0.0
7,frontrecocatalog,400,0,0,93,frontend,-,,4,4,4,0,6.3,0.0
7,frontrecocatalog,400,0,0,93,paymentservice,-,,4,4,4,0,6.3,0.0
7,frontrecocatalog,400,0,0,93,redis-cart,-,,1,1,1,0,6.3,0.0
7,frontrecocatalog,400,0,0,93,shippingservice,-,,4,4,4,0,6.3,0.0
7,frontrecocatalog,400,0,0,109,adservice,-,,4,4,4,0,6.3,0.0
7,frontrecocatalog,400,0,0,109,cartservice,-,,4,4,4,0,6.3,0.0
7,frontrecocatalog,400,0,0,109,checkoutservice,-,,4,4,4,0,6.3,0.0
7,frontrecocatalog,400,0,0,109,currencyservice,-,,4,4,4,0,6.3,0.0
7,frontrecocatalog,400,0,0,109,emailservice,-,,4,4,4,0,6.3,0.0
7,frontrecocatalog,400,0,0,109,frontend,-,,4,4,4,0,6.3,0.0
7,frontrecocatalog,400,0,0,109,paymentservice,-,,4,4,4,0,6.3,0.0
7,frontrecocatalog,400,0,0,109,redis-cart,-,,1,1,1,0,6.3,0.0
7,frontrecocatalog,400,0,0,109,shippingservice,-,,4,4,4,0,6.3,0.0
7,frontrecocatalog,400,0,0,124,adservice,-,,4,4,4,0,6.3,0.0
7,frontrecocatalog,400,0,0,124,cartservice,-,,4,4,4,0,6.3,0.0
7,frontrecocatalog,400,0,0,124,checkoutservice,-,,4,4,4,0,6.3,0.0
7,frontrecocatalog,400,0,0,124,currencyservice,-,,4,4,4,0,6.3,0.0
7,frontrecocatalog,400,0,0,124,emailservice,-,,4,4,4,0,6.3,0.0
7,frontrecocatalog,400,0,0,124,frontend,-,,4,4,4,0,6.3,0.0
7,frontrecocatalog,400,0,0,124,paymentservice,-,,4,4,4,0,6.3,0.0
7,frontrecocatalog,400,0,0,124,redis-cart,-,,1,1,1,0,6.3,0.0
7,frontrecocatalog,400,0,0,124,shippingservice,-,,4,4,4,0,6.3,0.0
7,frontrecocatalog,400,0,0,140,adservice,-,,4,4,4,0,6.3,0.0
7,frontrecocatalog,400,0,0,140,cartservice,-,,4,4,4,0,6.3,0.0
7,frontrecocatalog,400,0,0,140,checkoutservice,-,,4,4,4,0,6.3,0.0
7,frontrecocatalog,400,0,0,140,currencyservice,-,,4,4,4,0,6.3,0.0
7,frontrecocatalog,400,0,0,140,emailservice,-,,4,4,4,0,6.3,0.0
7,frontrecocatalog,400,0,0,140,frontend,-,,4,4,4,0,6.3,0.0
7,frontrecocatalog,400,0,0,140,paymentservice,-,,4,4,4,0,6.3,0.0
7,frontrecocatalog,400,0,0,140,redis-cart,-,,1,1,1,0,6.3,0.0
7,frontrecocatalog,400,0,0,140,shippingservice,-,,4,4,4,0,6.3,0.0
7,frontrecocatalog,400,0,0,155,adservice,-,,4,4,4,0,6.3,0.0
7,frontrecocatalog,400,0,0,155,cartservice,-,,4,4,4,0,6.3,0.0
7,frontrecocatalog,400,0,0,155,checkoutservice,-,,4,4,4,0,6.3,0.0
7,frontrecocatalog,400,0,0,155,currencyservice,-,,4,4,4,0,6.3,0.0
7,frontrecocatalog,400,0,0,155,emailservice,-,,4,4,4,0,6.3,0.0
7,frontrecocatalog,400,0,0,155,frontend,-,,4,4,4,0,6.3,0.0
7,frontrecocatalog,400,0,0,155,paymentservice,-,,4,4,4,0,6.3,0.0
7,frontrecocatalog,400,0,0,155,redis-cart,-,,1,1,1,0,6.3,0.0
7,frontrecocatalog,400,0,0,155,shippingservice,-,,4,4,4,0,6.3,0.0
7,frontrecocatalog,400,0,0,171,adservice,-,,4,4,4,0,6.3,0.0
7,frontrecocatalog,400,0,0,171,cartservice,-,,4,4,4,0,6.3,0.0
7,frontrecocatalog,400,0,0,171,checkoutservice,-,,4,4,4,0,6.3,0.0
7,frontrecocatalog,400,0,0,171,currencyservice,-,,4,4,4,0,6.3,0.0
7,frontrecocatalog,400,0,0,171,emailservice,-,,4,4,4,0,6.3,0.0
7,frontrecocatalog,400,0,0,171,frontend,-,,4,4,4,0,6.3,0.0
7,frontrecocatalog,400,0,0,171,paymentservice,-,,4,4,4,0,6.3,0.0
7,frontrecocatalog,400,0,0,171,redis-cart,-,,1,1,1,0,6.3,0.0
7,frontrecocatalog,400,0,0,171,shippingservice,-,,4,4,4,0,6.3,0.0
7,frontrecocatalog,400,0,0,186,adservice,-,,4,4,4,0,6.3,0.0
7,frontrecocatalog,400,0,0,186,cartservice,-,,4,4,4,0,6.3,0.0
7,frontrecocatalog,400,0,0,186,checkoutservice,-,,4,4,4,0,6.3,0.0
7,frontrecocatalog,400,0,0,186,currencyservice,-,,4,4,4,0,6.3,0.0
7,frontrecocatalog,400,0,0,186,emailservice,-,,4,4,4,0,6.3,0.0
7,frontrecocatalog,400,0,0,186,frontend,-,,4,4,4,0,6.3,0.0
7,frontrecocatalog,400,0,0,186,paymentservice,-,,4,4,4,0,6.3,0.0
7,frontrecocatalog,400,0,0,186,redis-cart,-,,1,1,1,0,6.3,0.0
7,frontrecocatalog,400,0,0,186,shippingservice,-,,4,4,4,0,6.3,0.0
7,frontrecocatalog,400,0,0,202,adservice,-,,4,4,4,0,6.3,0.0
7,frontrecocatalog,400,0,0,202,cartservice,-,,4,4,4,0,6.3,0.0
7,frontrecocatalog,400,0,0,202,checkoutservice,-,,4,4,4,0,6.3,0.0
7,frontrecocatalog,400,0,0,202,currencyservice,-,,4,4,4,0,6.3,0.0
7,frontrecocatalog,400,0,0,202,emailservice,-,,4,4,4,0,6.3,0.0
7,frontrecocatalog,400,0,0,202,frontend,-,,4,4,4,0,6.3,0.0
7,frontrecocatalog,400,0,0,202,paymentservice,-,,4,4,4,0,6.3,0.0
7,frontrecocatalog,400,0,0,202,redis-cart,-,,1,1,1,0,6.3,0.0
7,frontrecocatalog,400,0,0,202,shippingservice,-,,4,4,4,0,6.3,0.0
7,mega,350,0,0,0,megapod,-,,4,4,4,0,12.28,0.0
7,mega,350,0,0,0,redis-cart,-,,1,1,1,0,12.28,0.0
7,mega,350,0,0,16,megapod,-,,4,4,4,0,6.3,0.0
7,mega,350,0,0,16,redis-cart,-,,1,1,1,0,6.3,0.0
7,mega,350,0,0,31,megapod,-,,4,4,4,0,6.3,0.0
7,mega,350,0,0,31,redis-cart,-,,1,1,1,0,6.3,0.0
7,mega,350,0,0,47,megapod,-,,4,4,4,0,6.3,0.0
7,mega,350,0,0,47,redis-cart,-,,1,1,1,0,6.3,0.0
7,mega,350,0,0,62,megapod,-,,4,4,4,0,6.3,0.0
7,mega,350,0,0,62,redis-cart,-,,1,1,1,0,6.3,0.0
7,mega,350,0,0,77,megapod,-,,4,4,4,0,6.3,0.0
7,mega,350,0,0,77,redis-cart,-,,1,1,1,0,6.3,0.0
7,mega,350,0,0,93,megapod,-,,4,4,4,0,6.3,0.0
7,mega,350,0,0,93,redis-cart,-,,1,1,1,0,6.3,0.0
7,mega,350,0,0,108,megapod,-,,4,4,4,0,6.3,0.0
7,mega,350,0,0,108,redis-cart,-,,1,1,1,0,6.3,0.0
7,mega,350,0,0,124,megapod,-,,4,4,4,0,6.3,0.0
7,mega,350,0,0,124,redis-cart,-,,1,1,1,0,6.3,0.0
7,mega,350,0,0,139,megapod,-,,4,4,4,0,6.3,0.0
7,mega,350,0,0,139,redis-cart,-,,1,1,1,0,6.3,0.0
7,mega,350,0,0,154,megapod,-,,4,4,4,0,6.3,0.0
7,mega,350,0,0,154,redis-cart,-,,1,1,1,0,6.3,0.0
7,mega,350,0,0,170,megapod,-,,4,4,4,0,6.3,0.0
7,mega,350,0,0,170,redis-cart,-,,1,1,1,0,6.3,0.0
7,mega,350,0,0,185,megapod,-,,4,4,4,0,6.3,0.0
7,mega,350,0,0,185,redis-cart,-,,1,1,1,0,6.3,0.0
7,mega,350,0,0,201,megapod,-,,4,4,4,0,6.3,0.0
7,mega,350,0,0,201,redis-cart,-,,1,1,1,0,6.3,0.0
7,mega,400,0,0,0,megapod,-,,4,4,4,0,6.3,0.0
7,mega,400,0,0,0,redis-cart,-,,1,1,1,0,6.3,0.0
7,mega,400,0,0,16,megapod,-,,4,4,4,0,6.3,0.0
7,mega,400,0,0,16,redis-cart,-,,1,1,1,0,6.3,0.0
7,mega,400,0,0,31,megapod,-,,4,4,4,0,6.3,0.0
7,mega,400,0,0,31,redis-cart,-,,1,1,1,0,6.3,0.0
7,mega,400,0,0,47,megapod,-,,4,4,4,0,6.3,0.0
7,mega,400,0,0,47,redis-cart,-,,1,1,1,0,6.3,0.0
7,mega,400,0,0,62,megapod,-,,4,4,4,0,6.3,0.0
7,mega,400,0,0,62,redis-cart,-,,1,1,1,0,6.3,0.0
7,mega,400,0,0,78,megapod,-,,4,4,4,0,6.3,0.0
7,mega,400,0,0,78,redis-cart,-,,1,1,1,0,6.3,0.0
7,mega,400,0,0,93,megapod,-,,4,4,4,0,6.3,0.0
7,mega,400,0,0,93,redis-cart,-,,1,1,1,0,6.3,0.0
7,mega,400,0,0,108,megapod,-,,4,4,4,0,6.3,0.0
7,mega,400,0,0,108,redis-cart,-,,1,1,1,0,6.3,0.0
7,mega,400,0,0,124,megapod,-,,4,4,4,0,6.3,0.0
7,mega,400,0,0,124,redis-cart,-,,1,1,1,0,6.3,0.0
7,mega,400,0,0,139,megapod,-,,4,4,4,0,6.3,0.0
7,mega,400,0,0,139,redis-cart,-,,1,1,1,0,6.3,0.0
7,mega,400,0,0,155,megapod,-,,4,4,4,0,6.3,0.0
7,mega,400,0,0,155,redis-cart,-,,1,1,1,0,6.3,0.0
7,mega,400,0,0,170,megapod,-,,4,4,4,0,6.3,0.0
7,mega,400,0,0,170,redis-cart,-,,1,1,1,0,6.3,0.0
7,mega,400,0,0,186,megapod,-,,4,4,4,0,6.3,0.0
7,mega,400,0,0,186,redis-cart,-,,1,1,1,0,6.3,0.0
7,mega,400,0,0,201,megapod,-,,4,4,4,0,6.3,0.0
7,mega,400,0,0,201,redis-cart,-,,1,1,1,0,6.3,0.0
8,normal,350,0,0,0,adservice,-,,4,4,4,0,6.3,0.0
8,normal,350,0,0,0,cartservice,-,,4,4,4,0,6.3,0.0
8,normal,350,0,0,0,checkoutservice,-,,4,4,4,0,6.3,0.0
8,normal,350,0,0,0,currencyservice,-,,4,4,4,0,6.3,0.0
8,normal,350,0,0,0,emailservice,-,,4,4,4,0,6.3,0.0
8,normal,350,0,0,0,frontend,-,,4,4,4,0,6.3,0.0
8,normal,350,0,0,0,paymentservice,-,,4,4,4,0,6.3,0.0
8,normal,350,0,0,0,productcatalogservice,-,,4,4,4,0,6.3,0.0
8,normal,350,0,0,0,recommendationservice,-,,4,4,4,0,6.3,0.0
8,normal,350,0,0,0,redis-cart,-,,1,1,1,0,6.3,0.0
8,normal,350,0,0,0,shippingservice,-,,4,4,4,0,6.3,0.0
8,normal,350,0,0,16,adservice,-,,4,4,4,0,6.3,0.0
8,normal,350,0,0,16,cartservice,-,,4,4,4,0,6.3,0.0
8,normal,350,0,0,16,checkoutservice,-,,4,4,4,0,6.3,0.0
8,normal,350,0,0,16,currencyservice,-,,4,4,4,0,6.3,0.0
8,normal,350,0,0,16,emailservice,-,,4,4,4,0,6.3,0.0
8,normal,350,0,0,16,frontend,-,,4,4,4,0,6.3,0.0
8,normal,350,0,0,16,paymentservice,-,,4,4,4,0,6.3,0.0
8,normal,350,0,0,16,productcatalogservice,-,,4,4,4,0,6.3,0.0
8,normal,350,0,0,16,recommendationservice,-,,4,4,4,0,6.3,0.0
8,normal,350,0,0,16,redis-cart,-,,1,1,1,0,6.3,0.0
8,normal,350,0,0,16,shippingservice,-,,4,4,4,0,6.3,0.0
8,normal,350,0,0,31,adservice,-,,4,4,4,0,6.3,0.0
8,normal,350,0,0,31,cartservice,-,,4,4,4,0,6.3,0.0
8,normal,350,0,0,31,checkoutservice,-,,4,4,4,0,6.3,0.0
8,normal,350,0,0,31,currencyservice,-,,4,4,4,0,6.3,0.0
8,normal,350,0,0,31,emailservice,-,,4,4,4,0,6.3,0.0
8,normal,350,0,0,31,frontend,-,,4,4,4,0,6.3,0.0
8,normal,350,0,0,31,paymentservice,-,,4,4,4,0,6.3,0.0
8,normal,350,0,0,31,productcatalogservice,-,,4,4,4,0,6.3,0.0
8,normal,350,0,0,31,recommendationservice,-,,4,4,4,0,6.3,0.0
8,normal,350,0,0,31,redis-cart,-,,1,1,1,0,6.3,0.0
8,normal,350,0,0,31,shippingservice,-,,4,4,4,0,6.3,0.0
8,normal,350,0,0,47,adservice,-,,4,4,4,0,6.3,0.0
8,normal,350,0,0,47,cartservice,-,,4,4,4,0,6.3,0.0
8,normal,350,0,0,47,checkoutservice,-,,4,4,4,0,6.3,0.0
8,normal,350,0,0,47,currencyservice,-,,4,4,4,0,6.3,0.0
8,normal,350,0,0,47,emailservice,-,,4,4,4,0,6.3,0.0
8,normal,350,0,0,47,frontend,-,,4,4,4,0,6.3,0.0
8,normal,350,0,0,47,paymentservice,-,,4,4,4,0,6.3,0.0
8,normal,350,0,0,47,productcatalogservice,-,,4,4,4,0,6.3,0.0
8,normal,350,0,0,47,recommendationservice,-,,4,4,4,0,6.3,0.0
8,normal,350,0,0,47,redis-cart,-,,1,1,1,0,6.3,0.0
8,normal,350,0,0,47,shippingservice,-,,4,4,4,0,6.3,0.0
8,normal,350,0,0,62,adservice,-,,4,4,4,0,6.3,0.0
8,normal,350,0,0,62,cartservice,-,,4,4,4,0,6.3,0.0
8,normal,350,0,0,62,checkoutservice,-,,4,4,4,0,6.3,0.0
8,normal,350,0,0,62,currencyservice,-,,4,4,4,0,6.3,0.0
8,normal,350,0,0,62,emailservice,-,,4,4,4,0,6.3,0.0
8,normal,350,0,0,62,frontend,-,,4,4,4,0,6.3,0.0
8,normal,350,0,0,62,paymentservice,-,,4,4,4,0,6.3,0.0
8,normal,350,0,0,62,productcatalogservice,-,,4,4,4,0,6.3,0.0
8,normal,350,0,0,62,recommendationservice,-,,4,4,4,0,6.3,0.0
8,normal,350,0,0,62,redis-cart,-,,1,1,1,0,6.3,0.0
8,normal,350,0,0,62,shippingservice,-,,4,4,4,0,6.3,0.0
8,normal,350,0,0,78,adservice,-,,4,4,4,0,6.3,0.0
8,normal,350,0,0,78,cartservice,-,,4,4,4,0,6.3,0.0
8,normal,350,0,0,78,checkoutservice,-,,4,4,4,0,6.3,0.0
8,normal,350,0,0,78,currencyservice,-,,4,4,4,0,6.3,0.0
8,normal,350,0,0,78,emailservice,-,,4,4,4,0,6.3,0.0
8,normal,350,0,0,78,frontend,-,,4,4,4,0,6.3,0.0
8,normal,350,0,0,78,paymentservice,-,,4,4,4,0,6.3,0.0
8,normal,350,0,0,78,productcatalogservice,-,,4,4,4,0,6.3,0.0
8,normal,350,0,0,78,recommendationservice,-,,4,4,4,0,6.3,0.0
8,normal,350,0,0,78,redis-cart,-,,1,1,1,0,6.3,0.0
8,normal,350,0,0,78,shippingservice,-,,4,4,4,0,6.3,0.0
8,normal,350,0,0,93,adservice,-,,4,4,4,0,6.3,0.0
8,normal,350,0,0,93,cartservice,-,,4,4,4,0,6.3,0.0
8,normal,350,0,0,93,checkoutservice,-,,4,4,4,0,6.3,0.0
8,normal,350,0,0,93,currencyservice,-,,4,4,4,0,6.3,0.0
8,normal,350,0,0,93,emailservice,-,,4,4,4,0,6.3,0.0
8,normal,350,0,0,93,frontend,-,,4,4,4,0,6.3,0.0
8,normal,350,0,0,93,paymentservice,-,,4,4,4,0,6.3,0.0
8,normal,350,0,0,93,productcatalogservice,-,,4,4,4,0,6.3,0.0
8,normal,350,0,0,93,recommendationservice,-,,4,4,4,0,6.3,0.0
8,normal,350,0,0,93,redis-cart,-,,1,1,1,0,6.3,0.0
8,normal,350,0,0,93,shippingservice,-,,4,4,4,0,6.3,0.0
8,normal,350,0,0,109,adservice,-,,4,4,4,0,6.3,0.0
8,normal,350,0,0,109,cartservice,-,,4,4,4,0,6.3,0.0
8,normal,350,0,0,109,checkoutservice,-,,4,4,4,0,6.3,0.0
8,normal,350,0,0,109,currencyservice,-,,4,4,4,0,6.3,0.0
8,normal,350,0,0,109,emailservice,-,,4,4,4,0,6.3,0.0
8,normal,350,0,0,109,frontend,-,,4,4,4,0,6.3,0.0
8,normal,350,0,0,109,paymentservice,-,,4,4,4,0,6.3,0.0
8,normal,350,0,0,109,productcatalogservice,-,,4,4,4,0,6.3,0.0
8,normal,350,0,0,109,recommendationservice,-,,4,4,4,0,6.3,0.0
8,normal,350,0,0,109,redis-cart,-,,1,1,1,0,6.3,0.0
8,normal,350,0,0,109,shippingservice,-,,4,4,4,0,6.3,0.0
8,normal,350,0,0,124,adservice,-,,4,4,4,0,6.3,0.0
8,normal,350,0,0,124,cartservice,-,,4,4,4,0,6.3,0.0
8,normal,350,0,0,124,checkoutservice,-,,4,4,4,0,6.3,0.0
8,normal,350,0,0,124,currencyservice,-,,4,4,4,0,6.3,0.0
8,normal,350,0,0,124,emailservice,-,,4,4,4,0,6.3,0.0
8,normal,350,0,0,124,frontend,-,,4,4,4,0,6.3,0.0
8,normal,350,0,0,124,paymentservice,-,,4,4,4,0,6.3,0.0
8,normal,350,0,0,124,productcatalogservice,-,,4,4,4,0,6.3,0.0
8,normal,350,0,0,124,recommendationservice,-,,4,4,4,0,6.3,0.0
8,normal,350,0,0,124,redis-cart,-,,1,1,1,0,6.3,0.0
8,normal,350,0,0,124,shippingservice,-,,4,4,4,0,6.3,0.0
8,normal,350,0,0,139,adservice,-,,4,4,4,0,6.3,0.0
8,normal,350,0,0,139,cartservice,-,,4,4,4,0,6.3,0.0
8,normal,350,0,0,139,checkoutservice,-,,4,4,4,0,6.3,0.0
8,normal,350,0,0,139,currencyservice,-,,4,4,4,0,6.3,0.0
8,normal,350,0,0,139,emailservice,-,,4,4,4,0,6.3,0.0
8,normal,350,0,0,139,frontend,-,,4,4,4,0,6.3,0.0
8,normal,350,0,0,139,paymentservice,-,,4,4,4,0,6.3,0.0
8,normal,350,0,0,139,productcatalogservice,-,,4,4,4,0,6.3,0.0
8,normal,350,0,0,139,recommendationservice,-,,4,4,4,0,6.3,0.0
8,normal,350,0,0,139,redis-cart,-,,1,1,1,0,6.3,0.0
8,normal,350,0,0,139,shippingservice,-,,4,4,4,0,6.3,0.0
8,normal,350,0,0,155,adservice,-,,4,4,4,0,6.3,0.0
8,normal,350,0,0,155,cartservice,-,,4,4,4,0,6.3,0.0
8,normal,350,0,0,155,checkoutservice,-,,4,4,4,0,6.3,0.0
8,normal,350,0,0,155,currencyservice,-,,4,4,4,0,6.3,0.0
8,normal,350,0,0,155,emailservice,-,,4,4,4,0,6.3,0.0
8,normal,350,0,0,155,frontend,-,,4,4,4,0,6.3,0.0
8,normal,350,0,0,155,paymentservice,-,,4,4,4,0,6.3,0.0
8,normal,350,0,0,155,productcatalogservice,-,,4,4,4,0,6.3,0.0
8,normal,350,0,0,155,recommendationservice,-,,4,4,3,0,6.3,0.0
8,normal,350,0,0,155,redis-cart,-,,1,1,1,0,6.3,0.0
8,normal,350,0,0,155,shippingservice,-,,4,4,4,0,6.3,0.0
8,normal,350,0,0,170,adservice,-,,4,4,4,0,6.3,0.0
8,normal,350,0,0,170,cartservice,-,,4,4,4,0,6.3,0.0
8,normal,350,0,0,170,checkoutservice,-,,4,4,4,0,6.3,0.0
8,normal,350,0,0,170,currencyservice,-,,4,4,4,0,6.3,0.0
8,normal,350,0,0,170,emailservice,-,,4,4,4,0,6.3,0.0
8,normal,350,0,0,170,frontend,-,,4,4,4,0,6.3,0.0
8,normal,350,0,0,170,paymentservice,-,,4,4,4,0,6.3,0.0
8,normal,350,0,0,170,productcatalogservice,-,,4,4,4,0,6.3,0.0
8,normal,350,0,0,170,recommendationservice,-,,4,4,3,0,6.3,0.0
8,normal,350,0,0,170,redis-cart,-,,1,1,1,0,6.3,0.0
8,normal,350,0,0,170,shippingservice,-,,4,4,4,0,6.3,0.0
8,normal,350,0,0,186,adservice,-,,4,4,4,0,6.3,0.0
8,normal,350,0,0,186,cartservice,-,,4,4,4,0,6.3,0.0
8,normal,350,0,0,186,checkoutservice,-,,4,4,4,0,6.3,0.0
8,normal,350,0,0,186,currencyservice,-,,4,4,4,0,6.3,0.0
8,normal,350,0,0,186,emailservice,-,,4,4,4,0,6.3,0.0
8,normal,350,0,0,186,frontend,-,,4,4,4,0,6.3,0.0
8,normal,350,0,0,186,paymentservice,-,,4,4,4,0,6.3,0.0
8,normal,350,0,0,186,productcatalogservice,-,,4,4,4,0,6.3,0.0
8,normal,350,0,0,186,recommendationservice,-,,4,4,3,0,6.3,0.0
8,normal,350,0,0,186,redis-cart,-,,1,1,1,0,6.3,0.0
8,normal,350,0,0,186,shippingservice,-,,4,4,4,0,6.3,0.0
8,normal,350,0,0,201,adservice,-,,4,4,4,0,6.3,0.0
8,normal,350,0,0,201,cartservice,-,,4,4,4,0,6.3,0.0
8,normal,350,0,0,201,checkoutservice,-,,4,4,4,0,6.3,0.0
8,normal,350,0,0,201,currencyservice,-,,4,4,4,0,6.3,0.0
8,normal,350,0,0,201,emailservice,-,,4,4,4,0,6.3,0.0
8,normal,350,0,0,201,frontend,-,,4,4,4,0,6.3,0.0
8,normal,350,0,0,201,paymentservice,-,,4,4,4,0,6.3,0.0
8,normal,350,0,0,201,productcatalogservice,-,,4,4,4,0,6.3,0.0
8,normal,350,0,0,201,recommendationservice,-,,4,4,3,0,6.3,0.0
8,normal,350,0,0,201,redis-cart,-,,1,1,1,0,6.3,0.0
8,normal,350,0,0,201,shippingservice,-,,4,4,4,0,6.3,0.0
8,normal,400,0,0,0,adservice,-,,4,4,4,0,6.3,0.0
8,normal,400,0,0,0,cartservice,-,,4,4,4,0,6.3,0.0
8,normal,400,0,0,0,checkoutservice,-,,4,4,4,0,6.3,0.0
8,normal,400,0,0,0,currencyservice,-,,4,4,4,0,6.3,0.0
8,normal,400,0,0,0,emailservice,-,,4,4,4,0,6.3,0.0
8,normal,400,0,0,0,frontend,-,,4,4,4,0,6.3,0.0
8,normal,400,0,0,0,paymentservice,-,,4,4,4,0,6.3,0.0
8,normal,400,0,0,0,productcatalogservice,-,,4,4,4,0,6.3,0.0
8,normal,400,0,0,0,recommendationservice,-,,4,4,4,0,6.3,0.0
8,normal,400,0,0,0,redis-cart,-,,1,1,1,0,6.3,0.0
8,normal,400,0,0,0,shippingservice,-,,4,4,4,0,6.3,0.0
8,normal,400,0,0,16,adservice,-,,4,4,4,0,6.3,0.0
8,normal,400,0,0,16,cartservice,-,,4,4,4,0,6.3,0.0
8,normal,400,0,0,16,checkoutservice,-,,4,4,4,0,6.3,0.0
8,normal,400,0,0,16,currencyservice,-,,4,4,4,0,6.3,0.0
8,normal,400,0,0,16,emailservice,-,,4,4,4,0,6.3,0.0
8,normal,400,0,0,16,frontend,-,,4,4,4,0,6.3,0.0
8,normal,400,0,0,16,paymentservice,-,,4,4,4,0,6.3,0.0
8,normal,400,0,0,16,productcatalogservice,-,,4,4,4,0,6.3,0.0
8,normal,400,0,0,16,recommendationservice,-,,4,4,4,0,6.3,0.0
8,normal,400,0,0,16,redis-cart,-,,1,1,1,0,6.3,0.0
8,normal,400,0,0,16,shippingservice,-,,4,4,4,0,6.3,0.0
8,normal,400,0,0,31,adservice,-,,4,4,4,0,6.3,0.0
8,normal,400,0,0,31,cartservice,-,,4,4,4,0,6.3,0.0
8,normal,400,0,0,31,checkoutservice,-,,4,4,4,0,6.3,0.0
8,normal,400,0,0,31,currencyservice,-,,4,4,4,0,6.3,0.0
8,normal,400,0,0,31,emailservice,-,,4,4,4,0,6.3,0.0
8,normal,400,0,0,31,frontend,-,,4,4,4,0,6.3,0.0
8,normal,400,0,0,31,paymentservice,-,,4,4,4,0,6.3,0.0
8,normal,400,0,0,31,productcatalogservice,-,,4,4,4,0,6.3,0.0
8,normal,400,0,0,31,recommendationservice,-,,4,4,4,0,6.3,0.0
8,normal,400,0,0,31,redis-cart,-,,1,1,1,0,6.3,0.0
8,normal,400,0,0,31,shippingservice,-,,4,4,4,0,6.3,0.0
8,normal,400,0,0,47,adservice,-,,4,4,4,0,6.3,0.0
8,normal,400,0,0,47,cartservice,-,,4,4,4,0,6.3,0.0
8,normal,400,0,0,47,checkoutservice,-,,4,4,4,0,6.3,0.0
8,normal,400,0,0,47,currencyservice,-,,4,4,4,0,6.3,0.0
8,normal,400,0,0,47,emailservice,-,,4,4,4,0,6.3,0.0
8,normal,400,0,0,47,frontend,-,,4,4,4,0,6.3,0.0
8,normal,400,0,0,47,paymentservice,-,,4,4,4,0,6.3,0.0
8,normal,400,0,0,47,productcatalogservice,-,,4,4,4,0,6.3,0.0
8,normal,400,0,0,47,recommendationservice,-,,4,4,3,0,6.3,0.0
8,normal,400,0,0,47,redis-cart,-,,1,1,1,0,6.3,0.0
8,normal,400,0,0,47,shippingservice,-,,4,4,4,0,6.3,0.0
8,normal,400,0,0,62,adservice,-,,4,4,4,0,6.3,0.0
8,normal,400,0,0,62,cartservice,-,,4,4,4,0,6.3,0.0
8,normal,400,0,0,62,checkoutservice,-,,4,4,4,0,6.3,0.0
8,normal,400,0,0,62,currencyservice,-,,4,4,4,0,6.3,0.0
8,normal,400,0,0,62,emailservice,-,,4,4,4,0,6.3,0.0
8,normal,400,0,0,62,frontend,-,,4,4,4,0,6.3,0.0
8,normal,400,0,0,62,paymentservice,-,,4,4,4,0,6.3,0.0
8,normal,400,0,0,62,productcatalogservice,-,,4,4,4,0,6.3,0.0
8,normal,400,0,0,62,recommendationservice,-,,4,4,1,0,6.3,0.0
8,normal,400,0,0,62,redis-cart,-,,1,1,1,0,6.3,0.0
8,normal,400,0,0,62,shippingservice,-,,4,4,4,0,6.3,0.0
8,normal,400,0,0,78,adservice,-,,4,4,4,0,6.3,0.0
8,normal,400,0,0,78,cartservice,-,,4,4,4,0,6.3,0.0
8,normal,400,0,0,78,checkoutservice,-,,4,4,4,0,6.3,0.0
8,normal,400,0,0,78,currencyservice,-,,4,4,4,0,6.3,0.0
8,normal,400,0,0,78,emailservice,-,,4,4,4,0,6.3,0.0
8,normal,400,0,0,78,frontend,-,,4,4,4,0,6.3,0.0
8,normal,400,0,0,78,paymentservice,-,,4,4,4,0,6.3,0.0
8,normal,400,0,0,78,productcatalogservice,-,,4,4,4,0,6.3,0.0
8,normal,400,0,0,78,recommendationservice,-,,4,4,1,0,6.3,0.0
8,normal,400,0,0,78,redis-cart,-,,1,1,1,0,6.3,0.0
8,normal,400,0,0,78,shippingservice,-,,4,4,4,0,6.3,0.0
8,normal,400,0,0,93,adservice,-,,4,4,4,0,6.3,0.0
8,normal,400,0,0,93,cartservice,-,,4,4,4,0,6.3,0.0
8,normal,400,0,0,93,checkoutservice,-,,4,4,4,0,6.3,0.0
8,normal,400,0,0,93,currencyservice,-,,4,4,4,0,6.3,0.0
8,normal,400,0,0,93,emailservice,-,,4,4,4,0,6.3,0.0
8,normal,400,0,0,93,frontend,-,,4,4,4,0,6.3,0.0
8,normal,400,0,0,93,paymentservice,-,,4,4,4,0,6.3,0.0
8,normal,400,0,0,93,productcatalogservice,-,,4,4,4,0,6.3,0.0
8,normal,400,0,0,93,recommendationservice,-,,4,4,2,0,6.3,0.0
8,normal,400,0,0,93,redis-cart,-,,1,1,1,0,6.3,0.0
8,normal,400,0,0,93,shippingservice,-,,4,4,4,0,6.3,0.0
8,normal,400,0,0,109,adservice,-,,4,4,4,0,6.3,0.0
8,normal,400,0,0,109,cartservice,-,,4,4,4,0,6.3,0.0
8,normal,400,0,0,109,checkoutservice,-,,4,4,4,0,6.3,0.0
8,normal,400,0,0,109,currencyservice,-,,4,4,4,0,6.3,0.0
8,normal,400,0,0,109,emailservice,-,,4,4,4,0,6.3,0.0
8,normal,400,0,0,109,frontend,-,,4,4,4,0,6.3,0.0
8,normal,400,0,0,109,paymentservice,-,,4,4,4,0,6.3,0.0
8,normal,400,0,0,109,productcatalogservice,-,,4,4,4,0,6.3,0.0
8,normal,400,0,0,109,recommendationservice,-,,4,4,1,0,6.3,0.0
8,normal,400,0,0,109,redis-cart,-,,1,1,1,0,6.3,0.0
8,normal,400,0,0,109,shippingservice,-,,4,4,4,0,6.3,0.0
8,normal,400,0,0,124,adservice,-,,4,4,4,0,6.3,0.0
8,normal,400,0,0,124,cartservice,-,,4,4,4,0,6.3,0.0
8,normal,400,0,0,124,checkoutservice,-,,4,4,4,0,6.3,0.0
8,normal,400,0,0,124,currencyservice,-,,4,4,4,0,6.3,0.0
8,normal,400,0,0,124,emailservice,-,,4,4,4,0,6.3,0.0
8,normal,400,0,0,124,frontend,-,,4,4,4,0,6.3,0.0
8,normal,400,0,0,124,paymentservice,-,,4,4,4,0,6.3,0.0
8,normal,400,0,0,124,productcatalogservice,-,,4,4,4,0,6.3,0.0
8,normal,400,0,0,124,recommendationservice,-,,4,4,2,0,6.3,0.0
8,normal,400,0,0,124,redis-cart,-,,1,1,1,0,6.3,0.0
8,normal,400,0,0,124,shippingservice,-,,4,4,4,0,6.3,0.0
8,normal,400,0,0,140,adservice,-,,4,4,4,0,6.3,0.0
8,normal,400,0,0,140,cartservice,-,,4,4,4,0,6.3,0.0
8,normal,400,0,0,140,checkoutservice,-,,4,4,4,0,6.3,0.0
8,normal,400,0,0,140,currencyservice,-,,4,4,4,0,6.3,0.0
8,normal,400,0,0,140,emailservice,-,,4,4,4,0,6.3,0.0
8,normal,400,0,0,140,frontend,-,,4,4,4,0,6.3,0.0
8,normal,400,0,0,140,paymentservice,-,,4,4,4,0,6.3,0.0
8,normal,400,0,0,140,productcatalogservice,-,,4,4,4,0,6.3,0.0
8,normal,400,0,0,140,recommendationservice,-,,4,4,2,0,6.3,0.0
8,normal,400,0,0,140,redis-cart,-,,1,1,1,0,6.3,0.0
8,normal,400,0,0,140,shippingservice,-,,4,4,4,0,6.3,0.0
8,normal,400,0,0,155,adservice,-,,4,4,4,0,6.3,0.0
8,normal,400,0,0,155,cartservice,-,,4,4,4,0,6.3,0.0
8,normal,400,0,0,155,checkoutservice,-,,4,4,4,0,6.3,0.0
8,normal,400,0,0,155,currencyservice,-,,4,4,4,0,6.3,0.0
8,normal,400,0,0,155,emailservice,-,,4,4,4,0,6.3,0.0
8,normal,400,0,0,155,frontend,-,,4,4,4,0,6.3,0.0
8,normal,400,0,0,155,paymentservice,-,,4,4,4,0,6.3,0.0
8,normal,400,0,0,155,productcatalogservice,-,,4,4,4,0,6.3,0.0
8,normal,400,0,0,155,recommendationservice,-,,4,4,2,0,6.3,0.0
8,normal,400,0,0,155,redis-cart,-,,1,1,1,0,6.3,0.0
8,normal,400,0,0,155,shippingservice,-,,4,4,4,0,6.3,0.0
8,normal,400,0,0,170,adservice,-,,4,4,4,0,6.3,0.0
8,normal,400,0,0,170,cartservice,-,,4,4,4,0,6.3,0.0
8,normal,400,0,0,170,checkoutservice,-,,4,4,4,0,6.3,0.0
8,normal,400,0,0,170,currencyservice,-,,4,4,4,0,6.3,0.0
8,normal,400,0,0,170,emailservice,-,,4,4,4,0,6.3,0.0
8,normal,400,0,0,170,frontend,-,,4,4,4,0,6.3,0.0
8,normal,400,0,0,170,paymentservice,-,,4,4,4,0,6.3,0.0
8,normal,400,0,0,170,productcatalogservice,-,,4,4,4,0,6.3,0.0
8,normal,400,0,0,170,recommendationservice,-,,4,4,2,0,6.3,0.0
8,normal,400,0,0,170,redis-cart,-,,1,1,1,0,6.3,0.0
8,normal,400,0,0,170,shippingservice,-,,4,4,4,0,6.3,0.0
8,normal,400,0,0,186,adservice,-,,4,4,4,0,6.3,0.0
8,normal,400,0,0,186,cartservice,-,,4,4,4,0,6.3,0.0
8,normal,400,0,0,186,checkoutservice,-,,4,4,4,0,6.3,0.0
8,normal,400,0,0,186,currencyservice,-,,4,4,4,0,6.3,0.0
8,normal,400,0,0,186,emailservice,-,,4,4,4,0,6.3,0.0
8,normal,400,0,0,186,frontend,-,,4,4,4,0,6.3,0.0
8,normal,400,0,0,186,paymentservice,-,,4,4,4,0,6.3,0.0
8,normal,400,0,0,186,productcatalogservice,-,,4,4,4,0,6.3,0.0
8,normal,400,0,0,186,recommendationservice,-,,4,4,2,0,6.3,0.0
8,normal,400,0,0,186,redis-cart,-,,1,1,1,0,6.3,0.0
8,normal,400,0,0,186,shippingservice,-,,4,4,4,0,6.3,0.0
8,normal,400,0,0,201,adservice,-,,4,4,4,0,6.3,0.0
8,normal,400,0,0,201,cartservice,-,,4,4,4,0,6.3,0.0
8,normal,400,0,0,201,checkoutservice,-,,4,4,4,0,6.3,0.0
8,normal,400,0,0,201,currencyservice,-,,4,4,4,0,6.3,0.0
8,normal,400,0,0,201,emailservice,-,,4,4,4,0,6.3,0.0
8,normal,400,0,0,201,frontend,-,,4,4,4,0,6.3,0.0
8,normal,400,0,0,201,paymentservice,-,,4,4,4,0,6.3,0.0
8,normal,400,0,0,201,productcatalogservice,-,,4,4,4,0,6.3,0.0
8,normal,400,0,0,201,recommendationservice,-,,4,4,2,0,6.3,0.0
8,normal,400,0,0,201,redis-cart,-,,1,1,1,0,6.3,0.0
8,normal,400,0,0,201,shippingservice,-,,4,4,4,0,6.3,0.0
8,frontrecocatalog,350,0,0,0,adservice,-,,4,4,4,0,6.3,0.0
8,frontrecocatalog,350,0,0,0,cartservice,-,,4,4,4,0,6.3,0.0
8,frontrecocatalog,350,0,0,0,checkoutservice,-,,4,4,4,0,6.3,0.0
8,frontrecocatalog,350,0,0,0,currencyservice,-,,4,4,4,0,6.3,0.0
8,frontrecocatalog,350,0,0,0,emailservice,-,,4,4,4,0,6.3,0.0
8,frontrecocatalog,350,0,0,0,frontend,-,,4,4,4,0,6.3,0.0
8,frontrecocatalog,350,0,0,0,paymentservice,-,,4,4,4,0,6.3,0.0
8,frontrecocatalog,350,0,0,0,redis-cart,-,,1,1,1,0,6.3,0.0
8,frontrecocatalog,350,0,0,0,shippingservice,-,,4,4,4,0,6.3,0.0
8,frontrecocatalog,350,0,0,16,adservice,-,,4,4,4,0,6.3,0.0
8,frontrecocatalog,350,0,0,16,cartservice,-,,4,4,4,0,6.3,0.0
8,frontrecocatalog,350,0,0,16,checkoutservice,-,,4,4,4,0,6.3,0.0
8,frontrecocatalog,350,0,0,16,currencyservice,-,,4,4,4,0,6.3,0.0
8,frontrecocatalog,350,0,0,16,emailservice,-,,4,4,4,0,6.3,0.0
8,frontrecocatalog,350,0,0,16,frontend,-,,4,4,4,0,6.3,0.0
8,frontrecocatalog,350,0,0,16,paymentservice,-,,4,4,4,0,6.3,0.0
8,frontrecocatalog,350,0,0,16,redis-cart,-,,1,1,1,0,6.3,0.0
8,frontrecocatalog,350,0,0,16,shippingservice,-,,4,4,4,0,6.3,0.0
8,frontrecocatalog,350,0,0,31,adservice,-,,4,4,4,0,6.3,0.0
8,frontrecocatalog,350,0,0,31,cartservice,-,,4,4,4,0,6.3,0.0
8,frontrecocatalog,350,0,0,31,checkoutservice,-,,4,4,4,0,6.3,0.0
8,frontrecocatalog,350,0,0,31,currencyservice,-,,4,4,4,0,6.3,0.0
8,frontrecocatalog,350,0,0,31,emailservice,-,,4,4,4,0,6.3,0.0
8,frontrecocatalog,350,0,0,31,frontend,-,,4,4,4,0,6.3,0.0
8,frontrecocatalog,350,0,0,31,paymentservice,-,,4,4,4,0,6.3,0.0
8,frontrecocatalog,350,0,0,31,redis-cart,-,,1,1,1,0,6.3,0.0
8,frontrecocatalog,350,0,0,31,shippingservice,-,,4,4,4,0,6.3,0.0
8,frontrecocatalog,350,0,0,46,adservice,-,,4,4,4,0,6.3,0.0
8,frontrecocatalog,350,0,0,46,cartservice,-,,4,4,4,0,6.3,0.0
8,frontrecocatalog,350,0,0,46,checkoutservice,-,,4,4,4,0,6.3,0.0
8,frontrecocatalog,350,0,0,46,currencyservice,-,,4,4,4,0,6.3,0.0
8,frontrecocatalog,350,0,0,46,emailservice,-,,4,4,4,0,6.3,0.0
8,frontrecocatalog,350,0,0,46,frontend,-,,4,4,4,0,6.3,0.0
8,frontrecocatalog,350,0,0,46,paymentservice,-,,4,4,4,0,6.3,0.0
8,frontrecocatalog,350,0,0,46,redis-cart,-,,1,1,1,0,6.3,0.0
8,frontrecocatalog,350,0,0,46,shippingservice,-,,4,4,4,0,6.3,0.0
8,frontrecocatalog,350,0,0,62,adservice,-,,4,4,4,0,6.3,0.0
8,frontrecocatalog,350,0,0,62,cartservice,-,,4,4,4,0,6.3,0.0
8,frontrecocatalog,350,0,0,62,checkoutservice,-,,4,4,4,0,6.3,0.0
8,frontrecocatalog,350,0,0,62,currencyservice,-,,4,4,4,0,6.3,0.0
8,frontrecocatalog,350,0,0,62,emailservice,-,,4,4,4,0,6.3,0.0
8,frontrecocatalog,350,0,0,62,frontend,-,,4,4,4,0,6.3,0.0
8,frontrecocatalog,350,0,0,62,paymentservice,-,,4,4,4,0,6.3,0.0
8,frontrecocatalog,350,0,0,62,redis-cart,-,,1,1,1,0,6.3,0.0
8,frontrecocatalog,350,0,0,62,shippingservice,-,,4,4,4,0,6.3,0.0
8,frontrecocatalog,350,0,0,78,adservice,-,,4,4,4,0,6.3,0.0
8,frontrecocatalog,350,0,0,78,cartservice,-,,4,4,4,0,6.3,0.0
8,frontrecocatalog,350,0,0,78,checkoutservice,-,,4,4,4,0,6.3,0.0
8,frontrecocatalog,350,0,0,78,currencyservice,-,,4,4,4,0,6.3,0.0
8,frontrecocatalog,350,0,0,78,emailservice,-,,4,4,4,0,6.3,0.0
8,frontrecocatalog,350,0,0,78,frontend,-,,4,4,4,0,6.3,0.0
8,frontrecocatalog,350,0,0,78,paymentservice,-,,4,4,4,0,6.3,0.0
8,frontrecocatalog,350,0,0,78,redis-cart,-,,1,1,1,0,6.3,0.0
8,frontrecocatalog,350,0,0,78,shippingservice,-,,4,4,4,0,6.3,0.0
8,frontrecocatalog,350,0,0,93,adservice,-,,4,4,4,0,6.3,0.0
8,frontrecocatalog,350,0,0,93,cartservice,-,,4,4,4,0,6.3,0.0
8,frontrecocatalog,350,0,0,93,checkoutservice,-,,4,4,4,0,6.3,0.0
8,frontrecocatalog,350,0,0,93,currencyservice,-,,4,4,4,0,6.3,0.0
8,frontrecocatalog,350,0,0,93,emailservice,-,,4,4,4,0,6.3,0.0
8,frontrecocatalog,350,0,0,93,frontend,-,,4,4,4,0,6.3,0.0
8,frontrecocatalog,350,0,0,93,paymentservice,-,,4,4,4,0,6.3,0.0
8,frontrecocatalog,350,0,0,93,redis-cart,-,,1,1,1,0,6.3,0.0
8,frontrecocatalog,350,0,0,93,shippingservice,-,,4,4,4,0,6.3,0.0
8,frontrecocatalog,350,0,0,108,adservice,-,,4,4,4,0,6.3,0.0
8,frontrecocatalog,350,0,0,108,cartservice,-,,4,4,4,0,6.3,0.0
8,frontrecocatalog,350,0,0,108,checkoutservice,-,,4,4,4,0,6.3,0.0
8,frontrecocatalog,350,0,0,108,currencyservice,-,,4,4,4,0,6.3,0.0
8,frontrecocatalog,350,0,0,108,emailservice,-,,4,4,4,0,6.3,0.0
8,frontrecocatalog,350,0,0,108,frontend,-,,4,4,4,0,6.3,0.0
8,frontrecocatalog,350,0,0,108,paymentservice,-,,4,4,4,0,6.3,0.0
8,frontrecocatalog,350,0,0,108,redis-cart,-,,1,1,1,0,6.3,0.0
8,frontrecocatalog,350,0,0,108,shippingservice,-,,4,4,4,0,6.3,0.0
8,frontrecocatalog,350,0,0,124,adservice,-,,4,4,4,0,6.3,0.0
8,frontrecocatalog,350,0,0,124,cartservice,-,,4,4,4,0,6.3,0.0
8,frontrecocatalog,350,0,0,124,checkoutservice,-,,4,4,4,0,6.3,0.0
8,frontrecocatalog,350,0,0,124,currencyservice,-,,4,4,4,0,6.3,0.0
8,frontrecocatalog,350,0,0,124,emailservice,-,,4,4,4,0,6.3,0.0
8,frontrecocatalog,350,0,0,124,frontend,-,,4,4,4,0,6.3,0.0
8,frontrecocatalog,350,0,0,124,paymentservice,-,,4,4,4,0,6.3,0.0
8,frontrecocatalog,350,0,0,124,redis-cart,-,,1,1,1,0,6.3,0.0
8,frontrecocatalog,350,0,0,124,shippingservice,-,,4,4,4,0,6.3,0.0
8,frontrecocatalog,350,0,0,139,adservice,-,,4,4,4,0,6.3,0.0
8,frontrecocatalog,350,0,0,139,cartservice,-,,4,4,4,0,6.3,0.0
8,frontrecocatalog,350,0,0,139,checkoutservice,-,,4,4,4,0,6.3,0.0
8,frontrecocatalog,350,0,0,139,currencyservice,-,,4,4,4,0,6.3,0.0
8,frontrecocatalog,350,0,0,139,emailservice,-,,4,4,4,0,6.3,0.0
8,frontrecocatalog,350,0,0,139,frontend,-,,4,4,4,0,6.3,0.0
8,frontrecocatalog,350,0,0,139,paymentservice,-,,4,4,4,0,6.3,0.0
8,frontrecocatalog,350,0,0,139,redis-cart,-,,1,1,1,0,6.3,0.0
8,frontrecocatalog,350,0,0,139,shippingservice,-,,4,4,4,0,6.3,0.0
8,frontrecocatalog,350,0,0,155,adservice,-,,4,4,4,0,6.3,0.0
8,frontrecocatalog,350,0,0,155,cartservice,-,,4,4,4,0,6.3,0.0
8,frontrecocatalog,350,0,0,155,checkoutservice,-,,4,4,4,0,6.3,0.0
8,frontrecocatalog,350,0,0,155,currencyservice,-,,4,4,4,0,6.3,0.0
8,frontrecocatalog,350,0,0,155,emailservice,-,,4,4,4,0,6.3,0.0
8,frontrecocatalog,350,0,0,155,frontend,-,,4,4,4,0,6.3,0.0
8,frontrecocatalog,350,0,0,155,paymentservice,-,,4,4,4,0,6.3,0.0
8,frontrecocatalog,350,0,0,155,redis-cart,-,,1,1,1,0,6.3,0.0
8,frontrecocatalog,350,0,0,155,shippingservice,-,,4,4,4,0,6.3,0.0
8,frontrecocatalog,350,0,0,170,adservice,-,,4,4,4,0,6.3,0.0
8,frontrecocatalog,350,0,0,170,cartservice,-,,4,4,4,0,6.3,0.0
8,frontrecocatalog,350,0,0,170,checkoutservice,-,,4,4,4,0,6.3,0.0
8,frontrecocatalog,350,0,0,170,currencyservice,-,,4,4,4,0,6.3,0.0
8,frontrecocatalog,350,0,0,170,emailservice,-,,4,4,4,0,6.3,0.0
8,frontrecocatalog,350,0,0,170,frontend,-,,4,4,4,0,6.3,0.0
8,frontrecocatalog,350,0,0,170,paymentservice,-,,4,4,4,0,6.3,0.0
8,frontrecocatalog,350,0,0,170,redis-cart,-,,1,1,1,0,6.3,0.0
8,frontrecocatalog,350,0,0,170,shippingservice,-,,4,4,4,0,6.3,0.0
8,frontrecocatalog,350,0,0,186,adservice,-,,4,4,4,0,6.3,0.0
8,frontrecocatalog,350,0,0,186,cartservice,-,,4,4,4,0,6.3,0.0
8,frontrecocatalog,350,0,0,186,checkoutservice,-,,4,4,4,0,6.3,0.0
8,frontrecocatalog,350,0,0,186,currencyservice,-,,4,4,4,0,6.3,0.0
8,frontrecocatalog,350,0,0,186,emailservice,-,,4,4,4,0,6.3,0.0
8,frontrecocatalog,350,0,0,186,frontend,-,,4,4,4,0,6.3,0.0
8,frontrecocatalog,350,0,0,186,paymentservice,-,,4,4,4,0,6.3,0.0
8,frontrecocatalog,350,0,0,186,redis-cart,-,,1,1,1,0,6.3,0.0
8,frontrecocatalog,350,0,0,186,shippingservice,-,,4,4,4,0,6.3,0.0
8,frontrecocatalog,350,0,0,201,adservice,-,,4,4,4,0,6.3,0.0
8,frontrecocatalog,350,0,0,201,cartservice,-,,4,4,4,0,6.3,0.0
8,frontrecocatalog,350,0,0,201,checkoutservice,-,,4,4,4,0,6.3,0.0
8,frontrecocatalog,350,0,0,201,currencyservice,-,,4,4,4,0,6.3,0.0
8,frontrecocatalog,350,0,0,201,emailservice,-,,4,4,4,0,6.3,0.0
8,frontrecocatalog,350,0,0,201,frontend,-,,4,4,4,0,6.3,0.0
8,frontrecocatalog,350,0,0,201,paymentservice,-,,4,4,4,0,6.3,0.0
8,frontrecocatalog,350,0,0,201,redis-cart,-,,1,1,1,0,6.3,0.0
8,frontrecocatalog,350,0,0,201,shippingservice,-,,4,4,4,0,6.3,0.0
8,frontrecocatalog,400,0,0,0,adservice,-,,4,4,4,0,6.3,0.0
8,frontrecocatalog,400,0,0,0,cartservice,-,,4,4,4,0,6.3,0.0
8,frontrecocatalog,400,0,0,0,checkoutservice,-,,4,4,4,0,6.3,0.0
8,frontrecocatalog,400,0,0,0,currencyservice,-,,4,4,4,0,6.3,0.0
8,frontrecocatalog,400,0,0,0,emailservice,-,,4,4,4,0,6.3,0.0
8,frontrecocatalog,400,0,0,0,frontend,-,,4,4,4,0,6.3,0.0
8,frontrecocatalog,400,0,0,0,paymentservice,-,,4,4,4,0,6.3,0.0
8,frontrecocatalog,400,0,0,0,redis-cart,-,,1,1,1,0,6.3,0.0
8,frontrecocatalog,400,0,0,0,shippingservice,-,,4,4,4,0,6.3,0.0
8,frontrecocatalog,400,0,0,16,adservice,-,,4,4,4,0,6.3,0.0
8,frontrecocatalog,400,0,0,16,cartservice,-,,4,4,4,0,6.3,0.0
8,frontrecocatalog,400,0,0,16,checkoutservice,-,,4,4,4,0,6.3,0.0
8,frontrecocatalog,400,0,0,16,currencyservice,-,,4,4,4,0,6.3,0.0
8,frontrecocatalog,400,0,0,16,emailservice,-,,4,4,4,0,6.3,0.0
8,frontrecocatalog,400,0,0,16,frontend,-,,4,4,4,0,6.3,0.0
8,frontrecocatalog,400,0,0,16,paymentservice,-,,4,4,4,0,6.3,0.0
8,frontrecocatalog,400,0,0,16,redis-cart,-,,1,1,1,0,6.3,0.0
8,frontrecocatalog,400,0,0,16,shippingservice,-,,4,4,4,0,6.3,0.0
8,frontrecocatalog,400,0,0,31,adservice,-,,4,4,4,0,6.3,0.0
8,frontrecocatalog,400,0,0,31,cartservice,-,,4,4,4,0,6.3,0.0
8,frontrecocatalog,400,0,0,31,checkoutservice,-,,4,4,4,0,6.3,0.0
8,frontrecocatalog,400,0,0,31,currencyservice,-,,4,4,4,0,6.3,0.0
8,frontrecocatalog,400,0,0,31,emailservice,-,,4,4,4,0,6.3,0.0
8,frontrecocatalog,400,0,0,31,frontend,-,,4,4,4,0,6.3,0.0
8,frontrecocatalog,400,0,0,31,paymentservice,-,,4,4,4,0,6.3,0.0
8,frontrecocatalog,400,0,0,31,redis-cart,-,,1,1,1,0,6.3,0.0
8,frontrecocatalog,400,0,0,31,shippingservice,-,,4,4,4,0,6.3,0.0
8,frontrecocatalog,400,0,0,47,adservice,-,,4,4,4,0,6.3,0.0
8,frontrecocatalog,400,0,0,47,cartservice,-,,4,4,4,0,6.3,0.0
8,frontrecocatalog,400,0,0,47,checkoutservice,-,,4,4,4,0,6.3,0.0
8,frontrecocatalog,400,0,0,47,currencyservice,-,,4,4,4,0,6.3,0.0
8,frontrecocatalog,400,0,0,47,emailservice,-,,4,4,4,0,6.3,0.0
8,frontrecocatalog,400,0,0,47,frontend,-,,4,4,4,0,6.3,0.0
8,frontrecocatalog,400,0,0,47,paymentservice,-,,4,4,4,0,6.3,0.0
8,frontrecocatalog,400,0,0,47,redis-cart,-,,1,1,1,0,6.3,0.0
8,frontrecocatalog,400,0,0,47,shippingservice,-,,4,4,4,0,6.3,0.0
8,frontrecocatalog,400,0,0,62,adservice,-,,4,4,4,0,6.3,0.0
8,frontrecocatalog,400,0,0,62,cartservice,-,,4,4,4,0,6.3,0.0
8,frontrecocatalog,400,0,0,62,checkoutservice,-,,4,4,4,0,6.3,0.0
8,frontrecocatalog,400,0,0,62,currencyservice,-,,4,4,4,0,6.3,0.0
8,frontrecocatalog,400,0,0,62,emailservice,-,,4,4,4,0,6.3,0.0
8,frontrecocatalog,400,0,0,62,frontend,-,,4,4,4,0,6.3,0.0
8,frontrecocatalog,400,0,0,62,paymentservice,-,,4,4,4,0,6.3,0.0
8,frontrecocatalog,400,0,0,62,redis-cart,-,,1,1,1,0,6.3,0.0
8,frontrecocatalog,400,0,0,62,shippingservice,-,,4,4,4,0,6.3,0.0
8,frontrecocatalog,400,0,0,78,adservice,-,,4,4,4,0,6.3,0.0
8,frontrecocatalog,400,0,0,78,cartservice,-,,4,4,4,0,6.3,0.0
8,frontrecocatalog,400,0,0,78,checkoutservice,-,,4,4,4,0,6.3,0.0
8,frontrecocatalog,400,0,0,78,currencyservice,-,,4,4,4,0,6.3,0.0
8,frontrecocatalog,400,0,0,78,emailservice,-,,4,4,4,0,6.3,0.0
8,frontrecocatalog,400,0,0,78,frontend,-,,4,4,4,0,6.3,0.0
8,frontrecocatalog,400,0,0,78,paymentservice,-,,4,4,4,0,6.3,0.0
8,frontrecocatalog,400,0,0,78,redis-cart,-,,1,1,1,0,6.3,0.0
8,frontrecocatalog,400,0,0,78,shippingservice,-,,4,4,4,0,6.3,0.0
8,frontrecocatalog,400,0,0,93,adservice,-,,4,4,4,0,6.3,0.0
8,frontrecocatalog,400,0,0,93,cartservice,-,,4,4,4,0,6.3,0.0
8,frontrecocatalog,400,0,0,93,checkoutservice,-,,4,4,4,0,6.3,0.0
8,frontrecocatalog,400,0,0,93,currencyservice,-,,4,4,4,0,6.3,0.0
8,frontrecocatalog,400,0,0,93,emailservice,-,,4,4,4,0,6.3,0.0
8,frontrecocatalog,400,0,0,93,frontend,-,,4,4,4,0,6.3,0.0
8,frontrecocatalog,400,0,0,93,paymentservice,-,,4,4,4,0,6.3,0.0
8,frontrecocatalog,400,0,0,93,redis-cart,-,,1,1,1,0,6.3,0.0
8,frontrecocatalog,400,0,0,93,shippingservice,-,,4,4,4,0,6.3,0.0
8,frontrecocatalog,400,0,0,109,adservice,-,,4,4,4,0,6.3,0.0
8,frontrecocatalog,400,0,0,109,cartservice,-,,4,4,4,0,6.3,0.0
8,frontrecocatalog,400,0,0,109,checkoutservice,-,,4,4,4,0,6.3,0.0
8,frontrecocatalog,400,0,0,109,currencyservice,-,,4,4,4,0,6.3,0.0
8,frontrecocatalog,400,0,0,109,emailservice,-,,4,4,4,0,6.3,0.0
8,frontrecocatalog,400,0,0,109,frontend,-,,4,4,4,0,6.3,0.0
8,frontrecocatalog,400,0,0,109,paymentservice,-,,4,4,4,0,6.3,0.0
8,frontrecocatalog,400,0,0,109,redis-cart,-,,1,1,1,0,6.3,0.0
8,frontrecocatalog,400,0,0,109,shippingservice,-,,4,4,4,0,6.3,0.0
8,frontrecocatalog,400,0,0,124,adservice,-,,4,4,4,0,6.3,0.0
8,frontrecocatalog,400,0,0,124,cartservice,-,,4,4,4,0,6.3,0.0
8,frontrecocatalog,400,0,0,124,checkoutservice,-,,4,4,4,0,6.3,0.0
8,frontrecocatalog,400,0,0,124,currencyservice,-,,4,4,4,0,6.3,0.0
8,frontrecocatalog,400,0,0,124,emailservice,-,,4,4,4,0,6.3,0.0
8,frontrecocatalog,400,0,0,124,frontend,-,,4,4,4,0,6.3,0.0
8,frontrecocatalog,400,0,0,124,paymentservice,-,,4,4,4,0,6.3,0.0
8,frontrecocatalog,400,0,0,124,redis-cart,-,,1,1,1,0,6.3,0.0
8,frontrecocatalog,400,0,0,124,shippingservice,-,,4,4,4,0,6.3,0.0
8,frontrecocatalog,400,0,0,140,adservice,-,,4,4,4,0,6.3,0.0
8,frontrecocatalog,400,0,0,140,cartservice,-,,4,4,4,0,6.3,0.0
8,frontrecocatalog,400,0,0,140,checkoutservice,-,,4,4,4,0,6.3,0.0
8,frontrecocatalog,400,0,0,140,currencyservice,-,,4,4,4,0,6.3,0.0
8,frontrecocatalog,400,0,0,140,emailservice,-,,4,4,4,0,6.3,0.0
8,frontrecocatalog,400,0,0,140,frontend,-,,4,4,4,0,6.3,0.0
8,frontrecocatalog,400,0,0,140,paymentservice,-,,4,4,4,0,6.3,0.0
8,frontrecocatalog,400,0,0,140,redis-cart,-,,1,1,1,0,6.3,0.0
8,frontrecocatalog,400,0,0,140,shippingservice,-,,4,4,4,0,6.3,0.0
8,frontrecocatalog,400,0,0,155,adservice,-,,4,4,4,0,6.3,0.0
8,frontrecocatalog,400,0,0,155,cartservice,-,,4,4,4,0,6.3,0.0
8,frontrecocatalog,400,0,0,155,checkoutservice,-,,4,4,4,0,6.3,0.0
8,frontrecocatalog,400,0,0,155,currencyservice,-,,4,4,4,0,6.3,0.0
8,frontrecocatalog,400,0,0,155,emailservice,-,,4,4,4,0,6.3,0.0
8,frontrecocatalog,400,0,0,155,frontend,-,,4,4,4,0,6.3,0.0
8,frontrecocatalog,400,0,0,155,paymentservice,-,,4,4,4,0,6.3,0.0
8,frontrecocatalog,400,0,0,155,redis-cart,-,,1,1,1,0,6.3,0.0
8,frontrecocatalog,400,0,0,155,shippingservice,-,,4,4,4,0,6.3,0.0
8,frontrecocatalog,400,0,0,171,adservice,-,,4,4,4,0,6.3,0.0
8,frontrecocatalog,400,0,0,171,cartservice,-,,4,4,4,0,6.3,0.0
8,frontrecocatalog,400,0,0,171,checkoutservice,-,,4,4,4,0,6.3,0.0
8,frontrecocatalog,400,0,0,171,currencyservice,-,,4,4,4,0,6.3,0.0
8,frontrecocatalog,400,0,0,171,emailservice,-,,4,4,4,0,6.3,0.0
8,frontrecocatalog,400,0,0,171,frontend,-,,4,4,4,0,6.3,0.0
8,frontrecocatalog,400,0,0,171,paymentservice,-,,4,4,4,0,6.3,0.0
8,frontrecocatalog,400,0,0,171,redis-cart,-,,1,1,1,0,6.3,0.0
8,frontrecocatalog,400,0,0,171,shippingservice,-,,4,4,4,0,6.3,0.0
8,frontrecocatalog,400,0,0,186,adservice,-,,4,4,4,0,6.3,0.0
8,frontrecocatalog,400,0,0,186,cartservice,-,,4,4,4,0,6.3,0.0
8,frontrecocatalog,400,0,0,186,checkoutservice,-,,4,4,4,0,6.3,0.0
8,frontrecocatalog,400,0,0,186,currencyservice,-,,4,4,4,0,6.3,0.0
8,frontrecocatalog,400,0,0,186,emailservice,-,,4,4,4,0,6.3,0.0
8,frontrecocatalog,400,0,0,186,frontend,-,,4,4,4,0,6.3,0.0
8,frontrecocatalog,400,0,0,186,paymentservice,-,,4,4,4,0,6.3,0.0
8,frontrecocatalog,400,0,0,186,redis-cart,-,,1,1,1,0,6.3,0.0
8,frontrecocatalog,400,0,0,186,shippingservice,-,,4,4,4,0,6.3,0.0
8,frontrecocatalog,400,0,0,202,adservice,-,,4,4,4,0,6.3,0.0
8,frontrecocatalog,400,0,0,202,cartservice,-,,4,4,4,0,6.3,0.0
8,frontrecocatalog,400,0,0,202,checkoutservice,-,,4,4,4,0,6.3,0.0
8,frontrecocatalog,400,0,0,202,currencyservice,-,,4,4,4,0,6.3,0.0
8,frontrecocatalog,400,0,0,202,emailservice,-,,4,4,4,0,6.3,0.0
8,frontrecocatalog,400,0,0,202,frontend,-,,4,4,4,0,6.3,0.0
8,frontrecocatalog,400,0,0,202,paymentservice,-,,4,4,4,0,6.3,0.0
8,frontrecocatalog,400,0,0,202,redis-cart,-,,1,1,1,0,6.3,0.0
8,frontrecocatalog,400,0,0,202,shippingservice,-,,4,4,4,0,6.3,0.0
8,mega,350,0,0,0,megapod,-,,4,4,4,0,12.28,0.0
8,mega,350,0,0,0,redis-cart,-,,1,1,1,0,12.28,0.0
8,mega,350,0,0,15,megapod,-,,4,4,4,0,6.3,0.0
8,mega,350,0,0,15,redis-cart,-,,1,1,1,0,6.3,0.0
8,mega,350,0,0,31,megapod,-,,4,4,4,0,6.3,0.0
8,mega,350,0,0,31,redis-cart,-,,1,1,1,0,6.3,0.0
8,mega,350,0,0,46,megapod,-,,4,4,4,0,6.3,0.0
8,mega,350,0,0,46,redis-cart,-,,1,1,1,0,6.3,0.0
8,mega,350,0,0,62,megapod,-,,4,4,4,0,6.3,0.0
8,mega,350,0,0,62,redis-cart,-,,1,1,1,0,6.3,0.0
8,mega,350,0,0,77,megapod,-,,4,4,4,0,6.3,0.0
8,mega,350,0,0,77,redis-cart,-,,1,1,1,0,6.3,0.0
8,mega,350,0,0,93,megapod,-,,4,4,4,0,6.3,0.0
8,mega,350,0,0,93,redis-cart,-,,1,1,1,0,6.3,0.0
8,mega,350,0,0,108,megapod,-,,4,4,4,0,6.3,0.0
8,mega,350,0,0,108,redis-cart,-,,1,1,1,0,6.3,0.0
8,mega,350,0,0,124,megapod,-,,4,4,4,0,6.3,0.0
8,mega,350,0,0,124,redis-cart,-,,1,1,1,0,6.3,0.0
8,mega,350,0,0,139,megapod,-,,4,4,4,0,6.3,0.0
8,mega,350,0,0,139,redis-cart,-,,1,1,1,0,6.3,0.0
8,mega,350,0,0,154,megapod,-,,4,4,4,0,6.3,0.0
8,mega,350,0,0,154,redis-cart,-,,1,1,1,0,6.3,0.0
8,mega,350,0,0,170,megapod,-,,4,4,4,0,6.3,0.0
8,mega,350,0,0,170,redis-cart,-,,1,1,1,0,6.3,0.0
8,mega,350,0,0,185,megapod,-,,4,4,4,0,6.3,0.0
8,mega,350,0,0,185,redis-cart,-,,1,1,1,0,6.3,0.0
8,mega,350,0,0,200,megapod,-,,4,4,4,0,6.3,0.0
8,mega,350,0,0,200,redis-cart,-,,1,1,1,0,6.3,0.0
8,mega,400,0,0,0,megapod,-,,4,4,4,0,6.3,0.0
8,mega,400,0,0,0,redis-cart,-,,1,1,1,0,6.3,0.0
8,mega,400,0,0,16,megapod,-,,4,4,4,0,6.3,0.0
8,mega,400,0,0,16,redis-cart,-,,1,1,1,0,6.3,0.0
8,mega,400,0,0,31,megapod,-,,4,4,4,0,6.3,0.0
8,mega,400,0,0,31,redis-cart,-,,1,1,1,0,6.3,0.0
8,mega,400,0,0,47,megapod,-,,4,4,4,0,6.3,0.0
8,mega,400,0,0,47,redis-cart,-,,1,1,1,0,6.3,0.0
8,mega,400,0,0,62,megapod,-,,4,4,4,0,6.3,0.0
8,mega,400,0,0,62,redis-cart,-,,1,1,1,0,6.3,0.0
8,mega,400,0,0,78,megapod,-,,4,4,4,0,6.3,0.0
8,mega,400,0,0,78,redis-cart,-,,1,1,1,0,6.3,0.0
8,mega,400,0,0,93,megapod,-,,4,4,4,0,6.3,0.0
8,mega,400,0,0,93,redis-cart,-,,1,1,1,0,6.3,0.0
8,mega,400,0,0,109,megapod,-,,4,4,4,0,6.3,0.0
8,mega,400,0,0,109,redis-cart,-,,1,1,1,0,6.3,0.0
8,mega,400,0,0,124,megapod,-,,4,4,4,0,6.3,0.0
8,mega,400,0,0,124,redis-cart,-,,1,1,1,0,6.3,0.0
8,mega,400,0,0,139,megapod,-,,4,4,4,0,6.3,0.0
8,mega,400,0,0,139,redis-cart,-,,1,1,1,0,6.3,0.0
8,mega,400,0,0,155,megapod,-,,4,4,4,0,6.3,0.0
8,mega,400,0,0,155,redis-cart,-,,1,1,1,0,6.3,0.0
8,mega,400,0,0,170,megapod,-,,4,4,4,0,6.3,0.0
8,mega,400,0,0,170,redis-cart,-,,1,1,1,0,6.3,0.0
8,mega,400,0,0,186,megapod,-,,4,4,4,0,6.3,0.0
8,mega,400,0,0,186,redis-cart,-,,1,1,1,0,6.3,0.0
8,mega,400,0,0,201,megapod,-,,4,4,4,0,6.3,0.0
8,mega,400,0,0,201,redis-cart,-,,1,1,1,0,6.3,0.0
9,normal,350,0,0,0,adservice,-,,4,4,4,0,6.3,0.0
9,normal,350,0,0,0,cartservice,-,,4,4,4,0,6.3,0.0
9,normal,350,0,0,0,checkoutservice,-,,4,4,4,0,6.3,0.0
9,normal,350,0,0,0,currencyservice,-,,4,4,4,0,6.3,0.0
9,normal,350,0,0,0,emailservice,-,,4,4,4,0,6.3,0.0
9,normal,350,0,0,0,frontend,-,,4,4,4,0,6.3,0.0
9,normal,350,0,0,0,paymentservice,-,,4,4,4,0,6.3,0.0
9,normal,350,0,0,0,productcatalogservice,-,,4,4,4,0,6.3,0.0
9,normal,350,0,0,0,recommendationservice,-,,4,4,4,0,6.3,0.0
9,normal,350,0,0,0,redis-cart,-,,1,1,1,0,6.3,0.0
9,normal,350,0,0,0,shippingservice,-,,4,4,4,0,6.3,0.0
9,normal,350,0,0,15,adservice,-,,4,4,4,0,6.3,0.0
9,normal,350,0,0,15,cartservice,-,,4,4,4,0,6.3,0.0
9,normal,350,0,0,15,checkoutservice,-,,4,4,4,0,6.3,0.0
9,normal,350,0,0,15,currencyservice,-,,4,4,4,0,6.3,0.0
9,normal,350,0,0,15,emailservice,-,,4,4,4,0,6.3,0.0
9,normal,350,0,0,15,frontend,-,,4,4,4,0,6.3,0.0
9,normal,350,0,0,15,paymentservice,-,,4,4,4,0,6.3,0.0
9,normal,350,0,0,15,productcatalogservice,-,,4,4,4,0,6.3,0.0
9,normal,350,0,0,15,recommendationservice,-,,4,4,4,0,6.3,0.0
9,normal,350,0,0,15,redis-cart,-,,1,1,1,0,6.3,0.0
9,normal,350,0,0,15,shippingservice,-,,4,4,4,0,6.3,0.0
9,normal,350,0,0,31,adservice,-,,4,4,4,0,6.3,0.0
9,normal,350,0,0,31,cartservice,-,,4,4,4,0,6.3,0.0
9,normal,350,0,0,31,checkoutservice,-,,4,4,4,0,6.3,0.0
9,normal,350,0,0,31,currencyservice,-,,4,4,4,0,6.3,0.0
9,normal,350,0,0,31,emailservice,-,,4,4,4,0,6.3,0.0
9,normal,350,0,0,31,frontend,-,,4,4,4,0,6.3,0.0
9,normal,350,0,0,31,paymentservice,-,,4,4,4,0,6.3,0.0
9,normal,350,0,0,31,productcatalogservice,-,,4,4,4,0,6.3,0.0
9,normal,350,0,0,31,recommendationservice,-,,4,4,4,0,6.3,0.0
9,normal,350,0,0,31,redis-cart,-,,1,1,1,0,6.3,0.0
9,normal,350,0,0,31,shippingservice,-,,4,4,4,0,6.3,0.0
9,normal,350,0,0,46,adservice,-,,4,4,4,0,6.3,0.0
9,normal,350,0,0,46,cartservice,-,,4,4,4,0,6.3,0.0
9,normal,350,0,0,46,checkoutservice,-,,4,4,4,0,6.3,0.0
9,normal,350,0,0,46,currencyservice,-,,4,4,4,0,6.3,0.0
9,normal,350,0,0,46,emailservice,-,,4,4,3,0,6.3,0.0
9,normal,350,0,0,46,frontend,-,,4,4,4,0,6.3,0.0
9,normal,350,0,0,46,paymentservice,-,,4,4,4,0,6.3,0.0
9,normal,350,0,0,46,productcatalogservice,-,,4,4,4,0,6.3,0.0
9,normal,350,0,0,46,recommendationservice,-,,4,4,4,0,6.3,0.0
9,normal,350,0,0,46,redis-cart,-,,1,1,1,0,6.3,0.0
9,normal,350,0,0,46,shippingservice,-,,4,4,4,0,6.3,0.0
9,normal,350,0,0,62,adservice,-,,4,4,4,0,6.3,0.0
9,normal,350,0,0,62,cartservice,-,,4,4,4,0,6.3,0.0
9,normal,350,0,0,62,checkoutservice,-,,4,4,4,0,6.3,0.0
9,normal,350,0,0,62,currencyservice,-,,4,4,4,0,6.3,0.0
9,normal,350,0,0,62,emailservice,-,,4,4,3,0,6.3,0.0
9,normal,350,0,0,62,frontend,-,,4,4,4,0,6.3,0.0
9,normal,350,0,0,62,paymentservice,-,,4,4,4,0,6.3,0.0
9,normal,350,0,0,62,productcatalogservice,-,,4,4,4,0,6.3,0.0
9,normal,350,0,0,62,recommendationservice,-,,4,4,4,0,6.3,0.0
9,normal,350,0,0,62,redis-cart,-,,1,1,1,0,6.3,0.0
9,normal,350,0,0,62,shippingservice,-,,4,4,4,0,6.3,0.0
9,normal,350,0,0,77,adservice,-,,4,4,4,0,6.3,0.0
9,normal,350,0,0,77,cartservice,-,,4,4,4,0,6.3,0.0
9,normal,350,0,0,77,checkoutservice,-,,4,4,4,0,6.3,0.0
9,normal,350,0,0,77,currencyservice,-,,4,4,4,0,6.3,0.0
9,normal,350,0,0,77,emailservice,-,,4,4,3,0,6.3,0.0
9,normal,350,0,0,77,frontend,-,,4,4,4,0,6.3,0.0
9,normal,350,0,0,77,paymentservice,-,,4,4,4,0,6.3,0.0
9,normal,350,0,0,77,productcatalogservice,-,,4,4,4,0,6.3,0.0
9,normal,350,0,0,77,recommendationservice,-,,4,4,4,0,6.3,0.0
9,normal,350,0,0,77,redis-cart,-,,1,1,1,0,6.3,0.0
9,normal,350,0,0,77,shippingservice,-,,4,4,4,0,6.3,0.0
9,normal,350,0,0,93,adservice,-,,4,4,4,0,6.3,0.0
9,normal,350,0,0,93,cartservice,-,,4,4,4,0,6.3,0.0
9,normal,350,0,0,93,checkoutservice,-,,4,4,4,0,6.3,0.0
9,normal,350,0,0,93,currencyservice,-,,4,4,4,0,6.3,0.0
9,normal,350,0,0,93,emailservice,-,,4,4,3,0,6.3,0.0
9,normal,350,0,0,93,frontend,-,,4,4,4,0,6.3,0.0
9,normal,350,0,0,93,paymentservice,-,,4,4,4,0,6.3,0.0
9,normal,350,0,0,93,productcatalogservice,-,,4,4,4,0,6.3,0.0
9,normal,350,0,0,93,recommendationservice,-,,4,4,4,0,6.3,0.0
9,normal,350,0,0,93,redis-cart,-,,1,1,1,0,6.3,0.0
9,normal,350,0,0,93,shippingservice,-,,4,4,4,0,6.3,0.0
9,normal,350,0,0,108,adservice,-,,4,4,4,0,6.3,0.0
9,normal,350,0,0,108,cartservice,-,,4,4,4,0,6.3,0.0
9,normal,350,0,0,108,checkoutservice,-,,4,4,4,0,6.3,0.0
9,normal,350,0,0,108,currencyservice,-,,4,4,4,0,6.3,0.0
9,normal,350,0,0,108,emailservice,-,,4,4,4,0,6.3,0.0
9,normal,350,0,0,108,frontend,-,,4,4,4,0,6.3,0.0
9,normal,350,0,0,108,paymentservice,-,,4,4,4,0,6.3,0.0
9,normal,350,0,0,108,productcatalogservice,-,,4,4,4,0,6.3,0.0
9,normal,350,0,0,108,recommendationservice,-,,4,4,4,0,6.3,0.0
9,normal,350,0,0,108,redis-cart,-,,1,1,1,0,6.3,0.0
9,normal,350,0,0,108,shippingservice,-,,4,4,4,0,6.3,0.0
9,normal,350,0,0,124,adservice,-,,4,4,4,0,6.3,0.0
9,normal,350,0,0,124,cartservice,-,,4,4,4,0,6.3,0.0
9,normal,350,0,0,124,checkoutservice,-,,4,4,4,0,6.3,0.0
9,normal,350,0,0,124,currencyservice,-,,4,4,4,0,6.3,0.0
9,normal,350,0,0,124,emailservice,-,,4,4,4,0,6.3,0.0
9,normal,350,0,0,124,frontend,-,,4,4,4,0,6.3,0.0
9,normal,350,0,0,124,paymentservice,-,,4,4,4,0,6.3,0.0
9,normal,350,0,0,124,productcatalogservice,-,,4,4,4,0,6.3,0.0
9,normal,350,0,0,124,recommendationservice,-,,4,4,3,0,6.3,0.0
9,normal,350,0,0,124,redis-cart,-,,1,1,1,0,6.3,0.0
9,normal,350,0,0,124,shippingservice,-,,4,4,4,0,6.3,0.0
9,normal,350,0,0,139,adservice,-,,4,4,4,0,6.3,0.0
9,normal,350,0,0,139,cartservice,-,,4,4,4,0,6.3,0.0
9,normal,350,0,0,139,checkoutservice,-,,4,4,4,0,6.3,0.0
9,normal,350,0,0,139,currencyservice,-,,4,4,4,0,6.3,0.0
9,normal,350,0,0,139,emailservice,-,,4,4,4,0,6.3,0.0
9,normal,350,0,0,139,frontend,-,,4,4,4,0,6.3,0.0
9,normal,350,0,0,139,paymentservice,-,,4,4,4,0,6.3,0.0
9,normal,350,0,0,139,productcatalogservice,-,,4,4,4,0,6.3,0.0
9,normal,350,0,0,139,recommendationservice,-,,4,4,3,0,6.3,0.0
9,normal,350,0,0,139,redis-cart,-,,1,1,1,0,6.3,0.0
9,normal,350,0,0,139,shippingservice,-,,4,4,4,0,6.3,0.0
9,normal,350,0,0,155,adservice,-,,4,4,4,0,6.3,0.0
9,normal,350,0,0,155,cartservice,-,,4,4,4,0,6.3,0.0
9,normal,350,0,0,155,checkoutservice,-,,4,4,4,0,6.3,0.0
9,normal,350,0,0,155,currencyservice,-,,4,4,4,0,6.3,0.0
9,normal,350,0,0,155,emailservice,-,,4,4,4,0,6.3,0.0
9,normal,350,0,0,155,frontend,-,,4,4,4,0,6.3,0.0
9,normal,350,0,0,155,paymentservice,-,,4,4,4,0,6.3,0.0
9,normal,350,0,0,155,productcatalogservice,-,,4,4,4,0,6.3,0.0
9,normal,350,0,0,155,recommendationservice,-,,4,4,3,0,6.3,0.0
9,normal,350,0,0,155,redis-cart,-,,1,1,1,0,6.3,0.0
9,normal,350,0,0,155,shippingservice,-,,4,4,4,0,6.3,0.0
9,normal,350,0,0,170,adservice,-,,4,4,4,0,6.3,0.0
9,normal,350,0,0,170,cartservice,-,,4,4,4,0,6.3,0.0
9,normal,350,0,0,170,checkoutservice,-,,4,4,4,0,6.3,0.0
9,normal,350,0,0,170,currencyservice,-,,4,4,4,0,6.3,0.0
9,normal,350,0,0,170,emailservice,-,,4,4,4,0,6.3,0.0
9,normal,350,0,0,170,frontend,-,,4,4,4,0,6.3,0.0
9,normal,350,0,0,170,paymentservice,-,,4,4,4,0,6.3,0.0
9,normal,350,0,0,170,productcatalogservice,-,,4,4,4,0,6.3,0.0
9,normal,350,0,0,170,recommendationservice,-,,4,4,3,0,6.3,0.0
9,normal,350,0,0,170,redis-cart,-,,1,1,1,0,6.3,0.0
9,normal,350,0,0,170,shippingservice,-,,4,4,4,0,6.3,0.0
9,normal,350,0,0,186,adservice,-,,4,4,4,0,6.3,0.0
9,normal,350,0,0,186,cartservice,-,,4,4,4,0,6.3,0.0
9,normal,350,0,0,186,checkoutservice,-,,4,4,4,0,6.3,0.0
9,normal,350,0,0,186,currencyservice,-,,4,4,4,0,6.3,0.0
9,normal,350,0,0,186,emailservice,-,,4,4,4,0,6.3,0.0
9,normal,350,0,0,186,frontend,-,,4,4,4,0,6.3,0.0
9,normal,350,0,0,186,paymentservice,-,,4,4,4,0,6.3,0.0
9,normal,350,0,0,186,productcatalogservice,-,,4,4,4,0,6.3,0.0
9,normal,350,0,0,186,recommendationservice,-,,4,4,3,0,6.3,0.0
9,normal,350,0,0,186,redis-cart,-,,1,1,1,0,6.3,0.0
9,normal,350,0,0,186,shippingservice,-,,4,4,4,0,6.3,0.0
9,normal,350,0,0,201,adservice,-,,4,4,4,0,6.3,0.0
9,normal,350,0,0,201,cartservice,-,,4,4,4,0,6.3,0.0
9,normal,350,0,0,201,checkoutservice,-,,4,4,4,0,6.3,0.0
9,normal,350,0,0,201,currencyservice,-,,4,4,4,0,6.3,0.0
9,normal,350,0,0,201,emailservice,-,,4,4,4,0,6.3,0.0
9,normal,350,0,0,201,frontend,-,,4,4,4,0,6.3,0.0
9,normal,350,0,0,201,paymentservice,-,,4,4,4,0,6.3,0.0
9,normal,350,0,0,201,productcatalogservice,-,,4,4,4,0,6.3,0.0
9,normal,350,0,0,201,recommendationservice,-,,4,4,4,0,6.3,0.0
9,normal,350,0,0,201,redis-cart,-,,1,1,1,0,6.3,0.0
9,normal,350,0,0,201,shippingservice,-,,4,4,4,0,6.3,0.0
9,normal,400,0,0,0,adservice,-,,4,4,4,0,6.3,0.0
9,normal,400,0,0,0,cartservice,-,,4,4,4,0,6.3,0.0
9,normal,400,0,0,0,checkoutservice,-,,4,4,4,0,6.3,0.0
9,normal,400,0,0,0,currencyservice,-,,4,4,4,0,6.3,0.0
9,normal,400,0,0,0,emailservice,-,,4,4,4,0,6.3,0.0
9,normal,400,0,0,0,frontend,-,,4,4,4,0,6.3,0.0
9,normal,400,0,0,0,paymentservice,-,,4,4,4,0,6.3,0.0
9,normal,400,0,0,0,productcatalogservice,-,,4,4,4,0,6.3,0.0
9,normal,400,0,0,0,recommendationservice,-,,4,4,4,0,6.3,0.0
9,normal,400,0,0,0,redis-cart,-,,1,1,1,0,6.3,0.0
9,normal,400,0,0,0,shippingservice,-,,4,4,4,0,6.3,0.0
9,normal,400,0,0,16,adservice,-,,4,4,4,0,6.3,0.0
9,normal,400,0,0,16,cartservice,-,,4,4,4,0,6.3,0.0
9,normal,400,0,0,16,checkoutservice,-,,4,4,4,0,6.3,0.0
9,normal,400,0,0,16,currencyservice,-,,4,4,4,0,6.3,0.0
9,normal,400,0,0,16,emailservice,-,,4,4,4,0,6.3,0.0
9,normal,400,0,0,16,frontend,-,,4,4,4,0,6.3,0.0
9,normal,400,0,0,16,paymentservice,-,,4,4,4,0,6.3,0.0
9,normal,400,0,0,16,productcatalogservice,-,,4,4,4,0,6.3,0.0
9,normal,400,0,0,16,recommendationservice,-,,4,4,4,0,6.3,0.0
9,normal,400,0,0,16,redis-cart,-,,1,1,1,0,6.3,0.0
9,normal,400,0,0,16,shippingservice,-,,4,4,4,0,6.3,0.0
9,normal,400,0,0,31,adservice,-,,4,4,4,0,6.3,0.0
9,normal,400,0,0,31,cartservice,-,,4,4,4,0,6.3,0.0
9,normal,400,0,0,31,checkoutservice,-,,4,4,4,0,6.3,0.0
9,normal,400,0,0,31,currencyservice,-,,4,4,4,0,6.3,0.0
9,normal,400,0,0,31,emailservice,-,,4,4,4,0,6.3,0.0
9,normal,400,0,0,31,frontend,-,,4,4,4,0,6.3,0.0
9,normal,400,0,0,31,paymentservice,-,,4,4,4,0,6.3,0.0
9,normal,400,0,0,31,productcatalogservice,-,,4,4,4,0,6.3,0.0
9,normal,400,0,0,31,recommendationservice,-,,4,4,2,0,6.3,0.0
9,normal,400,0,0,31,redis-cart,-,,1,1,1,0,6.3,0.0
9,normal,400,0,0,31,shippingservice,-,,4,4,4,0,6.3,0.0
9,normal,400,0,0,47,adservice,-,,4,4,4,0,6.3,0.0
9,normal,400,0,0,47,cartservice,-,,4,4,4,0,6.3,0.0
9,normal,400,0,0,47,checkoutservice,-,,4,4,4,0,6.3,0.0
9,normal,400,0,0,47,currencyservice,-,,4,4,4,0,6.3,0.0
9,normal,400,0,0,47,emailservice,-,,4,4,4,0,6.3,0.0
9,normal,400,0,0,47,frontend,-,,4,4,4,0,6.3,0.0
9,normal,400,0,0,47,paymentservice,-,,4,4,4,0,6.3,0.0
9,normal,400,0,0,47,productcatalogservice,-,,4,4,4,0,6.3,0.0
9,normal,400,0,0,47,recommendationservice,-,,4,4,2,0,6.3,0.0
9,normal,400,0,0,47,redis-cart,-,,1,1,1,0,6.3,0.0
9,normal,400,0,0,47,shippingservice,-,,4,4,4,0,6.3,0.0
9,normal,400,0,0,62,adservice,-,,4,4,4,0,6.3,0.0
9,normal,400,0,0,62,cartservice,-,,4,4,4,0,6.3,0.0
9,normal,400,0,0,62,checkoutservice,-,,4,4,4,0,6.3,0.0
9,normal,400,0,0,62,currencyservice,-,,4,4,4,0,6.3,0.0
9,normal,400,0,0,62,emailservice,-,,4,4,4,0,6.3,0.0
9,normal,400,0,0,62,frontend,-,,4,4,4,0,6.3,0.0
9,normal,400,0,0,62,paymentservice,-,,4,4,4,0,6.3,0.0
9,normal,400,0,0,62,productcatalogservice,-,,4,4,4,0,6.3,0.0
9,normal,400,0,0,62,recommendationservice,-,,4,4,2,0,6.3,0.0
9,normal,400,0,0,62,redis-cart,-,,1,1,1,0,6.3,0.0
9,normal,400,0,0,62,shippingservice,-,,4,4,4,0,6.3,0.0
9,normal,400,0,0,78,adservice,-,,4,4,4,0,6.3,0.0
9,normal,400,0,0,78,cartservice,-,,4,4,4,0,6.3,0.0
9,normal,400,0,0,78,checkoutservice,-,,4,4,4,0,6.3,0.0
9,normal,400,0,0,78,currencyservice,-,,4,4,4,0,6.3,0.0
9,normal,400,0,0,78,emailservice,-,,4,4,4,0,6.3,0.0
9,normal,400,0,0,78,frontend,-,,4,4,4,0,6.3,0.0
9,normal,400,0,0,78,paymentservice,-,,4,4,4,0,6.3,0.0
9,normal,400,0,0,78,productcatalogservice,-,,4,4,4,0,6.3,0.0
9,normal,400,0,0,78,recommendationservice,-,,4,4,2,0,6.3,0.0
9,normal,400,0,0,78,redis-cart,-,,1,1,1,0,6.3,0.0
9,normal,400,0,0,78,shippingservice,-,,4,4,4,0,6.3,0.0
9,normal,400,0,0,93,adservice,-,,4,4,4,0,6.3,0.0
9,normal,400,0,0,93,cartservice,-,,4,4,4,0,6.3,0.0
9,normal,400,0,0,93,checkoutservice,-,,4,4,4,0,6.3,0.0
9,normal,400,0,0,93,currencyservice,-,,4,4,4,0,6.3,0.0
9,normal,400,0,0,93,emailservice,-,,4,4,4,0,6.3,0.0
9,normal,400,0,0,93,frontend,-,,4,4,4,0,6.3,0.0
9,normal,400,0,0,93,paymentservice,-,,4,4,4,0,6.3,0.0
9,normal,400,0,0,93,productcatalogservice,-,,4,4,4,0,6.3,0.0
9,normal,400,0,0,93,recommendationservice,-,,4,4,2,0,6.3,0.0
9,normal,400,0,0,93,redis-cart,-,,1,1,1,0,6.3,0.0
9,normal,400,0,0,93,shippingservice,-,,4,4,4,0,6.3,0.0
9,normal,400,0,0,108,adservice,-,,4,4,4,0,6.3,0.0
9,normal,400,0,0,108,cartservice,-,,4,4,4,0,6.3,0.0
9,normal,400,0,0,108,checkoutservice,-,,4,4,4,0,6.3,0.0
9,normal,400,0,0,108,currencyservice,-,,4,4,4,0,6.3,0.0
9,normal,400,0,0,108,emailservice,-,,4,4,4,0,6.3,0.0
9,normal,400,0,0,108,frontend,-,,4,4,4,0,6.3,0.0
9,normal,400,0,0,108,paymentservice,-,,4,4,4,0,6.3,0.0
9,normal,400,0,0,108,productcatalogservice,-,,4,4,4,0,6.3,0.0
9,normal,400,0,0,108,recommendationservice,-,,4,4,4,0,6.3,0.0
9,normal,400,0,0,108,redis-cart,-,,1,1,1,0,6.3,0.0
9,normal,400,0,0,108,shippingservice,-,,4,4,4,0,6.3,0.0
9,normal,400,0,0,124,adservice,-,,4,4,4,0,6.3,0.0
9,normal,400,0,0,124,cartservice,-,,4,4,4,0,6.3,0.0
9,normal,400,0,0,124,checkoutservice,-,,4,4,4,0,6.3,0.0
9,normal,400,0,0,124,currencyservice,-,,4,4,4,0,6.3,0.0
9,normal,400,0,0,124,emailservice,-,,4,4,4,0,6.3,0.0
9,normal,400,0,0,124,frontend,-,,4,4,4,0,6.3,0.0
9,normal,400,0,0,124,paymentservice,-,,4,4,4,0,6.3,0.0
9,normal,400,0,0,124,productcatalogservice,-,,4,4,4,0,6.3,0.0
9,normal,400,0,0,124,recommendationservice,-,,4,4,2,0,6.3,0.0
9,normal,400,0,0,124,redis-cart,-,,1,1,1,0,6.3,0.0
9,normal,400,0,0,124,shippingservice,-,,4,4,4,0,6.3,0.0
9,normal,400,0,0,139,adservice,-,,4,4,4,0,6.3,0.0
9,normal,400,0,0,139,cartservice,-,,4,4,4,0,6.3,0.0
9,normal,400,0,0,139,checkoutservice,-,,4,4,4,0,6.3,0.0
9,normal,400,0,0,139,currencyservice,-,,4,4,4,0,6.3,0.0
9,normal,400,0,0,139,emailservice,-,,4,4,4,0,6.3,0.0
9,normal,400,0,0,139,frontend,-,,4,4,4,0,6.3,0.0
9,normal,400,0,0,139,paymentservice,-,,4,4,4,0,6.3,0.0
9,normal,400,0,0,139,productcatalogservice,-,,4,4,4,0,6.3,0.0
9,normal,400,0,0,139,recommendationservice,-,,4,4,2,0,6.3,0.0
9,normal,400,0,0,139,redis-cart,-,,1,1,1,0,6.3,0.0
9,normal,400,0,0,139,shippingservice,-,,4,4,4,0,6.3,0.0
9,normal,400,0,0,155,adservice,-,,4,4,4,0,6.3,0.0
9,normal,400,0,0,155,cartservice,-,,4,4,4,0,6.3,0.0
9,normal,400,0,0,155,checkoutservice,-,,4,4,4,0,6.3,0.0
9,normal,400,0,0,155,currencyservice,-,,4,4,4,0,6.3,0.0
9,normal,400,0,0,155,emailservice,-,,4,4,4,0,6.3,0.0
9,normal,400,0,0,155,frontend,-,,4,4,4,0,6.3,0.0
9,normal,400,0,0,155,paymentservice,-,,4,4,4,0,6.3,0.0
9,normal,400,0,0,155,productcatalogservice,-,,4,4,4,0,6.3,0.0
9,normal,400,0,0,155,recommendationservice,-,,4,4,2,0,6.3,0.0
9,normal,400,0,0,155,redis-cart,-,,1,1,1,0,6.3,0.0
9,normal,400,0,0,155,shippingservice,-,,4,4,4,0,6.3,0.0
9,normal,400,0,0,170,adservice,-,,4,4,4,0,6.3,0.0
9,normal,400,0,0,170,cartservice,-,,4,4,4,0,6.3,0.0
9,normal,400,0,0,170,checkoutservice,-,,4,4,4,0,6.3,0.0
9,normal,400,0,0,170,currencyservice,-,,4,4,4,0,6.3,0.0
9,normal,400,0,0,170,emailservice,-,,4,4,4,0,6.3,0.0
9,normal,400,0,0,170,frontend,-,,4,4,4,0,6.3,0.0
9,normal,400,0,0,170,paymentservice,-,,4,4,4,0,6.3,0.0
9,normal,400,0,0,170,productcatalogservice,-,,4,4,4,0,6.3,0.0
9,normal,400,0,0,170,recommendationservice,-,,4,4,2,0,6.3,0.0
9,normal,400,0,0,170,redis-cart,-,,1,1,1,0,6.3,0.0
9,normal,400,0,0,170,shippingservice,-,,4,4,4,0,6.3,0.0
9,normal,400,0,0,185,adservice,-,,4,4,4,0,6.3,0.0
9,normal,400,0,0,185,cartservice,-,,4,4,4,0,6.3,0.0
9,normal,400,0,0,185,checkoutservice,-,,4,4,4,0,6.3,0.0
9,normal,400,0,0,185,currencyservice,-,,4,4,4,0,6.3,0.0
9,normal,400,0,0,185,emailservice,-,,4,4,4,0,6.3,0.0
9,normal,400,0,0,185,frontend,-,,4,4,4,0,6.3,0.0
9,normal,400,0,0,185,paymentservice,-,,4,4,4,0,6.3,0.0
9,normal,400,0,0,185,productcatalogservice,-,,4,4,4,0,6.3,0.0
9,normal,400,0,0,185,recommendationservice,-,,4,4,2,0,6.3,0.0
9,normal,400,0,0,185,redis-cart,-,,1,1,1,0,6.3,0.0
9,normal,400,0,0,185,shippingservice,-,,4,4,4,0,6.3,0.0
9,normal,400,0,0,201,adservice,-,,4,4,4,0,6.3,0.0
9,normal,400,0,0,201,cartservice,-,,4,4,4,0,6.3,0.0
9,normal,400,0,0,201,checkoutservice,-,,4,4,4,0,6.3,0.0
9,normal,400,0,0,201,currencyservice,-,,4,4,4,0,6.3,0.0
9,normal,400,0,0,201,emailservice,-,,4,4,4,0,6.3,0.0
9,normal,400,0,0,201,frontend,-,,4,4,4,0,6.3,0.0
9,normal,400,0,0,201,paymentservice,-,,4,4,4,0,6.3,0.0
9,normal,400,0,0,201,productcatalogservice,-,,4,4,4,0,6.3,0.0
9,normal,400,0,0,201,recommendationservice,-,,4,4,4,0,6.3,0.0
9,normal,400,0,0,201,redis-cart,-,,1,1,1,0,6.3,0.0
9,normal,400,0,0,201,shippingservice,-,,4,4,4,0,6.3,0.0
9,frontrecocatalog,350,0,0,1,adservice,-,,4,4,4,0,6.3,0.0
9,frontrecocatalog,350,0,0,1,cartservice,-,,4,4,4,0,6.3,0.0
9,frontrecocatalog,350,0,0,1,checkoutservice,-,,4,4,4,0,6.3,0.0
9,frontrecocatalog,350,0,0,1,currencyservice,-,,4,4,4,0,6.3,0.0
9,frontrecocatalog,350,0,0,1,emailservice,-,,4,4,4,0,6.3,0.0
9,frontrecocatalog,350,0,0,1,frontend,-,,4,4,4,0,6.3,0.0
9,frontrecocatalog,350,0,0,1,paymentservice,-,,4,4,4,0,6.3,0.0
9,frontrecocatalog,350,0,0,1,redis-cart,-,,1,1,1,0,6.3,0.0
9,frontrecocatalog,350,0,0,1,shippingservice,-,,4,4,4,0,6.3,0.0
9,frontrecocatalog,350,0,0,16,adservice,-,,4,4,4,0,6.3,0.0
9,frontrecocatalog,350,0,0,16,cartservice,-,,4,4,4,0,6.3,0.0
9,frontrecocatalog,350,0,0,16,checkoutservice,-,,4,4,4,0,6.3,0.0
9,frontrecocatalog,350,0,0,16,currencyservice,-,,4,4,4,0,6.3,0.0
9,frontrecocatalog,350,0,0,16,emailservice,-,,4,4,4,0,6.3,0.0
9,frontrecocatalog,350,0,0,16,frontend,-,,4,4,4,0,6.3,0.0
9,frontrecocatalog,350,0,0,16,paymentservice,-,,4,4,4,0,6.3,0.0
9,frontrecocatalog,350,0,0,16,redis-cart,-,,1,1,1,0,6.3,0.0
9,frontrecocatalog,350,0,0,16,shippingservice,-,,4,4,4,0,6.3,0.0
9,frontrecocatalog,350,0,0,31,adservice,-,,4,4,4,0,6.3,0.0
9,frontrecocatalog,350,0,0,31,cartservice,-,,4,4,4,0,6.3,0.0
9,frontrecocatalog,350,0,0,31,checkoutservice,-,,4,4,4,0,6.3,0.0
9,frontrecocatalog,350,0,0,31,currencyservice,-,,4,4,4,0,6.3,0.0
9,frontrecocatalog,350,0,0,31,emailservice,-,,4,4,4,0,6.3,0.0
9,frontrecocatalog,350,0,0,31,frontend,-,,4,4,4,0,6.3,0.0
9,frontrecocatalog,350,0,0,31,paymentservice,-,,4,4,4,0,6.3,0.0
9,frontrecocatalog,350,0,0,31,redis-cart,-,,1,1,1,0,6.3,0.0
9,frontrecocatalog,350,0,0,31,shippingservice,-,,4,4,4,0,6.3,0.0
9,frontrecocatalog,350,0,0,47,adservice,-,,4,4,4,0,6.3,0.0
9,frontrecocatalog,350,0,0,47,cartservice,-,,4,4,4,0,6.3,0.0
9,frontrecocatalog,350,0,0,47,checkoutservice,-,,4,4,4,0,6.3,0.0
9,frontrecocatalog,350,0,0,47,currencyservice,-,,4,4,4,0,6.3,0.0
9,frontrecocatalog,350,0,0,47,emailservice,-,,4,4,4,0,6.3,0.0
9,frontrecocatalog,350,0,0,47,frontend,-,,4,4,4,0,6.3,0.0
9,frontrecocatalog,350,0,0,47,paymentservice,-,,4,4,4,0,6.3,0.0
9,frontrecocatalog,350,0,0,47,redis-cart,-,,1,1,1,0,6.3,0.0
9,frontrecocatalog,350,0,0,47,shippingservice,-,,4,4,4,0,6.3,0.0
9,frontrecocatalog,350,0,0,62,adservice,-,,4,4,4,0,6.3,0.0
9,frontrecocatalog,350,0,0,62,cartservice,-,,4,4,4,0,6.3,0.0
9,frontrecocatalog,350,0,0,62,checkoutservice,-,,4,4,4,0,6.3,0.0
9,frontrecocatalog,350,0,0,62,currencyservice,-,,4,4,4,0,6.3,0.0
9,frontrecocatalog,350,0,0,62,emailservice,-,,4,4,4,0,6.3,0.0
9,frontrecocatalog,350,0,0,62,frontend,-,,4,4,4,0,6.3,0.0
9,frontrecocatalog,350,0,0,62,paymentservice,-,,4,4,4,0,6.3,0.0
9,frontrecocatalog,350,0,0,62,redis-cart,-,,1,1,1,0,6.3,0.0
9,frontrecocatalog,350,0,0,62,shippingservice,-,,4,4,4,0,6.3,0.0
9,frontrecocatalog,350,0,0,78,adservice,-,,4,4,4,0,6.3,0.0
9,frontrecocatalog,350,0,0,78,cartservice,-,,4,4,4,0,6.3,0.0
9,frontrecocatalog,350,0,0,78,checkoutservice,-,,4,4,4,0,6.3,0.0
9,frontrecocatalog,350,0,0,78,currencyservice,-,,4,4,4,0,6.3,0.0
9,frontrecocatalog,350,0,0,78,emailservice,-,,4,4,4,0,6.3,0.0
9,frontrecocatalog,350,0,0,78,frontend,-,,4,4,4,0,6.3,0.0
9,frontrecocatalog,350,0,0,78,paymentservice,-,,4,4,4,0,6.3,0.0
9,frontrecocatalog,350,0,0,78,redis-cart,-,,1,1,1,0,6.3,0.0
9,frontrecocatalog,350,0,0,78,shippingservice,-,,4,4,4,0,6.3,0.0
9,frontrecocatalog,350,0,0,93,adservice,-,,4,4,4,0,6.3,0.0
9,frontrecocatalog,350,0,0,93,cartservice,-,,4,4,4,0,6.3,0.0
9,frontrecocatalog,350,0,0,93,checkoutservice,-,,4,4,4,0,6.3,0.0
9,frontrecocatalog,350,0,0,93,currencyservice,-,,4,4,4,0,6.3,0.0
9,frontrecocatalog,350,0,0,93,emailservice,-,,4,4,4,0,6.3,0.0
9,frontrecocatalog,350,0,0,93,frontend,-,,4,4,4,0,6.3,0.0
9,frontrecocatalog,350,0,0,93,paymentservice,-,,4,4,4,0,6.3,0.0
9,frontrecocatalog,350,0,0,93,redis-cart,-,,1,1,1,0,6.3,0.0
9,frontrecocatalog,350,0,0,93,shippingservice,-,,4,4,4,0,6.3,0.0
9,frontrecocatalog,350,0,0,108,adservice,-,,4,4,4,0,6.3,0.0
9,frontrecocatalog,350,0,0,108,cartservice,-,,4,4,4,0,6.3,0.0
9,frontrecocatalog,350,0,0,108,checkoutservice,-,,4,4,4,0,6.3,0.0
9,frontrecocatalog,350,0,0,108,currencyservice,-,,4,4,4,0,6.3,0.0
9,frontrecocatalog,350,0,0,108,emailservice,-,,4,4,4,0,6.3,0.0
9,frontrecocatalog,350,0,0,108,frontend,-,,4,4,4,0,6.3,0.0
9,frontrecocatalog,350,0,0,108,paymentservice,-,,4,4,4,0,6.3,0.0
9,frontrecocatalog,350,0,0,108,redis-cart,-,,1,1,1,0,6.3,0.0
9,frontrecocatalog,350,0,0,108,shippingservice,-,,4,4,4,0,6.3,0.0
9,frontrecocatalog,350,0,0,124,adservice,-,,4,4,4,0,6.3,0.0
9,frontrecocatalog,350,0,0,124,cartservice,-,,4,4,4,0,6.3,0.0
9,frontrecocatalog,350,0,0,124,checkoutservice,-,,4,4,4,0,6.3,0.0
9,frontrecocatalog,350,0,0,124,currencyservice,-,,4,4,4,0,6.3,0.0
9,frontrecocatalog,350,0,0,124,emailservice,-,,4,4,4,0,6.3,0.0
9,frontrecocatalog,350,0,0,124,frontend,-,,4,4,4,0,6.3,0.0
9,frontrecocatalog,350,0,0,124,paymentservice,-,,4,4,4,0,6.3,0.0
9,frontrecocatalog,350,0,0,124,redis-cart,-,,1,1,1,0,6.3,0.0
9,frontrecocatalog,350,0,0,124,shippingservice,-,,4,4,4,0,6.3,0.0
9,frontrecocatalog,350,0,0,139,adservice,-,,4,4,4,0,6.3,0.0
9,frontrecocatalog,350,0,0,139,cartservice,-,,4,4,4,0,6.3,0.0
9,frontrecocatalog,350,0,0,139,checkoutservice,-,,4,4,4,0,6.3,0.0
9,frontrecocatalog,350,0,0,139,currencyservice,-,,4,4,4,0,6.3,0.0
9,frontrecocatalog,350,0,0,139,emailservice,-,,4,4,4,0,6.3,0.0
9,frontrecocatalog,350,0,0,139,frontend,-,,4,4,4,0,6.3,0.0
9,frontrecocatalog,350,0,0,139,paymentservice,-,,4,4,4,0,6.3,0.0
9,frontrecocatalog,350,0,0,139,redis-cart,-,,1,1,1,0,6.3,0.0
9,frontrecocatalog,350,0,0,139,shippingservice,-,,4,4,4,0,6.3,0.0
9,frontrecocatalog,350,0,0,155,adservice,-,,4,4,4,0,6.3,0.0
9,frontrecocatalog,350,0,0,155,cartservice,-,,4,4,4,0,6.3,0.0
9,frontrecocatalog,350,0,0,155,checkoutservice,-,,4,4,4,0,6.3,0.0
9,frontrecocatalog,350,0,0,155,currencyservice,-,,4,4,4,0,6.3,0.0
9,frontrecocatalog,350,0,0,155,emailservice,-,,4,4,4,0,6.3,0.0
9,frontrecocatalog,350,0,0,155,frontend,-,,4,4,4,0,6.3,0.0
9,frontrecocatalog,350,0,0,155,paymentservice,-,,4,4,4,0,6.3,0.0
9,frontrecocatalog,350,0,0,155,redis-cart,-,,1,1,1,0,6.3,0.0
9,frontrecocatalog,350,0,0,155,shippingservice,-,,4,4,4,0,6.3,0.0
9,frontrecocatalog,350,0,0,170,adservice,-,,4,4,4,0,6.3,0.0
9,frontrecocatalog,350,0,0,170,cartservice,-,,4,4,4,0,6.3,0.0
9,frontrecocatalog,350,0,0,170,checkoutservice,-,,4,4,4,0,6.3,0.0
9,frontrecocatalog,350,0,0,170,currencyservice,-,,4,4,4,0,6.3,0.0
9,frontrecocatalog,350,0,0,170,emailservice,-,,4,4,4,0,6.3,0.0
9,frontrecocatalog,350,0,0,170,frontend,-,,4,4,4,0,6.3,0.0
9,frontrecocatalog,350,0,0,170,paymentservice,-,,4,4,4,0,6.3,0.0
9,frontrecocatalog,350,0,0,170,redis-cart,-,,1,1,1,0,6.3,0.0
9,frontrecocatalog,350,0,0,170,shippingservice,-,,4,4,4,0,6.3,0.0
9,frontrecocatalog,350,0,0,186,adservice,-,,4,4,4,0,6.3,0.0
9,frontrecocatalog,350,0,0,186,cartservice,-,,4,4,4,0,6.3,0.0
9,frontrecocatalog,350,0,0,186,checkoutservice,-,,4,4,4,0,6.3,0.0
9,frontrecocatalog,350,0,0,186,currencyservice,-,,4,4,4,0,6.3,0.0
9,frontrecocatalog,350,0,0,186,emailservice,-,,4,4,4,0,6.3,0.0
9,frontrecocatalog,350,0,0,186,frontend,-,,4,4,4,0,6.3,0.0
9,frontrecocatalog,350,0,0,186,paymentservice,-,,4,4,4,0,6.3,0.0
9,frontrecocatalog,350,0,0,186,redis-cart,-,,1,1,1,0,6.3,0.0
9,frontrecocatalog,350,0,0,186,shippingservice,-,,4,4,4,0,6.3,0.0
9,frontrecocatalog,350,0,0,201,adservice,-,,4,4,4,0,6.3,0.0
9,frontrecocatalog,350,0,0,201,cartservice,-,,4,4,4,0,6.3,0.0
9,frontrecocatalog,350,0,0,201,checkoutservice,-,,4,4,4,0,6.3,0.0
9,frontrecocatalog,350,0,0,201,currencyservice,-,,4,4,4,0,6.3,0.0
9,frontrecocatalog,350,0,0,201,emailservice,-,,4,4,4,0,6.3,0.0
9,frontrecocatalog,350,0,0,201,frontend,-,,4,4,4,0,6.3,0.0
9,frontrecocatalog,350,0,0,201,paymentservice,-,,4,4,4,0,6.3,0.0
9,frontrecocatalog,350,0,0,201,redis-cart,-,,1,1,1,0,6.3,0.0
9,frontrecocatalog,350,0,0,201,shippingservice,-,,4,4,4,0,6.3,0.0
9,frontrecocatalog,400,0,0,0,adservice,-,,4,4,4,0,6.3,0.0
9,frontrecocatalog,400,0,0,0,cartservice,-,,4,4,4,0,6.3,0.0
9,frontrecocatalog,400,0,0,0,checkoutservice,-,,4,4,4,0,6.3,0.0
9,frontrecocatalog,400,0,0,0,currencyservice,-,,4,4,4,0,6.3,0.0
9,frontrecocatalog,400,0,0,0,emailservice,-,,4,4,4,0,6.3,0.0
9,frontrecocatalog,400,0,0,0,frontend,-,,4,4,4,0,6.3,0.0
9,frontrecocatalog,400,0,0,0,paymentservice,-,,4,4,4,0,6.3,0.0
9,frontrecocatalog,400,0,0,0,redis-cart,-,,1,1,1,0,6.3,0.0
9,frontrecocatalog,400,0,0,0,shippingservice,-,,4,4,4,0,6.3,0.0
9,frontrecocatalog,400,0,0,15,adservice,-,,4,4,4,0,6.3,0.0
9,frontrecocatalog,400,0,0,15,cartservice,-,,4,4,4,0,6.3,0.0
9,frontrecocatalog,400,0,0,15,checkoutservice,-,,4,4,4,0,6.3,0.0
9,frontrecocatalog,400,0,0,15,currencyservice,-,,4,4,4,0,6.3,0.0
9,frontrecocatalog,400,0,0,15,emailservice,-,,4,4,4,0,6.3,0.0
9,frontrecocatalog,400,0,0,15,frontend,-,,4,4,4,0,6.3,0.0
9,frontrecocatalog,400,0,0,15,paymentservice,-,,4,4,4,0,6.3,0.0
9,frontrecocatalog,400,0,0,15,redis-cart,-,,1,1,1,0,6.3,0.0
9,frontrecocatalog,400,0,0,15,shippingservice,-,,4,4,4,0,6.3,0.0
9,frontrecocatalog,400,0,0,31,adservice,-,,4,4,4,0,6.3,0.0
9,frontrecocatalog,400,0,0,31,cartservice,-,,4,4,4,0,6.3,0.0
9,frontrecocatalog,400,0,0,31,checkoutservice,-,,4,4,4,0,6.3,0.0
9,frontrecocatalog,400,0,0,31,currencyservice,-,,4,4,4,0,6.3,0.0
9,frontrecocatalog,400,0,0,31,emailservice,-,,4,4,4,0,6.3,0.0
9,frontrecocatalog,400,0,0,31,frontend,-,,4,4,4,0,6.3,0.0
9,frontrecocatalog,400,0,0,31,paymentservice,-,,4,4,4,0,6.3,0.0
9,frontrecocatalog,400,0,0,31,redis-cart,-,,1,1,1,0,6.3,0.0
9,frontrecocatalog,400,0,0,31,shippingservice,-,,4,4,4,0,6.3,0.0
9,frontrecocatalog,400,0,0,46,adservice,-,,4,4,4,0,6.3,0.0
9,frontrecocatalog,400,0,0,46,cartservice,-,,4,4,4,0,6.3,0.0
9,frontrecocatalog,400,0,0,46,checkoutservice,-,,4,4,4,0,6.3,0.0
9,frontrecocatalog,400,0,0,46,currencyservice,-,,4,4,4,0,6.3,0.0
9,frontrecocatalog,400,0,0,46,emailservice,-,,4,4,4,0,6.3,0.0
9,frontrecocatalog,400,0,0,46,frontend,-,,4,4,4,0,6.3,0.0
9,frontrecocatalog,400,0,0,46,paymentservice,-,,4,4,4,0,6.3,0.0
9,frontrecocatalog,400,0,0,46,redis-cart,-,,1,1,1,0,6.3,0.0
9,frontrecocatalog,400,0,0,46,shippingservice,-,,4,4,4,0,6.3,0.0
9,frontrecocatalog,400,0,0,62,adservice,-,,4,4,4,0,6.3,0.0
9,frontrecocatalog,400,0,0,62,cartservice,-,,4,4,4,0,6.3,0.0
9,frontrecocatalog,400,0,0,62,checkoutservice,-,,4,4,4,0,6.3,0.0
9,frontrecocatalog,400,0,0,62,currencyservice,-,,4,4,4,0,6.3,0.0
9,frontrecocatalog,400,0,0,62,emailservice,-,,4,4,4,0,6.3,0.0
9,frontrecocatalog,400,0,0,62,frontend,-,,4,4,4,0,6.3,0.0
9,frontrecocatalog,400,0,0,62,paymentservice,-,,4,4,4,0,6.3,0.0
9,frontrecocatalog,400,0,0,62,redis-cart,-,,1,1,1,0,6.3,0.0
9,frontrecocatalog,400,0,0,62,shippingservice,-,,4,4,4,0,6.3,0.0
9,frontrecocatalog,400,0,0,77,adservice,-,,4,4,4,0,6.3,0.0
9,frontrecocatalog,400,0,0,77,cartservice,-,,4,4,4,0,6.3,0.0
9,frontrecocatalog,400,0,0,77,checkoutservice,-,,4,4,4,0,6.3,0.0
9,frontrecocatalog,400,0,0,77,currencyservice,-,,4,4,4,0,6.3,0.0
9,frontrecocatalog,400,0,0,77,emailservice,-,,4,4,4,0,6.3,0.0
9,frontrecocatalog,400,0,0,77,frontend,-,,4,4,4,0,6.3,0.0
9,frontrecocatalog,400,0,0,77,paymentservice,-,,4,4,4,0,6.3,0.0
9,frontrecocatalog,400,0,0,77,redis-cart,-,,1,1,1,0,6.3,0.0
9,frontrecocatalog,400,0,0,77,shippingservice,-,,4,4,4,0,6.3,0.0
9,frontrecocatalog,400,0,0,93,adservice,-,,4,4,4,0,6.3,0.0
9,frontrecocatalog,400,0,0,93,cartservice,-,,4,4,4,0,6.3,0.0
9,frontrecocatalog,400,0,0,93,checkoutservice,-,,4,4,4,0,6.3,0.0
9,frontrecocatalog,400,0,0,93,currencyservice,-,,4,4,4,0,6.3,0.0
9,frontrecocatalog,400,0,0,93,emailservice,-,,4,4,4,0,6.3,0.0
9,frontrecocatalog,400,0,0,93,frontend,-,,4,4,4,0,6.3,0.0
9,frontrecocatalog,400,0,0,93,paymentservice,-,,4,4,4,0,6.3,0.0
9,frontrecocatalog,400,0,0,93,redis-cart,-,,1,1,1,0,6.3,0.0
9,frontrecocatalog,400,0,0,93,shippingservice,-,,4,4,4,0,6.3,0.0
9,frontrecocatalog,400,0,0,109,adservice,-,,4,4,4,0,6.3,0.0
9,frontrecocatalog,400,0,0,109,cartservice,-,,4,4,4,0,6.3,0.0
9,frontrecocatalog,400,0,0,109,checkoutservice,-,,4,4,4,0,6.3,0.0
9,frontrecocatalog,400,0,0,109,currencyservice,-,,4,4,4,0,6.3,0.0
9,frontrecocatalog,400,0,0,109,emailservice,-,,4,4,4,0,6.3,0.0
9,frontrecocatalog,400,0,0,109,frontend,-,,4,4,4,0,6.3,0.0
9,frontrecocatalog,400,0,0,109,paymentservice,-,,4,4,4,0,6.3,0.0
9,frontrecocatalog,400,0,0,109,redis-cart,-,,1,1,1,0,6.3,0.0
9,frontrecocatalog,400,0,0,109,shippingservice,-,,4,4,4,0,6.3,0.0
9,frontrecocatalog,400,0,0,124,adservice,-,,4,4,4,0,6.3,0.0
9,frontrecocatalog,400,0,0,124,cartservice,-,,4,4,4,0,6.3,0.0
9,frontrecocatalog,400,0,0,124,checkoutservice,-,,4,4,4,0,6.3,0.0
9,frontrecocatalog,400,0,0,124,currencyservice,-,,4,4,4,0,6.3,0.0
9,frontrecocatalog,400,0,0,124,emailservice,-,,4,4,4,0,6.3,0.0
9,frontrecocatalog,400,0,0,124,frontend,-,,4,4,4,0,6.3,0.0
9,frontrecocatalog,400,0,0,124,paymentservice,-,,4,4,4,0,6.3,0.0
9,frontrecocatalog,400,0,0,124,redis-cart,-,,1,1,1,0,6.3,0.0
9,frontrecocatalog,400,0,0,124,shippingservice,-,,4,4,4,0,6.3,0.0
9,frontrecocatalog,400,0,0,140,adservice,-,,4,4,4,0,6.3,0.0
9,frontrecocatalog,400,0,0,140,cartservice,-,,4,4,4,0,6.3,0.0
9,frontrecocatalog,400,0,0,140,checkoutservice,-,,4,4,4,0,6.3,0.0
9,frontrecocatalog,400,0,0,140,currencyservice,-,,4,4,4,0,6.3,0.0
9,frontrecocatalog,400,0,0,140,emailservice,-,,4,4,4,0,6.3,0.0
9,frontrecocatalog,400,0,0,140,frontend,-,,4,4,4,0,6.3,0.0
9,frontrecocatalog,400,0,0,140,paymentservice,-,,4,4,4,0,6.3,0.0
9,frontrecocatalog,400,0,0,140,redis-cart,-,,1,1,1,0,6.3,0.0
9,frontrecocatalog,400,0,0,140,shippingservice,-,,4,4,4,0,6.3,0.0
9,frontrecocatalog,400,0,0,155,adservice,-,,4,4,4,0,6.3,0.0
9,frontrecocatalog,400,0,0,155,cartservice,-,,4,4,4,0,6.3,0.0
9,frontrecocatalog,400,0,0,155,checkoutservice,-,,4,4,4,0,6.3,0.0
9,frontrecocatalog,400,0,0,155,currencyservice,-,,4,4,4,0,6.3,0.0
9,frontrecocatalog,400,0,0,155,emailservice,-,,4,4,4,0,6.3,0.0
9,frontrecocatalog,400,0,0,155,frontend,-,,4,4,4,0,6.3,0.0
9,frontrecocatalog,400,0,0,155,paymentservice,-,,4,4,4,0,6.3,0.0
9,frontrecocatalog,400,0,0,155,redis-cart,-,,1,1,1,0,6.3,0.0
9,frontrecocatalog,400,0,0,155,shippingservice,-,,4,4,4,0,6.3,0.0
9,frontrecocatalog,400,0,0,170,adservice,-,,4,4,4,0,6.3,0.0
9,frontrecocatalog,400,0,0,170,cartservice,-,,4,4,4,0,6.3,0.0
9,frontrecocatalog,400,0,0,170,checkoutservice,-,,4,4,4,0,6.3,0.0
9,frontrecocatalog,400,0,0,170,currencyservice,-,,4,4,4,0,6.3,0.0
9,frontrecocatalog,400,0,0,170,emailservice,-,,4,4,4,0,6.3,0.0
9,frontrecocatalog,400,0,0,170,frontend,-,,4,4,4,0,6.3,0.0
9,frontrecocatalog,400,0,0,170,paymentservice,-,,4,4,4,0,6.3,0.0
9,frontrecocatalog,400,0,0,170,redis-cart,-,,1,1,1,0,6.3,0.0
9,frontrecocatalog,400,0,0,170,shippingservice,-,,4,4,4,0,6.3,0.0
9,frontrecocatalog,400,0,0,186,adservice,-,,4,4,4,0,6.3,0.0
9,frontrecocatalog,400,0,0,186,cartservice,-,,4,4,4,0,6.3,0.0
9,frontrecocatalog,400,0,0,186,checkoutservice,-,,4,4,4,0,6.3,0.0
9,frontrecocatalog,400,0,0,186,currencyservice,-,,4,4,4,0,6.3,0.0
9,frontrecocatalog,400,0,0,186,emailservice,-,,4,4,4,0,6.3,0.0
9,frontrecocatalog,400,0,0,186,frontend,-,,4,4,4,0,6.3,0.0
9,frontrecocatalog,400,0,0,186,paymentservice,-,,4,4,4,0,6.3,0.0
9,frontrecocatalog,400,0,0,186,redis-cart,-,,1,1,1,0,6.3,0.0
9,frontrecocatalog,400,0,0,186,shippingservice,-,,4,4,4,0,6.3,0.0
9,frontrecocatalog,400,0,0,201,adservice,-,,4,4,4,0,6.3,0.0
9,frontrecocatalog,400,0,0,201,cartservice,-,,4,4,4,0,6.3,0.0
9,frontrecocatalog,400,0,0,201,checkoutservice,-,,4,4,4,0,6.3,0.0
9,frontrecocatalog,400,0,0,201,currencyservice,-,,4,4,4,0,6.3,0.0
9,frontrecocatalog,400,0,0,201,emailservice,-,,4,4,4,0,6.3,0.0
9,frontrecocatalog,400,0,0,201,frontend,-,,4,4,4,0,6.3,0.0
9,frontrecocatalog,400,0,0,201,paymentservice,-,,4,4,4,0,6.3,0.0
9,frontrecocatalog,400,0,0,201,redis-cart,-,,1,1,1,0,6.3,0.0
9,frontrecocatalog,400,0,0,201,shippingservice,-,,4,4,4,0,6.3,0.0
9,mega,350,0,0,0,megapod,-,,4,4,4,0,12.28,0.0
9,mega,350,0,0,0,redis-cart,-,,1,1,1,0,12.28,0.0
9,mega,350,0,0,16,megapod,-,,4,4,4,0,6.3,0.0
9,mega,350,0,0,16,redis-cart,-,,1,1,1,0,6.3,0.0
9,mega,350,0,0,31,megapod,-,,4,4,4,0,6.3,0.0
9,mega,350,0,0,31,redis-cart,-,,1,1,1,0,6.3,0.0
9,mega,350,0,0,47,megapod,-,,4,4,4,0,6.3,0.0
9,mega,350,0,0,47,redis-cart,-,,1,1,1,0,6.3,0.0
9,mega,350,0,0,62,megapod,-,,4,4,4,0,6.3,0.0
9,mega,350,0,0,62,redis-cart,-,,1,1,1,0,6.3,0.0
9,mega,350,0,0,77,megapod,-,,4,4,4,0,6.3,0.0
9,mega,350,0,0,77,redis-cart,-,,1,1,1,0,6.3,0.0
9,mega,350,0,0,93,megapod,-,,4,4,4,0,6.3,0.0
9,mega,350,0,0,93,redis-cart,-,,1,1,1,0,6.3,0.0
9,mega,350,0,0,108,megapod,-,,4,4,4,0,6.3,0.0
9,mega,350,0,0,108,redis-cart,-,,1,1,1,0,6.3,0.0
9,mega,350,0,0,124,megapod,-,,4,4,4,0,6.3,0.0
9,mega,350,0,0,124,redis-cart,-,,1,1,1,0,6.3,0.0
9,mega,350,0,0,139,megapod,-,,4,4,4,0,6.3,0.0
9,mega,350,0,0,139,redis-cart,-,,1,1,1,0,6.3,0.0
9,mega,350,0,0,154,megapod,-,,4,4,4,0,6.3,0.0
9,mega,350,0,0,154,redis-cart,-,,1,1,1,0,6.3,0.0
9,mega,350,0,0,170,megapod,-,,4,4,4,0,6.3,0.0
9,mega,350,0,0,170,redis-cart,-,,1,1,1,0,6.3,0.0
9,mega,350,0,0,185,megapod,-,,4,4,4,0,6.3,0.0
9,mega,350,0,0,185,redis-cart,-,,1,1,1,0,6.3,0.0
9,mega,350,0,0,200,megapod,-,,4,4,4,0,6.3,0.0
9,mega,350,0,0,200,redis-cart,-,,1,1,1,0,6.3,0.0
9,mega,400,0,0,0,megapod,-,,4,4,4,0,6.3,0.0
9,mega,400,0,0,0,redis-cart,-,,1,1,1,0,6.3,0.0
9,mega,400,0,0,16,megapod,-,,4,4,4,0,6.3,0.0
9,mega,400,0,0,16,redis-cart,-,,1,1,1,0,6.3,0.0
9,mega,400,0,0,31,megapod,-,,4,4,4,0,6.3,0.0
9,mega,400,0,0,31,redis-cart,-,,1,1,1,0,6.3,0.0
9,mega,400,0,0,47,megapod,-,,4,4,4,0,6.3,0.0
9,mega,400,0,0,47,redis-cart,-,,1,1,1,0,6.3,0.0
9,mega,400,0,0,62,megapod,-,,4,4,4,0,6.3,0.0
9,mega,400,0,0,62,redis-cart,-,,1,1,1,0,6.3,0.0
9,mega,400,0,0,78,megapod,-,,4,4,4,0,6.3,0.0
9,mega,400,0,0,78,redis-cart,-,,1,1,1,0,6.3,0.0
9,mega,400,0,0,93,megapod,-,,4,4,4,0,6.3,0.0
9,mega,400,0,0,93,redis-cart,-,,1,1,1,0,6.3,0.0
9,mega,400,0,0,109,megapod,-,,4,4,4,0,6.3,0.0
9,mega,400,0,0,109,redis-cart,-,,1,1,1,0,6.3,0.0
9,mega,400,0,0,124,megapod,-,,4,4,4,0,6.3,0.0
9,mega,400,0,0,124,redis-cart,-,,1,1,1,0,6.3,0.0
9,mega,400,0,0,139,megapod,-,,4,4,4,0,6.3,0.0
9,mega,400,0,0,139,redis-cart,-,,1,1,1,0,6.3,0.0
9,mega,400,0,0,155,megapod,-,,4,4,4,0,6.3,0.0
9,mega,400,0,0,155,redis-cart,-,,1,1,1,0,6.3,0.0
9,mega,400,0,0,170,megapod,-,,4,4,4,0,6.3,0.0
9,mega,400,0,0,170,redis-cart,-,,1,1,1,0,6.3,0.0
9,mega,400,0,0,186,megapod,-,,4,4,4,0,6.3,0.0
9,mega,400,0,0,186,redis-cart,-,,1,1,1,0,6.3,0.0
9,mega,400,0,0,201,megapod,-,,4,4,4,0,6.3,0.0
9,mega,400,0,0,201,redis-cart,-,,1,1,1,0,6.3,0.0
10,normal,350,0,0,0,adservice,-,,4,4,4,0,6.3,0.0
10,normal,350,0,0,0,cartservice,-,,4,4,4,0,6.3,0.0
10,normal,350,0,0,0,checkoutservice,-,,4,4,4,0,6.3,0.0
10,normal,350,0,0,0,currencyservice,-,,4,4,4,0,6.3,0.0
10,normal,350,0,0,0,emailservice,-,,4,4,4,0,6.3,0.0
10,normal,350,0,0,0,frontend,-,,4,4,4,0,6.3,0.0
10,normal,350,0,0,0,paymentservice,-,,4,4,4,0,6.3,0.0
10,normal,350,0,0,0,productcatalogservice,-,,4,4,4,0,6.3,0.0
10,normal,350,0,0,0,recommendationservice,-,,4,4,4,0,6.3,0.0
10,normal,350,0,0,0,redis-cart,-,,1,1,1,0,6.3,0.0
10,normal,350,0,0,0,shippingservice,-,,4,4,4,0,6.3,0.0
10,normal,350,0,0,16,adservice,-,,4,4,4,0,6.3,0.0
10,normal,350,0,0,16,cartservice,-,,4,4,4,0,6.3,0.0
10,normal,350,0,0,16,checkoutservice,-,,4,4,4,0,6.3,0.0
10,normal,350,0,0,16,currencyservice,-,,4,4,4,0,6.3,0.0
10,normal,350,0,0,16,emailservice,-,,4,4,4,0,6.3,0.0
10,normal,350,0,0,16,frontend,-,,4,4,4,0,6.3,0.0
10,normal,350,0,0,16,paymentservice,-,,4,4,4,0,6.3,0.0
10,normal,350,0,0,16,productcatalogservice,-,,4,4,4,0,6.3,0.0
10,normal,350,0,0,16,recommendationservice,-,,4,4,4,0,6.3,0.0
10,normal,350,0,0,16,redis-cart,-,,1,1,1,0,6.3,0.0
10,normal,350,0,0,16,shippingservice,-,,4,4,4,0,6.3,0.0
10,normal,350,0,0,31,adservice,-,,4,4,4,0,6.3,0.0
10,normal,350,0,0,31,cartservice,-,,4,4,4,0,6.3,0.0
10,normal,350,0,0,31,checkoutservice,-,,4,4,4,0,6.3,0.0
10,normal,350,0,0,31,currencyservice,-,,4,4,4,0,6.3,0.0
10,normal,350,0,0,31,emailservice,-,,4,4,4,0,6.3,0.0
10,normal,350,0,0,31,frontend,-,,4,4,4,0,6.3,0.0
10,normal,350,0,0,31,paymentservice,-,,4,4,4,0,6.3,0.0
10,normal,350,0,0,31,productcatalogservice,-,,4,4,4,0,6.3,0.0
10,normal,350,0,0,31,recommendationservice,-,,4,4,4,0,6.3,0.0
10,normal,350,0,0,31,redis-cart,-,,1,1,1,0,6.3,0.0
10,normal,350,0,0,31,shippingservice,-,,4,4,4,0,6.3,0.0
10,normal,350,0,0,47,adservice,-,,4,4,4,0,6.3,0.0
10,normal,350,0,0,47,cartservice,-,,4,4,4,0,6.3,0.0
10,normal,350,0,0,47,checkoutservice,-,,4,4,4,0,6.3,0.0
10,normal,350,0,0,47,currencyservice,-,,4,4,4,0,6.3,0.0
10,normal,350,0,0,47,emailservice,-,,4,4,4,0,6.3,0.0
10,normal,350,0,0,47,frontend,-,,4,4,4,0,6.3,0.0
10,normal,350,0,0,47,paymentservice,-,,4,4,4,0,6.3,0.0
10,normal,350,0,0,47,productcatalogservice,-,,4,4,4,0,6.3,0.0
10,normal,350,0,0,47,recommendationservice,-,,4,4,4,0,6.3,0.0
10,normal,350,0,0,47,redis-cart,-,,1,1,1,0,6.3,0.0
10,normal,350,0,0,47,shippingservice,-,,4,4,4,0,6.3,0.0
10,normal,350,0,0,62,adservice,-,,4,4,4,0,6.3,0.0
10,normal,350,0,0,62,cartservice,-,,4,4,4,0,6.3,0.0
10,normal,350,0,0,62,checkoutservice,-,,4,4,4,0,6.3,0.0
10,normal,350,0,0,62,currencyservice,-,,4,4,4,0,6.3,0.0
10,normal,350,0,0,62,emailservice,-,,4,4,4,0,6.3,0.0
10,normal,350,0,0,62,frontend,-,,4,4,4,0,6.3,0.0
10,normal,350,0,0,62,paymentservice,-,,4,4,4,0,6.3,0.0
10,normal,350,0,0,62,productcatalogservice,-,,4,4,4,0,6.3,0.0
10,normal,350,0,0,62,recommendationservice,-,,4,4,4,0,6.3,0.0
10,normal,350,0,0,62,redis-cart,-,,1,1,1,0,6.3,0.0
10,normal,350,0,0,62,shippingservice,-,,4,4,4,0,6.3,0.0
10,normal,350,0,0,78,adservice,-,,4,4,4,0,6.3,0.0
10,normal,350,0,0,78,cartservice,-,,4,4,4,0,6.3,0.0
10,normal,350,0,0,78,checkoutservice,-,,4,4,4,0,6.3,0.0
10,normal,350,0,0,78,currencyservice,-,,4,4,4,0,6.3,0.0
10,normal,350,0,0,78,emailservice,-,,4,4,4,0,6.3,0.0
10,normal,350,0,0,78,frontend,-,,4,4,4,0,6.3,0.0
10,normal,350,0,0,78,paymentservice,-,,4,4,4,0,6.3,0.0
10,normal,350,0,0,78,productcatalogservice,-,,4,4,4,0,6.3,0.0
10,normal,350,0,0,78,recommendationservice,-,,4,4,4,0,6.3,0.0
10,normal,350,0,0,78,redis-cart,-,,1,1,1,0,6.3,0.0
10,normal,350,0,0,78,shippingservice,-,,4,4,4,0,6.3,0.0
10,normal,350,0,0,93,adservice,-,,4,4,4,0,6.3,0.0
10,normal,350,0,0,93,cartservice,-,,4,4,4,0,6.3,0.0
10,normal,350,0,0,93,checkoutservice,-,,4,4,4,0,6.3,0.0
10,normal,350,0,0,93,currencyservice,-,,4,4,4,0,6.3,0.0
10,normal,350,0,0,93,emailservice,-,,4,4,4,0,6.3,0.0
10,normal,350,0,0,93,frontend,-,,4,4,4,0,6.3,0.0
10,normal,350,0,0,93,paymentservice,-,,4,4,4,0,6.3,0.0
10,normal,350,0,0,93,productcatalogservice,-,,4,4,4,0,6.3,0.0
10,normal,350,0,0,93,recommendationservice,-,,4,4,4,0,6.3,0.0
10,normal,350,0,0,93,redis-cart,-,,1,1,1,0,6.3,0.0
10,normal,350,0,0,93,shippingservice,-,,4,4,4,0,6.3,0.0
10,normal,350,0,0,109,adservice,-,,4,4,4,0,6.3,0.0
10,normal,350,0,0,109,cartservice,-,,4,4,4,0,6.3,0.0
10,normal,350,0,0,109,checkoutservice,-,,4,4,4,0,6.3,0.0
10,normal,350,0,0,109,currencyservice,-,,4,4,4,0,6.3,0.0
10,normal,350,0,0,109,emailservice,-,,4,4,4,0,6.3,0.0
10,normal,350,0,0,109,frontend,-,,4,4,4,0,6.3,0.0
10,normal,350,0,0,109,paymentservice,-,,4,4,4,0,6.3,0.0
10,normal,350,0,0,109,productcatalogservice,-,,4,4,4,0,6.3,0.0
10,normal,350,0,0,109,recommendationservice,-,,4,4,4,0,6.3,0.0
10,normal,350,0,0,109,redis-cart,-,,1,1,1,0,6.3,0.0
10,normal,350,0,0,109,shippingservice,-,,4,4,4,0,6.3,0.0
10,normal,350,0,0,124,adservice,-,,4,4,4,0,6.3,0.0
10,normal,350,0,0,124,cartservice,-,,4,4,4,0,6.3,0.0
10,normal,350,0,0,124,checkoutservice,-,,4,4,4,0,6.3,0.0
10,normal,350,0,0,124,currencyservice,-,,4,4,4,0,6.3,0.0
10,normal,350,0,0,124,emailservice,-,,4,4,4,0,6.3,0.0
10,normal,350,0,0,124,frontend,-,,4,4,4,0,6.3,0.0
10,normal,350,0,0,124,paymentservice,-,,4,4,4,0,6.3,0.0
10,normal,350,0,0,124,productcatalogservice,-,,4,4,4,0,6.3,0.0
10,normal,350,0,0,124,recommendationservice,-,,4,4,4,0,6.3,0.0
10,normal,350,0,0,124,redis-cart,-,,1,1,1,0,6.3,0.0
10,normal,350,0,0,124,shippingservice,-,,4,4,4,0,6.3,0.0
10,normal,350,0,0,140,adservice,-,,4,4,4,0,6.3,0.0
10,normal,350,0,0,140,cartservice,-,,4,4,4,0,6.3,0.0
10,normal,350,0,0,140,checkoutservice,-,,4,4,4,0,6.3,0.0
10,normal,350,0,0,140,currencyservice,-,,4,4,4,0,6.3,0.0
10,normal,350,0,0,140,emailservice,-,,4,4,4,0,6.3,0.0
10,normal,350,0,0,140,frontend,-,,4,4,4,0,6.3,0.0
10,normal,350,0,0,140,paymentservice,-,,4,4,4,0,6.3,0.0
10,normal,350,0,0,140,productcatalogservice,-,,4,4,4,0,6.3,0.0
10,normal,350,0,0,140,recommendationservice,-,,4,4,4,0,6.3,0.0
10,normal,350,0,0,140,redis-cart,-,,1,1,1,0,6.3,0.0
10,normal,350,0,0,140,shippingservice,-,,4,4,4,0,6.3,0.0
10,normal,350,0,0,155,adservice,-,,4,4,4,0,6.3,0.0
10,normal,350,0,0,155,cartservice,-,,4,4,4,0,6.3,0.0
10,normal,350,0,0,155,checkoutservice,-,,4,4,4,0,6.3,0.0
10,normal,350,0,0,155,currencyservice,-,,4,4,4,0,6.3,0.0
10,normal,350,0,0,155,emailservice,-,,4,4,4,0,6.3,0.0
10,normal,350,0,0,155,frontend,-,,4,4,4,0,6.3,0.0
10,normal,350,0,0,155,paymentservice,-,,4,4,4,0,6.3,0.0
10,normal,350,0,0,155,productcatalogservice,-,,4,4,4,0,6.3,0.0
10,normal,350,0,0,155,recommendationservice,-,,4,4,4,0,6.3,0.0
10,normal,350,0,0,155,redis-cart,-,,1,1,1,0,6.3,0.0
10,normal,350,0,0,155,shippingservice,-,,4,4,4,0,6.3,0.0
10,normal,350,0,0,171,adservice,-,,4,4,4,0,6.3,0.0
10,normal,350,0,0,171,cartservice,-,,4,4,4,0,6.3,0.0
10,normal,350,0,0,171,checkoutservice,-,,4,4,4,0,6.3,0.0
10,normal,350,0,0,171,currencyservice,-,,4,4,4,0,6.3,0.0
10,normal,350,0,0,171,emailservice,-,,4,4,4,0,6.3,0.0
10,normal,350,0,0,171,frontend,-,,4,4,4,0,6.3,0.0
10,normal,350,0,0,171,paymentservice,-,,4,4,4,0,6.3,0.0
10,normal,350,0,0,171,productcatalogservice,-,,4,4,4,0,6.3,0.0
10,normal,350,0,0,171,recommendationservice,-,,4,4,4,0,6.3,0.0
10,normal,350,0,0,171,redis-cart,-,,1,1,1,0,6.3,0.0
10,normal,350,0,0,171,shippingservice,-,,4,4,4,0,6.3,0.0
10,normal,350,0,0,186,adservice,-,,4,4,4,0,6.3,0.0
10,normal,350,0,0,186,cartservice,-,,4,4,4,0,6.3,0.0
10,normal,350,0,0,186,checkoutservice,-,,4,4,4,0,6.3,0.0
10,normal,350,0,0,186,currencyservice,-,,4,4,4,0,6.3,0.0
10,normal,350,0,0,186,emailservice,-,,4,4,4,0,6.3,0.0
10,normal,350,0,0,186,frontend,-,,4,4,4,0,6.3,0.0
10,normal,350,0,0,186,paymentservice,-,,4,4,4,0,6.3,0.0
10,normal,350,0,0,186,productcatalogservice,-,,4,4,4,0,6.3,0.0
10,normal,350,0,0,186,recommendationservice,-,,4,4,4,0,6.3,0.0
10,normal,350,0,0,186,redis-cart,-,,1,1,1,0,6.3,0.0
10,normal,350,0,0,186,shippingservice,-,,4,4,4,0,6.3,0.0
10,normal,350,0,0,202,adservice,-,,4,4,4,0,6.3,0.0
10,normal,350,0,0,202,cartservice,-,,4,4,4,0,6.3,0.0
10,normal,350,0,0,202,checkoutservice,-,,4,4,4,0,6.3,0.0
10,normal,350,0,0,202,currencyservice,-,,4,4,4,0,6.3,0.0
10,normal,350,0,0,202,emailservice,-,,4,4,4,0,6.3,0.0
10,normal,350,0,0,202,frontend,-,,4,4,4,0,6.3,0.0
10,normal,350,0,0,202,paymentservice,-,,4,4,4,0,6.3,0.0
10,normal,350,0,0,202,productcatalogservice,-,,4,4,4,0,6.3,0.0
10,normal,350,0,0,202,recommendationservice,-,,4,4,4,0,6.3,0.0
10,normal,350,0,0,202,redis-cart,-,,1,1,1,0,6.3,0.0
10,normal,350,0,0,202,shippingservice,-,,4,4,4,0,6.3,0.0
10,normal,400,0,0,0,adservice,-,,4,4,4,0,6.3,0.0
10,normal,400,0,0,0,cartservice,-,,4,4,4,0,6.3,0.0
10,normal,400,0,0,0,checkoutservice,-,,4,4,4,0,6.3,0.0
10,normal,400,0,0,0,currencyservice,-,,4,4,4,0,6.3,0.0
10,normal,400,0,0,0,emailservice,-,,4,4,4,0,6.3,0.0
10,normal,400,0,0,0,frontend,-,,4,4,4,0,6.3,0.0
10,normal,400,0,0,0,paymentservice,-,,4,4,4,0,6.3,0.0
10,normal,400,0,0,0,productcatalogservice,-,,4,4,4,0,6.3,0.0
10,normal,400,0,0,0,recommendationservice,-,,4,4,4,0,6.3,0.0
10,normal,400,0,0,0,redis-cart,-,,1,1,1,0,6.3,0.0
10,normal,400,0,0,0,shippingservice,-,,4,4,4,0,6.3,0.0
10,normal,400,0,0,16,adservice,-,,4,4,4,0,6.3,0.0
10,normal,400,0,0,16,cartservice,-,,4,4,4,0,6.3,0.0
10,normal,400,0,0,16,checkoutservice,-,,4,4,4,0,6.3,0.0
10,normal,400,0,0,16,currencyservice,-,,4,4,4,0,6.3,0.0
10,normal,400,0,0,16,emailservice,-,,4,4,4,0,6.3,0.0
10,normal,400,0,0,16,frontend,-,,4,4,4,0,6.3,0.0
10,normal,400,0,0,16,paymentservice,-,,4,4,4,0,6.3,0.0
10,normal,400,0,0,16,productcatalogservice,-,,4,4,4,0,6.3,0.0
10,normal,400,0,0,16,recommendationservice,-,,4,4,4,0,6.3,0.0
10,normal,400,0,0,16,redis-cart,-,,1,1,1,0,6.3,0.0
10,normal,400,0,0,16,shippingservice,-,,4,4,4,0,6.3,0.0
10,normal,400,0,0,31,adservice,-,,4,4,4,0,6.3,0.0
10,normal,400,0,0,31,cartservice,-,,4,4,4,0,6.3,0.0
10,normal,400,0,0,31,checkoutservice,-,,4,4,4,0,6.3,0.0
10,normal,400,0,0,31,currencyservice,-,,4,4,4,0,6.3,0.0
10,normal,400,0,0,31,emailservice,-,,4,4,4,0,6.3,0.0
10,normal,400,0,0,31,frontend,-,,4,4,4,0,6.3,0.0
10,normal,400,0,0,31,paymentservice,-,,4,4,4,0,6.3,0.0
10,normal,400,0,0,31,productcatalogservice,-,,4,4,4,0,6.3,0.0
10,normal,400,0,0,31,recommendationservice,-,,4,4,4,0,6.3,0.0
10,normal,400,0,0,31,redis-cart,-,,1,1,1,0,6.3,0.0
10,normal,400,0,0,31,shippingservice,-,,4,4,4,0,6.3,0.0
10,normal,400,0,0,47,adservice,-,,4,4,4,0,6.3,0.0
10,normal,400,0,0,47,cartservice,-,,4,4,4,0,6.3,0.0
10,normal,400,0,0,47,checkoutservice,-,,4,4,4,0,6.3,0.0
10,normal,400,0,0,47,currencyservice,-,,4,4,4,0,6.3,0.0
10,normal,400,0,0,47,emailservice,-,,4,4,4,0,6.3,0.0
10,normal,400,0,0,47,frontend,-,,4,4,4,0,6.3,0.0
10,normal,400,0,0,47,paymentservice,-,,4,4,4,0,6.3,0.0
10,normal,400,0,0,47,productcatalogservice,-,,4,4,4,0,6.3,0.0
10,normal,400,0,0,47,recommendationservice,-,,4,4,3,0,6.3,0.0
10,normal,400,0,0,47,redis-cart,-,,1,1,1,0,6.3,0.0
10,normal,400,0,0,47,shippingservice,-,,4,4,4,0,6.3,0.0
10,normal,400,0,0,62,adservice,-,,4,4,4,0,6.3,0.0
10,normal,400,0,0,62,cartservice,-,,4,4,4,0,6.3,0.0
10,normal,400,0,0,62,checkoutservice,-,,4,4,4,0,6.3,0.0
10,normal,400,0,0,62,currencyservice,-,,4,4,4,0,6.3,0.0
10,normal,400,0,0,62,emailservice,-,,4,4,4,0,6.3,0.0
10,normal,400,0,0,62,frontend,-,,4,4,4,0,6.3,0.0
10,normal,400,0,0,62,paymentservice,-,,4,4,4,0,6.3,0.0
10,normal,400,0,0,62,productcatalogservice,-,,4,4,4,0,6.3,0.0
10,normal,400,0,0,62,recommendationservice,-,,4,4,1,0,6.3,0.0
10,normal,400,0,0,62,redis-cart,-,,1,1,1,0,6.3,0.0
10,normal,400,0,0,62,shippingservice,-,,4,4,4,0,6.3,0.0
10,normal,400,0,0,78,adservice,-,,4,4,4,0,6.3,0.0
10,normal,400,0,0,78,cartservice,-,,4,4,4,0,6.3,0.0
10,normal,400,0,0,78,checkoutservice,-,,4,4,4,0,6.3,0.0
10,normal,400,0,0,78,currencyservice,-,,4,4,4,0,6.3,0.0
10,normal,400,0,0,78,emailservice,-,,4,4,4,0,6.3,0.0
10,normal,400,0,0,78,frontend,-,,4,4,4,0,6.3,0.0
10,normal,400,0,0,78,paymentservice,-,,4,4,4,0,6.3,0.0
10,normal,400,0,0,78,productcatalogservice,-,,4,4,4,0,6.3,0.0
10,normal,400,0,0,78,recommendationservice,-,,4,4,1,0,6.3,0.0
10,normal,400,0,0,78,redis-cart,-,,1,1,1,0,6.3,0.0
10,normal,400,0,0,78,shippingservice,-,,4,4,4,0,6.3,0.0
10,normal,400,0,0,93,adservice,-,,4,4,4,0,6.3,0.0
10,normal,400,0,0,93,cartservice,-,,4,4,4,0,6.3,0.0
10,normal,400,0,0,93,checkoutservice,-,,4,4,4,0,6.3,0.0
10,normal,400,0,0,93,currencyservice,-,,4,4,4,0,6.3,0.0
10,normal,400,0,0,93,emailservice,-,,4,4,4,0,6.3,0.0
10,normal,400,0,0,93,frontend,-,,4,4,4,0,6.3,0.0
10,normal,400,0,0,93,paymentservice,-,,4,4,4,0,6.3,0.0
10,normal,400,0,0,93,productcatalogservice,-,,4,4,4,0,6.3,0.0
10,normal,400,0,0,93,recommendationservice,-,,4,4,3,0,6.3,0.0
10,normal,400,0,0,93,redis-cart,-,,1,1,1,0,6.3,0.0
10,normal,400,0,0,93,shippingservice,-,,4,4,4,0,6.3,0.0
10,normal,400,0,0,109,adservice,-,,4,4,4,0,6.3,0.0
10,normal,400,0,0,109,cartservice,-,,4,4,4,0,6.3,0.0
10,normal,400,0,0,109,checkoutservice,-,,4,4,4,0,6.3,0.0
10,normal,400,0,0,109,currencyservice,-,,4,4,4,0,6.3,0.0
10,normal,400,0,0,109,emailservice,-,,4,4,4,0,6.3,0.0
10,normal,400,0,0,109,frontend,-,,4,4,4,0,6.3,0.0
10,normal,400,0,0,109,paymentservice,-,,4,4,4,0,6.3,0.0
10,normal,400,0,0,109,productcatalogservice,-,,4,4,4,0,6.3,0.0
10,normal,400,0,0,109,recommendationservice,-,,4,4,2,0,6.3,0.0
10,normal,400,0,0,109,redis-cart,-,,1,1,1,0,6.3,0.0
10,normal,400,0,0,109,shippingservice,-,,4,4,4,0,6.3,0.0
10,normal,400,0,0,124,adservice,-,,4,4,4,0,6.3,0.0
10,normal,400,0,0,124,cartservice,-,,4,4,4,0,6.3,0.0
10,normal,400,0,0,124,checkoutservice,-,,4,4,4,0,6.3,0.0
10,normal,400,0,0,124,currencyservice,-,,4,4,4,0,6.3,0.0
10,normal,400,0,0,124,emailservice,-,,4,4,4,0,6.3,0.0
10,normal,400,0,0,124,frontend,-,,4,4,4,0,6.3,0.0
10,normal,400,0,0,124,paymentservice,-,,4,4,4,0,6.3,0.0
10,normal,400,0,0,124,productcatalogservice,-,,4,4,4,0,6.3,0.0
10,normal,400,0,0,124,recommendationservice,-,,4,4,2,0,6.3,0.0
10,normal,400,0,0,124,redis-cart,-,,1,1,1,0,6.3,0.0
10,normal,400,0,0,124,shippingservice,-,,4,4,4,0,6.3,0.0
10,normal,400,0,0,140,adservice,-,,4,4,4,0,6.3,0.0
10,normal,400,0,0,140,cartservice,-,,4,4,4,0,6.3,0.0
10,normal,400,0,0,140,checkoutservice,-,,4,4,4,0,6.3,0.0
10,normal,400,0,0,140,currencyservice,-,,4,4,4,0,6.3,0.0
10,normal,400,0,0,140,emailservice,-,,4,4,4,0,6.3,0.0
10,normal,400,0,0,140,frontend,-,,4,4,4,0,6.3,0.0
10,normal,400,0,0,140,paymentservice,-,,4,4,4,0,6.3,0.0
10,normal,400,0,0,140,productcatalogservice,-,,4,4,4,0,6.3,0.0
10,normal,400,0,0,140,recommendationservice,-,,4,4,3,0,6.3,0.0
10,normal,400,0,0,140,redis-cart,-,,1,1,1,0,6.3,0.0
10,normal,400,0,0,140,shippingservice,-,,4,4,4,0,6.3,0.0
10,normal,400,0,0,155,adservice,-,,4,4,4,0,6.3,0.0
10,normal,400,0,0,155,cartservice,-,,4,4,4,0,6.3,0.0
10,normal,400,0,0,155,checkoutservice,-,,4,4,4,0,6.3,0.0
10,normal,400,0,0,155,currencyservice,-,,4,4,4,0,6.3,0.0
10,normal,400,0,0,155,emailservice,-,,4,4,3,0,6.3,0.0
10,normal,400,0,0,155,frontend,-,,4,4,4,0,6.3,0.0
10,normal,400,0,0,155,paymentservice,-,,4,4,4,0,6.3,0.0
10,normal,400,0,0,155,productcatalogservice,-,,4,4,4,0,6.3,0.0
10,normal,400,0,0,155,recommendationservice,-,,4,4,3,0,6.3,0.0
10,normal,400,0,0,155,redis-cart,-,,1,1,1,0,6.3,0.0
10,normal,400,0,0,155,shippingservice,-,,4,4,4,0,6.3,0.0
10,normal,400,0,0,171,adservice,-,,4,4,4,0,6.3,0.0
10,normal,400,0,0,171,cartservice,-,,4,4,4,0,6.3,0.0
10,normal,400,0,0,171,checkoutservice,-,,4,4,4,0,6.3,0.0
10,normal,400,0,0,171,currencyservice,-,,4,4,4,0,6.3,0.0
10,normal,400,0,0,171,emailservice,-,,4,4,3,0,6.3,0.0
10,normal,400,0,0,171,frontend,-,,4,4,4,0,6.3,0.0
10,normal,400,0,0,171,paymentservice,-,,4,4,4,0,6.3,0.0
10,normal,400,0,0,171,productcatalogservice,-,,4,4,4,0,6.3,0.0
10,normal,400,0,0,171,recommendationservice,-,,4,4,2,0,6.3,0.0
10,normal,400,0,0,171,redis-cart,-,,1,1,1,0,6.3,0.0
10,normal,400,0,0,171,shippingservice,-,,4,4,4,0,6.3,0.0
10,normal,400,0,0,186,adservice,-,,4,4,4,0,6.3,0.0
10,normal,400,0,0,186,cartservice,-,,4,4,4,0,6.3,0.0
10,normal,400,0,0,186,checkoutservice,-,,4,4,4,0,6.3,0.0
10,normal,400,0,0,186,currencyservice,-,,4,4,4,0,6.3,0.0
10,normal,400,0,0,186,emailservice,-,,4,4,4,0,6.3,0.0
10,normal,400,0,0,186,frontend,-,,4,4,4,0,6.3,0.0
10,normal,400,0,0,186,paymentservice,-,,4,4,4,0,6.3,0.0
10,normal,400,0,0,186,productcatalogservice,-,,4,4,4,0,6.3,0.0
10,normal,400,0,0,186,recommendationservice,-,,4,4,1,0,6.3,0.0
10,normal,400,0,0,186,redis-cart,-,,1,1,1,0,6.3,0.0
10,normal,400,0,0,186,shippingservice,-,,4,4,4,0,6.3,0.0
10,normal,400,0,0,202,adservice,-,,4,4,4,0,6.3,0.0
10,normal,400,0,0,202,cartservice,-,,4,4,4,0,6.3,0.0
10,normal,400,0,0,202,checkoutservice,-,,4,4,4,0,6.3,0.0
10,normal,400,0,0,202,currencyservice,-,,4,4,4,0,6.3,0.0
10,normal,400,0,0,202,emailservice,-,,4,4,3,0,6.3,0.0
10,normal,400,0,0,202,frontend,-,,4,4,4,0,6.3,0.0
10,normal,400,0,0,202,paymentservice,-,,4,4,4,0,6.3,0.0
10,normal,400,0,0,202,productcatalogservice,-,,4,4,4,0,6.3,0.0
10,normal,400,0,0,202,recommendationservice,-,,4,4,3,0,6.3,0.0
10,normal,400,0,0,202,redis-cart,-,,1,1,1,0,6.3,0.0
10,normal,400,0,0,202,shippingservice,-,,4,4,4,0,6.3,0.0
10,frontrecocatalog,350,0,0,0,adservice,-,,4,4,4,0,6.3,0.0
10,frontrecocatalog,350,0,0,0,cartservice,-,,4,4,4,0,6.3,0.0
10,frontrecocatalog,350,0,0,0,checkoutservice,-,,4,4,4,0,6.3,0.0
10,frontrecocatalog,350,0,0,0,currencyservice,-,,4,4,4,0,6.3,0.0
10,frontrecocatalog,350,0,0,0,emailservice,-,,4,4,4,0,6.3,0.0
10,frontrecocatalog,350,0,0,0,frontend,-,,4,4,4,0,6.3,0.0
10,frontrecocatalog,350,0,0,0,paymentservice,-,,4,4,4,0,6.3,0.0
10,frontrecocatalog,350,0,0,0,redis-cart,-,,1,1,1,0,6.3,0.0
10,frontrecocatalog,350,0,0,0,shippingservice,-,,4,4,4,0,6.3,0.0
10,frontrecocatalog,350,0,0,16,adservice,-,,4,4,4,0,6.3,0.0
10,frontrecocatalog,350,0,0,16,cartservice,-,,4,4,4,0,6.3,0.0
10,frontrecocatalog,350,0,0,16,checkoutservice,-,,4,4,4,0,6.3,0.0
10,frontrecocatalog,350,0,0,16,currencyservice,-,,4,4,4,0,6.3,0.0
10,frontrecocatalog,350,0,0,16,emailservice,-,,4,4,4,0,6.3,0.0
10,frontrecocatalog,350,0,0,16,frontend,-,,4,4,4,0,6.3,0.0
10,frontrecocatalog,350,0,0,16,paymentservice,-,,4,4,4,0,6.3,0.0
10,frontrecocatalog,350,0,0,16,redis-cart,-,,1,1,1,0,6.3,0.0
10,frontrecocatalog,350,0,0,16,shippingservice,-,,4,4,4,0,6.3,0.0
10,frontrecocatalog,350,0,0,31,adservice,-,,4,4,4,0,6.3,0.0
10,frontrecocatalog,350,0,0,31,cartservice,-,,4,4,4,0,6.3,0.0
10,frontrecocatalog,350,0,0,31,checkoutservice,-,,4,4,4,0,6.3,0.0
10,frontrecocatalog,350,0,0,31,currencyservice,-,,4,4,4,0,6.3,0.0
10,frontrecocatalog,350,0,0,31,emailservice,-,,4,4,4,0,6.3,0.0
10,frontrecocatalog,350,0,0,31,frontend,-,,4,4,4,0,6.3,0.0
10,frontrecocatalog,350,0,0,31,paymentservice,-,,4,4,4,0,6.3,0.0
10,frontrecocatalog,350,0,0,31,redis-cart,-,,1,1,1,0,6.3,0.0
10,frontrecocatalog,350,0,0,31,shippingservice,-,,4,4,4,0,6.3,0.0
10,frontrecocatalog,350,0,0,47,adservice,-,,4,4,4,0,6.3,0.0
10,frontrecocatalog,350,0,0,47,cartservice,-,,4,4,4,0,6.3,0.0
10,frontrecocatalog,350,0,0,47,checkoutservice,-,,4,4,4,0,6.3,0.0
10,frontrecocatalog,350,0,0,47,currencyservice,-,,4,4,4,0,6.3,0.0
10,frontrecocatalog,350,0,0,47,emailservice,-,,4,4,4,0,6.3,0.0
10,frontrecocatalog,350,0,0,47,frontend,-,,4,4,4,0,6.3,0.0
10,frontrecocatalog,350,0,0,47,paymentservice,-,,4,4,4,0,6.3,0.0
10,frontrecocatalog,350,0,0,47,redis-cart,-,,1,1,1,0,6.3,0.0
10,frontrecocatalog,350,0,0,47,shippingservice,-,,4,4,4,0,6.3,0.0
10,frontrecocatalog,350,0,0,62,adservice,-,,4,4,4,0,6.3,0.0
10,frontrecocatalog,350,0,0,62,cartservice,-,,4,4,4,0,6.3,0.0
10,frontrecocatalog,350,0,0,62,checkoutservice,-,,4,4,4,0,6.3,0.0
10,frontrecocatalog,350,0,0,62,currencyservice,-,,4,4,4,0,6.3,0.0
10,frontrecocatalog,350,0,0,62,emailservice,-,,4,4,4,0,6.3,0.0
10,frontrecocatalog,350,0,0,62,frontend,-,,4,4,4,0,6.3,0.0
10,frontrecocatalog,350,0,0,62,paymentservice,-,,4,4,4,0,6.3,0.0
10,frontrecocatalog,350,0,0,62,redis-cart,-,,1,1,1,0,6.3,0.0
10,frontrecocatalog,350,0,0,62,shippingservice,-,,4,4,4,0,6.3,0.0
10,frontrecocatalog,350,0,0,78,adservice,-,,4,4,4,0,6.3,0.0
10,frontrecocatalog,350,0,0,78,cartservice,-,,4,4,4,0,6.3,0.0
10,frontrecocatalog,350,0,0,78,checkoutservice,-,,4,4,4,0,6.3,0.0
10,frontrecocatalog,350,0,0,78,currencyservice,-,,4,4,4,0,6.3,0.0
10,frontrecocatalog,350,0,0,78,emailservice,-,,4,4,4,0,6.3,0.0
10,frontrecocatalog,350,0,0,78,frontend,-,,4,4,4,0,6.3,0.0
10,frontrecocatalog,350,0,0,78,paymentservice,-,,4,4,4,0,6.3,0.0
10,frontrecocatalog,350,0,0,78,redis-cart,-,,1,1,1,0,6.3,0.0
10,frontrecocatalog,350,0,0,78,shippingservice,-,,4,4,4,0,6.3,0.0
10,frontrecocatalog,350,0,0,93,adservice,-,,4,4,4,0,6.3,0.0
10,frontrecocatalog,350,0,0,93,cartservice,-,,4,4,4,0,6.3,0.0
10,frontrecocatalog,350,0,0,93,checkoutservice,-,,4,4,4,0,6.3,0.0
10,frontrecocatalog,350,0,0,93,currencyservice,-,,4,4,4,0,6.3,0.0
10,frontrecocatalog,350,0,0,93,emailservice,-,,4,4,4,0,6.3,0.0
10,frontrecocatalog,350,0,0,93,frontend,-,,4,4,4,0,6.3,0.0
10,frontrecocatalog,350,0,0,93,paymentservice,-,,4,4,4,0,6.3,0.0
10,frontrecocatalog,350,0,0,93,redis-cart,-,,1,1,1,0,6.3,0.0
10,frontrecocatalog,350,0,0,93,shippingservice,-,,4,4,4,0,6.3,0.0
10,frontrecocatalog,350,0,0,109,adservice,-,,4,4,4,0,6.3,0.0
10,frontrecocatalog,350,0,0,109,cartservice,-,,4,4,4,0,6.3,0.0
10,frontrecocatalog,350,0,0,109,checkoutservice,-,,4,4,4,0,6.3,0.0
10,frontrecocatalog,350,0,0,109,currencyservice,-,,4,4,4,0,6.3,0.0
10,frontrecocatalog,350,0,0,109,emailservice,-,,4,4,4,0,6.3,0.0
10,frontrecocatalog,350,0,0,109,frontend,-,,4,4,4,0,6.3,0.0
10,frontrecocatalog,350,0,0,109,paymentservice,-,,4,4,4,0,6.3,0.0
10,frontrecocatalog,350,0,0,109,redis-cart,-,,1,1,1,0,6.3,0.0
10,frontrecocatalog,350,0,0,109,shippingservice,-,,4,4,4,0,6.3,0.0
10,frontrecocatalog,350,0,0,124,adservice,-,,4,4,4,0,6.3,0.0
10,frontrecocatalog,350,0,0,124,cartservice,-,,4,4,4,0,6.3,0.0
10,frontrecocatalog,350,0,0,124,checkoutservice,-,,4,4,4,0,6.3,0.0
10,frontrecocatalog,350,0,0,124,currencyservice,-,,4,4,4,0,6.3,0.0
10,frontrecocatalog,350,0,0,124,emailservice,-,,4,4,4,0,6.3,0.0
10,frontrecocatalog,350,0,0,124,frontend,-,,4,4,4,0,6.3,0.0
10,frontrecocatalog,350,0,0,124,paymentservice,-,,4,4,4,0,6.3,0.0
10,frontrecocatalog,350,0,0,124,redis-cart,-,,1,1,1,0,6.3,0.0
10,frontrecocatalog,350,0,0,124,shippingservice,-,,4,4,4,0,6.3,0.0
10,frontrecocatalog,350,0,0,139,adservice,-,,4,4,4,0,6.3,0.0
10,frontrecocatalog,350,0,0,139,cartservice,-,,4,4,4,0,6.3,0.0
10,frontrecocatalog,350,0,0,139,checkoutservice,-,,4,4,4,0,6.3,0.0
10,frontrecocatalog,350,0,0,139,currencyservice,-,,4,4,4,0,6.3,0.0
10,frontrecocatalog,350,0,0,139,emailservice,-,,4,4,4,0,6.3,0.0
10,frontrecocatalog,350,0,0,139,frontend,-,,4,4,4,0,6.3,0.0
10,frontrecocatalog,350,0,0,139,paymentservice,-,,4,4,4,0,6.3,0.0
10,frontrecocatalog,350,0,0,139,redis-cart,-,,1,1,1,0,6.3,0.0
10,frontrecocatalog,350,0,0,139,shippingservice,-,,4,4,4,0,6.3,0.0
10,frontrecocatalog,350,0,0,155,adservice,-,,4,4,4,0,6.3,0.0
10,frontrecocatalog,350,0,0,155,cartservice,-,,4,4,4,0,6.3,0.0
10,frontrecocatalog,350,0,0,155,checkoutservice,-,,4,4,4,0,6.3,0.0
10,frontrecocatalog,350,0,0,155,currencyservice,-,,4,4,4,0,6.3,0.0
10,frontrecocatalog,350,0,0,155,emailservice,-,,4,4,4,0,6.3,0.0
10,frontrecocatalog,350,0,0,155,frontend,-,,4,4,4,0,6.3,0.0
10,frontrecocatalog,350,0,0,155,paymentservice,-,,4,4,4,0,6.3,0.0
10,frontrecocatalog,350,0,0,155,redis-cart,-,,1,1,1,0,6.3,0.0
10,frontrecocatalog,350,0,0,155,shippingservice,-,,4,4,4,0,6.3,0.0
10,frontrecocatalog,350,0,0,170,adservice,-,,4,4,4,0,6.3,0.0
10,frontrecocatalog,350,0,0,170,cartservice,-,,4,4,4,0,6.3,0.0
10,frontrecocatalog,350,0,0,170,checkoutservice,-,,4,4,4,0,6.3,0.0
10,frontrecocatalog,350,0,0,170,currencyservice,-,,4,4,4,0,6.3,0.0
10,frontrecocatalog,350,0,0,170,emailservice,-,,4,4,4,0,6.3,0.0
10,frontrecocatalog,350,0,0,170,frontend,-,,4,4,4,0,6.3,0.0
10,frontrecocatalog,350,0,0,170,paymentservice,-,,4,4,4,0,6.3,0.0
10,frontrecocatalog,350,0,0,170,redis-cart,-,,1,1,1,0,6.3,0.0
10,frontrecocatalog,350,0,0,170,shippingservice,-,,4,4,4,0,6.3,0.0
10,frontrecocatalog,350,0,0,186,adservice,-,,4,4,4,0,6.3,0.0
10,frontrecocatalog,350,0,0,186,cartservice,-,,4,4,4,0,6.3,0.0
10,frontrecocatalog,350,0,0,186,checkoutservice,-,,4,4,4,0,6.3,0.0
10,frontrecocatalog,350,0,0,186,currencyservice,-,,4,4,4,0,6.3,0.0
10,frontrecocatalog,350,0,0,186,emailservice,-,,4,4,4,0,6.3,0.0
10,frontrecocatalog,350,0,0,186,frontend,-,,4,4,4,0,6.3,0.0
10,frontrecocatalog,350,0,0,186,paymentservice,-,,4,4,4,0,6.3,0.0
10,frontrecocatalog,350,0,0,186,redis-cart,-,,1,1,1,0,6.3,0.0
10,frontrecocatalog,350,0,0,186,shippingservice,-,,4,4,4,0,6.3,0.0
10,frontrecocatalog,350,0,0,201,adservice,-,,4,4,4,0,6.3,0.0
10,frontrecocatalog,350,0,0,201,cartservice,-,,4,4,4,0,6.3,0.0
10,frontrecocatalog,350,0,0,201,checkoutservice,-,,4,4,4,0,6.3,0.0
10,frontrecocatalog,350,0,0,201,currencyservice,-,,4,4,4,0,6.3,0.0
10,frontrecocatalog,350,0,0,201,emailservice,-,,4,4,4,0,6.3,0.0
10,frontrecocatalog,350,0,0,201,frontend,-,,4,4,4,0,6.3,0.0
10,frontrecocatalog,350,0,0,201,paymentservice,-,,4,4,4,0,6.3,0.0
10,frontrecocatalog,350,0,0,201,redis-cart,-,,1,1,1,0,6.3,0.0
10,frontrecocatalog,350,0,0,201,shippingservice,-,,4,4,4,0,6.3,0.0
10,frontrecocatalog,400,0,0,0,adservice,-,,4,4,4,0,6.3,0.0
10,frontrecocatalog,400,0,0,0,cartservice,-,,4,4,4,0,6.3,0.0
10,frontrecocatalog,400,0,0,0,checkoutservice,-,,4,4,4,0,6.3,0.0
10,frontrecocatalog,400,0,0,0,currencyservice,-,,4,4,4,0,6.3,0.0
10,frontrecocatalog,400,0,0,0,emailservice,-,,4,4,4,0,6.3,0.0
10,frontrecocatalog,400,0,0,0,frontend,-,,4,4,4,0,6.3,0.0
10,frontrecocatalog,400,0,0,0,paymentservice,-,,4,4,4,0,6.3,0.0
10,frontrecocatalog,400,0,0,0,redis-cart,-,,1,1,1,0,6.3,0.0
10,frontrecocatalog,400,0,0,0,shippingservice,-,,4,4,4,0,6.3,0.0
10,frontrecocatalog,400,0,0,16,adservice,-,,4,4,4,0,6.3,0.0
10,frontrecocatalog,400,0,0,16,cartservice,-,,4,4,4,0,6.3,0.0
10,frontrecocatalog,400,0,0,16,checkoutservice,-,,4,4,4,0,6.3,0.0
10,frontrecocatalog,400,0,0,16,currencyservice,-,,4,4,4,0,6.3,0.0
10,frontrecocatalog,400,0,0,16,emailservice,-,,4,4,4,0,6.3,0.0
10,frontrecocatalog,400,0,0,16,frontend,-,,4,4,4,0,6.3,0.0
10,frontrecocatalog,400,0,0,16,paymentservice,-,,4,4,4,0,6.3,0.0
10,frontrecocatalog,400,0,0,16,redis-cart,-,,1,1,1,0,6.3,0.0
10,frontrecocatalog,400,0,0,16,shippingservice,-,,4,4,4,0,6.3,0.0
10,frontrecocatalog,400,0,0,32,adservice,-,,4,4,4,0,6.3,0.0
10,frontrecocatalog,400,0,0,32,cartservice,-,,4,4,4,0,6.3,0.0
10,frontrecocatalog,400,0,0,32,checkoutservice,-,,4,4,4,0,6.3,0.0
10,frontrecocatalog,400,0,0,32,currencyservice,-,,4,4,4,0,6.3,0.0
10,frontrecocatalog,400,0,0,32,emailservice,-,,4,4,4,0,6.3,0.0
10,frontrecocatalog,400,0,0,32,frontend,-,,4,4,4,0,6.3,0.0
10,frontrecocatalog,400,0,0,32,paymentservice,-,,4,4,4,0,6.3,0.0
10,frontrecocatalog,400,0,0,32,redis-cart,-,,1,1,1,0,6.3,0.0
10,frontrecocatalog,400,0,0,32,shippingservice,-,,4,4,4,0,6.3,0.0
10,frontrecocatalog,400,0,0,47,adservice,-,,4,4,4,0,6.3,0.0
10,frontrecocatalog,400,0,0,47,cartservice,-,,4,4,4,0,6.3,0.0
10,frontrecocatalog,400,0,0,47,checkoutservice,-,,4,4,4,0,6.3,0.0
10,frontrecocatalog,400,0,0,47,currencyservice,-,,4,4,4,0,6.3,0.0
10,frontrecocatalog,400,0,0,47,emailservice,-,,4,4,4,0,6.3,0.0
10,frontrecocatalog,400,0,0,47,frontend,-,,4,4,4,0,6.3,0.0
10,frontrecocatalog,400,0,0,47,paymentservice,-,,4,4,4,0,6.3,0.0
10,frontrecocatalog,400,0,0,47,redis-cart,-,,1,1,1,0,6.3,0.0
10,frontrecocatalog,400,0,0,47,shippingservice,-,,4,4,4,0,6.3,0.0
10,frontrecocatalog,400,0,0,63,adservice,-,,4,4,4,0,6.3,0.0
10,frontrecocatalog,400,0,0,63,cartservice,-,,4,4,4,0,6.3,0.0
10,frontrecocatalog,400,0,0,63,checkoutservice,-,,4,4,4,0,6.3,0.0
10,frontrecocatalog,400,0,0,63,currencyservice,-,,4,4,4,0,6.3,0.0
10,frontrecocatalog,400,0,0,63,emailservice,-,,4,4,4,0,6.3,0.0
10,frontrecocatalog,400,0,0,63,frontend,-,,4,4,4,0,6.3,0.0
10,frontrecocatalog,400,0,0,63,paymentservice,-,,4,4,4,0,6.3,0.0
10,frontrecocatalog,400,0,0,63,redis-cart,-,,1,1,1,0,6.3,0.0
10,frontrecocatalog,400,0,0,63,shippingservice,-,,4,4,4,0,6.3,0.0
10,frontrecocatalog,400,0,0,78,adservice,-,,4,4,4,0,6.3,0.0
10,frontrecocatalog,400,0,0,78,cartservice,-,,4,4,4,0,6.3,0.0
10,frontrecocatalog,400,0,0,78,checkoutservice,-,,4,4,4,0,6.3,0.0
10,frontrecocatalog,400,0,0,78,currencyservice,-,,4,4,4,0,6.3,0.0
10,frontrecocatalog,400,0,0,78,emailservice,-,,4,4,4,0,6.3,0.0
10,frontrecocatalog,400,0,0,78,frontend,-,,4,4,4,0,6.3,0.0
10,frontrecocatalog,400,0,0,78,paymentservice,-,,4,4,4,0,6.3,0.0
10,frontrecocatalog,400,0,0,78,redis-cart,-,,1,1,1,0,6.3,0.0
10,frontrecocatalog,400,0,0,78,shippingservice,-,,4,4,4,0,6.3,0.0
10,frontrecocatalog,400,0,0,93,adservice,-,,4,4,4,0,6.3,0.0
10,frontrecocatalog,400,0,0,93,cartservice,-,,4,4,4,0,6.3,0.0
10,frontrecocatalog,400,0,0,93,checkoutservice,-,,4,4,4,0,6.3,0.0
10,frontrecocatalog,400,0,0,93,currencyservice,-,,4,4,4,0,6.3,0.0
10,frontrecocatalog,400,0,0,93,emailservice,-,,4,4,4,0,6.3,0.0
10,frontrecocatalog,400,0,0,93,frontend,-,,4,4,4,0,6.3,0.0
10,frontrecocatalog,400,0,0,93,paymentservice,-,,4,4,4,0,6.3,0.0
10,frontrecocatalog,400,0,0,93,redis-cart,-,,1,1,1,0,6.3,0.0
10,frontrecocatalog,400,0,0,93,shippingservice,-,,4,4,4,0,6.3,0.0
10,frontrecocatalog,400,0,0,109,adservice,-,,4,4,4,0,6.3,0.0
10,frontrecocatalog,400,0,0,109,cartservice,-,,4,4,4,0,6.3,0.0
10,frontrecocatalog,400,0,0,109,checkoutservice,-,,4,4,4,0,6.3,0.0
10,frontrecocatalog,400,0,0,109,currencyservice,-,,4,4,4,0,6.3,0.0
10,frontrecocatalog,400,0,0,109,emailservice,-,,4,4,3,0,6.3,0.0
10,frontrecocatalog,400,0,0,109,frontend,-,,4,4,4,0,6.3,0.0
10,frontrecocatalog,400,0,0,109,paymentservice,-,,4,4,4,0,6.3,0.0
10,frontrecocatalog,400,0,0,109,redis-cart,-,,1,1,1,0,6.3,0.0
10,frontrecocatalog,400,0,0,109,shippingservice,-,,4,4,4,0,6.3,0.0
10,frontrecocatalog,400,0,0,124,adservice,-,,4,4,4,0,6.3,0.0
10,frontrecocatalog,400,0,0,124,cartservice,-,,4,4,4,0,6.3,0.0
10,frontrecocatalog,400,0,0,124,checkoutservice,-,,4,4,4,0,6.3,0.0
10,frontrecocatalog,400,0,0,124,currencyservice,-,,4,4,4,0,6.3,0.0
10,frontrecocatalog,400,0,0,124,emailservice,-,,4,4,3,0,6.3,0.0
10,frontrecocatalog,400,0,0,124,frontend,-,,4,4,4,0,6.3,0.0
10,frontrecocatalog,400,0,0,124,paymentservice,-,,4,4,4,0,6.3,0.0
10,frontrecocatalog,400,0,0,124,redis-cart,-,,1,1,1,0,6.3,0.0
10,frontrecocatalog,400,0,0,124,shippingservice,-,,4,4,4,0,6.3,0.0
10,frontrecocatalog,400,0,0,140,adservice,-,,4,4,4,0,6.3,0.0
10,frontrecocatalog,400,0,0,140,cartservice,-,,4,4,4,0,6.3,0.0
10,frontrecocatalog,400,0,0,140,checkoutservice,-,,4,4,4,0,6.3,0.0
10,frontrecocatalog,400,0,0,140,currencyservice,-,,4,4,4,0,6.3,0.0
10,frontrecocatalog,400,0,0,140,emailservice,-,,4,4,4,0,6.3,0.0
10,frontrecocatalog,400,0,0,140,frontend,-,,4,4,4,0,6.3,0.0
10,frontrecocatalog,400,0,0,140,paymentservice,-,,4,4,4,0,6.3,0.0
10,frontrecocatalog,400,0,0,140,redis-cart,-,,1,1,1,0,6.3,0.0
10,frontrecocatalog,400,0,0,140,shippingservice,-,,4,4,4,0,6.3,0.0
10,frontrecocatalog,400,0,0,155,adservice,-,,4,4,4,0,6.3,0.0
10,frontrecocatalog,400,0,0,155,cartservice,-,,4,4,4,0,6.3,0.0
10,frontrecocatalog,400,0,0,155,checkoutservice,-,,4,4,4,0,6.3,0.0
10,frontrecocatalog,400,0,0,155,currencyservice,-,,4,4,4,0,6.3,0.0
10,frontrecocatalog,400,0,0,155,emailservice,-,,4,4,4,0,6.3,0.0
10,frontrecocatalog,400,0,0,155,frontend,-,,4,4,4,0,6.3,0.0
10,frontrecocatalog,400,0,0,155,paymentservice,-,,4,4,4,0,6.3,0.0
10,frontrecocatalog,400,0,0,155,redis-cart,-,,1,1,1,0,6.3,0.0
10,frontrecocatalog,400,0,0,155,shippingservice,-,,4,4,4,0,6.3,0.0
10,frontrecocatalog,400,0,0,171,adservice,-,,4,4,4,0,6.3,0.0
10,frontrecocatalog,400,0,0,171,cartservice,-,,4,4,4,0,6.3,0.0
10,frontrecocatalog,400,0,0,171,checkoutservice,-,,4,4,4,0,6.3,0.0
10,frontrecocatalog,400,0,0,171,currencyservice,-,,4,4,4,0,6.3,0.0
10,frontrecocatalog,400,0,0,171,emailservice,-,,4,4,4,0,6.3,0.0
10,frontrecocatalog,400,0,0,171,frontend,-,,4,4,4,0,6.3,0.0
10,frontrecocatalog,400,0,0,171,paymentservice,-,,4,4,4,0,6.3,0.0
10,frontrecocatalog,400,0,0,171,redis-cart,-,,1,1,1,0,6.3,0.0
10,frontrecocatalog,400,0,0,171,shippingservice,-,,4,4,4,0,6.3,0.0
10,frontrecocatalog,400,0,0,186,adservice,-,,4,4,4,0,6.3,0.0
10,frontrecocatalog,400,0,0,186,cartservice,-,,4,4,4,0,6.3,0.0
10,frontrecocatalog,400,0,0,186,checkoutservice,-,,4,4,4,0,6.3,0.0
10,frontrecocatalog,400,0,0,186,currencyservice,-,,4,4,4,0,6.3,0.0
10,frontrecocatalog,400,0,0,186,emailservice,-,,4,4,4,0,6.3,0.0
10,frontrecocatalog,400,0,0,186,frontend,-,,4,4,4,0,6.3,0.0
10,frontrecocatalog,400,0,0,186,paymentservice,-,,4,4,4,0,6.3,0.0
10,frontrecocatalog,400,0,0,186,redis-cart,-,,1,1,1,0,6.3,0.0
10,frontrecocatalog,400,0,0,186,shippingservice,-,,4,4,4,0,6.3,0.0
10,frontrecocatalog,400,0,0,202,adservice,-,,4,4,4,0,6.3,0.0
10,frontrecocatalog,400,0,0,202,cartservice,-,,4,4,4,0,6.3,0.0
10,frontrecocatalog,400,0,0,202,checkoutservice,-,,4,4,4,0,6.3,0.0
10,frontrecocatalog,400,0,0,202,currencyservice,-,,4,4,4,0,6.3,0.0
10,frontrecocatalog,400,0,0,202,emailservice,-,,4,4,4,0,6.3,0.0
10,frontrecocatalog,400,0,0,202,frontend,-,,4,4,4,0,6.3,0.0
10,frontrecocatalog,400,0,0,202,paymentservice,-,,4,4,4,0,6.3,0.0
10,frontrecocatalog,400,0,0,202,redis-cart,-,,1,1,1,0,6.3,0.0
10,frontrecocatalog,400,0,0,202,shippingservice,-,,4,4,4,0,6.3,0.0
10,mega,350,0,0,1,megapod,-,,4,4,4,0,12.28,0.0
10,mega,350,0,0,1,redis-cart,-,,1,1,1,0,12.28,0.0
10,mega,350,0,0,16,megapod,-,,4,4,4,0,6.3,0.0
10,mega,350,0,0,16,redis-cart,-,,1,1,1,0,6.3,0.0
10,mega,350,0,0,31,megapod,-,,4,4,4,0,6.3,0.0
10,mega,350,0,0,31,redis-cart,-,,1,1,1,0,6.3,0.0
10,mega,350,0,0,47,megapod,-,,4,4,4,0,6.3,0.0
10,mega,350,0,0,47,redis-cart,-,,1,1,1,0,6.3,0.0
10,mega,350,0,0,62,megapod,-,,4,4,4,0,6.3,0.0
10,mega,350,0,0,62,redis-cart,-,,1,1,1,0,6.3,0.0
10,mega,350,0,0,78,megapod,-,,4,4,4,0,6.3,0.0
10,mega,350,0,0,78,redis-cart,-,,1,1,1,0,6.3,0.0
10,mega,350,0,0,93,megapod,-,,4,4,4,0,6.3,0.0
10,mega,350,0,0,93,redis-cart,-,,1,1,1,0,6.3,0.0
10,mega,350,0,0,108,megapod,-,,4,4,4,0,6.3,0.0
10,mega,350,0,0,108,redis-cart,-,,1,1,1,0,6.3,0.0
10,mega,350,0,0,124,megapod,-,,4,4,4,0,6.3,0.0
10,mega,350,0,0,124,redis-cart,-,,1,1,1,0,6.3,0.0
10,mega,350,0,0,139,megapod,-,,4,4,4,0,6.3,0.0
10,mega,350,0,0,139,redis-cart,-,,1,1,1,0,6.3,0.0
10,mega,350,0,0,155,megapod,-,,4,4,4,0,6.3,0.0
10,mega,350,0,0,155,redis-cart,-,,1,1,1,0,6.3,0.0
10,mega,350,0,0,170,megapod,-,,4,4,4,0,6.3,0.0
10,mega,350,0,0,170,redis-cart,-,,1,1,1,0,6.3,0.0
10,mega,350,0,0,185,megapod,-,,4,4,4,0,6.3,0.0
10,mega,350,0,0,185,redis-cart,-,,1,1,1,0,6.3,0.0
10,mega,350,0,0,201,megapod,-,,4,4,4,0,6.3,0.0
10,mega,350,0,0,201,redis-cart,-,,1,1,1,0,6.3,0.0
10,mega,400,0,0,1,megapod,-,,4,4,4,0,6.3,0.0
10,mega,400,0,0,1,redis-cart,-,,1,1,1,0,6.3,0.0
10,mega,400,0,0,16,megapod,-,,4,4,4,0,6.3,0.0
10,mega,400,0,0,16,redis-cart,-,,1,1,1,0,6.3,0.0
10,mega,400,0,0,32,megapod,-,,4,4,4,0,6.3,0.0
10,mega,400,0,0,32,redis-cart,-,,1,1,1,0,6.3,0.0
10,mega,400,0,0,47,megapod,-,,4,4,4,0,6.3,0.0
10,mega,400,0,0,47,redis-cart,-,,1,1,1,0,6.3,0.0
10,mega,400,0,0,63,megapod,-,,4,4,4,0,6.3,0.0
10,mega,400,0,0,63,redis-cart,-,,1,1,1,0,6.3,0.0
10,mega,400,0,0,78,megapod,-,,4,4,4,0,6.3,0.0
10,mega,400,0,0,78,redis-cart,-,,1,1,1,0,6.3,0.0
10,mega,400,0,0,93,megapod,-,,4,4,4,0,6.3,0.0
10,mega,400,0,0,93,redis-cart,-,,1,1,1,0,6.3,0.0
10,mega,400,0,0,109,megapod,-,,4,4,4,0,6.3,0.0
10,mega,400,0,0,109,redis-cart,-,,1,1,1,0,6.3,0.0
10,mega,400,0,0,124,megapod,-,,4,4,4,0,6.3,0.0
10,mega,400,0,0,124,redis-cart,-,,1,1,1,0,6.3,0.0
10,mega,400,0,0,140,megapod,-,,4,4,4,0,6.3,0.0
10,mega,400,0,0,140,redis-cart,-,,1,1,1,0,6.3,0.0
10,mega,400,0,0,155,megapod,-,,4,4,4,0,6.3,0.0
10,mega,400,0,0,155,redis-cart,-,,1,1,1,0,6.3,0.0
10,mega,400,0,0,171,megapod,-,,4,4,4,0,6.3,0.0
10,mega,400,0,0,171,redis-cart,-,,1,1,1,0,6.3,0.0
10,mega,400,0,0,186,megapod,-,,4,4,4,0,6.3,0.0
10,mega,400,0,0,186,redis-cart,-,,1,1,1,0,6.3,0.0
10,mega,400,0,0,202,megapod,-,,4,4,4,0,6.3,0.0
10,mega,400,0,0,202,redis-cart,-,,1,1,1,0,6.3,0.0
11,normal,350,0,0,0,adservice,-,,4,4,4,0,6.3,0.0
11,normal,350,0,0,0,cartservice,-,,4,4,4,0,6.3,0.0
11,normal,350,0,0,0,checkoutservice,-,,4,4,4,0,6.3,0.0
11,normal,350,0,0,0,currencyservice,-,,4,4,4,0,6.3,0.0
11,normal,350,0,0,0,emailservice,-,,4,4,4,0,6.3,0.0
11,normal,350,0,0,0,frontend,-,,4,4,4,0,6.3,0.0
11,normal,350,0,0,0,paymentservice,-,,4,4,4,0,6.3,0.0
11,normal,350,0,0,0,productcatalogservice,-,,4,4,4,0,6.3,0.0
11,normal,350,0,0,0,recommendationservice,-,,4,4,4,0,6.3,0.0
11,normal,350,0,0,0,redis-cart,-,,1,1,1,0,6.3,0.0
11,normal,350,0,0,0,shippingservice,-,,4,4,4,0,6.3,0.0
11,normal,350,0,0,15,adservice,-,,4,4,4,0,6.3,0.0
11,normal,350,0,0,15,cartservice,-,,4,4,4,0,6.3,0.0
11,normal,350,0,0,15,checkoutservice,-,,4,4,4,0,6.3,0.0
11,normal,350,0,0,15,currencyservice,-,,4,4,4,0,6.3,0.0
11,normal,350,0,0,15,emailservice,-,,4,4,4,0,6.3,0.0
11,normal,350,0,0,15,frontend,-,,4,4,4,0,6.3,0.0
11,normal,350,0,0,15,paymentservice,-,,4,4,4,0,6.3,0.0
11,normal,350,0,0,15,productcatalogservice,-,,4,4,4,0,6.3,0.0
11,normal,350,0,0,15,recommendationservice,-,,4,4,4,0,6.3,0.0
11,normal,350,0,0,15,redis-cart,-,,1,1,1,0,6.3,0.0
11,normal,350,0,0,15,shippingservice,-,,4,4,4,0,6.3,0.0
11,normal,350,0,0,31,adservice,-,,4,4,4,0,6.3,0.0
11,normal,350,0,0,31,cartservice,-,,4,4,4,0,6.3,0.0
11,normal,350,0,0,31,checkoutservice,-,,4,4,4,0,6.3,0.0
11,normal,350,0,0,31,currencyservice,-,,4,4,4,0,6.3,0.0
11,normal,350,0,0,31,emailservice,-,,4,4,4,0,6.3,0.0
11,normal,350,0,0,31,frontend,-,,4,4,4,0,6.3,0.0
11,normal,350,0,0,31,paymentservice,-,,4,4,4,0,6.3,0.0
11,normal,350,0,0,31,productcatalogservice,-,,4,4,4,0,6.3,0.0
11,normal,350,0,0,31,recommendationservice,-,,4,4,4,0,6.3,0.0
11,normal,350,0,0,31,redis-cart,-,,1,1,1,0,6.3,0.0
11,normal,350,0,0,31,shippingservice,-,,4,4,4,0,6.3,0.0
11,normal,350,0,0,47,adservice,-,,4,4,4,0,6.3,0.0
11,normal,350,0,0,47,cartservice,-,,4,4,4,0,6.3,0.0
11,normal,350,0,0,47,checkoutservice,-,,4,4,4,0,6.3,0.0
11,normal,350,0,0,47,currencyservice,-,,4,4,4,0,6.3,0.0
11,normal,350,0,0,47,emailservice,-,,4,4,4,0,6.3,0.0
11,normal,350,0,0,47,frontend,-,,4,4,4,0,6.3,0.0
11,normal,350,0,0,47,paymentservice,-,,4,4,4,0,6.3,0.0
11,normal,350,0,0,47,productcatalogservice,-,,4,4,4,0,6.3,0.0
11,normal,350,0,0,47,recommendationservice,-,,4,4,3,0,6.3,0.0
11,normal,350,0,0,47,redis-cart,-,,1,1,1,0,6.3,0.0
11,normal,350,0,0,47,shippingservice,-,,4,4,4,0,6.3,0.0
11,normal,350,0,0,62,adservice,-,,4,4,4,0,6.3,0.0
11,normal,350,0,0,62,cartservice,-,,4,4,4,0,6.3,0.0
11,normal,350,0,0,62,checkoutservice,-,,4,4,4,0,6.3,0.0
11,normal,350,0,0,62,currencyservice,-,,4,4,4,0,6.3,0.0
11,normal,350,0,0,62,emailservice,-,,4,4,4,0,6.3,0.0
11,normal,350,0,0,62,frontend,-,,4,4,4,0,6.3,0.0
11,normal,350,0,0,62,paymentservice,-,,4,4,4,0,6.3,0.0
11,normal,350,0,0,62,productcatalogservice,-,,4,4,4,0,6.3,0.0
11,normal,350,0,0,62,recommendationservice,-,,4,4,3,0,6.3,0.0
11,normal,350,0,0,62,redis-cart,-,,1,1,1,0,6.3,0.0
11,normal,350,0,0,62,shippingservice,-,,4,4,4,0,6.3,0.0
11,normal,350,0,0,77,adservice,-,,4,4,4,0,6.3,0.0
11,normal,350,0,0,77,cartservice,-,,4,4,4,0,6.3,0.0
11,normal,350,0,0,77,checkoutservice,-,,4,4,4,0,6.3,0.0
11,normal,350,0,0,77,currencyservice,-,,4,4,4,0,6.3,0.0
11,normal,350,0,0,77,emailservice,-,,4,4,4,0,6.3,0.0
11,normal,350,0,0,77,frontend,-,,4,4,4,0,6.3,0.0
11,normal,350,0,0,77,paymentservice,-,,4,4,4,0,6.3,0.0
11,normal,350,0,0,77,productcatalogservice,-,,4,4,4,0,6.3,0.0
11,normal,350,0,0,77,recommendationservice,-,,4,4,3,0,6.3,0.0
11,normal,350,0,0,77,redis-cart,-,,1,1,1,0,6.3,0.0
11,normal,350,0,0,77,shippingservice,-,,4,4,4,0,6.3,0.0
11,normal,350,0,0,93,adservice,-,,4,4,4,0,6.3,0.0
11,normal,350,0,0,93,cartservice,-,,4,4,4,0,6.3,0.0
11,normal,350,0,0,93,checkoutservice,-,,4,4,4,0,6.3,0.0
11,normal,350,0,0,93,currencyservice,-,,4,4,4,0,6.3,0.0
11,normal,350,0,0,93,emailservice,-,,4,4,4,0,6.3,0.0
11,normal,350,0,0,93,frontend,-,,4,4,4,0,6.3,0.0
11,normal,350,0,0,93,paymentservice,-,,4,4,4,0,6.3,0.0
11,normal,350,0,0,93,productcatalogservice,-,,4,4,4,0,6.3,0.0
11,normal,350,0,0,93,recommendationservice,-,,4,4,3,0,6.3,0.0
11,normal,350,0,0,93,redis-cart,-,,1,1,1,0,6.3,0.0
11,normal,350,0,0,93,shippingservice,-,,4,4,4,0,6.3,0.0
11,normal,350,0,0,108,adservice,-,,4,4,4,0,6.3,0.0
11,normal,350,0,0,108,cartservice,-,,4,4,4,0,6.3,0.0
11,normal,350,0,0,108,checkoutservice,-,,4,4,4,0,6.3,0.0
11,normal,350,0,0,108,currencyservice,-,,4,4,4,0,6.3,0.0
11,normal,350,0,0,108,emailservice,-,,4,4,4,0,6.3,0.0
11,normal,350,0,0,108,frontend,-,,4,4,4,0,6.3,0.0
11,normal,350,0,0,108,paymentservice,-,,4,4,4,0,6.3,0.0
11,normal,350,0,0,108,productcatalogservice,-,,4,4,4,0,6.3,0.0
11,normal,350,0,0,108,recommendationservice,-,,4,4,3,0,6.3,0.0
11,normal,350,0,0,108,redis-cart,-,,1,1,1,0,6.3,0.0
11,normal,350,0,0,108,shippingservice,-,,4,4,4,0,6.3,0.0
11,normal,350,0,0,124,adservice,-,,4,4,4,0,6.3,0.0
11,normal,350,0,0,124,cartservice,-,,4,4,4,0,6.3,0.0
11,normal,350,0,0,124,checkoutservice,-,,4,4,4,0,6.3,0.0
11,normal,350,0,0,124,currencyservice,-,,4,4,4,0,6.3,0.0
11,normal,350,0,0,124,emailservice,-,,4,4,4,0,6.3,0.0
11,normal,350,0,0,124,frontend,-,,4,4,4,0,6.3,0.0
11,normal,350,0,0,124,paymentservice,-,,4,4,4,0,6.3,0.0
11,normal,350,0,0,124,productcatalogservice,-,,4,4,4,0,6.3,0.0
11,normal,350,0,0,124,recommendationservice,-,,4,4,3,0,6.3,0.0
11,normal,350,0,0,124,redis-cart,-,,1,1,1,0,6.3,0.0
11,normal,350,0,0,124,shippingservice,-,,4,4,4,0,6.3,0.0
11,normal,350,0,0,139,adservice,-,,4,4,4,0,6.3,0.0
11,normal,350,0,0,139,cartservice,-,,4,4,4,0,6.3,0.0
11,normal,350,0,0,139,checkoutservice,-,,4,4,4,0,6.3,0.0
11,normal,350,0,0,139,currencyservice,-,,4,4,4,0,6.3,0.0
11,normal,350,0,0,139,emailservice,-,,4,4,4,0,6.3,0.0
11,normal,350,0,0,139,frontend,-,,4,4,4,0,6.3,0.0
11,normal,350,0,0,139,paymentservice,-,,4,4,4,0,6.3,0.0
11,normal,350,0,0,139,productcatalogservice,-,,4,4,4,0,6.3,0.0
11,normal,350,0,0,139,recommendationservice,-,,4,4,3,0,6.3,0.0
11,normal,350,0,0,139,redis-cart,-,,1,1,1,0,6.3,0.0
11,normal,350,0,0,139,shippingservice,-,,4,4,4,0,6.3,0.0
11,normal,350,0,0,154,adservice,-,,4,4,4,0,6.3,0.0
11,normal,350,0,0,154,cartservice,-,,4,4,4,0,6.3,0.0
11,normal,350,0,0,154,checkoutservice,-,,4,4,4,0,6.3,0.0
11,normal,350,0,0,154,currencyservice,-,,4,4,4,0,6.3,0.0
11,normal,350,0,0,154,emailservice,-,,4,4,4,0,6.3,0.0
11,normal,350,0,0,154,frontend,-,,4,4,4,0,6.3,0.0
11,normal,350,0,0,154,paymentservice,-,,4,4,4,0,6.3,0.0
11,normal,350,0,0,154,productcatalogservice,-,,4,4,4,0,6.3,0.0
11,normal,350,0,0,154,recommendationservice,-,,4,4,2,0,6.3,0.0
11,normal,350,0,0,154,redis-cart,-,,1,1,1,0,6.3,0.0
11,normal,350,0,0,154,shippingservice,-,,4,4,4,0,6.3,0.0
11,normal,350,0,0,170,adservice,-,,4,4,4,0,6.3,0.0
11,normal,350,0,0,170,cartservice,-,,4,4,4,0,6.3,0.0
11,normal,350,0,0,170,checkoutservice,-,,4,4,4,0,6.3,0.0
11,normal,350,0,0,170,currencyservice,-,,4,4,4,0,6.3,0.0
11,normal,350,0,0,170,emailservice,-,,4,4,4,0,6.3,0.0
11,normal,350,0,0,170,frontend,-,,4,4,4,0,6.3,0.0
11,normal,350,0,0,170,paymentservice,-,,4,4,4,0,6.3,0.0
11,normal,350,0,0,170,productcatalogservice,-,,4,4,4,0,6.3,0.0
11,normal,350,0,0,170,recommendationservice,-,,4,4,2,0,6.3,0.0
11,normal,350,0,0,170,redis-cart,-,,1,1,1,0,6.3,0.0
11,normal,350,0,0,170,shippingservice,-,,4,4,4,0,6.3,0.0
11,normal,350,0,0,185,adservice,-,,4,4,4,0,6.3,0.0
11,normal,350,0,0,185,cartservice,-,,4,4,4,0,6.3,0.0
11,normal,350,0,0,185,checkoutservice,-,,4,4,4,0,6.3,0.0
11,normal,350,0,0,185,currencyservice,-,,4,4,4,0,6.3,0.0
11,normal,350,0,0,185,emailservice,-,,4,4,4,0,6.3,0.0
11,normal,350,0,0,185,frontend,-,,4,4,4,0,6.3,0.0
11,normal,350,0,0,185,paymentservice,-,,4,4,4,0,6.3,0.0
11,normal,350,0,0,185,productcatalogservice,-,,4,4,4,0,6.3,0.0
11,normal,350,0,0,185,recommendationservice,-,,4,4,2,0,6.3,0.0
11,normal,350,0,0,185,redis-cart,-,,1,1,1,0,6.3,0.0
11,normal,350,0,0,185,shippingservice,-,,4,4,4,0,6.3,0.0
11,normal,350,0,0,201,adservice,-,,4,4,4,0,6.3,0.0
11,normal,350,0,0,201,cartservice,-,,4,4,4,0,6.3,0.0
11,normal,350,0,0,201,checkoutservice,-,,4,4,4,0,6.3,0.0
11,normal,350,0,0,201,currencyservice,-,,4,4,4,0,6.3,0.0
11,normal,350,0,0,201,emailservice,-,,4,4,4,0,6.3,0.0
11,normal,350,0,0,201,frontend,-,,4,4,4,0,6.3,0.0
11,normal,350,0,0,201,paymentservice,-,,4,4,4,0,6.3,0.0
11,normal,350,0,0,201,productcatalogservice,-,,4,4,4,0,6.3,0.0
11,normal,350,0,0,201,recommendationservice,-,,4,4,4,0,6.3,0.0
11,normal,350,0,0,201,redis-cart,-,,1,1,1,0,6.3,0.0
11,normal,350,0,0,201,shippingservice,-,,4,4,4,0,6.3,0.0
11,normal,400,0,0,1,adservice,-,,4,4,4,0,6.3,0.0
11,normal,400,0,0,1,cartservice,-,,4,4,4,0,6.3,0.0
11,normal,400,0,0,1,checkoutservice,-,,4,4,4,0,6.3,0.0
11,normal,400,0,0,1,currencyservice,-,,4,4,4,0,6.3,0.0
11,normal,400,0,0,1,emailservice,-,,4,4,4,0,6.3,0.0
11,normal,400,0,0,1,frontend,-,,4,4,4,0,6.3,0.0
11,normal,400,0,0,1,paymentservice,-,,4,4,4,0,6.3,0.0
11,normal,400,0,0,1,productcatalogservice,-,,4,4,4,0,6.3,0.0
11,normal,400,0,0,1,recommendationservice,-,,4,4,4,0,6.3,0.0
11,normal,400,0,0,1,redis-cart,-,,1,1,1,0,6.3,0.0
11,normal,400,0,0,1,shippingservice,-,,4,4,4,0,6.3,0.0
11,normal,400,0,0,16,adservice,-,,4,4,4,0,6.3,0.0
11,normal,400,0,0,16,cartservice,-,,4,4,4,0,6.3,0.0
11,normal,400,0,0,16,checkoutservice,-,,4,4,4,0,6.3,0.0
11,normal,400,0,0,16,currencyservice,-,,4,4,4,0,6.3,0.0
11,normal,400,0,0,16,emailservice,-,,4,4,4,0,6.3,0.0
11,normal,400,0,0,16,frontend,-,,4,4,4,0,6.3,0.0
11,normal,400,0,0,16,paymentservice,-,,4,4,4,0,6.3,0.0
11,normal,400,0,0,16,productcatalogservice,-,,4,4,4,0,6.3,0.0
11,normal,400,0,0,16,recommendationservice,-,,4,4,4,0,6.3,0.0
11,normal,400,0,0,16,redis-cart,-,,1,1,1,0,6.3,0.0
11,normal,400,0,0,16,shippingservice,-,,4,4,4,0,6.3,0.0
11,normal,400,0,0,31,adservice,-,,4,4,4,0,6.3,0.0
11,normal,400,0,0,31,cartservice,-,,4,4,4,0,6.3,0.0
11,normal,400,0,0,31,checkoutservice,-,,4,4,4,0,6.3,0.0
11,normal,400,0,0,31,currencyservice,-,,4,4,4,0,6.3,0.0
11,normal,400,0,0,31,emailservice,-,,4,4,4,0,6.3,0.0
11,normal,400,0,0,31,frontend,-,,4,4,4,0,6.3,0.0
11,normal,400,0,0,31,paymentservice,-,,4,4,4,0,6.3,0.0
11,normal,400,0,0,31,productcatalogservice,-,,4,4,4,0,6.3,0.0
11,normal,400,0,0,31,recommendationservice,-,,4,4,3,0,6.3,0.0
11,normal,400,0,0,31,redis-cart,-,,1,1,1,0,6.3,0.0
11,normal,400,0,0,31,shippingservice,-,,4,4,4,0,6.3,0.0
11,normal,400,0,0,47,adservice,-,,4,4,4,0,6.3,0.0
11,normal,400,0,0,47,cartservice,-,,4,4,4,0,6.3,0.0
11,normal,400,0,0,47,checkoutservice,-,,4,4,4,0,6.3,0.0
11,normal,400,0,0,47,currencyservice,-,,4,4,4,0,6.3,0.0
11,normal,400,0,0,47,emailservice,-,,4,4,4,0,6.3,0.0
11,normal,400,0,0,47,frontend,-,,4,4,4,0,6.3,0.0
11,normal,400,0,0,47,paymentservice,-,,4,4,4,0,6.3,0.0
11,normal,400,0,0,47,productcatalogservice,-,,4,4,4,0,6.3,0.0
11,normal,400,0,0,47,recommendationservice,-,,4,4,2,0,6.3,0.0
11,normal,400,0,0,47,redis-cart,-,,1,1,1,0,6.3,0.0
11,normal,400,0,0,47,shippingservice,-,,4,4,4,0,6.3,0.0
11,normal,400,0,0,62,adservice,-,,4,4,4,0,6.3,0.0
11,normal,400,0,0,62,cartservice,-,,4,4,4,0,6.3,0.0
11,normal,400,0,0,62,checkoutservice,-,,4,4,4,0,6.3,0.0
11,normal,400,0,0,62,currencyservice,-,,4,4,4,0,6.3,0.0
11,normal,400,0,0,62,emailservice,-,,4,4,4,0,6.3,0.0
11,normal,400,0,0,62,frontend,-,,4,4,4,0,6.3,0.0
11,normal,400,0,0,62,paymentservice,-,,4,4,4,0,6.3,0.0
11,normal,400,0,0,62,productcatalogservice,-,,4,4,4,0,6.3,0.0
11,normal,400,0,0,62,recommendationservice,-,,4,4,2,0,6.3,0.0
11,normal,400,0,0,62,redis-cart,-,,1,1,1,0,6.3,0.0
11,normal,400,0,0,62,shippingservice,-,,4,4,4,0,6.3,0.0
11,normal,400,0,0,78,adservice,-,,4,4,4,0,6.3,0.0
11,normal,400,0,0,78,cartservice,-,,4,4,4,0,6.3,0.0
11,normal,400,0,0,78,checkoutservice,-,,4,4,4,0,6.3,0.0
11,normal,400,0,0,78,currencyservice,-,,4,4,4,0,6.3,0.0
11,normal,400,0,0,78,emailservice,-,,4,4,4,0,6.3,0.0
11,normal,400,0,0,78,frontend,-,,4,4,4,0,6.3,0.0
11,normal,400,0,0,78,paymentservice,-,,4,4,4,0,6.3,0.0
11,normal,400,0,0,78,productcatalogservice,-,,4,4,4,0,6.3,0.0
11,normal,400,0,0,78,recommendationservice,-,,4,4,2,0,6.3,0.0
11,normal,400,0,0,78,redis-cart,-,,1,1,1,0,6.3,0.0
11,normal,400,0,0,78,shippingservice,-,,4,4,4,0,6.3,0.0
11,normal,400,0,0,93,adservice,-,,4,4,4,0,6.3,0.0
11,normal,400,0,0,93,cartservice,-,,4,4,4,0,6.3,0.0
11,normal,400,0,0,93,checkoutservice,-,,4,4,4,0,6.3,0.0
11,normal,400,0,0,93,currencyservice,-,,4,4,4,0,6.3,0.0
11,normal,400,0,0,93,emailservice,-,,4,4,4,0,6.3,0.0
11,normal,400,0,0,93,frontend,-,,4,4,4,0,6.3,0.0
11,normal,400,0,0,93,paymentservice,-,,4,4,4,0,6.3,0.0
11,normal,400,0,0,93,productcatalogservice,-,,4,4,4,0,6.3,0.0
11,normal,400,0,0,93,recommendationservice,-,,4,4,2,0,6.3,0.0
11,normal,400,0,0,93,redis-cart,-,,1,1,1,0,6.3,0.0
11,normal,400,0,0,93,shippingservice,-,,4,4,4,0,6.3,0.0
11,normal,400,0,0,109,adservice,-,,4,4,4,0,6.3,0.0
11,normal,400,0,0,109,cartservice,-,,4,4,4,0,6.3,0.0
11,normal,400,0,0,109,checkoutservice,-,,4,4,4,0,6.3,0.0
11,normal,400,0,0,109,currencyservice,-,,4,4,4,0,6.3,0.0
11,normal,400,0,0,109,emailservice,-,,4,4,3,0,6.3,0.0
11,normal,400,0,0,109,frontend,-,,4,4,4,0,6.3,0.0
11,normal,400,0,0,109,paymentservice,-,,4,4,4,0,6.3,0.0
11,normal,400,0,0,109,productcatalogservice,-,,4,4,4,0,6.3,0.0
11,normal,400,0,0,109,recommendationservice,-,,4,4,3,0,6.3,0.0
11,normal,400,0,0,109,redis-cart,-,,1,1,1,0,6.3,0.0
11,normal,400,0,0,109,shippingservice,-,,4,4,4,0,6.3,0.0
11,normal,400,0,0,124,adservice,-,,4,4,4,0,6.3,0.0
11,normal,400,0,0,124,cartservice,-,,4,4,4,0,6.3,0.0
11,normal,400,0,0,124,checkoutservice,-,,4,4,4,0,6.3,0.0
11,normal,400,0,0,124,currencyservice,-,,4,4,4,0,6.3,0.0
11,normal,400,0,0,124,emailservice,-,,4,4,4,0,6.3,0.0
11,normal,400,0,0,124,frontend,-,,4,4,4,0,6.3,0.0
11,normal,400,0,0,124,paymentservice,-,,4,4,4,0,6.3,0.0
11,normal,400,0,0,124,productcatalogservice,-,,4,4,4,0,6.3,0.0
11,normal,400,0,0,124,recommendationservice,-,,4,4,2,0,6.3,0.0
11,normal,400,0,0,124,redis-cart,-,,1,1,1,0,6.3,0.0
11,normal,400,0,0,124,shippingservice,-,,4,4,4,0,6.3,0.0
11,normal,400,0,0,140,adservice,-,,4,4,4,0,6.3,0.0
11,normal,400,0,0,140,cartservice,-,,4,4,4,0,6.3,0.0
11,normal,400,0,0,140,checkoutservice,-,,4,4,4,0,6.3,0.0
11,normal,400,0,0,140,currencyservice,-,,4,4,4,0,6.3,0.0
11,normal,400,0,0,140,emailservice,-,,4,4,4,0,6.3,0.0
11,normal,400,0,0,140,frontend,-,,4,4,4,0,6.3,0.0
11,normal,400,0,0,140,paymentservice,-,,4,4,4,0,6.3,0.0
11,normal,400,0,0,140,productcatalogservice,-,,4,4,4,0,6.3,0.0
11,normal,400,0,0,140,recommendationservice,-,,4,4,1,0,6.3,0.0
11,normal,400,0,0,140,redis-cart,-,,1,1,1,0,6.3,0.0
11,normal,400,0,0,140,shippingservice,-,,4,4,4,0,6.3,0.0
11,normal,400,0,0,155,adservice,-,,4,4,4,0,6.3,0.0
11,normal,400,0,0,155,cartservice,-,,4,4,4,0,6.3,0.0
11,normal,400,0,0,155,checkoutservice,-,,4,4,4,0,6.3,0.0
11,normal,400,0,0,155,currencyservice,-,,4,4,4,0,6.3,0.0
11,normal,400,0,0,155,emailservice,-,,4,4,4,0,6.3,0.0
11,normal,400,0,0,155,frontend,-,,4,4,4,0,6.3,0.0
11,normal,400,0,0,155,paymentservice,-,,4,4,4,0,6.3,0.0
11,normal,400,0,0,155,productcatalogservice,-,,4,4,4,0,6.3,0.0
11,normal,400,0,0,155,recommendationservice,-,,4,4,1,0,6.3,0.0
11,normal,400,0,0,155,redis-cart,-,,1,1,1,0,6.3,0.0
11,normal,400,0,0,155,shippingservice,-,,4,4,4,0,6.3,0.0
11,normal,400,0,0,171,adservice,-,,4,4,4,0,6.3,0.0
11,normal,400,0,0,171,cartservice,-,,4,4,4,0,6.3,0.0
11,normal,400,0,0,171,checkoutservice,-,,4,4,4,0,6.3,0.0
11,normal,400,0,0,171,currencyservice,-,,4,4,4,0,6.3,0.0
11,normal,400,0,0,171,emailservice,-,,4,4,4,0,6.3,0.0
11,normal,400,0,0,171,frontend,-,,4,4,4,0,6.3,0.0
11,normal,400,0,0,171,paymentservice,-,,4,4,4,0,6.3,0.0
11,normal,400,0,0,171,productcatalogservice,-,,4,4,4,0,6.3,0.0
11,normal,400,0,0,171,recommendationservice,-,,4,4,2,0,6.3,0.0
11,normal,400,0,0,171,redis-cart,-,,1,1,1,0,6.3,0.0
11,normal,400,0,0,171,shippingservice,-,,4,4,4,0,6.3,0.0
11,normal,400,0,0,186,adservice,-,,4,4,4,0,6.3,0.0
11,normal,400,0,0,186,cartservice,-,,4,4,4,0,6.3,0.0
11,normal,400,0,0,186,checkoutservice,-,,4,4,4,0,6.3,0.0
11,normal,400,0,0,186,currencyservice,-,,4,4,4,0,6.3,0.0
11,normal,400,0,0,186,emailservice,-,,4,4,4,0,6.3,0.0
11,normal,400,0,0,186,frontend,-,,4,4,4,0,6.3,0.0
11,normal,400,0,0,186,paymentservice,-,,4,4,4,0,6.3,0.0
11,normal,400,0,0,186,productcatalogservice,-,,4,4,4,0,6.3,0.0
11,normal,400,0,0,186,recommendationservice,-,,4,4,2,0,6.3,0.0
11,normal,400,0,0,186,redis-cart,-,,1,1,1,0,6.3,0.0
11,normal,400,0,0,186,shippingservice,-,,4,4,4,0,6.3,0.0
11,normal,400,0,0,201,adservice,-,,4,4,4,0,6.3,0.0
11,normal,400,0,0,201,cartservice,-,,4,4,4,0,6.3,0.0
11,normal,400,0,0,201,checkoutservice,-,,4,4,4,0,6.3,0.0
11,normal,400,0,0,201,currencyservice,-,,4,4,4,0,6.3,0.0
11,normal,400,0,0,201,emailservice,-,,4,4,4,0,6.3,0.0
11,normal,400,0,0,201,frontend,-,,4,4,4,0,6.3,0.0
11,normal,400,0,0,201,paymentservice,-,,4,4,4,0,6.3,0.0
11,normal,400,0,0,201,productcatalogservice,-,,4,4,4,0,6.3,0.0
11,normal,400,0,0,201,recommendationservice,-,,4,4,3,0,6.3,0.0
11,normal,400,0,0,201,redis-cart,-,,1,1,1,0,6.3,0.0
11,normal,400,0,0,201,shippingservice,-,,4,4,4,0,6.3,0.0
11,frontrecocatalog,350,0,0,1,adservice,-,,4,4,4,0,6.3,0.0
11,frontrecocatalog,350,0,0,1,cartservice,-,,4,4,4,0,6.3,0.0
11,frontrecocatalog,350,0,0,1,checkoutservice,-,,4,4,4,0,6.3,0.0
11,frontrecocatalog,350,0,0,1,currencyservice,-,,4,4,4,0,6.3,0.0
11,frontrecocatalog,350,0,0,1,emailservice,-,,4,4,4,0,6.3,0.0
11,frontrecocatalog,350,0,0,1,frontend,-,,4,4,4,0,6.3,0.0
11,frontrecocatalog,350,0,0,1,paymentservice,-,,4,4,4,0,6.3,0.0
11,frontrecocatalog,350,0,0,1,redis-cart,-,,1,1,1,0,6.3,0.0
11,frontrecocatalog,350,0,0,1,shippingservice,-,,4,4,4,0,6.3,0.0
11,frontrecocatalog,350,0,0,16,adservice,-,,4,4,4,0,6.3,0.0
11,frontrecocatalog,350,0,0,16,cartservice,-,,4,4,4,0,6.3,0.0
11,frontrecocatalog,350,0,0,16,checkoutservice,-,,4,4,4,0,6.3,0.0
11,frontrecocatalog,350,0,0,16,currencyservice,-,,4,4,4,0,6.3,0.0
11,frontrecocatalog,350,0,0,16,emailservice,-,,4,4,4,0,6.3,0.0
11,frontrecocatalog,350,0,0,16,frontend,-,,4,4,4,0,6.3,0.0
11,frontrecocatalog,350,0,0,16,paymentservice,-,,4,4,4,0,6.3,0.0
11,frontrecocatalog,350,0,0,16,redis-cart,-,,1,1,1,0,6.3,0.0
11,frontrecocatalog,350,0,0,16,shippingservice,-,,4,4,4,0,6.3,0.0
11,frontrecocatalog,350,0,0,32,adservice,-,,4,4,4,0,6.3,0.0
11,frontrecocatalog,350,0,0,32,cartservice,-,,4,4,4,0,6.3,0.0
11,frontrecocatalog,350,0,0,32,checkoutservice,-,,4,4,4,0,6.3,0.0
11,frontrecocatalog,350,0,0,32,currencyservice,-,,4,4,4,0,6.3,0.0
11,frontrecocatalog,350,0,0,32,emailservice,-,,4,4,4,0,6.3,0.0
11,frontrecocatalog,350,0,0,32,frontend,-,,4,4,4,0,6.3,0.0
11,frontrecocatalog,350,0,0,32,paymentservice,-,,4,4,4,0,6.3,0.0
11,frontrecocatalog,350,0,0,32,redis-cart,-,,1,1,1,0,6.3,0.0
11,frontrecocatalog,350,0,0,32,shippingservice,-,,4,4,4,0,6.3,0.0
11,frontrecocatalog,350,0,0,47,adservice,-,,4,4,4,0,6.3,0.0
11,frontrecocatalog,350,0,0,47,cartservice,-,,4,4,4,0,6.3,0.0
11,frontrecocatalog,350,0,0,47,checkoutservice,-,,4,4,4,0,6.3,0.0
11,frontrecocatalog,350,0,0,47,currencyservice,-,,4,4,4,0,6.3,0.0
11,frontrecocatalog,350,0,0,47,emailservice,-,,4,4,4,0,6.3,0.0
11,frontrecocatalog,350,0,0,47,frontend,-,,4,4,4,0,6.3,0.0
11,frontrecocatalog,350,0,0,47,paymentservice,-,,4,4,4,0,6.3,0.0
11,frontrecocatalog,350,0,0,47,redis-cart,-,,1,1,1,0,6.3,0.0
11,frontrecocatalog,350,0,0,47,shippingservice,-,,4,4,4,0,6.3,0.0
11,frontrecocatalog,350,0,0,63,adservice,-,,4,4,4,0,6.3,0.0
11,frontrecocatalog,350,0,0,63,cartservice,-,,4,4,4,0,6.3,0.0
11,frontrecocatalog,350,0,0,63,checkoutservice,-,,4,4,4,0,6.3,0.0
11,frontrecocatalog,350,0,0,63,currencyservice,-,,4,4,4,0,6.3,0.0
11,frontrecocatalog,350,0,0,63,emailservice,-,,4,4,4,0,6.3,0.0
11,frontrecocatalog,350,0,0,63,frontend,-,,4,4,4,0,6.3,0.0
11,frontrecocatalog,350,0,0,63,paymentservice,-,,4,4,4,0,6.3,0.0
11,frontrecocatalog,350,0,0,63,redis-cart,-,,1,1,1,0,6.3,0.0
11,frontrecocatalog,350,0,0,63,shippingservice,-,,4,4,4,0,6.3,0.0
11,frontrecocatalog,350,0,0,78,adservice,-,,4,4,4,0,6.3,0.0
11,frontrecocatalog,350,0,0,78,cartservice,-,,4,4,4,0,6.3,0.0
11,frontrecocatalog,350,0,0,78,checkoutservice,-,,4,4,4,0,6.3,0.0
11,frontrecocatalog,350,0,0,78,currencyservice,-,,4,4,4,0,6.3,0.0
11,frontrecocatalog,350,0,0,78,emailservice,-,,4,4,4,0,6.3,0.0
11,frontrecocatalog,350,0,0,78,frontend,-,,4,4,4,0,6.3,0.0
11,frontrecocatalog,350,0,0,78,paymentservice,-,,4,4,4,0,6.3,0.0
11,frontrecocatalog,350,0,0,78,redis-cart,-,,1,1,1,0,6.3,0.0
11,frontrecocatalog,350,0,0,78,shippingservice,-,,4,4,4,0,6.3,0.0
11,frontrecocatalog,350,0,0,94,adservice,-,,4,4,4,0,6.3,0.0
11,frontrecocatalog,350,0,0,94,cartservice,-,,4,4,4,0,6.3,0.0
11,frontrecocatalog,350,0,0,94,checkoutservice,-,,4,4,4,0,6.3,0.0
11,frontrecocatalog,350,0,0,94,currencyservice,-,,4,4,4,0,6.3,0.0
11,frontrecocatalog,350,0,0,94,emailservice,-,,4,4,4,0,6.3,0.0
11,frontrecocatalog,350,0,0,94,frontend,-,,4,4,4,0,6.3,0.0
11,frontrecocatalog,350,0,0,94,paymentservice,-,,4,4,4,0,6.3,0.0
11,frontrecocatalog,350,0,0,94,redis-cart,-,,1,1,1,0,6.3,0.0
11,frontrecocatalog,350,0,0,94,shippingservice,-,,4,4,4,0,6.3,0.0
11,frontrecocatalog,350,0,0,109,adservice,-,,4,4,4,0,6.3,0.0
11,frontrecocatalog,350,0,0,109,cartservice,-,,4,4,4,0,6.3,0.0
11,frontrecocatalog,350,0,0,109,checkoutservice,-,,4,4,4,0,6.3,0.0
11,frontrecocatalog,350,0,0,109,currencyservice,-,,4,4,4,0,6.3,0.0
11,frontrecocatalog,350,0,0,109,emailservice,-,,4,4,4,0,6.3,0.0
11,frontrecocatalog,350,0,0,109,frontend,-,,4,4,4,0,6.3,0.0
11,frontrecocatalog,350,0,0,109,paymentservice,-,,4,4,4,0,6.3,0.0
11,frontrecocatalog,350,0,0,109,redis-cart,-,,1,1,1,0,6.3,0.0
11,frontrecocatalog,350,0,0,109,shippingservice,-,,4,4,4,0,6.3,0.0
11,frontrecocatalog,350,0,0,125,adservice,-,,4,4,4,0,6.3,0.0
11,frontrecocatalog,350,0,0,125,cartservice,-,,4,4,4,0,6.3,0.0
11,frontrecocatalog,350,0,0,125,checkoutservice,-,,4,4,4,0,6.3,0.0
11,frontrecocatalog,350,0,0,125,currencyservice,-,,4,4,4,0,6.3,0.0
11,frontrecocatalog,350,0,0,125,emailservice,-,,4,4,4,0,6.3,0.0
11,frontrecocatalog,350,0,0,125,frontend,-,,4,4,4,0,6.3,0.0
11,frontrecocatalog,350,0,0,125,paymentservice,-,,4,4,4,0,6.3,0.0
11,frontrecocatalog,350,0,0,125,redis-cart,-,,1,1,1,0,6.3,0.0
11,frontrecocatalog,350,0,0,125,shippingservice,-,,4,4,4,0,6.3,0.0
11,frontrecocatalog,350,0,0,140,adservice,-,,4,4,4,0,6.3,0.0
11,frontrecocatalog,350,0,0,140,cartservice,-,,4,4,4,0,6.3,0.0
11,frontrecocatalog,350,0,0,140,checkoutservice,-,,4,4,4,0,6.3,0.0
11,frontrecocatalog,350,0,0,140,currencyservice,-,,4,4,4,0,6.3,0.0
11,frontrecocatalog,350,0,0,140,emailservice,-,,4,4,4,0,6.3,0.0
11,frontrecocatalog,350,0,0,140,frontend,-,,4,4,4,0,6.3,0.0
11,frontrecocatalog,350,0,0,140,paymentservice,-,,4,4,4,0,6.3,0.0
11,frontrecocatalog,350,0,0,140,redis-cart,-,,1,1,1,0,6.3,0.0
11,frontrecocatalog,350,0,0,140,shippingservice,-,,4,4,4,0,6.3,0.0
11,frontrecocatalog,350,0,0,156,adservice,-,,4,4,4,0,6.3,0.0
11,frontrecocatalog,350,0,0,156,cartservice,-,,4,4,4,0,6.3,0.0
11,frontrecocatalog,350,0,0,156,checkoutservice,-,,4,4,4,0,6.3,0.0
11,frontrecocatalog,350,0,0,156,currencyservice,-,,4,4,4,0,6.3,0.0
11,frontrecocatalog,350,0,0,156,emailservice,-,,4,4,4,0,6.3,0.0
11,frontrecocatalog,350,0,0,156,frontend,-,,4,4,4,0,6.3,0.0
11,frontrecocatalog,350,0,0,156,paymentservice,-,,4,4,4,0,6.3,0.0
11,frontrecocatalog,350,0,0,156,redis-cart,-,,1,1,1,0,6.3,0.0
11,frontrecocatalog,350,0,0,156,shippingservice,-,,4,4,4,0,6.3,0.0
11,frontrecocatalog,350,0,0,171,adservice,-,,4,4,4,0,6.3,0.0
11,frontrecocatalog,350,0,0,171,cartservice,-,,4,4,4,0,6.3,0.0
11,frontrecocatalog,350,0,0,171,checkoutservice,-,,4,4,4,0,6.3,0.0
11,frontrecocatalog,350,0,0,171,currencyservice,-,,4,4,4,0,6.3,0.0
11,frontrecocatalog,350,0,0,171,emailservice,-,,4,4,4,0,6.3,0.0
11,frontrecocatalog,350,0,0,171,frontend,-,,4,4,4,0,6.3,0.0
11,frontrecocatalog,350,0,0,171,paymentservice,-,,4,4,4,0,6.3,0.0
11,frontrecocatalog,350,0,0,171,redis-cart,-,,1,1,1,0,6.3,0.0
11,frontrecocatalog,350,0,0,171,shippingservice,-,,4,4,4,0,6.3,0.0
11,frontrecocatalog,350,0,0,186,adservice,-,,4,4,4,0,6.3,0.0
11,frontrecocatalog,350,0,0,186,cartservice,-,,4,4,4,0,6.3,0.0
11,frontrecocatalog,350,0,0,186,checkoutservice,-,,4,4,4,0,6.3,0.0
11,frontrecocatalog,350,0,0,186,currencyservice,-,,4,4,4,0,6.3,0.0
11,frontrecocatalog,350,0,0,186,emailservice,-,,4,4,4,0,6.3,0.0
11,frontrecocatalog,350,0,0,186,frontend,-,,4,4,4,0,6.3,0.0
11,frontrecocatalog,350,0,0,186,paymentservice,-,,4,4,4,0,6.3,0.0
11,frontrecocatalog,350,0,0,186,redis-cart,-,,1,1,1,0,6.3,0.0
11,frontrecocatalog,350,0,0,186,shippingservice,-,,4,4,4,0,6.3,0.0
11,frontrecocatalog,350,0,0,202,adservice,-,,4,4,4,0,6.3,0.0
11,frontrecocatalog,350,0,0,202,cartservice,-,,4,4,4,0,6.3,0.0
11,frontrecocatalog,350,0,0,202,checkoutservice,-,,4,4,4,0,6.3,0.0
11,frontrecocatalog,350,0,0,202,currencyservice,-,,4,4,4,0,6.3,0.0
11,frontrecocatalog,350,0,0,202,emailservice,-,,4,4,4,0,6.3,0.0
11,frontrecocatalog,350,0,0,202,frontend,-,,4,4,4,0,6.3,0.0
11,frontrecocatalog,350,0,0,202,paymentservice,-,,4,4,4,0,6.3,0.0
11,frontrecocatalog,350,0,0,202,redis-cart,-,,1,1,1,0,6.3,0.0
11,frontrecocatalog,350,0,0,202,shippingservice,-,,4,4,4,0,6.3,0.0
11,frontrecocatalog,400,0,0,1,adservice,-,,4,4,4,0,6.3,0.0
11,frontrecocatalog,400,0,0,1,cartservice,-,,4,4,4,0,6.3,0.0
11,frontrecocatalog,400,0,0,1,checkoutservice,-,,4,4,4,0,6.3,0.0
11,frontrecocatalog,400,0,0,1,currencyservice,-,,4,4,4,0,6.3,0.0
11,frontrecocatalog,400,0,0,1,emailservice,-,,4,4,4,0,6.3,0.0
11,frontrecocatalog,400,0,0,1,frontend,-,,4,4,4,0,6.3,0.0
11,frontrecocatalog,400,0,0,1,paymentservice,-,,4,4,4,0,6.3,0.0
11,frontrecocatalog,400,0,0,1,redis-cart,-,,1,1,1,0,6.3,0.0
11,frontrecocatalog,400,0,0,1,shippingservice,-,,4,4,4,0,6.3,0.0
11,frontrecocatalog,400,0,0,16,adservice,-,,4,4,4,0,6.3,0.0
11,frontrecocatalog,400,0,0,16,cartservice,-,,4,4,4,0,6.3,0.0
11,frontrecocatalog,400,0,0,16,checkoutservice,-,,4,4,4,0,6.3,0.0
11,frontrecocatalog,400,0,0,16,currencyservice,-,,4,4,4,0,6.3,0.0
11,frontrecocatalog,400,0,0,16,emailservice,-,,4,4,4,0,6.3,0.0
11,frontrecocatalog,400,0,0,16,frontend,-,,4,4,4,0,6.3,0.0
11,frontrecocatalog,400,0,0,16,paymentservice,-,,4,4,4,0,6.3,0.0
11,frontrecocatalog,400,0,0,16,redis-cart,-,,1,1,1,0,6.3,0.0
11,frontrecocatalog,400,0,0,16,shippingservice,-,,4,4,4,0,6.3,0.0
11,frontrecocatalog,400,0,0,32,adservice,-,,4,4,4,0,6.3,0.0
11,frontrecocatalog,400,0,0,32,cartservice,-,,4,4,4,0,6.3,0.0
11,frontrecocatalog,400,0,0,32,checkoutservice,-,,4,4,4,0,6.3,0.0
11,frontrecocatalog,400,0,0,32,currencyservice,-,,4,4,4,0,6.3,0.0
11,frontrecocatalog,400,0,0,32,emailservice,-,,4,4,4,0,6.3,0.0
11,frontrecocatalog,400,0,0,32,frontend,-,,4,4,4,0,6.3,0.0
11,frontrecocatalog,400,0,0,32,paymentservice,-,,4,4,4,0,6.3,0.0
11,frontrecocatalog,400,0,0,32,redis-cart,-,,1,1,1,0,6.3,0.0
11,frontrecocatalog,400,0,0,32,shippingservice,-,,4,4,4,0,6.3,0.0
11,frontrecocatalog,400,0,0,47,adservice,-,,4,4,4,0,6.3,0.0
11,frontrecocatalog,400,0,0,47,cartservice,-,,4,4,4,0,6.3,0.0
11,frontrecocatalog,400,0,0,47,checkoutservice,-,,4,4,4,0,6.3,0.0
11,frontrecocatalog,400,0,0,47,currencyservice,-,,4,4,4,0,6.3,0.0
11,frontrecocatalog,400,0,0,47,emailservice,-,,4,4,4,0,6.3,0.0
11,frontrecocatalog,400,0,0,47,frontend,-,,4,4,4,0,6.3,0.0
11,frontrecocatalog,400,0,0,47,paymentservice,-,,4,4,4,0,6.3,0.0
11,frontrecocatalog,400,0,0,47,redis-cart,-,,1,1,1,0,6.3,0.0
11,frontrecocatalog,400,0,0,47,shippingservice,-,,4,4,4,0,6.3,0.0
11,frontrecocatalog,400,0,0,63,adservice,-,,4,4,4,0,6.3,0.0
11,frontrecocatalog,400,0,0,63,cartservice,-,,4,4,4,0,6.3,0.0
11,frontrecocatalog,400,0,0,63,checkoutservice,-,,4,4,4,0,6.3,0.0
11,frontrecocatalog,400,0,0,63,currencyservice,-,,4,4,4,0,6.3,0.0
11,frontrecocatalog,400,0,0,63,emailservice,-,,4,4,4,0,6.3,0.0
11,frontrecocatalog,400,0,0,63,frontend,-,,4,4,4,0,6.3,0.0
11,frontrecocatalog,400,0,0,63,paymentservice,-,,4,4,4,0,6.3,0.0
11,frontrecocatalog,400,0,0,63,redis-cart,-,,1,1,1,0,6.3,0.0
11,frontrecocatalog,400,0,0,63,shippingservice,-,,4,4,4,0,6.3,0.0
11,frontrecocatalog,400,0,0,79,adservice,-,,4,4,4,0,6.3,0.0
11,frontrecocatalog,400,0,0,79,cartservice,-,,4,4,4,0,6.3,0.0
11,frontrecocatalog,400,0,0,79,checkoutservice,-,,4,4,4,0,6.3,0.0
11,frontrecocatalog,400,0,0,79,currencyservice,-,,4,4,4,0,6.3,0.0
11,frontrecocatalog,400,0,0,79,emailservice,-,,4,4,4,0,6.3,0.0
11,frontrecocatalog,400,0,0,79,frontend,-,,4,4,4,0,6.3,0.0
11,frontrecocatalog,400,0,0,79,paymentservice,-,,4,4,4,0,6.3,0.0
11,frontrecocatalog,400,0,0,79,redis-cart,-,,1,1,1,0,6.3,0.0
11,frontrecocatalog,400,0,0,79,shippingservice,-,,4,4,4,0,6.3,0.0
11,frontrecocatalog,400,0,0,94,adservice,-,,4,4,4,0,6.3,0.0
11,frontrecocatalog,400,0,0,94,cartservice,-,,4,4,4,0,6.3,0.0
11,frontrecocatalog,400,0,0,94,checkoutservice,-,,4,4,4,0,6.3,0.0
11,frontrecocatalog,400,0,0,94,currencyservice,-,,4,4,4,0,6.3,0.0
11,frontrecocatalog,400,0,0,94,emailservice,-,,4,4,4,0,6.3,0.0
11,frontrecocatalog,400,0,0,94,frontend,-,,4,4,4,0,6.3,0.0
11,frontrecocatalog,400,0,0,94,paymentservice,-,,4,4,4,0,6.3,0.0
11,frontrecocatalog,400,0,0,94,redis-cart,-,,1,1,1,0,6.3,0.0
11,frontrecocatalog,400,0,0,94,shippingservice,-,,4,4,4,0,6.3,0.0
11,frontrecocatalog,400,0,0,110,adservice,-,,4,4,4,0,6.3,0.0
11,frontrecocatalog,400,0,0,110,cartservice,-,,4,4,4,0,6.3,0.0
11,frontrecocatalog,400,0,0,110,checkoutservice,-,,4,4,4,0,6.3,0.0
11,frontrecocatalog,400,0,0,110,currencyservice,-,,4,4,4,0,6.3,0.0
11,frontrecocatalog,400,0,0,110,emailservice,-,,4,4,4,0,6.3,0.0
11,frontrecocatalog,400,0,0,110,frontend,-,,4,4,4,0,6.3,0.0
11,frontrecocatalog,400,0,0,110,paymentservice,-,,4,4,4,0,6.3,0.0
11,frontrecocatalog,400,0,0,110,redis-cart,-,,1,1,1,0,6.3,0.0
11,frontrecocatalog,400,0,0,110,shippingservice,-,,4,4,4,0,6.3,0.0
11,frontrecocatalog,400,0,0,125,adservice,-,,4,4,4,0,6.3,0.0
11,frontrecocatalog,400,0,0,125,cartservice,-,,4,4,4,0,6.3,0.0
11,frontrecocatalog,400,0,0,125,checkoutservice,-,,4,4,4,0,6.3,0.0
11,frontrecocatalog,400,0,0,125,currencyservice,-,,4,4,4,0,6.3,0.0
11,frontrecocatalog,400,0,0,125,emailservice,-,,4,4,4,0,6.3,0.0
11,frontrecocatalog,400,0,0,125,frontend,-,,4,4,4,0,6.3,0.0
11,frontrecocatalog,400,0,0,125,paymentservice,-,,4,4,4,0,6.3,0.0
11,frontrecocatalog,400,0,0,125,redis-cart,-,,1,1,1,0,6.3,0.0
11,frontrecocatalog,400,0,0,125,shippingservice,-,,4,4,4,0,6.3,0.0
11,frontrecocatalog,400,0,0,141,adservice,-,,4,4,4,0,6.3,0.0
11,frontrecocatalog,400,0,0,141,cartservice,-,,4,4,4,0,6.3,0.0
11,frontrecocatalog,400,0,0,141,checkoutservice,-,,4,4,4,0,6.3,0.0
11,frontrecocatalog,400,0,0,141,currencyservice,-,,4,4,4,0,6.3,0.0
11,frontrecocatalog,400,0,0,141,emailservice,-,,4,4,4,0,6.3,0.0
11,frontrecocatalog,400,0,0,141,frontend,-,,4,4,4,0,6.3,0.0
11,frontrecocatalog,400,0,0,141,paymentservice,-,,4,4,4,0,6.3,0.0
11,frontrecocatalog,400,0,0,141,redis-cart,-,,1,1,1,0,6.3,0.0
11,frontrecocatalog,400,0,0,141,shippingservice,-,,4,4,4,0,6.3,0.0
11,frontrecocatalog,400,0,0,156,adservice,-,,4,4,4,0,6.3,0.0
11,frontrecocatalog,400,0,0,156,cartservice,-,,4,4,4,0,6.3,0.0
11,frontrecocatalog,400,0,0,156,checkoutservice,-,,4,4,4,0,6.3,0.0
11,frontrecocatalog,400,0,0,156,currencyservice,-,,4,4,4,0,6.3,0.0
11,frontrecocatalog,400,0,0,156,emailservice,-,,4,4,4,0,6.3,0.0
11,frontrecocatalog,400,0,0,156,frontend,-,,4,4,4,0,6.3,0.0
11,frontrecocatalog,400,0,0,156,paymentservice,-,,4,4,4,0,6.3,0.0
11,frontrecocatalog,400,0,0,156,redis-cart,-,,1,1,1,0,6.3,0.0
11,frontrecocatalog,400,0,0,156,shippingservice,-,,4,4,4,0,6.3,0.0
11,frontrecocatalog,400,0,0,172,adservice,-,,4,4,4,0,6.3,0.0
11,frontrecocatalog,400,0,0,172,cartservice,-,,4,4,4,0,6.3,0.0
11,frontrecocatalog,400,0,0,172,checkoutservice,-,,4,4,4,0,6.3,0.0
11,frontrecocatalog,400,0,0,172,currencyservice,-,,4,4,4,0,6.3,0.0
11,frontrecocatalog,400,0,0,172,emailservice,-,,4,4,4,0,6.3,0.0
11,frontrecocatalog,400,0,0,172,frontend,-,,4,4,4,0,6.3,0.0
11,frontrecocatalog,400,0,0,172,paymentservice,-,,4,4,4,0,6.3,0.0
11,frontrecocatalog,400,0,0,172,redis-cart,-,,1,1,1,0,6.3,0.0
11,frontrecocatalog,400,0,0,172,shippingservice,-,,4,4,4,0,6.3,0.0
11,frontrecocatalog,400,0,0,187,adservice,-,,4,4,4,0,6.3,0.0
11,frontrecocatalog,400,0,0,187,cartservice,-,,4,4,4,0,6.3,0.0
11,frontrecocatalog,400,0,0,187,checkoutservice,-,,4,4,4,0,6.3,0.0
11,frontrecocatalog,400,0,0,187,currencyservice,-,,4,4,4,0,6.3,0.0
11,frontrecocatalog,400,0,0,187,emailservice,-,,4,4,4,0,6.3,0.0
11,frontrecocatalog,400,0,0,187,frontend,-,,4,4,4,0,6.3,0.0
11,frontrecocatalog,400,0,0,187,paymentservice,-,,4,4,4,0,6.3,0.0
11,frontrecocatalog,400,0,0,187,redis-cart,-,,1,1,1,0,6.3,0.0
11,frontrecocatalog,400,0,0,187,shippingservice,-,,4,4,4,0,6.3,0.0
11,frontrecocatalog,400,0,0,203,adservice,-,,4,4,4,0,6.3,0.0
11,frontrecocatalog,400,0,0,203,cartservice,-,,4,4,4,0,6.3,0.0
11,frontrecocatalog,400,0,0,203,checkoutservice,-,,4,4,4,0,6.3,0.0
11,frontrecocatalog,400,0,0,203,currencyservice,-,,4,4,4,0,6.3,0.0
11,frontrecocatalog,400,0,0,203,emailservice,-,,4,4,4,0,6.3,0.0
11,frontrecocatalog,400,0,0,203,frontend,-,,4,4,4,0,6.3,0.0
11,frontrecocatalog,400,0,0,203,paymentservice,-,,4,4,4,0,6.3,0.0
11,frontrecocatalog,400,0,0,203,redis-cart,-,,1,1,1,0,6.3,0.0
11,frontrecocatalog,400,0,0,203,shippingservice,-,,4,4,4,0,6.3,0.0
11,mega,350,0,0,1,megapod,-,,4,4,4,0,12.28,0.0
11,mega,350,0,0,1,redis-cart,-,,1,1,1,0,12.28,0.0
11,mega,350,0,0,16,megapod,-,,4,4,4,0,6.3,0.0
11,mega,350,0,0,16,redis-cart,-,,1,1,1,0,6.3,0.0
11,mega,350,0,0,31,megapod,-,,4,4,4,0,6.3,0.0
11,mega,350,0,0,31,redis-cart,-,,1,1,1,0,6.3,0.0
11,mega,350,0,0,47,megapod,-,,4,4,4,0,6.3,0.0
11,mega,350,0,0,47,redis-cart,-,,1,1,1,0,6.3,0.0
11,mega,350,0,0,62,megapod,-,,4,4,4,0,6.3,0.0
11,mega,350,0,0,62,redis-cart,-,,1,1,1,0,6.3,0.0
11,mega,350,0,0,78,megapod,-,,4,4,4,0,6.3,0.0
11,mega,350,0,0,78,redis-cart,-,,1,1,1,0,6.3,0.0
11,mega,350,0,0,93,megapod,-,,4,4,4,0,6.3,0.0
11,mega,350,0,0,93,redis-cart,-,,1,1,1,0,6.3,0.0
11,mega,350,0,0,109,megapod,-,,4,4,4,0,6.3,0.0
11,mega,350,0,0,109,redis-cart,-,,1,1,1,0,6.3,0.0
11,mega,350,0,0,124,megapod,-,,4,4,4,0,6.3,0.0
11,mega,350,0,0,124,redis-cart,-,,1,1,1,0,6.3,0.0
11,mega,350,0,0,139,megapod,-,,4,4,4,0,6.3,0.0
11,mega,350,0,0,139,redis-cart,-,,1,1,1,0,6.3,0.0
11,mega,350,0,0,155,megapod,-,,4,4,4,0,6.3,0.0
11,mega,350,0,0,155,redis-cart,-,,1,1,1,0,6.3,0.0
11,mega,350,0,0,170,megapod,-,,4,4,4,0,6.3,0.0
11,mega,350,0,0,170,redis-cart,-,,1,1,1,0,6.3,0.0
11,mega,350,0,0,186,megapod,-,,4,4,4,0,6.3,0.0
11,mega,350,0,0,186,redis-cart,-,,1,1,1,0,6.3,0.0
11,mega,350,0,0,201,megapod,-,,4,4,4,0,6.3,0.0
11,mega,350,0,0,201,redis-cart,-,,1,1,1,0,6.3,0.0
11,mega,400,0,0,1,megapod,-,,4,4,4,0,6.3,0.0
11,mega,400,0,0,1,redis-cart,-,,1,1,1,0,6.3,0.0
11,mega,400,0,0,16,megapod,-,,4,4,4,0,6.3,0.0
11,mega,400,0,0,16,redis-cart,-,,1,1,1,0,6.3,0.0
11,mega,400,0,0,32,megapod,-,,4,4,4,0,6.3,0.0
11,mega,400,0,0,32,redis-cart,-,,1,1,1,0,6.3,0.0
11,mega,400,0,0,47,megapod,-,,4,4,4,0,6.3,0.0
11,mega,400,0,0,47,redis-cart,-,,1,1,1,0,6.3,0.0
11,mega,400,0,0,63,megapod,-,,4,4,4,0,6.3,0.0
11,mega,400,0,0,63,redis-cart,-,,1,1,1,0,6.3,0.0
11,mega,400,0,0,78,megapod,-,,4,4,4,0,6.3,0.0
11,mega,400,0,0,78,redis-cart,-,,1,1,1,0,6.3,0.0
11,mega,400,0,0,94,megapod,-,,4,4,4,0,6.3,0.0
11,mega,400,0,0,94,redis-cart,-,,1,1,1,0,6.3,0.0
11,mega,400,0,0,109,megapod,-,,4,4,4,0,6.3,0.0
11,mega,400,0,0,109,redis-cart,-,,1,1,1,0,6.3,0.0
11,mega,400,0,0,125,megapod,-,,4,4,4,0,6.3,0.0
11,mega,400,0,0,125,redis-cart,-,,1,1,1,0,6.3,0.0
11,mega,400,0,0,140,megapod,-,,4,4,4,0,6.3,0.0
11,mega,400,0,0,140,redis-cart,-,,1,1,1,0,6.3,0.0
11,mega,400,0,0,156,megapod,-,,4,4,4,0,6.3,0.0
11,mega,400,0,0,156,redis-cart,-,,1,1,1,0,6.3,0.0
11,mega,400,0,0,171,megapod,-,,4,4,4,0,6.3,0.0
11,mega,400,0,0,171,redis-cart,-,,1,1,1,0,6.3,0.0
11,mega,400,0,0,187,megapod,-,,4,4,4,0,6.3,0.0
11,mega,400,0,0,187,redis-cart,-,,1,1,1,0,6.3,0.0
11,mega,400,0,0,202,megapod,-,,4,4,4,0,6.3,0.0
11,mega,400,0,0,202,redis-cart,-,,1,1,1,0,6.3,0.0
12,normal,350,0,0,1,adservice,-,,4,4,4,0,6.3,0.0
12,normal,350,0,0,1,cartservice,-,,4,4,4,0,6.3,0.0
12,normal,350,0,0,1,checkoutservice,-,,4,4,4,0,6.3,0.0
12,normal,350,0,0,1,currencyservice,-,,4,4,4,0,6.3,0.0
12,normal,350,0,0,1,emailservice,-,,4,4,4,0,6.3,0.0
12,normal,350,0,0,1,frontend,-,,4,4,4,0,6.3,0.0
12,normal,350,0,0,1,paymentservice,-,,4,4,4,0,6.3,0.0
12,normal,350,0,0,1,productcatalogservice,-,,4,4,4,0,6.3,0.0
12,normal,350,0,0,1,recommendationservice,-,,4,4,4,0,6.3,0.0
12,normal,350,0,0,1,redis-cart,-,,1,1,1,0,6.3,0.0
12,normal,350,0,0,1,shippingservice,-,,4,4,4,0,6.3,0.0
12,normal,350,0,0,16,adservice,-,,4,4,4,0,6.3,0.0
12,normal,350,0,0,16,cartservice,-,,4,4,4,0,6.3,0.0
12,normal,350,0,0,16,checkoutservice,-,,4,4,4,0,6.3,0.0
12,normal,350,0,0,16,currencyservice,-,,4,4,4,0,6.3,0.0
12,normal,350,0,0,16,emailservice,-,,4,4,4,0,6.3,0.0
12,normal,350,0,0,16,frontend,-,,4,4,4,0,6.3,0.0
12,normal,350,0,0,16,paymentservice,-,,4,4,4,0,6.3,0.0
12,normal,350,0,0,16,productcatalogservice,-,,4,4,4,0,6.3,0.0
12,normal,350,0,0,16,recommendationservice,-,,4,4,4,0,6.3,0.0
12,normal,350,0,0,16,redis-cart,-,,1,1,1,0,6.3,0.0
12,normal,350,0,0,16,shippingservice,-,,4,4,4,0,6.3,0.0
12,normal,350,0,0,31,adservice,-,,4,4,4,0,6.3,0.0
12,normal,350,0,0,31,cartservice,-,,4,4,4,0,6.3,0.0
12,normal,350,0,0,31,checkoutservice,-,,4,4,4,0,6.3,0.0
12,normal,350,0,0,31,currencyservice,-,,4,4,4,0,6.3,0.0
12,normal,350,0,0,31,emailservice,-,,4,4,4,0,6.3,0.0
12,normal,350,0,0,31,frontend,-,,4,4,4,0,6.3,0.0
12,normal,350,0,0,31,paymentservice,-,,4,4,4,0,6.3,0.0
12,normal,350,0,0,31,productcatalogservice,-,,4,4,4,0,6.3,0.0
12,normal,350,0,0,31,recommendationservice,-,,4,4,3,0,6.3,0.0
12,normal,350,0,0,31,redis-cart,-,,1,1,1,0,6.3,0.0
12,normal,350,0,0,31,shippingservice,-,,4,4,4,0,6.3,0.0
12,normal,350,0,0,47,adservice,-,,4,4,4,0,6.3,0.0
12,normal,350,0,0,47,cartservice,-,,4,4,4,0,6.3,0.0
12,normal,350,0,0,47,checkoutservice,-,,4,4,4,0,6.3,0.0
12,normal,350,0,0,47,currencyservice,-,,4,4,4,0,6.3,0.0
12,normal,350,0,0,47,emailservice,-,,4,4,4,0,6.3,0.0
12,normal,350,0,0,47,frontend,-,,4,4,4,0,6.3,0.0
12,normal,350,0,0,47,paymentservice,-,,4,4,4,0,6.3,0.0
12,normal,350,0,0,47,productcatalogservice,-,,4,4,4,0,6.3,0.0
12,normal,350,0,0,47,recommendationservice,-,,4,4,2,0,6.3,0.0
12,normal,350,0,0,47,redis-cart,-,,1,1,1,0,6.3,0.0
12,normal,350,0,0,47,shippingservice,-,,4,4,4,0,6.3,0.0
12,normal,350,0,0,62,adservice,-,,4,4,4,0,6.3,0.0
12,normal,350,0,0,62,cartservice,-,,4,4,4,0,6.3,0.0
12,normal,350,0,0,62,checkoutservice,-,,4,4,4,0,6.3,0.0
12,normal,350,0,0,62,currencyservice,-,,4,4,4,0,6.3,0.0
12,normal,350,0,0,62,emailservice,-,,4,4,4,0,6.3,0.0
12,normal,350,0,0,62,frontend,-,,4,4,4,0,6.3,0.0
12,normal,350,0,0,62,paymentservice,-,,4,4,4,0,6.3,0.0
12,normal,350,0,0,62,productcatalogservice,-,,4,4,4,0,6.3,0.0
12,normal,350,0,0,62,recommendationservice,-,,4,4,2,0,6.3,0.0
12,normal,350,0,0,62,redis-cart,-,,1,1,1,0,6.3,0.0
12,normal,350,0,0,62,shippingservice,-,,4,4,4,0,6.3,0.0
12,normal,350,0,0,78,adservice,-,,4,4,4,0,6.3,0.0
12,normal,350,0,0,78,cartservice,-,,4,4,4,0,6.3,0.0
12,normal,350,0,0,78,checkoutservice,-,,4,4,4,0,6.3,0.0
12,normal,350,0,0,78,currencyservice,-,,4,4,4,0,6.3,0.0
12,normal,350,0,0,78,emailservice,-,,4,4,4,0,6.3,0.0
12,normal,350,0,0,78,frontend,-,,4,4,4,0,6.3,0.0
12,normal,350,0,0,78,paymentservice,-,,4,4,4,0,6.3,0.0
12,normal,350,0,0,78,productcatalogservice,-,,4,4,4,0,6.3,0.0
12,normal,350,0,0,78,recommendationservice,-,,4,4,2,0,6.3,0.0
12,normal,350,0,0,78,redis-cart,-,,1,1,1,0,6.3,0.0
12,normal,350,0,0,78,shippingservice,-,,4,4,4,0,6.3,0.0
12,normal,350,0,0,93,adservice,-,,4,4,4,0,6.3,0.0
12,normal,350,0,0,93,cartservice,-,,4,4,4,0,6.3,0.0
12,normal,350,0,0,93,checkoutservice,-,,4,4,4,0,6.3,0.0
12,normal,350,0,0,93,currencyservice,-,,4,4,4,0,6.3,0.0
12,normal,350,0,0,93,emailservice,-,,4,4,4,0,6.3,0.0
12,normal,350,0,0,93,frontend,-,,4,4,4,0,6.3,0.0
12,normal,350,0,0,93,paymentservice,-,,4,4,4,0,6.3,0.0
12,normal,350,0,0,93,productcatalogservice,-,,4,4,4,0,6.3,0.0
12,normal,350,0,0,93,recommendationservice,-,,4,4,2,0,6.3,0.0
12,normal,350,0,0,93,redis-cart,-,,1,1,1,0,6.3,0.0
12,normal,350,0,0,93,shippingservice,-,,4,4,4,0,6.3,0.0
12,normal,350,0,0,108,adservice,-,,4,4,4,0,6.3,0.0
12,normal,350,0,0,108,cartservice,-,,4,4,4,0,6.3,0.0
12,normal,350,0,0,108,checkoutservice,-,,4,4,4,0,6.3,0.0
12,normal,350,0,0,108,currencyservice,-,,4,4,4,0,6.3,0.0
12,normal,350,0,0,108,emailservice,-,,4,4,4,0,6.3,0.0
12,normal,350,0,0,108,frontend,-,,4,4,4,0,6.3,0.0
12,normal,350,0,0,108,paymentservice,-,,4,4,4,0,6.3,0.0
12,normal,350,0,0,108,productcatalogservice,-,,4,4,4,0,6.3,0.0
12,normal,350,0,0,108,recommendationservice,-,,4,4,2,0,6.3,0.0
12,normal,350,0,0,108,redis-cart,-,,1,1,1,0,6.3,0.0
12,normal,350,0,0,108,shippingservice,-,,4,4,4,0,6.3,0.0
12,normal,350,0,0,124,adservice,-,,4,4,4,0,6.3,0.0
12,normal,350,0,0,124,cartservice,-,,4,4,4,0,6.3,0.0
12,normal,350,0,0,124,checkoutservice,-,,4,4,4,0,6.3,0.0
12,normal,350,0,0,124,currencyservice,-,,4,4,4,0,6.3,0.0
12,normal,350,0,0,124,emailservice,-,,4,4,4,0,6.3,0.0
12,normal,350,0,0,124,frontend,-,,4,4,4,0,6.3,0.0
12,normal,350,0,0,124,paymentservice,-,,4,4,4,0,6.3,0.0
12,normal,350,0,0,124,productcatalogservice,-,,4,4,4,0,6.3,0.0
12,normal,350,0,0,124,recommendationservice,-,,4,4,2,0,6.3,0.0
12,normal,350,0,0,124,redis-cart,-,,1,1,1,0,6.3,0.0
12,normal,350,0,0,124,shippingservice,-,,4,4,4,0,6.3,0.0
12,normal,350,0,0,139,adservice,-,,4,4,4,0,6.3,0.0
12,normal,350,0,0,139,cartservice,-,,4,4,4,0,6.3,0.0
12,normal,350,0,0,139,checkoutservice,-,,4,4,4,0,6.3,0.0
12,normal,350,0,0,139,currencyservice,-,,4,4,4,0,6.3,0.0
12,normal,350,0,0,139,emailservice,-,,4,4,4,0,6.3,0.0
12,normal,350,0,0,139,frontend,-,,4,4,4,0,6.3,0.0
12,normal,350,0,0,139,paymentservice,-,,4,4,4,0,6.3,0.0
12,normal,350,0,0,139,productcatalogservice,-,,4,4,4,0,6.3,0.0
12,normal,350,0,0,139,recommendationservice,-,,4,4,2,0,6.3,0.0
12,normal,350,0,0,139,redis-cart,-,,1,1,1,0,6.3,0.0
12,normal,350,0,0,139,shippingservice,-,,4,4,4,0,6.3,0.0
12,normal,350,0,0,155,adservice,-,,4,4,4,0,6.3,0.0
12,normal,350,0,0,155,cartservice,-,,4,4,4,0,6.3,0.0
12,normal,350,0,0,155,checkoutservice,-,,4,4,4,0,6.3,0.0
12,normal,350,0,0,155,currencyservice,-,,4,4,4,0,6.3,0.0
12,normal,350,0,0,155,emailservice,-,,4,4,4,0,6.3,0.0
12,normal,350,0,0,155,frontend,-,,4,4,4,0,6.3,0.0
12,normal,350,0,0,155,paymentservice,-,,4,4,4,0,6.3,0.0
12,normal,350,0,0,155,productcatalogservice,-,,4,4,4,0,6.3,0.0
12,normal,350,0,0,155,recommendationservice,-,,4,4,2,0,6.3,0.0
12,normal,350,0,0,155,redis-cart,-,,1,1,1,0,6.3,0.0
12,normal,350,0,0,155,shippingservice,-,,4,4,4,0,6.3,0.0
12,normal,350,0,0,170,adservice,-,,4,4,4,0,6.3,0.0
12,normal,350,0,0,170,cartservice,-,,4,4,4,0,6.3,0.0
12,normal,350,0,0,170,checkoutservice,-,,4,4,4,0,6.3,0.0
12,normal,350,0,0,170,currencyservice,-,,4,4,4,0,6.3,0.0
12,normal,350,0,0,170,emailservice,-,,4,4,4,0,6.3,0.0
12,normal,350,0,0,170,frontend,-,,4,4,4,0,6.3,0.0
12,normal,350,0,0,170,paymentservice,-,,4,4,4,0,6.3,0.0
12,normal,350,0,0,170,productcatalogservice,-,,4,4,4,0,6.3,0.0
12,normal,350,0,0,170,recommendationservice,-,,4,4,2,0,6.3,0.0
12,normal,350,0,0,170,redis-cart,-,,1,1,1,0,6.3,0.0
12,normal,350,0,0,170,shippingservice,-,,4,4,4,0,6.3,0.0
12,normal,350,0,0,186,adservice,-,,4,4,4,0,6.3,0.0
12,normal,350,0,0,186,cartservice,-,,4,4,4,0,6.3,0.0
12,normal,350,0,0,186,checkoutservice,-,,4,4,4,0,6.3,0.0
12,normal,350,0,0,186,currencyservice,-,,4,4,4,0,6.3,0.0
12,normal,350,0,0,186,emailservice,-,,4,4,4,0,6.3,0.0
12,normal,350,0,0,186,frontend,-,,4,4,4,0,6.3,0.0
12,normal,350,0,0,186,paymentservice,-,,4,4,4,0,6.3,0.0
12,normal,350,0,0,186,productcatalogservice,-,,4,4,4,0,6.3,0.0
12,normal,350,0,0,186,recommendationservice,-,,4,4,2,0,6.3,0.0
12,normal,350,0,0,186,redis-cart,-,,1,1,1,0,6.3,0.0
12,normal,350,0,0,186,shippingservice,-,,4,4,4,0,6.3,0.0
12,normal,350,0,0,201,adservice,-,,4,4,4,0,6.3,0.0
12,normal,350,0,0,201,cartservice,-,,4,4,4,0,6.3,0.0
12,normal,350,0,0,201,checkoutservice,-,,4,4,4,0,6.3,0.0
12,normal,350,0,0,201,currencyservice,-,,4,4,4,0,6.3,0.0
12,normal,350,0,0,201,emailservice,-,,4,4,4,0,6.3,0.0
12,normal,350,0,0,201,frontend,-,,4,4,4,0,6.3,0.0
12,normal,350,0,0,201,paymentservice,-,,4,4,4,0,6.3,0.0
12,normal,350,0,0,201,productcatalogservice,-,,4,4,4,0,6.3,0.0
12,normal,350,0,0,201,recommendationservice,-,,4,4,3,0,6.3,0.0
12,normal,350,0,0,201,redis-cart,-,,1,1,1,0,6.3,0.0
12,normal,350,0,0,201,shippingservice,-,,4,4,4,0,6.3,0.0
12,normal,400,0,0,1,adservice,-,,4,4,4,0,6.3,0.0
12,normal,400,0,0,1,cartservice,-,,4,4,4,0,6.3,0.0
12,normal,400,0,0,1,checkoutservice,-,,4,4,4,0,6.3,0.0
12,normal,400,0,0,1,currencyservice,-,,4,4,4,0,6.3,0.0
12,normal,400,0,0,1,emailservice,-,,4,4,4,0,6.3,0.0
12,normal,400,0,0,1,frontend,-,,4,4,4,0,6.3,0.0
12,normal,400,0,0,1,paymentservice,-,,4,4,4,0,6.3,0.0
12,normal,400,0,0,1,productcatalogservice,-,,4,4,4,0,6.3,0.0
12,normal,400,0,0,1,recommendationservice,-,,4,4,4,0,6.3,0.0
12,normal,400,0,0,1,redis-cart,-,,1,1,1,0,6.3,0.0
12,normal,400,0,0,1,shippingservice,-,,4,4,4,0,6.3,0.0
12,normal,400,0,0,16,adservice,-,,4,4,4,0,6.3,0.0
12,normal,400,0,0,16,cartservice,-,,4,4,4,0,6.3,0.0
12,normal,400,0,0,16,checkoutservice,-,,4,4,4,0,6.3,0.0
12,normal,400,0,0,16,currencyservice,-,,4,4,4,0,6.3,0.0
12,normal,400,0,0,16,emailservice,-,,4,4,4,0,6.3,0.0
12,normal,400,0,0,16,frontend,-,,4,4,4,0,6.3,0.0
12,normal,400,0,0,16,paymentservice,-,,4,4,4,0,6.3,0.0
12,normal,400,0,0,16,productcatalogservice,-,,4,4,4,0,6.3,0.0
12,normal,400,0,0,16,recommendationservice,-,,4,4,4,0,6.3,0.0
12,normal,400,0,0,16,redis-cart,-,,1,1,1,0,6.3,0.0
12,normal,400,0,0,16,shippingservice,-,,4,4,4,0,6.3,0.0
12,normal,400,0,0,32,adservice,-,,4,4,4,0,6.3,0.0
12,normal,400,0,0,32,cartservice,-,,4,4,4,0,6.3,0.0
12,normal,400,0,0,32,checkoutservice,-,,4,4,4,0,6.3,0.0
12,normal,400,0,0,32,currencyservice,-,,4,4,4,0,6.3,0.0
12,normal,400,0,0,32,emailservice,-,,4,4,4,0,6.3,0.0
12,normal,400,0,0,32,frontend,-,,4,4,4,0,6.3,0.0
12,normal,400,0,0,32,paymentservice,-,,4,4,4,0,6.3,0.0
12,normal,400,0,0,32,productcatalogservice,-,,4,4,4,0,6.3,0.0
12,normal,400,0,0,32,recommendationservice,-,,4,4,3,0,6.3,0.0
12,normal,400,0,0,32,redis-cart,-,,1,1,1,0,6.3,0.0
12,normal,400,0,0,32,shippingservice,-,,4,4,4,0,6.3,0.0
12,normal,400,0,0,47,adservice,-,,4,4,4,0,6.3,0.0
12,normal,400,0,0,47,cartservice,-,,4,4,4,0,6.3,0.0
12,normal,400,0,0,47,checkoutservice,-,,4,4,4,0,6.3,0.0
12,normal,400,0,0,47,currencyservice,-,,4,4,4,0,6.3,0.0
12,normal,400,0,0,47,emailservice,-,,4,4,4,0,6.3,0.0
12,normal,400,0,0,47,frontend,-,,4,4,4,0,6.3,0.0
12,normal,400,0,0,47,paymentservice,-,,4,4,4,0,6.3,0.0
12,normal,400,0,0,47,productcatalogservice,-,,4,4,4,0,6.3,0.0
12,normal,400,0,0,47,recommendationservice,-,,4,4,2,0,6.3,0.0
12,normal,400,0,0,47,redis-cart,-,,1,1,1,0,6.3,0.0
12,normal,400,0,0,47,shippingservice,-,,4,4,4,0,6.3,0.0
12,normal,400,0,0,62,adservice,-,,4,4,4,0,6.3,0.0
12,normal,400,0,0,62,cartservice,-,,4,4,4,0,6.3,0.0
12,normal,400,0,0,62,checkoutservice,-,,4,4,4,0,6.3,0.0
12,normal,400,0,0,62,currencyservice,-,,4,4,4,0,6.3,0.0
12,normal,400,0,0,62,emailservice,-,,4,4,4,0,6.3,0.0
12,normal,400,0,0,62,frontend,-,,4,4,4,0,6.3,0.0
12,normal,400,0,0,62,paymentservice,-,,4,4,4,0,6.3,0.0
12,normal,400,0,0,62,productcatalogservice,-,,4,4,4,0,6.3,0.0
12,normal,400,0,0,62,recommendationservice,-,,4,4,2,0,6.3,0.0
12,normal,400,0,0,62,redis-cart,-,,1,1,1,0,6.3,0.0
12,normal,400,0,0,62,shippingservice,-,,4,4,4,0,6.3,0.0
12,normal,400,0,0,78,adservice,-,,4,4,4,0,6.3,0.0
12,normal,400,0,0,78,cartservice,-,,4,4,4,0,6.3,0.0
12,normal,400,0,0,78,checkoutservice,-,,4,4,4,0,6.3,0.0
12,normal,400,0,0,78,currencyservice,-,,4,4,4,0,6.3,0.0
12,normal,400,0,0,78,emailservice,-,,4,4,4,0,6.3,0.0
12,normal,400,0,0,78,frontend,-,,4,4,4,0,6.3,0.0
12,normal,400,0,0,78,paymentservice,-,,4,4,4,0,6.3,0.0
12,normal,400,0,0,78,productcatalogservice,-,,4,4,4,0,6.3,0.0
12,normal,400,0,0,78,recommendationservice,-,,4,4,2,0,6.3,0.0
12,normal,400,0,0,78,redis-cart,-,,1,1,1,0,6.3,0.0
12,normal,400,0,0,78,shippingservice,-,,4,4,4,0,6.3,0.0
12,normal,400,0,0,93,adservice,-,,4,4,4,0,6.3,0.0
12,normal,400,0,0,93,cartservice,-,,4,4,4,0,6.3,0.0
12,normal,400,0,0,93,checkoutservice,-,,4,4,4,0,6.3,0.0
12,normal,400,0,0,93,currencyservice,-,,4,4,4,0,6.3,0.0
12,normal,400,0,0,93,emailservice,-,,4,4,4,0,6.3,0.0
12,normal,400,0,0,93,frontend,-,,4,4,4,0,6.3,0.0
12,normal,400,0,0,93,paymentservice,-,,4,4,4,0,6.3,0.0
12,normal,400,0,0,93,productcatalogservice,-,,4,4,4,0,6.3,0.0
12,normal,400,0,0,93,recommendationservice,-,,4,4,2,0,6.3,0.0
12,normal,400,0,0,93,redis-cart,-,,1,1,1,0,6.3,0.0
12,normal,400,0,0,93,shippingservice,-,,4,4,4,0,6.3,0.0
12,normal,400,0,0,109,adservice,-,,4,4,4,0,6.3,0.0
12,normal,400,0,0,109,cartservice,-,,4,4,4,0,6.3,0.0
12,normal,400,0,0,109,checkoutservice,-,,4,4,4,0,6.3,0.0
12,normal,400,0,0,109,currencyservice,-,,4,4,4,0,6.3,0.0
12,normal,400,0,0,109,emailservice,-,,4,4,4,0,6.3,0.0
12,normal,400,0,0,109,frontend,-,,4,4,4,0,6.3,0.0
12,normal,400,0,0,109,paymentservice,-,,4,4,4,0,6.3,0.0
12,normal,400,0,0,109,productcatalogservice,-,,4,4,4,0,6.3,0.0
12,normal,400,0,0,109,recommendationservice,-,,4,4,2,0,6.3,0.0
12,normal,400,0,0,109,redis-cart,-,,1,1,1,0,6.3,0.0
12,normal,400,0,0,109,shippingservice,-,,4,4,4,0,6.3,0.0
12,normal,400,0,0,124,adservice,-,,4,4,4,0,6.3,0.0
12,normal,400,0,0,124,cartservice,-,,4,4,4,0,6.3,0.0
12,normal,400,0,0,124,checkoutservice,-,,4,4,4,0,6.3,0.0
12,normal,400,0,0,124,currencyservice,-,,4,4,4,0,6.3,0.0
12,normal,400,0,0,124,emailservice,-,,4,4,4,0,6.3,0.0
12,normal,400,0,0,124,frontend,-,,4,4,4,0,6.3,0.0
12,normal,400,0,0,124,paymentservice,-,,4,4,4,0,6.3,0.0
12,normal,400,0,0,124,productcatalogservice,-,,4,4,4,0,6.3,0.0
12,normal,400,0,0,124,recommendationservice,-,,4,4,2,0,6.3,0.0
12,normal,400,0,0,124,redis-cart,-,,1,1,1,0,6.3,0.0
12,normal,400,0,0,124,shippingservice,-,,4,4,4,0,6.3,0.0
12,normal,400,0,0,140,adservice,-,,4,4,4,0,6.3,0.0
12,normal,400,0,0,140,cartservice,-,,4,4,4,0,6.3,0.0
12,normal,400,0,0,140,checkoutservice,-,,4,4,4,0,6.3,0.0
12,normal,400,0,0,140,currencyservice,-,,4,4,4,0,6.3,0.0
12,normal,400,0,0,140,emailservice,-,,4,4,4,0,6.3,0.0
12,normal,400,0,0,140,frontend,-,,4,4,4,0,6.3,0.0
12,normal,400,0,0,140,paymentservice,-,,4,4,4,0,6.3,0.0
12,normal,400,0,0,140,productcatalogservice,-,,4,4,4,0,6.3,0.0
12,normal,400,0,0,140,recommendationservice,-,,4,4,2,0,6.3,0.0
12,normal,400,0,0,140,redis-cart,-,,1,1,1,0,6.3,0.0
12,normal,400,0,0,140,shippingservice,-,,4,4,4,0,6.3,0.0
12,normal,400,0,0,155,adservice,-,,4,4,4,0,6.3,0.0
12,normal,400,0,0,155,cartservice,-,,4,4,4,0,6.3,0.0
12,normal,400,0,0,155,checkoutservice,-,,4,4,4,0,6.3,0.0
12,normal,400,0,0,155,currencyservice,-,,4,4,4,0,6.3,0.0
12,normal,400,0,0,155,emailservice,-,,4,4,4,0,6.3,0.0
12,normal,400,0,0,155,frontend,-,,4,4,4,0,6.3,0.0
12,normal,400,0,0,155,paymentservice,-,,4,4,4,0,6.3,0.0
12,normal,400,0,0,155,productcatalogservice,-,,4,4,4,0,6.3,0.0
12,normal,400,0,0,155,recommendationservice,-,,4,4,2,0,6.3,0.0
12,normal,400,0,0,155,redis-cart,-,,1,1,1,0,6.3,0.0
12,normal,400,0,0,155,shippingservice,-,,4,4,4,0,6.3,0.0
12,normal,400,0,0,171,adservice,-,,4,4,4,0,6.3,0.0
12,normal,400,0,0,171,cartservice,-,,4,4,4,0,6.3,0.0
12,normal,400,0,0,171,checkoutservice,-,,4,4,4,0,6.3,0.0
12,normal,400,0,0,171,currencyservice,-,,4,4,4,0,6.3,0.0
12,normal,400,0,0,171,emailservice,-,,4,4,4,0,6.3,0.0
12,normal,400,0,0,171,frontend,-,,4,4,4,0,6.3,0.0
12,normal,400,0,0,171,paymentservice,-,,4,4,4,0,6.3,0.0
12,normal,400,0,0,171,productcatalogservice,-,,4,4,4,0,6.3,0.0
12,normal,400,0,0,171,recommendationservice,-,,4,4,2,0,6.3,0.0
12,normal,400,0,0,171,redis-cart,-,,1,1,1,0,6.3,0.0
12,normal,400,0,0,171,shippingservice,-,,4,4,4,0,6.3,0.0
12,normal,400,0,0,186,adservice,-,,4,4,4,0,6.3,0.0
12,normal,400,0,0,186,cartservice,-,,4,4,4,0,6.3,0.0
12,normal,400,0,0,186,checkoutservice,-,,4,4,4,0,6.3,0.0
12,normal,400,0,0,186,currencyservice,-,,4,4,4,0,6.3,0.0
12,normal,400,0,0,186,emailservice,-,,4,4,4,0,6.3,0.0
12,normal,400,0,0,186,frontend,-,,4,4,4,0,6.3,0.0
12,normal,400,0,0,186,paymentservice,-,,4,4,4,0,6.3,0.0
12,normal,400,0,0,186,productcatalogservice,-,,4,4,4,0,6.3,0.0
12,normal,400,0,0,186,recommendationservice,-,,4,4,2,0,6.3,0.0
12,normal,400,0,0,186,redis-cart,-,,1,1,1,0,6.3,0.0
12,normal,400,0,0,186,shippingservice,-,,4,4,4,0,6.3,0.0
12,normal,400,0,0,201,adservice,-,,4,4,4,0,6.3,0.0
12,normal,400,0,0,201,cartservice,-,,4,4,4,0,6.3,0.0
12,normal,400,0,0,201,checkoutservice,-,,4,4,4,0,6.3,0.0
12,normal,400,0,0,201,currencyservice,-,,4,4,4,0,6.3,0.0
12,normal,400,0,0,201,emailservice,-,,4,4,4,0,6.3,0.0
12,normal,400,0,0,201,frontend,-,,4,4,4,0,6.3,0.0
12,normal,400,0,0,201,paymentservice,-,,4,4,4,0,6.3,0.0
12,normal,400,0,0,201,productcatalogservice,-,,4,4,4,0,6.3,0.0
12,normal,400,0,0,201,recommendationservice,-,,4,4,3,0,6.3,0.0
12,normal,400,0,0,201,redis-cart,-,,1,1,1,0,6.3,0.0
12,normal,400,0,0,201,shippingservice,-,,4,4,4,0,6.3,0.0
12,frontrecocatalog,350,0,0,0,adservice,-,,4,4,4,0,6.3,0.0
12,frontrecocatalog,350,0,0,0,cartservice,-,,4,4,4,0,6.3,0.0
12,frontrecocatalog,350,0,0,0,checkoutservice,-,,4,4,4,0,6.3,0.0
12,frontrecocatalog,350,0,0,0,currencyservice,-,,4,4,4,0,6.3,0.0
12,frontrecocatalog,350,0,0,0,emailservice,-,,4,4,4,0,6.3,0.0
12,frontrecocatalog,350,0,0,0,frontend,-,,4,4,4,0,6.3,0.0
12,frontrecocatalog,350,0,0,0,paymentservice,-,,4,4,4,0,6.3,0.0
12,frontrecocatalog,350,0,0,0,redis-cart,-,,1,1,1,0,6.3,0.0
12,frontrecocatalog,350,0,0,0,shippingservice,-,,4,4,4,0,6.3,0.0
12,frontrecocatalog,350,0,0,16,adservice,-,,4,4,4,0,6.3,0.0
12,frontrecocatalog,350,0,0,16,cartservice,-,,4,4,4,0,6.3,0.0
12,frontrecocatalog,350,0,0,16,checkoutservice,-,,4,4,4,0,6.3,0.0
12,frontrecocatalog,350,0,0,16,currencyservice,-,,4,4,4,0,6.3,0.0
12,frontrecocatalog,350,0,0,16,emailservice,-,,4,4,4,0,6.3,0.0
12,frontrecocatalog,350,0,0,16,frontend,-,,4,4,4,0,6.3,0.0
12,frontrecocatalog,350,0,0,16,paymentservice,-,,4,4,4,0,6.3,0.0
12,frontrecocatalog,350,0,0,16,redis-cart,-,,1,1,1,0,6.3,0.0
12,frontrecocatalog,350,0,0,16,shippingservice,-,,4,4,4,0,6.3,0.0
12,frontrecocatalog,350,0,0,31,adservice,-,,4,4,4,0,6.3,0.0
12,frontrecocatalog,350,0,0,31,cartservice,-,,4,4,4,0,6.3,0.0
12,frontrecocatalog,350,0,0,31,checkoutservice,-,,4,4,4,0,6.3,0.0
12,frontrecocatalog,350,0,0,31,currencyservice,-,,4,4,4,0,6.3,0.0
12,frontrecocatalog,350,0,0,31,emailservice,-,,4,4,3,0,6.3,0.0
12,frontrecocatalog,350,0,0,31,frontend,-,,4,4,4,0,6.3,0.0
12,frontrecocatalog,350,0,0,31,paymentservice,-,,4,4,4,0,6.3,0.0
12,frontrecocatalog,350,0,0,31,redis-cart,-,,1,1,1,0,6.3,0.0
12,frontrecocatalog,350,0,0,31,shippingservice,-,,4,4,4,0,6.3,0.0
12,frontrecocatalog,350,0,0,47,adservice,-,,4,4,4,0,6.3,0.0
12,frontrecocatalog,350,0,0,47,cartservice,-,,4,4,4,0,6.3,0.0
12,frontrecocatalog,350,0,0,47,checkoutservice,-,,4,4,4,0,6.3,0.0
12,frontrecocatalog,350,0,0,47,currencyservice,-,,4,4,4,0,6.3,0.0
12,frontrecocatalog,350,0,0,47,emailservice,-,,4,4,3,0,6.3,0.0
12,frontrecocatalog,350,0,0,47,frontend,-,,4,4,4,0,6.3,0.0
12,frontrecocatalog,350,0,0,47,paymentservice,-,,4,4,4,0,6.3,0.0
12,frontrecocatalog,350,0,0,47,redis-cart,-,,1,1,1,0,6.3,0.0
12,frontrecocatalog,350,0,0,47,shippingservice,-,,4,4,4,0,6.3,0.0
12,frontrecocatalog,350,0,0,62,adservice,-,,4,4,4,0,6.3,0.0
12,frontrecocatalog,350,0,0,62,cartservice,-,,4,4,4,0,6.3,0.0
12,frontrecocatalog,350,0,0,62,checkoutservice,-,,4,4,4,0,6.3,0.0
12,frontrecocatalog,350,0,0,62,currencyservice,-,,4,4,4,0,6.3,0.0
12,frontrecocatalog,350,0,0,62,emailservice,-,,4,4,3,0,6.3,0.0
12,frontrecocatalog,350,0,0,62,frontend,-,,4,4,4,0,6.3,0.0
12,frontrecocatalog,350,0,0,62,paymentservice,-,,4,4,4,0,6.3,0.0
12,frontrecocatalog,350,0,0,62,redis-cart,-,,1,1,1,0,6.3,0.0
12,frontrecocatalog,350,0,0,62,shippingservice,-,,4,4,4,0,6.3,0.0
12,frontrecocatalog,350,0,0,77,adservice,-,,4,4,4,0,6.3,0.0
12,frontrecocatalog,350,0,0,77,cartservice,-,,4,4,4,0,6.3,0.0
12,frontrecocatalog,350,0,0,77,checkoutservice,-,,4,4,4,0,6.3,0.0
12,frontrecocatalog,350,0,0,77,currencyservice,-,,4,4,4,0,6.3,0.0
12,frontrecocatalog,350,0,0,77,emailservice,-,,4,4,3,0,6.3,0.0
12,frontrecocatalog,350,0,0,77,frontend,-,,4,4,4,0,6.3,0.0
12,frontrecocatalog,350,0,0,77,paymentservice,-,,4,4,4,0,6.3,0.0
12,frontrecocatalog,350,0,0,77,redis-cart,-,,1,1,1,0,6.3,0.0
12,frontrecocatalog,350,0,0,77,shippingservice,-,,4,4,4,0,6.3,0.0
12,frontrecocatalog,350,0,0,93,adservice,-,,4,4,4,0,6.3,0.0
12,frontrecocatalog,350,0,0,93,cartservice,-,,4,4,4,0,6.3,0.0
12,frontrecocatalog,350,0,0,93,checkoutservice,-,,4,4,4,0,6.3,0.0
12,frontrecocatalog,350,0,0,93,currencyservice,-,,4,4,4,0,6.3,0.0
12,frontrecocatalog,350,0,0,93,emailservice,-,,4,4,4,0,6.3,0.0
12,frontrecocatalog,350,0,0,93,frontend,-,,4,4,4,0,6.3,0.0
12,frontrecocatalog,350,0,0,93,paymentservice,-,,4,4,4,0,6.3,0.0
12,frontrecocatalog,350,0,0,93,redis-cart,-,,1,1,1,0,6.3,0.0
12,frontrecocatalog,350,0,0,93,shippingservice,-,,4,4,4,0,6.3,0.0
12,frontrecocatalog,350,0,0,108,adservice,-,,4,4,4,0,6.3,0.0
12,frontrecocatalog,350,0,0,108,cartservice,-,,4,4,4,0,6.3,0.0
12,frontrecocatalog,350,0,0,108,checkoutservice,-,,4,4,4,0,6.3,0.0
12,frontrecocatalog,350,0,0,108,currencyservice,-,,4,4,4,0,6.3,0.0
12,frontrecocatalog,350,0,0,108,emailservice,-,,4,4,4,0,6.3,0.0
12,frontrecocatalog,350,0,0,108,frontend,-,,4,4,4,0,6.3,0.0
12,frontrecocatalog,350,0,0,108,paymentservice,-,,4,4,4,0,6.3,0.0
12,frontrecocatalog,350,0,0,108,redis-cart,-,,1,1,1,0,6.3,0.0
12,frontrecocatalog,350,0,0,108,shippingservice,-,,4,4,4,0,6.3,0.0
12,frontrecocatalog,350,0,0,123,adservice,-,,4,4,4,0,6.3,0.0
12,frontrecocatalog,350,0,0,123,cartservice,-,,4,4,4,0,6.3,0.0
12,frontrecocatalog,350,0,0,123,checkoutservice,-,,4,4,4,0,6.3,0.0
12,frontrecocatalog,350,0,0,123,currencyservice,-,,4,4,4,0,6.3,0.0
12,frontrecocatalog,350,0,0,123,emailservice,-,,4,4,4,0,6.3,0.0
12,frontrecocatalog,350,0,0,123,frontend,-,,4,4,4,0,6.3,0.0
12,frontrecocatalog,350,0,0,123,paymentservice,-,,4,4,4,0,6.3,0.0
12,frontrecocatalog,350,0,0,123,redis-cart,-,,1,1,1,0,6.3,0.0
12,frontrecocatalog,350,0,0,123,shippingservice,-,,4,4,4,0,6.3,0.0
12,frontrecocatalog,350,0,0,139,adservice,-,,4,4,4,0,6.3,0.0
12,frontrecocatalog,350,0,0,139,cartservice,-,,4,4,4,0,6.3,0.0
12,frontrecocatalog,350,0,0,139,checkoutservice,-,,4,4,4,0,6.3,0.0
12,frontrecocatalog,350,0,0,139,currencyservice,-,,4,4,4,0,6.3,0.0
12,frontrecocatalog,350,0,0,139,emailservice,-,,4,4,4,0,6.3,0.0
12,frontrecocatalog,350,0,0,139,frontend,-,,4,4,4,0,6.3,0.0
12,frontrecocatalog,350,0,0,139,paymentservice,-,,4,4,4,0,6.3,0.0
12,frontrecocatalog,350,0,0,139,redis-cart,-,,1,1,1,0,6.3,0.0
12,frontrecocatalog,350,0,0,139,shippingservice,-,,4,4,4,0,6.3,0.0
12,frontrecocatalog,350,0,0,154,adservice,-,,4,4,4,0,6.3,0.0
12,frontrecocatalog,350,0,0,154,cartservice,-,,4,4,4,0,6.3,0.0
12,frontrecocatalog,350,0,0,154,checkoutservice,-,,4,4,4,0,6.3,0.0
12,frontrecocatalog,350,0,0,154,currencyservice,-,,4,4,4,0,6.3,0.0
12,frontrecocatalog,350,0,0,154,emailservice,-,,4,4,4,0,6.3,0.0
12,frontrecocatalog,350,0,0,154,frontend,-,,4,4,4,0,6.3,0.0
12,frontrecocatalog,350,0,0,154,paymentservice,-,,4,4,4,0,6.3,0.0
12,frontrecocatalog,350,0,0,154,redis-cart,-,,1,1,1,0,6.3,0.0
12,frontrecocatalog,350,0,0,154,shippingservice,-,,4,4,4,0,6.3,0.0
12,frontrecocatalog,350,0,0,170,adservice,-,,4,4,4,0,6.3,0.0
12,frontrecocatalog,350,0,0,170,cartservice,-,,4,4,4,0,6.3,0.0
12,frontrecocatalog,350,0,0,170,checkoutservice,-,,4,4,4,0,6.3,0.0
12,frontrecocatalog,350,0,0,170,currencyservice,-,,4,4,4,0,6.3,0.0
12,frontrecocatalog,350,0,0,170,emailservice,-,,4,4,4,0,6.3,0.0
12,frontrecocatalog,350,0,0,170,frontend,-,,4,4,4,0,6.3,0.0
12,frontrecocatalog,350,0,0,170,paymentservice,-,,4,4,4,0,6.3,0.0
12,frontrecocatalog,350,0,0,170,redis-cart,-,,1,1,1,0,6.3,0.0
12,frontrecocatalog,350,0,0,170,shippingservice,-,,4,4,4,0,6.3,0.0
12,frontrecocatalog,350,0,0,185,adservice,-,,4,4,4,0,6.3,0.0
12,frontrecocatalog,350,0,0,185,cartservice,-,,4,4,4,0,6.3,0.0
12,frontrecocatalog,350,0,0,185,checkoutservice,-,,4,4,4,0,6.3,0.0
12,frontrecocatalog,350,0,0,185,currencyservice,-,,4,4,4,0,6.3,0.0
12,frontrecocatalog,350,0,0,185,emailservice,-,,4,4,4,0,6.3,0.0
12,frontrecocatalog,350,0,0,185,frontend,-,,4,4,4,0,6.3,0.0
12,frontrecocatalog,350,0,0,185,paymentservice,-,,4,4,4,0,6.3,0.0
12,frontrecocatalog,350,0,0,185,redis-cart,-,,1,1,1,0,6.3,0.0
12,frontrecocatalog,350,0,0,185,shippingservice,-,,4,4,4,0,6.3,0.0
12,frontrecocatalog,350,0,0,200,adservice,-,,4,4,4,0,6.3,0.0
12,frontrecocatalog,350,0,0,200,cartservice,-,,4,4,4,0,6.3,0.0
12,frontrecocatalog,350,0,0,200,checkoutservice,-,,4,4,4,0,6.3,0.0
12,frontrecocatalog,350,0,0,200,currencyservice,-,,4,4,4,0,6.3,0.0
12,frontrecocatalog,350,0,0,200,emailservice,-,,4,4,4,0,6.3,0.0
12,frontrecocatalog,350,0,0,200,frontend,-,,4,4,4,0,6.3,0.0
12,frontrecocatalog,350,0,0,200,paymentservice,-,,4,4,4,0,6.3,0.0
12,frontrecocatalog,350,0,0,200,redis-cart,-,,1,1,1,0,6.3,0.0
12,frontrecocatalog,350,0,0,200,shippingservice,-,,4,4,4,0,6.3,0.0
12,frontrecocatalog,400,0,0,0,adservice,-,,4,4,4,0,6.3,0.0
12,frontrecocatalog,400,0,0,0,cartservice,-,,4,4,4,0,6.3,0.0
12,frontrecocatalog,400,0,0,0,checkoutservice,-,,4,4,4,0,6.3,0.0
12,frontrecocatalog,400,0,0,0,currencyservice,-,,4,4,4,0,6.3,0.0
12,frontrecocatalog,400,0,0,0,emailservice,-,,4,4,4,0,6.3,0.0
12,frontrecocatalog,400,0,0,0,frontend,-,,4,4,4,0,6.3,0.0
12,frontrecocatalog,400,0,0,0,paymentservice,-,,4,4,4,0,6.3,0.0
12,frontrecocatalog,400,0,0,0,redis-cart,-,,1,1,1,0,6.3,0.0
12,frontrecocatalog,400,0,0,0,shippingservice,-,,4,4,4,0,6.3,0.0
12,frontrecocatalog,400,0,0,16,adservice,-,,4,4,4,0,6.3,0.0
12,frontrecocatalog,400,0,0,16,cartservice,-,,4,4,4,0,6.3,0.0
12,frontrecocatalog,400,0,0,16,checkoutservice,-,,4,4,4,0,6.3,0.0
12,frontrecocatalog,400,0,0,16,currencyservice,-,,4,4,4,0,6.3,0.0
12,frontrecocatalog,400,0,0,16,emailservice,-,,4,4,4,0,6.3,0.0
12,frontrecocatalog,400,0,0,16,frontend,-,,4,4,4,0,6.3,0.0
12,frontrecocatalog,400,0,0,16,paymentservice,-,,4,4,4,0,6.3,0.0
12,frontrecocatalog,400,0,0,16,redis-cart,-,,1,1,1,0,6.3,0.0
12,frontrecocatalog,400,0,0,16,shippingservice,-,,4,4,4,0,6.3,0.0
12,frontrecocatalog,400,0,0,31,adservice,-,,4,4,4,0,6.3,0.0
12,frontrecocatalog,400,0,0,31,cartservice,-,,4,4,4,0,6.3,0.0
12,frontrecocatalog,400,0,0,31,checkoutservice,-,,4,4,4,0,6.3,0.0
12,frontrecocatalog,400,0,0,31,currencyservice,-,,4,4,4,0,6.3,0.0
12,frontrecocatalog,400,0,0,31,emailservice,-,,4,4,4,0,6.3,0.0
12,frontrecocatalog,400,0,0,31,frontend,-,,4,4,4,0,6.3,0.0
12,frontrecocatalog,400,0,0,31,paymentservice,-,,4,4,4,0,6.3,0.0
12,frontrecocatalog,400,0,0,31,redis-cart,-,,1,1,1,0,6.3,0.0
12,frontrecocatalog,400,0,0,31,shippingservice,-,,4,4,4,0,6.3,0.0
12,frontrecocatalog,400,0,0,47,adservice,-,,4,4,4,0,6.3,0.0
12,frontrecocatalog,400,0,0,47,cartservice,-,,4,4,4,0,6.3,0.0
12,frontrecocatalog,400,0,0,47,checkoutservice,-,,4,4,4,0,6.3,0.0
12,frontrecocatalog,400,0,0,47,currencyservice,-,,4,4,4,0,6.3,0.0
12,frontrecocatalog,400,0,0,47,emailservice,-,,4,4,4,0,6.3,0.0
12,frontrecocatalog,400,0,0,47,frontend,-,,4,4,4,0,6.3,0.0
12,frontrecocatalog,400,0,0,47,paymentservice,-,,4,4,4,0,6.3,0.0
12,frontrecocatalog,400,0,0,47,redis-cart,-,,1,1,1,0,6.3,0.0
12,frontrecocatalog,400,0,0,47,shippingservice,-,,4,4,4,0,6.3,0.0
12,frontrecocatalog,400,0,0,62,adservice,-,,4,4,4,0,6.3,0.0
12,frontrecocatalog,400,0,0,62,cartservice,-,,4,4,4,0,6.3,0.0
12,frontrecocatalog,400,0,0,62,checkoutservice,-,,4,4,4,0,6.3,0.0
12,frontrecocatalog,400,0,0,62,currencyservice,-,,4,4,4,0,6.3,0.0
12,frontrecocatalog,400,0,0,62,emailservice,-,,4,4,4,0,6.3,0.0
12,frontrecocatalog,400,0,0,62,frontend,-,,4,4,4,0,6.3,0.0
12,frontrecocatalog,400,0,0,62,paymentservice,-,,4,4,4,0,6.3,0.0
12,frontrecocatalog,400,0,0,62,redis-cart,-,,1,1,1,0,6.3,0.0
12,frontrecocatalog,400,0,0,62,shippingservice,-,,4,4,4,0,6.3,0.0
12,frontrecocatalog,400,0,0,78,adservice,-,,4,4,4,0,6.3,0.0
12,frontrecocatalog,400,0,0,78,cartservice,-,,4,4,4,0,6.3,0.0
12,frontrecocatalog,400,0,0,78,checkoutservice,-,,4,4,4,0,6.3,0.0
12,frontrecocatalog,400,0,0,78,currencyservice,-,,4,4,4,0,6.3,0.0
12,frontrecocatalog,400,0,0,78,emailservice,-,,4,4,4,0,6.3,0.0
12,frontrecocatalog,400,0,0,78,frontend,-,,4,4,4,0,6.3,0.0
12,frontrecocatalog,400,0,0,78,paymentservice,-,,4,4,4,0,6.3,0.0
12,frontrecocatalog,400,0,0,78,redis-cart,-,,1,1,1,0,6.3,0.0
12,frontrecocatalog,400,0,0,78,shippingservice,-,,4,4,4,0,6.3,0.0
12,frontrecocatalog,400,0,0,93,adservice,-,,4,4,4,0,6.3,0.0
12,frontrecocatalog,400,0,0,93,cartservice,-,,4,4,4,0,6.3,0.0
12,frontrecocatalog,400,0,0,93,checkoutservice,-,,4,4,4,0,6.3,0.0
12,frontrecocatalog,400,0,0,93,currencyservice,-,,4,4,4,0,6.3,0.0
12,frontrecocatalog,400,0,0,93,emailservice,-,,4,4,4,0,6.3,0.0
12,frontrecocatalog,400,0,0,93,frontend,-,,4,4,4,0,6.3,0.0
12,frontrecocatalog,400,0,0,93,paymentservice,-,,4,4,4,0,6.3,0.0
12,frontrecocatalog,400,0,0,93,redis-cart,-,,1,1,1,0,6.3,0.0
12,frontrecocatalog,400,0,0,93,shippingservice,-,,4,4,4,0,6.3,0.0
12,frontrecocatalog,400,0,0,109,adservice,-,,4,4,4,0,6.3,0.0
12,frontrecocatalog,400,0,0,109,cartservice,-,,4,4,4,0,6.3,0.0
12,frontrecocatalog,400,0,0,109,checkoutservice,-,,4,4,4,0,6.3,0.0
12,frontrecocatalog,400,0,0,109,currencyservice,-,,4,4,4,0,6.3,0.0
12,frontrecocatalog,400,0,0,109,emailservice,-,,4,4,4,0,6.3,0.0
12,frontrecocatalog,400,0,0,109,frontend,-,,4,4,4,0,6.3,0.0
12,frontrecocatalog,400,0,0,109,paymentservice,-,,4,4,4,0,6.3,0.0
12,frontrecocatalog,400,0,0,109,redis-cart,-,,1,1,1,0,6.3,0.0
12,frontrecocatalog,400,0,0,109,shippingservice,-,,4,4,4,0,6.3,0.0
12,frontrecocatalog,400,0,0,124,adservice,-,,4,4,4,0,6.3,0.0
12,frontrecocatalog,400,0,0,124,cartservice,-,,4,4,4,0,6.3,0.0
12,frontrecocatalog,400,0,0,124,checkoutservice,-,,4,4,4,0,6.3,0.0
12,frontrecocatalog,400,0,0,124,currencyservice,-,,4,4,4,0,6.3,0.0
12,frontrecocatalog,400,0,0,124,emailservice,-,,4,4,4,0,6.3,0.0
12,frontrecocatalog,400,0,0,124,frontend,-,,4,4,4,0,6.3,0.0
12,frontrecocatalog,400,0,0,124,paymentservice,-,,4,4,4,0,6.3,0.0
12,frontrecocatalog,400,0,0,124,redis-cart,-,,1,1,1,0,6.3,0.0
12,frontrecocatalog,400,0,0,124,shippingservice,-,,4,4,4,0,6.3,0.0
12,frontrecocatalog,400,0,0,140,adservice,-,,4,4,4,0,6.3,0.0
12,frontrecocatalog,400,0,0,140,cartservice,-,,4,4,4,0,6.3,0.0
12,frontrecocatalog,400,0,0,140,checkoutservice,-,,4,4,4,0,6.3,0.0
12,frontrecocatalog,400,0,0,140,currencyservice,-,,4,4,4,0,6.3,0.0
12,frontrecocatalog,400,0,0,140,emailservice,-,,4,4,4,0,6.3,0.0
12,frontrecocatalog,400,0,0,140,frontend,-,,4,4,4,0,6.3,0.0
12,frontrecocatalog,400,0,0,140,paymentservice,-,,4,4,4,0,6.3,0.0
12,frontrecocatalog,400,0,0,140,redis-cart,-,,1,1,1,0,6.3,0.0
12,frontrecocatalog,400,0,0,140,shippingservice,-,,4,4,4,0,6.3,0.0
12,frontrecocatalog,400,0,0,155,adservice,-,,4,4,4,0,6.3,0.0
12,frontrecocatalog,400,0,0,155,cartservice,-,,4,4,4,0,6.3,0.0
12,frontrecocatalog,400,0,0,155,checkoutservice,-,,4,4,4,0,6.3,0.0
12,frontrecocatalog,400,0,0,155,currencyservice,-,,4,4,4,0,6.3,0.0
12,frontrecocatalog,400,0,0,155,emailservice,-,,4,4,4,0,6.3,0.0
12,frontrecocatalog,400,0,0,155,frontend,-,,4,4,4,0,6.3,0.0
12,frontrecocatalog,400,0,0,155,paymentservice,-,,4,4,4,0,6.3,0.0
12,frontrecocatalog,400,0,0,155,redis-cart,-,,1,1,1,0,6.3,0.0
12,frontrecocatalog,400,0,0,155,shippingservice,-,,4,4,4,0,6.3,0.0
12,frontrecocatalog,400,0,0,171,adservice,-,,4,4,4,0,6.3,0.0
12,frontrecocatalog,400,0,0,171,cartservice,-,,4,4,4,0,6.3,0.0
12,frontrecocatalog,400,0,0,171,checkoutservice,-,,4,4,4,0,6.3,0.0
12,frontrecocatalog,400,0,0,171,currencyservice,-,,4,4,4,0,6.3,0.0
12,frontrecocatalog,400,0,0,171,emailservice,-,,4,4,4,0,6.3,0.0
12,frontrecocatalog,400,0,0,171,frontend,-,,4,4,4,0,6.3,0.0
12,frontrecocatalog,400,0,0,171,paymentservice,-,,4,4,4,0,6.3,0.0
12,frontrecocatalog,400,0,0,171,redis-cart,-,,1,1,1,0,6.3,0.0
12,frontrecocatalog,400,0,0,171,shippingservice,-,,4,4,4,0,6.3,0.0
12,frontrecocatalog,400,0,0,186,adservice,-,,4,4,4,0,6.3,0.0
12,frontrecocatalog,400,0,0,186,cartservice,-,,4,4,4,0,6.3,0.0
12,frontrecocatalog,400,0,0,186,checkoutservice,-,,4,4,4,0,6.3,0.0
12,frontrecocatalog,400,0,0,186,currencyservice,-,,4,4,4,0,6.3,0.0
12,frontrecocatalog,400,0,0,186,emailservice,-,,4,4,4,0,6.3,0.0
12,frontrecocatalog,400,0,0,186,frontend,-,,4,4,4,0,6.3,0.0
12,frontrecocatalog,400,0,0,186,paymentservice,-,,4,4,4,0,6.3,0.0
12,frontrecocatalog,400,0,0,186,redis-cart,-,,1,1,1,0,6.3,0.0
12,frontrecocatalog,400,0,0,186,shippingservice,-,,4,4,4,0,6.3,0.0
12,frontrecocatalog,400,0,0,202,adservice,-,,4,4,4,0,6.3,0.0
12,frontrecocatalog,400,0,0,202,cartservice,-,,4,4,4,0,6.3,0.0
12,frontrecocatalog,400,0,0,202,checkoutservice,-,,4,4,4,0,6.3,0.0
12,frontrecocatalog,400,0,0,202,currencyservice,-,,4,4,4,0,6.3,0.0
12,frontrecocatalog,400,0,0,202,emailservice,-,,4,4,4,0,6.3,0.0
12,frontrecocatalog,400,0,0,202,frontend,-,,4,4,4,0,6.3,0.0
12,frontrecocatalog,400,0,0,202,paymentservice,-,,4,4,4,0,6.3,0.0
12,frontrecocatalog,400,0,0,202,redis-cart,-,,1,1,1,0,6.3,0.0
12,frontrecocatalog,400,0,0,202,shippingservice,-,,4,4,4,0,6.3,0.0
12,mega,350,0,0,0,megapod,-,,4,4,4,0,12.28,0.0
12,mega,350,0,0,0,redis-cart,-,,1,1,1,0,12.28,0.0
12,mega,350,0,0,16,megapod,-,,4,4,4,0,6.3,0.0
12,mega,350,0,0,16,redis-cart,-,,1,1,1,0,6.3,0.0
12,mega,350,0,0,31,megapod,-,,4,4,4,0,6.3,0.0
12,mega,350,0,0,31,redis-cart,-,,1,1,1,0,6.3,0.0
12,mega,350,0,0,46,megapod,-,,4,4,4,0,6.3,0.0
12,mega,350,0,0,46,redis-cart,-,,1,1,1,0,6.3,0.0
12,mega,350,0,0,62,megapod,-,,4,4,4,0,6.3,0.0
12,mega,350,0,0,62,redis-cart,-,,1,1,1,0,6.3,0.0
12,mega,350,0,0,77,megapod,-,,4,4,4,0,6.3,0.0
12,mega,350,0,0,77,redis-cart,-,,1,1,1,0,6.3,0.0
12,mega,350,0,0,93,megapod,-,,4,4,4,0,6.3,0.0
12,mega,350,0,0,93,redis-cart,-,,1,1,1,0,6.3,0.0
12,mega,350,0,0,108,megapod,-,,4,4,4,0,6.3,0.0
12,mega,350,0,0,108,redis-cart,-,,1,1,1,0,6.3,0.0
12,mega,350,0,0,123,megapod,-,,4,4,4,0,6.3,0.0
12,mega,350,0,0,123,redis-cart,-,,1,1,1,0,6.3,0.0
12,mega,350,0,0,139,megapod,-,,4,4,4,0,6.3,0.0
12,mega,350,0,0,139,redis-cart,-,,1,1,1,0,6.3,0.0
12,mega,350,0,0,154,megapod,-,,4,4,4,0,6.3,0.0
12,mega,350,0,0,154,redis-cart,-,,1,1,1,0,6.3,0.0
12,mega,350,0,0,170,megapod,-,,4,4,4,0,6.3,0.0
12,mega,350,0,0,170,redis-cart,-,,1,1,1,0,6.3,0.0
12,mega,350,0,0,185,megapod,-,,4,4,4,0,6.3,0.0
12,mega,350,0,0,185,redis-cart,-,,1,1,1,0,6.3,0.0
12,mega,350,0,0,200,megapod,-,,4,4,4,0,6.3,0.0
12,mega,350,0,0,200,redis-cart,-,,1,1,1,0,6.3,0.0
12,mega,400,0,0,0,megapod,-,,4,4,4,0,6.3,0.0
12,mega,400,0,0,0,redis-cart,-,,1,1,1,0,6.3,0.0
12,mega,400,0,0,16,megapod,-,,4,4,4,0,6.3,0.0
12,mega,400,0,0,16,redis-cart,-,,1,1,1,0,6.3,0.0
12,mega,400,0,0,31,megapod,-,,4,4,4,0,6.3,0.0
12,mega,400,0,0,31,redis-cart,-,,1,1,1,0,6.3,0.0
12,mega,400,0,0,46,megapod,-,,4,4,4,0,6.3,0.0
12,mega,400,0,0,46,redis-cart,-,,1,1,1,0,6.3,0.0
12,mega,400,0,0,62,megapod,-,,4,4,4,0,6.3,0.0
12,mega,400,0,0,62,redis-cart,-,,1,1,1,0,6.3,0.0
12,mega,400,0,0,77,megapod,-,,4,4,4,0,6.3,0.0
12,mega,400,0,0,77,redis-cart,-,,1,1,1,0,6.3,0.0
12,mega,400,0,0,93,megapod,-,,4,4,4,0,6.3,0.0
12,mega,400,0,0,93,redis-cart,-,,1,1,1,0,6.3,0.0
12,mega,400,0,0,108,megapod,-,,4,4,4,0,6.3,0.0
12,mega,400,0,0,108,redis-cart,-,,1,1,1,0,6.3,0.0
12,mega,400,0,0,124,megapod,-,,4,4,4,0,6.3,0.0
12,mega,400,0,0,124,redis-cart,-,,1,1,1,0,6.3,0.0
12,mega,400,0,0,139,megapod,-,,4,4,4,0,6.3,0.0
12,mega,400,0,0,139,redis-cart,-,,1,1,1,0,6.3,0.0
12,mega,400,0,0,155,megapod,-,,4,4,4,0,6.3,0.0
12,mega,400,0,0,155,redis-cart,-,,1,1,1,0,6.3,0.0
12,mega,400,0,0,170,megapod,-,,4,4,4,0,6.3,0.0
12,mega,400,0,0,170,redis-cart,-,,1,1,1,0,6.3,0.0
12,mega,400,0,0,186,megapod,-,,4,4,4,0,6.3,0.0
12,mega,400,0,0,186,redis-cart,-,,1,1,1,0,6.3,0.0
12,mega,400,0,0,201,megapod,-,,4,4,4,0,6.3,0.0
12,mega,400,0,0,201,redis-cart,-,,1,1,1,0,6.3,0.0
