cycle,arm,target_rate,t_rel,deploy,container,hpa_util_pct,current_replicas,desired_replicas,ready_replicas,pending_pods
1,frontcatalog,250,0,adservice,server,5,2,2,2,0
1,frontcatalog,250,0,cartservice,server,1,2,2,2,0
1,frontcatalog,250,0,checkoutservice,checkout,0,2,2,2,0
1,frontcatalog,250,0,currencyservice,server,0,2,2,2,0
1,frontcatalog,250,0,emailservice,email,2,2,2,2,0
1,frontcatalog,250,0,frontend,productcatalog,0,2,2,2,0
1,frontcatalog,250,0,frontend,server,0,2,2,2,0
1,frontcatalog,250,0,paymentservice,payment,1,2,2,2,0
1,frontcatalog,250,0,recommendationservice,-,,,0,2,0
1,frontcatalog,250,0,redis-cart,-,,1,1,1,0
1,frontcatalog,250,0,shippingservice,-,,,0,2,0
1,frontcatalog,250,15,adservice,server,5,2,2,2,0
1,frontcatalog,250,15,cartservice,server,3,2,2,2,0
1,frontcatalog,250,15,checkoutservice,checkout,1,2,2,2,0
1,frontcatalog,250,15,currencyservice,server,0,2,2,2,0
1,frontcatalog,250,15,emailservice,email,2,2,2,2,0
1,frontcatalog,250,15,frontend,productcatalog,2,2,2,2,0
1,frontcatalog,250,15,frontend,server,0,2,2,2,0
1,frontcatalog,250,15,paymentservice,payment,1,2,2,2,0
1,frontcatalog,250,15,recommendationservice,server,0,2,2,2,0
1,frontcatalog,250,15,redis-cart,-,,1,1,1,0
1,frontcatalog,250,15,shippingservice,server,0,2,2,2,0
1,frontcatalog,250,31,adservice,server,120,2,2,2,0
1,frontcatalog,250,31,cartservice,server,114,2,2,2,0
1,frontcatalog,250,31,checkoutservice,checkout,42,2,2,2,0
1,frontcatalog,250,31,currencyservice,server,109,2,2,2,0
1,frontcatalog,250,31,emailservice,email,56,2,2,2,0
1,frontcatalog,250,31,frontend,productcatalog,33,2,2,2,0
1,frontcatalog,250,31,frontend,server,56,2,2,2,0
1,frontcatalog,250,31,paymentservice,payment,1,2,2,2,0
1,frontcatalog,250,31,recommendationservice,server,61,2,2,2,0
1,frontcatalog,250,31,redis-cart,-,,1,1,1,0
1,frontcatalog,250,31,shippingservice,server,86,2,2,2,0
1,frontcatalog,250,46,adservice,server,360,2,4,2,0
1,frontcatalog,250,46,cartservice,server,92,2,3,2,0
1,frontcatalog,250,46,checkoutservice,checkout,83,2,2,2,0
1,frontcatalog,250,46,currencyservice,server,98,2,3,2,0
1,frontcatalog,250,46,emailservice,email,82,2,2,2,0
1,frontcatalog,250,46,frontend,productcatalog,79,2,2,2,0
1,frontcatalog,250,46,frontend,server,86,2,2,2,0
1,frontcatalog,250,46,paymentservice,payment,132,2,2,2,0
1,frontcatalog,250,46,recommendationservice,server,93,2,2,2,0
1,frontcatalog,250,46,redis-cart,-,,1,1,1,0
1,frontcatalog,250,46,shippingservice,server,94,2,3,2,1
1,frontcatalog,250,62,adservice,server,183,4,6,2,0
1,frontcatalog,250,62,cartservice,server,113,3,3,2,0
1,frontcatalog,250,62,checkoutservice,checkout,93,2,3,3,0
1,frontcatalog,250,62,currencyservice,server,96,3,3,3,0
1,frontcatalog,250,62,emailservice,email,105,2,3,2,0
1,frontcatalog,250,62,frontend,productcatalog,79,2,3,2,0
1,frontcatalog,250,62,frontend,server,83,2,3,2,0
1,frontcatalog,250,62,paymentservice,payment,112,2,4,2,0
1,frontcatalog,250,62,recommendationservice,server,88,2,3,2,1
1,frontcatalog,250,62,redis-cart,-,,1,1,1,0
1,frontcatalog,250,62,shippingservice,server,93,3,3,3,0
1,frontcatalog,250,77,adservice,server,100,6,6,4,0
1,frontcatalog,250,77,cartservice,server,111,3,3,3,0
1,frontcatalog,250,77,checkoutservice,checkout,98,3,3,3,0
1,frontcatalog,250,77,currencyservice,server,106,3,3,3,0
1,frontcatalog,250,77,emailservice,email,113,3,3,3,0
1,frontcatalog,250,77,frontend,productcatalog,81,3,3,3,0
1,frontcatalog,250,77,frontend,server,91,3,3,3,0
1,frontcatalog,250,77,paymentservice,payment,113,4,4,4,0
1,frontcatalog,250,77,recommendationservice,server,110,3,3,3,0
1,frontcatalog,250,77,redis-cart,-,,1,1,1,0
1,frontcatalog,250,77,shippingservice,server,108,3,3,3,0
1,frontcatalog,250,92,adservice,server,94,6,6,6,0
1,frontcatalog,250,92,cartservice,server,127,3,3,3,0
1,frontcatalog,250,92,checkoutservice,checkout,73,3,3,3,0
1,frontcatalog,250,92,currencyservice,server,77,3,3,3,0
1,frontcatalog,250,92,emailservice,email,128,3,3,3,0
1,frontcatalog,250,92,frontend,productcatalog,86,3,3,3,0
1,frontcatalog,250,92,frontend,server,92,3,3,3,0
1,frontcatalog,250,92,paymentservice,payment,129,4,4,4,0
1,frontcatalog,250,92,recommendationservice,server,69,3,3,3,0
1,frontcatalog,250,92,redis-cart,-,,1,1,1,0
1,frontcatalog,250,92,shippingservice,server,65,3,3,3,0
1,frontcatalog,250,108,adservice,server,88,6,6,6,0
1,frontcatalog,250,108,cartservice,server,83,3,4,3,0
1,frontcatalog,250,108,checkoutservice,checkout,66,3,3,3,0
1,frontcatalog,250,108,currencyservice,server,74,3,3,3,0
1,frontcatalog,250,108,emailservice,email,79,3,4,3,0
1,frontcatalog,250,108,frontend,productcatalog,58,3,3,3,0
1,frontcatalog,250,108,frontend,server,62,3,3,3,0
1,frontcatalog,250,108,paymentservice,payment,79,4,4,4,0
1,frontcatalog,250,108,recommendationservice,server,62,3,3,3,0
1,frontcatalog,250,108,redis-cart,-,,1,1,1,0
1,frontcatalog,250,108,shippingservice,server,63,3,3,3,0
1,frontcatalog,250,123,adservice,server,80,6,6,6,0
1,frontcatalog,250,123,cartservice,server,71,4,4,3,0
1,frontcatalog,250,123,checkoutservice,checkout,65,3,3,3,0
1,frontcatalog,250,123,currencyservice,server,69,3,3,3,0
1,frontcatalog,250,123,emailservice,email,74,4,4,4,0
1,frontcatalog,250,123,frontend,productcatalog,53,3,3,3,0
1,frontcatalog,250,123,frontend,server,60,3,3,3,0
1,frontcatalog,250,123,paymentservice,payment,52,4,4,4,0
1,frontcatalog,250,123,recommendationservice,server,69,3,3,3,0
1,frontcatalog,250,123,redis-cart,-,,1,1,1,0
1,frontcatalog,250,123,shippingservice,server,64,3,3,3,0
1,frontcatalog,250,138,adservice,server,35,6,6,6,0
1,frontcatalog,250,138,cartservice,server,75,4,4,4,0
1,frontcatalog,250,138,checkoutservice,checkout,65,3,3,3,0
1,frontcatalog,250,138,currencyservice,server,71,3,3,3,0
1,frontcatalog,250,138,emailservice,email,81,4,4,4,0
1,frontcatalog,250,138,frontend,productcatalog,55,3,3,3,0
1,frontcatalog,250,138,frontend,server,62,3,3,3,0
1,frontcatalog,250,138,paymentservice,payment,59,4,4,4,0
1,frontcatalog,250,138,recommendationservice,server,67,3,3,3,0
1,frontcatalog,250,138,redis-cart,-,,1,1,1,0
1,frontcatalog,250,138,shippingservice,server,66,3,3,3,0
1,frontcatalog,250,154,adservice,server,29,6,6,6,0
1,frontcatalog,250,154,cartservice,server,79,4,4,4,0
1,frontcatalog,250,154,checkoutservice,checkout,66,3,3,3,0
1,frontcatalog,250,154,currencyservice,server,71,3,3,3,0
1,frontcatalog,250,154,emailservice,email,59,4,4,4,0
1,frontcatalog,250,154,frontend,productcatalog,58,3,3,3,0
1,frontcatalog,250,154,frontend,server,63,3,3,3,0
1,frontcatalog,250,154,paymentservice,payment,60,4,4,4,0
1,frontcatalog,250,154,recommendationservice,server,66,3,3,3,0
1,frontcatalog,250,154,redis-cart,-,,1,1,1,0
1,frontcatalog,250,154,shippingservice,server,67,3,3,3,0
1,frontcatalog,250,169,adservice,server,28,6,6,6,0
1,frontcatalog,250,169,cartservice,server,54,4,4,4,0
1,frontcatalog,250,169,checkoutservice,checkout,65,3,3,3,0
1,frontcatalog,250,169,currencyservice,server,67,3,3,3,0
1,frontcatalog,250,169,emailservice,email,56,4,4,4,0
1,frontcatalog,250,169,frontend,productcatalog,55,3,3,3,0
1,frontcatalog,250,169,frontend,server,59,3,3,3,0
1,frontcatalog,250,169,paymentservice,payment,52,4,4,4,0
1,frontcatalog,250,169,recommendationservice,server,66,3,3,3,0
1,frontcatalog,250,169,redis-cart,-,,1,1,1,0
1,frontcatalog,250,169,shippingservice,server,66,3,3,3,0
1,frontcatalog,250,184,adservice,server,29,6,3,3,0
1,frontcatalog,250,184,cartservice,server,60,4,4,4,0
1,frontcatalog,250,184,checkoutservice,checkout,68,3,3,3,0
1,frontcatalog,250,184,currencyservice,server,68,3,3,3,0
1,frontcatalog,250,184,emailservice,email,58,4,4,4,0
1,frontcatalog,250,184,frontend,productcatalog,55,3,3,3,0
1,frontcatalog,250,184,frontend,server,62,3,3,3,0
1,frontcatalog,250,184,paymentservice,payment,52,4,4,4,0
1,frontcatalog,250,184,recommendationservice,server,66,3,3,3,0
1,frontcatalog,250,184,redis-cart,-,,1,1,1,0
1,frontcatalog,250,184,shippingservice,server,62,3,3,3,0
1,frontcatalog,250,200,adservice,server,53,3,3,3,0
1,frontcatalog,250,200,cartservice,server,57,4,4,4,0
1,frontcatalog,250,200,checkoutservice,checkout,63,3,3,3,0
1,frontcatalog,250,200,currencyservice,server,68,3,3,3,0
1,frontcatalog,250,200,emailservice,email,57,4,4,4,0
1,frontcatalog,250,200,frontend,productcatalog,57,3,3,3,0
1,frontcatalog,250,200,frontend,server,61,3,3,3,0
1,frontcatalog,250,200,paymentservice,payment,54,4,4,4,0
1,frontcatalog,250,200,recommendationservice,server,68,3,3,3,0
1,frontcatalog,250,200,redis-cart,-,,1,1,1,0
1,frontcatalog,250,200,shippingservice,server,67,3,3,3,0
1,frontcatalog,250,215,adservice,server,55,3,3,3,0
1,frontcatalog,250,215,cartservice,server,52,4,4,4,0
1,frontcatalog,250,215,checkoutservice,checkout,68,3,3,3,0
1,frontcatalog,250,215,currencyservice,server,68,3,3,3,0
1,frontcatalog,250,215,emailservice,email,57,4,4,4,0
1,frontcatalog,250,215,frontend,productcatalog,56,3,3,3,0
1,frontcatalog,250,215,frontend,server,62,3,3,3,0
1,frontcatalog,250,215,paymentservice,payment,63,4,4,4,0
1,frontcatalog,250,215,recommendationservice,server,68,3,3,3,0
1,frontcatalog,250,215,redis-cart,-,,1,1,1,0
1,frontcatalog,250,215,shippingservice,server,66,3,3,3,0
1,frontcatalog,250,230,adservice,server,52,3,3,3,0
1,frontcatalog,250,230,cartservice,server,58,4,4,4,0
1,frontcatalog,250,230,checkoutservice,checkout,72,3,3,3,0
1,frontcatalog,250,230,currencyservice,server,71,3,3,3,0
1,frontcatalog,250,230,emailservice,email,59,4,4,4,0
1,frontcatalog,250,230,frontend,productcatalog,57,3,3,3,0
1,frontcatalog,250,230,frontend,server,63,3,3,3,0
1,frontcatalog,250,230,paymentservice,payment,53,4,4,4,0
1,frontcatalog,250,230,recommendationservice,server,68,3,3,3,0
1,frontcatalog,250,230,redis-cart,-,,1,1,1,0
1,frontcatalog,250,230,shippingservice,server,66,3,3,3,0
1,frontcatalog,250,246,adservice,server,55,3,3,3,0
1,frontcatalog,250,246,cartservice,server,63,4,4,4,0
1,frontcatalog,250,246,checkoutservice,checkout,67,3,3,3,0
1,frontcatalog,250,246,currencyservice,server,70,3,3,3,0
1,frontcatalog,250,246,emailservice,email,57,4,4,4,0
1,frontcatalog,250,246,frontend,productcatalog,57,3,3,3,0
1,frontcatalog,250,246,frontend,server,63,3,3,3,0
1,frontcatalog,250,246,paymentservice,payment,58,4,4,4,0
1,frontcatalog,250,246,recommendationservice,server,68,3,3,3,0
1,frontcatalog,250,246,redis-cart,-,,1,1,1,0
1,frontcatalog,250,246,shippingservice,server,70,3,3,3,0
1,frontcatalog,250,261,adservice,server,55,3,3,3,0
1,frontcatalog,250,261,cartservice,server,64,4,4,4,0
1,frontcatalog,250,261,checkoutservice,checkout,70,3,3,3,0
1,frontcatalog,250,261,currencyservice,server,71,3,3,3,0
1,frontcatalog,250,261,emailservice,email,61,4,4,4,0
1,frontcatalog,250,261,frontend,productcatalog,58,3,3,3,0
1,frontcatalog,250,261,frontend,server,62,3,3,3,0
1,frontcatalog,250,261,paymentservice,payment,58,4,4,4,0
1,frontcatalog,250,261,recommendationservice,server,67,3,3,3,0
1,frontcatalog,250,261,redis-cart,-,,1,1,1,0
1,frontcatalog,250,261,shippingservice,server,67,3,3,3,0
1,frontcatalog,250,276,adservice,server,56,3,3,3,0
1,frontcatalog,250,276,cartservice,server,58,4,4,4,0
1,frontcatalog,250,276,checkoutservice,checkout,66,3,3,3,0
1,frontcatalog,250,276,currencyservice,server,69,3,3,3,0
1,frontcatalog,250,276,emailservice,email,57,4,4,4,0
1,frontcatalog,250,276,frontend,productcatalog,56,3,3,3,0
1,frontcatalog,250,276,frontend,server,63,3,3,3,0
1,frontcatalog,250,276,paymentservice,payment,58,4,4,4,0
1,frontcatalog,250,276,recommendationservice,server,72,3,3,3,0
1,frontcatalog,250,276,redis-cart,-,,1,1,1,0
1,frontcatalog,250,276,shippingservice,server,70,3,3,3,0
1,frontcatalog,250,292,adservice,server,54,3,3,3,0
1,frontcatalog,250,292,cartservice,server,64,4,4,4,0
1,frontcatalog,250,292,checkoutservice,checkout,72,3,3,3,0
1,frontcatalog,250,292,currencyservice,server,72,3,3,3,0
1,frontcatalog,250,292,emailservice,email,61,4,4,4,0
1,frontcatalog,250,292,frontend,productcatalog,57,3,3,3,0
1,frontcatalog,250,292,frontend,server,63,3,3,3,0
1,frontcatalog,250,292,paymentservice,payment,63,4,4,4,0
1,frontcatalog,250,292,recommendationservice,server,68,3,3,3,0
1,frontcatalog,250,292,redis-cart,-,,1,1,1,0
1,frontcatalog,250,292,shippingservice,server,67,3,3,3,0
1,frontcatalog,250,307,adservice,server,55,3,3,3,0
1,frontcatalog,250,307,cartservice,server,61,4,4,4,0
1,frontcatalog,250,307,checkoutservice,checkout,67,3,3,3,0
1,frontcatalog,250,307,currencyservice,server,72,3,3,3,0
1,frontcatalog,250,307,emailservice,email,62,4,4,4,0
1,frontcatalog,250,307,frontend,productcatalog,58,3,3,3,0
1,frontcatalog,250,307,frontend,server,63,3,3,3,0
1,frontcatalog,250,307,paymentservice,payment,60,4,4,4,0
1,frontcatalog,250,307,recommendationservice,server,71,3,3,3,0
1,frontcatalog,250,307,redis-cart,-,,1,1,1,0
1,frontcatalog,250,307,shippingservice,server,72,3,3,3,0
1,frontcatalog,250,322,adservice,server,56,3,3,3,0
1,frontcatalog,250,322,cartservice,server,68,4,4,4,0
1,frontcatalog,250,322,checkoutservice,checkout,73,3,3,3,0
1,frontcatalog,250,322,currencyservice,server,74,3,3,3,0
1,frontcatalog,250,322,emailservice,email,63,4,4,4,0
1,frontcatalog,250,322,frontend,productcatalog,59,3,3,3,0
1,frontcatalog,250,322,frontend,server,64,3,3,3,0
1,frontcatalog,250,322,paymentservice,payment,63,4,4,4,0
1,frontcatalog,250,322,recommendationservice,server,68,3,3,3,0
1,frontcatalog,250,322,redis-cart,-,,1,1,1,0
1,frontcatalog,250,322,shippingservice,server,65,3,3,3,0
1,frontcatalog,250,338,adservice,server,56,3,3,3,0
1,frontcatalog,250,338,cartservice,server,56,4,4,4,0
1,frontcatalog,250,338,checkoutservice,checkout,66,3,3,3,0
1,frontcatalog,250,338,currencyservice,server,69,3,3,3,0
1,frontcatalog,250,338,emailservice,email,58,4,4,4,0
1,frontcatalog,250,338,frontend,productcatalog,55,3,3,3,0
1,frontcatalog,250,338,frontend,server,62,3,3,3,0
1,frontcatalog,250,338,paymentservice,payment,54,4,4,4,0
1,frontcatalog,250,338,recommendationservice,server,68,3,3,3,0
1,frontcatalog,250,338,redis-cart,-,,1,1,1,0
1,frontcatalog,250,338,shippingservice,server,70,3,3,3,0
1,frontcatalog,250,353,adservice,server,55,3,3,3,0
1,frontcatalog,250,353,cartservice,server,62,4,4,4,0
1,frontcatalog,250,353,checkoutservice,checkout,71,3,3,3,0
1,frontcatalog,250,353,currencyservice,server,73,3,3,3,0
1,frontcatalog,250,353,emailservice,email,60,4,4,4,0
1,frontcatalog,250,353,frontend,productcatalog,58,3,3,3,0
1,frontcatalog,250,353,frontend,server,63,3,3,3,0
1,frontcatalog,250,353,paymentservice,payment,60,4,4,4,0
1,frontcatalog,250,353,recommendationservice,server,69,3,3,3,0
1,frontcatalog,250,353,redis-cart,-,,1,1,1,0
1,frontcatalog,250,353,shippingservice,server,70,3,3,3,0
1,frontcatalog,250,368,adservice,server,54,3,3,3,0
1,frontcatalog,250,368,cartservice,server,63,4,4,4,0
1,frontcatalog,250,368,checkoutservice,checkout,70,3,3,3,0
1,frontcatalog,250,368,currencyservice,server,72,3,3,3,0
1,frontcatalog,250,368,emailservice,email,58,4,4,4,0
1,frontcatalog,250,368,frontend,productcatalog,58,3,3,3,0
1,frontcatalog,250,368,frontend,server,63,3,3,3,0
1,frontcatalog,250,368,paymentservice,payment,61,4,4,4,0
1,frontcatalog,250,368,recommendationservice,server,70,3,3,3,0
1,frontcatalog,250,368,redis-cart,-,,1,1,1,0
1,frontcatalog,250,368,shippingservice,server,71,3,3,3,0
1,frontcatalog,250,384,adservice,server,56,3,3,3,0
1,frontcatalog,250,384,cartservice,server,62,4,4,4,0
1,frontcatalog,250,384,checkoutservice,checkout,70,3,3,3,0
1,frontcatalog,250,384,currencyservice,server,72,3,3,3,0
1,frontcatalog,250,384,emailservice,email,63,4,4,4,0
1,frontcatalog,250,384,frontend,productcatalog,60,3,3,3,0
1,frontcatalog,250,384,frontend,server,63,3,3,3,0
1,frontcatalog,250,384,paymentservice,payment,61,4,4,4,0
1,frontcatalog,250,384,recommendationservice,server,71,3,3,3,0
1,frontcatalog,250,384,redis-cart,-,,1,1,1,0
1,frontcatalog,250,384,shippingservice,server,72,3,3,3,0
1,frontcatalog,250,399,adservice,server,57,3,3,3,0
1,frontcatalog,250,399,cartservice,server,67,4,4,4,0
1,frontcatalog,250,399,checkoutservice,checkout,75,3,3,3,0
1,frontcatalog,250,399,currencyservice,server,75,3,3,3,0
1,frontcatalog,250,399,emailservice,email,62,4,4,4,0
1,frontcatalog,250,399,frontend,productcatalog,61,3,3,3,0
1,frontcatalog,250,399,frontend,server,66,3,3,3,0
1,frontcatalog,250,399,paymentservice,payment,61,4,4,4,0
1,frontcatalog,250,399,recommendationservice,server,65,3,3,3,0
1,frontcatalog,250,399,redis-cart,-,,1,1,1,0
1,frontcatalog,250,399,shippingservice,server,67,3,3,3,0
1,frontcatalog,250,414,adservice,server,55,3,3,3,0
1,frontcatalog,250,414,cartservice,server,61,4,4,4,0
1,frontcatalog,250,414,checkoutservice,checkout,66,3,3,3,0
1,frontcatalog,250,414,currencyservice,server,68,3,3,3,0
1,frontcatalog,250,414,emailservice,email,60,4,4,4,0
1,frontcatalog,250,414,frontend,productcatalog,54,3,3,3,0
1,frontcatalog,250,414,frontend,server,63,3,3,3,0
1,frontcatalog,250,414,paymentservice,payment,61,4,4,4,0
1,frontcatalog,250,414,recommendationservice,server,72,3,3,3,0
1,frontcatalog,250,414,redis-cart,-,,1,1,1,0
1,frontcatalog,250,414,shippingservice,server,60,3,3,3,0
1,frontcatalog,250,429,adservice,server,55,3,3,3,0
1,frontcatalog,250,429,cartservice,server,59,4,4,4,0
1,frontcatalog,250,429,checkoutservice,checkout,66,3,3,3,0
1,frontcatalog,250,429,currencyservice,server,73,3,3,3,0
1,frontcatalog,250,429,emailservice,email,58,4,4,4,0
1,frontcatalog,250,429,frontend,productcatalog,58,3,3,3,0
1,frontcatalog,250,429,frontend,server,64,3,3,3,0
1,frontcatalog,250,429,paymentservice,payment,53,4,4,4,0
1,frontcatalog,250,429,recommendationservice,server,67,3,3,3,0
1,frontcatalog,250,429,redis-cart,-,,1,1,1,0
1,frontcatalog,250,429,shippingservice,server,66,3,3,3,0
1,frontcatalog,250,445,adservice,server,53,3,3,3,0
1,frontcatalog,250,445,cartservice,server,62,4,4,4,0
1,frontcatalog,250,445,checkoutservice,checkout,70,3,3,3,0
1,frontcatalog,250,445,currencyservice,server,72,3,3,3,0
1,frontcatalog,250,445,emailservice,email,57,4,4,4,0
1,frontcatalog,250,445,frontend,productcatalog,56,3,3,3,0
1,frontcatalog,250,445,frontend,server,63,3,3,3,0
1,frontcatalog,250,445,paymentservice,payment,62,4,4,4,0
1,frontcatalog,250,445,recommendationservice,server,11,3,3,3,0
1,frontcatalog,250,445,redis-cart,-,,1,1,1,0
1,frontcatalog,250,445,shippingservice,server,62,3,3,3,0
1,frontcatalog,300,1,adservice,server,5,3,3,3,0
1,frontcatalog,300,1,cartservice,server,9,4,4,4,0
1,frontcatalog,300,1,checkoutservice,checkout,0,3,3,3,0
1,frontcatalog,300,1,currencyservice,server,0,3,3,3,0
1,frontcatalog,300,1,emailservice,email,28,4,4,4,0
1,frontcatalog,300,1,frontend,productcatalog,34,3,3,3,0
1,frontcatalog,300,1,frontend,server,41,3,3,3,0
1,frontcatalog,300,1,paymentservice,payment,31,4,4,4,0
1,frontcatalog,300,1,recommendationservice,server,0,3,3,3,0
1,frontcatalog,300,1,redis-cart,-,,1,1,1,0
1,frontcatalog,300,1,shippingservice,server,1,3,3,3,0
1,frontcatalog,300,16,adservice,server,4,3,3,3,0
1,frontcatalog,300,16,cartservice,server,0,4,4,4,0
1,frontcatalog,300,16,checkoutservice,checkout,0,3,3,3,0
1,frontcatalog,300,16,currencyservice,server,0,3,3,3,0
1,frontcatalog,300,16,emailservice,email,2,4,4,4,0
1,frontcatalog,300,16,frontend,productcatalog,0,3,3,3,0
1,frontcatalog,300,16,frontend,server,0,3,3,3,0
1,frontcatalog,300,16,paymentservice,payment,1,4,4,4,0
1,frontcatalog,300,16,recommendationservice,server,0,3,3,3,0
1,frontcatalog,300,16,redis-cart,-,,1,1,1,0
1,frontcatalog,300,16,shippingservice,server,2,3,3,3,0
1,frontcatalog,300,31,adservice,server,128,3,3,3,0
1,frontcatalog,300,31,cartservice,server,20,4,3,3,0
1,frontcatalog,300,31,checkoutservice,checkout,20,3,2,2,0
1,frontcatalog,300,31,currencyservice,server,60,3,3,3,0
1,frontcatalog,300,31,emailservice,email,36,4,3,3,0
1,frontcatalog,300,31,frontend,productcatalog,41,3,3,3,0
1,frontcatalog,300,31,frontend,server,47,3,3,3,0
1,frontcatalog,300,31,paymentservice,payment,33,4,2,2,0
1,frontcatalog,300,31,recommendationservice,server,67,3,3,3,0
1,frontcatalog,300,31,redis-cart,-,,1,1,1,0
1,frontcatalog,300,31,shippingservice,server,43,3,3,3,0
1,frontcatalog,300,47,adservice,server,183,3,6,3,0
1,frontcatalog,300,47,cartservice,server,93,3,3,3,0
1,frontcatalog,300,47,checkoutservice,checkout,107,2,2,2,0
1,frontcatalog,300,47,currencyservice,server,88,3,3,3,0
1,frontcatalog,300,47,emailservice,email,92,3,3,3,0
1,frontcatalog,300,47,frontend,productcatalog,65,3,3,3,0
1,frontcatalog,300,47,frontend,server,78,3,3,3,0
1,frontcatalog,300,47,paymentservice,payment,130,2,2,2,0
1,frontcatalog,300,47,recommendationservice,server,89,3,4,3,1
1,frontcatalog,300,47,redis-cart,-,,1,1,1,0
1,frontcatalog,300,47,shippingservice,server,75,3,3,3,0
1,frontcatalog,300,62,adservice,server,132,6,6,3,0
1,frontcatalog,300,62,cartservice,server,98,3,4,3,0
1,frontcatalog,300,62,checkoutservice,checkout,120,2,4,3,0
1,frontcatalog,300,62,currencyservice,server,90,3,4,3,1
1,frontcatalog,300,62,emailservice,email,98,3,4,3,1
1,frontcatalog,300,62,frontend,productcatalog,69,3,4,3,1
1,frontcatalog,300,62,frontend,server,78,3,4,3,1
1,frontcatalog,300,62,paymentservice,payment,143,2,4,2,2
1,frontcatalog,300,62,recommendationservice,server,88,4,4,4,0
1,frontcatalog,300,62,redis-cart,-,,1,1,1,0
1,frontcatalog,300,62,shippingservice,server,82,3,4,3,1
1,frontcatalog,300,78,adservice,server,108,6,6,3,0
1,frontcatalog,300,78,cartservice,server,98,4,4,3,0
1,frontcatalog,300,78,checkoutservice,checkout,121,4,4,4,0
1,frontcatalog,300,78,currencyservice,server,90,4,4,3,1
1,frontcatalog,300,78,emailservice,email,100,4,4,4,0
1,frontcatalog,300,78,frontend,productcatalog,64,4,4,3,1
1,frontcatalog,300,78,frontend,server,78,4,4,3,1
1,frontcatalog,300,78,paymentservice,payment,123,4,4,3,1
1,frontcatalog,300,78,recommendationservice,server,70,4,4,4,0
1,frontcatalog,300,78,redis-cart,-,,1,1,1,0
1,frontcatalog,300,78,shippingservice,server,79,4,4,3,1
1,frontcatalog,300,93,adservice,server,125,6,6,6,0
1,frontcatalog,300,93,cartservice,server,95,4,4,4,0
1,frontcatalog,300,93,checkoutservice,checkout,114,4,4,4,0
1,frontcatalog,300,93,currencyservice,server,89,4,4,3,1
1,frontcatalog,300,93,emailservice,email,98,4,4,4,0
1,frontcatalog,300,93,frontend,productcatalog,68,4,4,3,1
1,frontcatalog,300,93,frontend,server,79,4,4,3,1
1,frontcatalog,300,93,paymentservice,payment,90,4,4,3,1
1,frontcatalog,300,93,recommendationservice,server,70,4,4,4,0
1,frontcatalog,300,93,redis-cart,-,,1,1,1,0
1,frontcatalog,300,93,shippingservice,server,75,4,4,3,1
1,frontcatalog,300,109,adservice,server,102,6,6,6,0
1,frontcatalog,300,109,cartservice,server,93,4,4,4,0
1,frontcatalog,300,109,checkoutservice,checkout,58,4,4,4,0
1,frontcatalog,300,109,currencyservice,server,90,4,4,3,1
1,frontcatalog,300,109,emailservice,email,99,4,4,4,0
1,frontcatalog,300,109,frontend,productcatalog,70,4,4,3,1
1,frontcatalog,300,109,frontend,server,80,4,4,3,1
1,frontcatalog,300,109,paymentservice,payment,101,4,4,3,1
1,frontcatalog,300,109,recommendationservice,server,69,4,4,4,0
1,frontcatalog,300,109,redis-cart,-,,1,1,1,0
1,frontcatalog,300,109,shippingservice,server,84,4,4,3,1
1,frontcatalog,300,124,adservice,server,65,6,6,6,0
1,frontcatalog,300,124,cartservice,server,82,4,4,4,0
1,frontcatalog,300,124,checkoutservice,checkout,60,4,4,4,0
1,frontcatalog,300,124,currencyservice,server,93,4,4,3,1
1,frontcatalog,300,124,emailservice,email,78,4,4,4,0
1,frontcatalog,300,124,frontend,productcatalog,71,4,4,3,1
1,frontcatalog,300,124,frontend,server,80,4,4,3,1
1,frontcatalog,300,124,paymentservice,payment,98,4,4,3,1
1,frontcatalog,300,124,recommendationservice,server,68,4,4,4,0
1,frontcatalog,300,124,redis-cart,-,,1,1,1,0
1,frontcatalog,300,124,shippingservice,server,81,4,4,3,1
1,frontcatalog,300,139,adservice,server,42,6,6,6,0
1,frontcatalog,300,139,cartservice,server,79,4,5,4,1
1,frontcatalog,300,139,checkoutservice,checkout,61,4,4,4,0
1,frontcatalog,300,139,currencyservice,server,94,4,4,3,1
1,frontcatalog,300,139,emailservice,email,76,4,4,4,0
1,frontcatalog,300,139,frontend,productcatalog,70,4,4,3,1
1,frontcatalog,300,139,frontend,server,81,4,4,3,1
1,frontcatalog,300,139,paymentservice,payment,95,4,4,3,1
1,frontcatalog,300,139,recommendationservice,server,68,4,4,4,0
1,frontcatalog,300,139,redis-cart,-,,1,1,1,0
1,frontcatalog,300,139,shippingservice,server,81,4,4,3,1
1,frontcatalog,300,155,adservice,server,44,6,6,6,0
1,frontcatalog,300,155,cartservice,server,74,5,5,4,1
1,frontcatalog,300,155,checkoutservice,checkout,55,4,4,4,0
1,frontcatalog,300,155,currencyservice,server,88,4,4,3,1
1,frontcatalog,300,155,emailservice,email,73,4,4,4,0
1,frontcatalog,300,155,frontend,productcatalog,70,4,4,3,1
1,frontcatalog,300,155,frontend,server,80,4,4,3,1
1,frontcatalog,300,155,paymentservice,payment,94,4,4,3,1
1,frontcatalog,300,155,recommendationservice,server,67,4,4,4,0
1,frontcatalog,300,155,redis-cart,-,,1,1,1,0
1,frontcatalog,300,155,shippingservice,server,78,4,4,3,1
1,frontcatalog,300,170,adservice,server,39,6,6,6,0
1,frontcatalog,300,170,cartservice,server,72,5,5,4,1
1,frontcatalog,300,170,checkoutservice,checkout,59,4,4,4,0
1,frontcatalog,300,170,currencyservice,server,90,4,4,3,1
1,frontcatalog,300,170,emailservice,email,73,4,4,4,0
1,frontcatalog,300,170,frontend,productcatalog,72,4,4,3,1
1,frontcatalog,300,170,frontend,server,81,4,4,3,1
1,frontcatalog,300,170,paymentservice,payment,97,4,4,3,1
1,frontcatalog,300,170,recommendationservice,server,67,4,4,4,0
1,frontcatalog,300,170,redis-cart,-,,1,1,1,0
1,frontcatalog,300,170,shippingservice,server,79,4,4,3,1
1,frontcatalog,300,186,adservice,server,42,6,4,4,0
1,frontcatalog,300,186,cartservice,server,71,5,5,4,1
1,frontcatalog,300,186,checkoutservice,checkout,61,4,4,4,0
1,frontcatalog,300,186,currencyservice,server,92,4,4,3,1
1,frontcatalog,300,186,emailservice,email,73,4,4,4,0
1,frontcatalog,300,186,frontend,productcatalog,68,4,4,3,1
1,frontcatalog,300,186,frontend,server,80,4,4,3,1
1,frontcatalog,300,186,paymentservice,payment,90,4,4,4,0
1,frontcatalog,300,186,recommendationservice,server,69,4,4,4,0
1,frontcatalog,300,186,redis-cart,-,,1,1,1,0
1,frontcatalog,300,186,shippingservice,server,80,4,4,3,1
1,frontcatalog,300,201,adservice,server,57,4,4,4,0
1,frontcatalog,300,201,cartservice,server,71,5,5,4,1
1,frontcatalog,300,201,checkoutservice,checkout,56,4,4,4,0
1,frontcatalog,300,201,currencyservice,server,90,4,4,3,1
1,frontcatalog,300,201,emailservice,email,74,4,4,4,0
1,frontcatalog,300,201,frontend,productcatalog,69,4,4,3,1
1,frontcatalog,300,201,frontend,server,79,4,4,3,1
1,frontcatalog,300,201,paymentservice,payment,97,4,4,4,0
1,frontcatalog,300,201,recommendationservice,server,71,4,4,4,0
1,frontcatalog,300,201,redis-cart,-,,1,1,1,0
1,frontcatalog,300,201,shippingservice,server,80,4,4,3,1
1,frontcatalog,300,217,adservice,server,55,4,4,4,0
1,frontcatalog,300,217,cartservice,server,71,5,5,4,1
1,frontcatalog,300,217,checkoutservice,checkout,59,4,4,4,0
1,frontcatalog,300,217,currencyservice,server,92,4,4,3,1
1,frontcatalog,300,217,emailservice,email,75,4,4,4,0
1,frontcatalog,300,217,frontend,productcatalog,70,4,4,3,1
1,frontcatalog,300,217,frontend,server,80,4,4,3,1
1,frontcatalog,300,217,paymentservice,payment,72,4,4,4,0
1,frontcatalog,300,217,recommendationservice,server,69,4,4,4,0
1,frontcatalog,300,217,redis-cart,-,,1,1,1,0
1,frontcatalog,300,217,shippingservice,server,79,4,4,3,1
1,frontcatalog,300,232,adservice,server,55,4,4,4,0
1,frontcatalog,300,232,cartservice,server,67,5,5,4,1
1,frontcatalog,300,232,checkoutservice,checkout,55,4,4,4,0
1,frontcatalog,300,232,currencyservice,server,90,4,4,3,1
1,frontcatalog,300,232,emailservice,email,69,4,4,4,0
1,frontcatalog,300,232,frontend,productcatalog,71,4,4,3,1
1,frontcatalog,300,232,frontend,server,80,4,4,3,1
1,frontcatalog,300,232,paymentservice,payment,62,4,4,4,0
1,frontcatalog,300,232,recommendationservice,server,67,4,4,4,0
1,frontcatalog,300,232,redis-cart,-,,1,1,1,0
1,frontcatalog,300,232,shippingservice,server,74,4,4,3,1
1,frontcatalog,300,247,adservice,server,53,4,4,4,0
1,frontcatalog,300,247,cartservice,server,67,5,5,4,1
1,frontcatalog,300,247,checkoutservice,checkout,53,4,4,4,0
1,frontcatalog,300,247,currencyservice,server,87,4,4,3,1
1,frontcatalog,300,247,emailservice,email,72,4,4,4,0
1,frontcatalog,300,247,frontend,productcatalog,70,4,4,3,1
1,frontcatalog,300,247,frontend,server,79,4,4,3,1
1,frontcatalog,300,247,paymentservice,payment,66,4,4,4,0
1,frontcatalog,300,247,recommendationservice,server,68,4,4,4,0
1,frontcatalog,300,247,redis-cart,-,,1,1,1,0
1,frontcatalog,300,247,shippingservice,server,79,4,4,3,1
1,frontcatalog,300,263,adservice,server,53,4,4,4,0
1,frontcatalog,300,263,cartservice,server,81,5,5,4,1
1,frontcatalog,300,263,checkoutservice,checkout,61,4,4,4,0
1,frontcatalog,300,263,currencyservice,server,89,4,4,3,1
1,frontcatalog,300,263,emailservice,email,75,4,4,4,0
1,frontcatalog,300,263,frontend,productcatalog,70,4,4,3,1
1,frontcatalog,300,263,frontend,server,80,4,4,3,1
1,frontcatalog,300,263,paymentservice,payment,69,4,4,4,0
1,frontcatalog,300,263,recommendationservice,server,71,4,4,4,0
1,frontcatalog,300,263,redis-cart,-,,1,1,1,0
1,frontcatalog,300,263,shippingservice,server,77,4,4,3,1
1,frontcatalog,300,278,adservice,server,53,4,4,4,0
1,frontcatalog,300,278,cartservice,server,71,5,5,4,1
1,frontcatalog,300,278,checkoutservice,checkout,59,4,4,4,0
1,frontcatalog,300,278,currencyservice,server,90,4,4,3,1
1,frontcatalog,300,278,emailservice,email,70,4,4,4,0
1,frontcatalog,300,278,frontend,productcatalog,72,4,4,3,1
1,frontcatalog,300,278,frontend,server,82,4,4,3,1
1,frontcatalog,300,278,paymentservice,payment,73,4,4,4,0
1,frontcatalog,300,278,recommendationservice,server,68,4,4,4,0
1,frontcatalog,300,278,redis-cart,-,,1,1,1,0
1,frontcatalog,300,278,shippingservice,server,84,4,4,3,1
1,frontcatalog,300,294,adservice,server,53,4,4,4,0
1,frontcatalog,300,294,cartservice,server,84,5,5,4,1
1,frontcatalog,300,294,checkoutservice,checkout,58,4,4,4,0
1,frontcatalog,300,294,currencyservice,server,91,4,4,3,1
1,frontcatalog,300,294,emailservice,email,76,4,4,4,0
1,frontcatalog,300,294,frontend,productcatalog,68,4,4,3,1
1,frontcatalog,300,294,frontend,server,79,4,4,3,1
1,frontcatalog,300,294,paymentservice,payment,70,4,4,4,0
1,frontcatalog,300,294,recommendationservice,server,67,4,4,4,0
1,frontcatalog,300,294,redis-cart,-,,1,1,1,0
1,frontcatalog,300,294,shippingservice,server,75,4,4,3,1
1,frontcatalog,300,309,adservice,server,53,4,4,4,0
1,frontcatalog,300,309,cartservice,server,74,5,5,4,1
1,frontcatalog,300,309,checkoutservice,checkout,59,4,4,4,0
1,frontcatalog,300,309,currencyservice,server,90,4,4,3,1
1,frontcatalog,300,309,emailservice,email,70,4,4,4,0
1,frontcatalog,300,309,frontend,productcatalog,69,4,4,3,1
1,frontcatalog,300,309,frontend,server,80,4,4,3,1
1,frontcatalog,300,309,paymentservice,payment,69,4,4,4,0
1,frontcatalog,300,309,recommendationservice,server,67,4,4,4,0
1,frontcatalog,300,309,redis-cart,-,,1,1,1,0
1,frontcatalog,300,309,shippingservice,server,79,4,4,3,1
1,frontcatalog,300,324,adservice,server,54,4,4,4,0
1,frontcatalog,300,324,cartservice,server,65,5,5,4,1
1,frontcatalog,300,324,checkoutservice,checkout,57,4,4,4,0
1,frontcatalog,300,324,currencyservice,server,88,4,4,3,1
1,frontcatalog,300,324,emailservice,email,75,4,4,4,0
1,frontcatalog,300,324,frontend,productcatalog,73,4,4,3,1
1,frontcatalog,300,324,frontend,server,81,4,4,3,1
1,frontcatalog,300,324,paymentservice,payment,73,4,4,4,0
1,frontcatalog,300,324,recommendationservice,server,68,4,4,4,0
1,frontcatalog,300,324,redis-cart,-,,1,1,1,0
1,frontcatalog,300,324,shippingservice,server,83,4,4,3,1
1,frontcatalog,300,340,adservice,server,53,4,4,4,0
1,frontcatalog,300,340,cartservice,server,77,5,5,4,1
1,frontcatalog,300,340,checkoutservice,checkout,64,4,4,4,0
1,frontcatalog,300,340,currencyservice,server,91,4,4,3,1
1,frontcatalog,300,340,emailservice,email,75,4,4,4,0
1,frontcatalog,300,340,frontend,productcatalog,71,4,4,3,1
1,frontcatalog,300,340,frontend,server,80,4,4,3,1
1,frontcatalog,300,340,paymentservice,payment,73,4,4,4,0
1,frontcatalog,300,340,recommendationservice,server,69,4,4,4,0
1,frontcatalog,300,340,redis-cart,-,,1,1,1,0
1,frontcatalog,300,340,shippingservice,server,82,4,4,3,1
1,frontcatalog,300,355,adservice,server,54,4,4,4,0
1,frontcatalog,300,355,cartservice,server,77,5,5,4,1
1,frontcatalog,300,355,checkoutservice,checkout,60,4,4,4,0
1,frontcatalog,300,355,currencyservice,server,92,4,4,3,1
1,frontcatalog,300,355,emailservice,email,74,4,4,4,0
1,frontcatalog,300,355,frontend,productcatalog,71,4,4,3,1
1,frontcatalog,300,355,frontend,server,81,4,4,3,1
1,frontcatalog,300,355,paymentservice,payment,76,4,4,4,0
1,frontcatalog,300,355,recommendationservice,server,67,4,4,4,0
1,frontcatalog,300,355,redis-cart,-,,1,1,1,0
1,frontcatalog,300,355,shippingservice,server,79,4,4,3,1
1,frontcatalog,300,371,adservice,server,55,4,4,4,0
1,frontcatalog,300,371,cartservice,server,79,5,5,4,1
1,frontcatalog,300,371,checkoutservice,checkout,59,4,4,4,0
1,frontcatalog,300,371,currencyservice,server,91,4,4,3,1
1,frontcatalog,300,371,emailservice,email,72,4,4,4,0
1,frontcatalog,300,371,frontend,productcatalog,69,4,4,3,1
1,frontcatalog,300,371,frontend,server,79,4,4,3,1
1,frontcatalog,300,371,paymentservice,payment,66,4,4,4,0
1,frontcatalog,300,371,recommendationservice,server,68,4,4,4,0
1,frontcatalog,300,371,redis-cart,-,,1,1,1,0
1,frontcatalog,300,371,shippingservice,server,77,4,4,3,1
1,frontcatalog,300,386,adservice,server,51,4,4,4,0
1,frontcatalog,300,386,cartservice,server,69,5,5,4,1
1,frontcatalog,300,386,checkoutservice,checkout,56,4,4,4,0
1,frontcatalog,300,386,currencyservice,server,89,4,4,3,1
1,frontcatalog,300,386,emailservice,email,74,4,4,4,0
1,frontcatalog,300,386,frontend,productcatalog,71,4,4,3,1
1,frontcatalog,300,386,frontend,server,82,4,4,3,1
1,frontcatalog,300,386,paymentservice,payment,66,4,4,4,0
1,frontcatalog,300,386,recommendationservice,server,68,4,4,4,0
1,frontcatalog,300,386,redis-cart,-,,1,1,1,0
1,frontcatalog,300,386,shippingservice,server,79,4,4,3,1
1,frontcatalog,300,402,adservice,server,55,4,4,4,0
1,frontcatalog,300,402,cartservice,server,74,5,5,4,1
1,frontcatalog,300,402,checkoutservice,checkout,58,4,4,4,0
1,frontcatalog,300,402,currencyservice,server,90,4,4,3,1
1,frontcatalog,300,402,emailservice,email,74,4,4,4,0
1,frontcatalog,300,402,frontend,productcatalog,69,4,4,3,1
1,frontcatalog,300,402,frontend,server,80,4,4,3,1
1,frontcatalog,300,402,paymentservice,payment,72,4,4,4,0
1,frontcatalog,300,402,recommendationservice,server,68,4,4,4,0
1,frontcatalog,300,402,redis-cart,-,,1,1,1,0
1,frontcatalog,300,402,shippingservice,server,85,4,4,3,1
1,frontcatalog,300,417,adservice,server,53,4,4,4,0
1,frontcatalog,300,417,cartservice,server,73,5,5,4,1
1,frontcatalog,300,417,checkoutservice,checkout,61,4,4,4,0
1,frontcatalog,300,417,currencyservice,server,91,4,4,3,1
1,frontcatalog,300,417,emailservice,email,75,4,4,4,0
1,frontcatalog,300,417,frontend,productcatalog,69,4,4,3,1
1,frontcatalog,300,417,frontend,server,80,4,4,3,1
1,frontcatalog,300,417,paymentservice,payment,67,4,4,4,0
1,frontcatalog,300,417,recommendationservice,server,68,4,4,4,0
1,frontcatalog,300,417,redis-cart,-,,1,1,1,0
1,frontcatalog,300,417,shippingservice,server,74,4,4,3,1
1,frontcatalog,300,432,adservice,server,52,4,4,4,0
1,frontcatalog,300,432,cartservice,server,68,5,5,4,1
1,frontcatalog,300,432,checkoutservice,checkout,54,4,4,4,0
1,frontcatalog,300,432,currencyservice,server,91,4,4,3,1
1,frontcatalog,300,432,emailservice,email,71,4,4,4,0
1,frontcatalog,300,432,frontend,productcatalog,71,4,4,3,1
1,frontcatalog,300,432,frontend,server,79,4,4,3,1
1,frontcatalog,300,432,paymentservice,payment,72,4,4,4,0
1,frontcatalog,300,432,recommendationservice,server,67,4,4,4,0
1,frontcatalog,300,432,redis-cart,-,,1,1,1,0
1,frontcatalog,300,432,shippingservice,server,78,4,4,3,1
1,frontcatalog,300,447,adservice,server,51,4,4,4,0
1,frontcatalog,300,447,cartservice,server,73,5,5,4,1
1,frontcatalog,300,447,checkoutservice,checkout,61,4,4,4,0
1,frontcatalog,300,447,currencyservice,server,84,4,4,3,1
1,frontcatalog,300,447,emailservice,email,76,4,4,4,0
1,frontcatalog,300,447,frontend,productcatalog,33,4,4,3,1
1,frontcatalog,300,447,frontend,server,17,4,4,3,1
1,frontcatalog,300,447,paymentservice,payment,28,4,4,4,0
1,frontcatalog,300,447,recommendationservice,server,22,4,4,4,0
1,frontcatalog,300,447,redis-cart,-,,1,1,1,0
1,frontcatalog,300,447,shippingservice,server,56,4,4,3,1
1,frontcatalog,250,0,adservice,server,5,2,2,2,0
1,frontcatalog,250,0,cartservice,server,1,2,2,2,0
1,frontcatalog,250,0,checkoutservice,checkout,0,2,2,2,0
1,frontcatalog,250,0,currencyservice,server,0,2,2,2,0
1,frontcatalog,250,0,emailservice,email,2,2,2,2,0
1,frontcatalog,250,0,frontend,productcatalog,0,2,2,2,0
1,frontcatalog,250,0,frontend,server,0,2,2,2,0
1,frontcatalog,250,0,paymentservice,payment,2,2,2,2,0
1,frontcatalog,250,0,recommendationservice,-,,,0,2,0
1,frontcatalog,250,0,redis-cart,-,,1,1,1,0
1,frontcatalog,250,0,shippingservice,-,,,0,2,0
1,frontcatalog,250,16,adservice,server,4,2,2,2,0
1,frontcatalog,250,16,cartservice,server,2,2,2,2,0
1,frontcatalog,250,16,checkoutservice,checkout,0,2,2,2,0
1,frontcatalog,250,16,currencyservice,server,0,2,2,2,0
1,frontcatalog,250,16,emailservice,email,2,2,2,2,0
1,frontcatalog,250,16,frontend,productcatalog,0,2,2,2,0
1,frontcatalog,250,16,frontend,server,2,2,2,2,0
1,frontcatalog,250,16,paymentservice,payment,1,2,2,2,0
1,frontcatalog,250,16,recommendationservice,server,0,2,2,2,0
1,frontcatalog,250,16,redis-cart,-,,1,1,1,0
1,frontcatalog,250,16,shippingservice,server,0,2,2,2,0
1,frontcatalog,250,31,adservice,server,313,2,2,2,0
1,frontcatalog,250,31,cartservice,server,87,2,2,2,0
1,frontcatalog,250,31,checkoutservice,checkout,42,2,2,2,0
1,frontcatalog,250,31,currencyservice,server,40,2,2,2,0
1,frontcatalog,250,31,emailservice,email,63,2,2,2,0
1,frontcatalog,250,31,frontend,productcatalog,47,2,2,2,0
1,frontcatalog,250,31,frontend,server,75,2,2,2,0
1,frontcatalog,250,31,paymentservice,payment,138,2,2,2,0
1,frontcatalog,250,31,recommendationservice,server,29,2,2,2,0
1,frontcatalog,250,31,redis-cart,-,,1,1,1,0
1,frontcatalog,250,31,shippingservice,server,43,2,2,2,0
1,frontcatalog,250,47,adservice,server,259,2,6,2,0
1,frontcatalog,250,47,cartservice,server,131,2,3,2,0
1,frontcatalog,250,47,checkoutservice,checkout,94,2,2,2,0
1,frontcatalog,250,47,currencyservice,server,101,2,2,2,0
1,frontcatalog,250,47,emailservice,email,104,2,2,2,0
1,frontcatalog,250,47,frontend,productcatalog,79,2,2,2,0
1,frontcatalog,250,47,frontend,server,87,2,2,2,0
1,frontcatalog,250,47,paymentservice,payment,110,2,4,2,2
1,frontcatalog,250,47,recommendationservice,server,86,2,2,2,0
1,frontcatalog,250,47,redis-cart,-,,1,1,1,0
1,frontcatalog,250,47,shippingservice,server,93,2,2,2,0
1,frontcatalog,250,62,adservice,server,127,6,6,2,0
1,frontcatalog,250,62,cartservice,server,133,3,4,2,0
1,frontcatalog,250,62,checkoutservice,checkout,97,2,3,3,0
1,frontcatalog,250,62,currencyservice,server,102,2,3,3,0
1,frontcatalog,250,62,emailservice,email,105,2,3,2,0
1,frontcatalog,250,62,frontend,productcatalog,80,2,3,2,1
1,frontcatalog,250,62,frontend,server,88,2,3,2,1
1,frontcatalog,250,62,paymentservice,payment,109,4,4,4,0
1,frontcatalog,250,62,recommendationservice,server,0,2,2,1,0
1,frontcatalog,250,62,redis-cart,-,,1,1,1,0
1,frontcatalog,250,62,shippingservice,server,93,2,3,2,1
1,frontcatalog,250,77,adservice,server,105,6,6,5,0
1,frontcatalog,250,77,cartservice,server,134,4,4,3,0
1,frontcatalog,250,77,checkoutservice,checkout,91,3,3,3,0
1,frontcatalog,250,77,currencyservice,server,99,3,3,3,0
1,frontcatalog,250,77,emailservice,email,99,3,3,3,0
1,frontcatalog,250,77,frontend,productcatalog,77,3,3,3,0
1,frontcatalog,250,77,frontend,server,87,3,3,3,0
1,frontcatalog,250,77,paymentservice,payment,96,4,4,4,0
1,frontcatalog,250,77,recommendationservice,server,0,2,2,1,0
1,frontcatalog,250,77,redis-cart,-,,1,1,1,0
1,frontcatalog,250,77,shippingservice,server,89,3,3,3,0
1,frontcatalog,250,93,adservice,server,81,6,6,6,0
1,frontcatalog,250,93,cartservice,server,130,4,4,4,0
1,frontcatalog,250,93,checkoutservice,checkout,61,3,3,3,0
1,frontcatalog,250,93,currencyservice,server,100,3,3,3,0
1,frontcatalog,250,93,emailservice,email,99,3,3,3,0
1,frontcatalog,250,93,frontend,productcatalog,78,3,3,3,0
1,frontcatalog,250,93,frontend,server,85,3,3,3,0
1,frontcatalog,250,93,paymentservice,payment,51,4,4,4,0
1,frontcatalog,250,93,recommendationservice,server,0,2,2,1,0
1,frontcatalog,250,93,redis-cart,-,,1,1,1,0
1,frontcatalog,250,93,shippingservice,server,88,3,3,3,0
1,frontcatalog,250,108,adservice,server,91,6,6,6,0
1,frontcatalog,250,108,cartservice,server,98,4,4,4,0
1,frontcatalog,250,108,checkoutservice,checkout,64,3,3,3,0
1,frontcatalog,250,108,currencyservice,server,72,3,3,3,0
1,frontcatalog,250,108,emailservice,email,66,3,3,3,0
1,frontcatalog,250,108,frontend,productcatalog,78,3,3,3,0
1,frontcatalog,250,108,frontend,server,83,3,3,3,0
1,frontcatalog,250,108,paymentservice,payment,60,4,4,4,0
1,frontcatalog,250,108,recommendationservice,server,41,2,1,1,0
1,frontcatalog,250,108,redis-cart,-,,1,1,1,0
1,frontcatalog,250,108,shippingservice,server,67,3,3,3,0
1,frontcatalog,250,123,adservice,server,44,6,6,6,0
1,frontcatalog,250,123,cartservice,server,73,4,4,4,0
1,frontcatalog,250,123,checkoutservice,checkout,74,3,3,3,0
1,frontcatalog,250,123,currencyservice,server,78,3,3,3,0
1,frontcatalog,250,123,emailservice,email,82,3,3,3,0
1,frontcatalog,250,123,frontend,productcatalog,62,3,3,3,0
1,frontcatalog,250,123,frontend,server,71,3,3,3,0
1,frontcatalog,250,123,paymentservice,payment,60,4,4,4,0
1,frontcatalog,250,123,recommendationservice,server,44,1,1,1,0
1,frontcatalog,250,123,redis-cart,-,,1,1,1,0
1,frontcatalog,250,123,shippingservice,server,70,3,3,3,0
1,frontcatalog,250,139,adservice,server,50,6,6,6,0
1,frontcatalog,250,139,cartservice,server,72,4,4,4,0
1,frontcatalog,250,139,checkoutservice,checkout,72,3,3,3,0
1,frontcatalog,250,139,currencyservice,server,73,3,3,3,0
1,frontcatalog,250,139,emailservice,email,80,3,4,4,0
1,frontcatalog,250,139,frontend,productcatalog,60,3,3,3,0
1,frontcatalog,250,139,frontend,server,66,3,3,3,0
1,frontcatalog,250,139,paymentservice,payment,61,4,4,4,0
1,frontcatalog,250,139,recommendationservice,-,,1,1,0,0
1,frontcatalog,250,139,redis-cart,-,,1,1,1,0
1,frontcatalog,250,139,shippingservice,server,67,3,3,3,0
1,frontcatalog,250,154,adservice,server,41,6,6,6,0
1,frontcatalog,250,154,cartservice,server,66,4,4,4,0
1,frontcatalog,250,154,checkoutservice,checkout,59,3,3,3,0
1,frontcatalog,250,154,currencyservice,server,67,3,3,3,0
1,frontcatalog,250,154,emailservice,email,73,4,4,4,0
1,frontcatalog,250,154,frontend,productcatalog,55,3,3,3,0
1,frontcatalog,250,154,frontend,server,68,3,3,3,0
1,frontcatalog,250,154,paymentservice,payment,52,4,4,4,0
1,frontcatalog,250,154,recommendationservice,-,,1,1,0,0
1,frontcatalog,250,154,redis-cart,-,,1,1,1,0
1,frontcatalog,250,154,shippingservice,server,61,3,3,3,0
1,frontcatalog,250,169,adservice,server,29,6,4,4,0
1,frontcatalog,250,169,cartservice,server,63,4,4,4,0
1,frontcatalog,250,169,checkoutservice,checkout,63,3,3,3,0
1,frontcatalog,250,169,currencyservice,server,66,3,3,3,0
1,frontcatalog,250,169,emailservice,email,67,4,4,4,0
1,frontcatalog,250,169,frontend,productcatalog,55,3,3,3,0
1,frontcatalog,250,169,frontend,server,58,3,3,3,0
1,frontcatalog,250,169,paymentservice,payment,50,4,4,4,0
1,frontcatalog,250,169,recommendationservice,-,,1,1,0,0
1,frontcatalog,250,169,redis-cart,-,,1,1,1,0
1,frontcatalog,250,169,shippingservice,server,60,3,3,3,0
1,frontcatalog,250,184,adservice,server,36,4,4,4,0
1,frontcatalog,250,184,cartservice,server,62,4,4,4,0
1,frontcatalog,250,184,checkoutservice,checkout,60,3,3,3,0
1,frontcatalog,250,184,currencyservice,server,67,3,3,3,0
1,frontcatalog,250,184,emailservice,email,68,4,4,4,0
1,frontcatalog,250,184,frontend,productcatalog,56,3,3,3,0
1,frontcatalog,250,184,frontend,server,59,3,3,3,0
1,frontcatalog,250,184,paymentservice,payment,50,4,4,4,0
1,frontcatalog,250,184,recommendationservice,-,,1,1,0,0
1,frontcatalog,250,184,redis-cart,-,,1,1,1,0
1,frontcatalog,250,184,shippingservice,server,61,3,3,3,0
1,frontcatalog,250,200,adservice,server,36,4,4,4,0
1,frontcatalog,250,200,cartservice,server,61,4,4,4,0
1,frontcatalog,250,200,checkoutservice,checkout,62,3,3,3,0
1,frontcatalog,250,200,currencyservice,server,65,3,3,3,0
1,frontcatalog,250,200,emailservice,email,50,4,4,4,0
1,frontcatalog,250,200,frontend,productcatalog,56,3,3,3,0
1,frontcatalog,250,200,frontend,server,60,3,3,3,0
1,frontcatalog,250,200,paymentservice,payment,51,4,3,3,0
1,frontcatalog,250,200,recommendationservice,-,,1,1,0,0
1,frontcatalog,250,200,redis-cart,-,,1,1,1,0
1,frontcatalog,250,200,shippingservice,server,63,3,3,3,0
1,frontcatalog,250,215,adservice,server,35,4,3,3,0
1,frontcatalog,250,215,cartservice,server,63,4,4,4,0
1,frontcatalog,250,215,checkoutservice,checkout,65,3,3,3,0
1,frontcatalog,250,215,currencyservice,server,66,3,3,3,0
1,frontcatalog,250,215,emailservice,email,51,4,4,4,0
1,frontcatalog,250,215,frontend,productcatalog,56,3,3,3,0
1,frontcatalog,250,215,frontend,server,60,3,3,3,0
1,frontcatalog,250,215,paymentservice,payment,67,3,3,3,0
1,frontcatalog,250,215,recommendationservice,-,,1,1,1,0
1,frontcatalog,250,215,redis-cart,-,,1,1,1,0
1,frontcatalog,250,215,shippingservice,server,60,3,3,3,0
1,frontcatalog,250,230,adservice,server,51,3,3,3,0
1,frontcatalog,250,230,cartservice,server,62,4,4,4,0
1,frontcatalog,250,230,checkoutservice,checkout,67,3,3,3,0
1,frontcatalog,250,230,currencyservice,server,66,3,3,3,0
1,frontcatalog,250,230,emailservice,email,72,4,4,4,0
1,frontcatalog,250,230,frontend,productcatalog,50,3,3,3,0
1,frontcatalog,250,230,frontend,server,64,3,3,3,0
1,frontcatalog,250,230,paymentservice,payment,67,3,3,3,0
1,frontcatalog,250,230,recommendationservice,-,,1,1,1,0
1,frontcatalog,250,230,redis-cart,-,,1,1,1,0
1,frontcatalog,250,230,shippingservice,server,62,3,3,3,0
1,frontcatalog,250,246,adservice,server,49,3,3,3,0
1,frontcatalog,250,246,cartservice,server,65,4,4,4,0
1,frontcatalog,250,246,checkoutservice,checkout,60,3,3,3,0
1,frontcatalog,250,246,currencyservice,server,73,3,3,3,0
1,frontcatalog,250,246,emailservice,email,72,4,4,4,0
1,frontcatalog,250,246,frontend,productcatalog,56,3,3,3,0
1,frontcatalog,250,246,frontend,server,58,3,3,3,0
1,frontcatalog,250,246,paymentservice,payment,73,3,3,3,0
1,frontcatalog,250,246,recommendationservice,server,174,1,3,2,0
1,frontcatalog,250,246,redis-cart,-,,1,1,1,0
1,frontcatalog,250,246,shippingservice,server,64,3,3,3,0
1,frontcatalog,250,261,adservice,server,55,3,3,3,0
1,frontcatalog,250,261,cartservice,server,65,4,4,4,0
1,frontcatalog,250,261,checkoutservice,checkout,65,3,3,3,0
1,frontcatalog,250,261,currencyservice,server,68,3,3,3,0
1,frontcatalog,250,261,emailservice,email,51,4,4,4,0
1,frontcatalog,250,261,frontend,productcatalog,61,3,3,3,0
1,frontcatalog,250,261,frontend,server,54,3,3,3,0
1,frontcatalog,250,261,paymentservice,payment,67,3,3,3,0
1,frontcatalog,250,261,recommendationservice,server,174,3,3,2,0
1,frontcatalog,250,261,redis-cart,-,,1,1,1,0
1,frontcatalog,250,261,shippingservice,server,61,3,3,3,0
1,frontcatalog,250,276,adservice,server,48,3,3,3,0
1,frontcatalog,250,276,cartservice,server,59,4,4,4,0
1,frontcatalog,250,276,checkoutservice,checkout,66,3,3,3,0
1,frontcatalog,250,276,currencyservice,server,66,3,3,3,0
1,frontcatalog,250,276,emailservice,email,50,4,4,4,0
1,frontcatalog,250,276,frontend,productcatalog,50,3,3,3,0
1,frontcatalog,250,276,frontend,server,62,3,3,3,0
1,frontcatalog,250,276,paymentservice,payment,67,3,3,3,0
1,frontcatalog,250,276,recommendationservice,server,173,3,3,2,0
1,frontcatalog,250,276,redis-cart,-,,1,1,1,0
1,frontcatalog,250,276,shippingservice,server,58,3,3,3,0
1,frontcatalog,250,292,adservice,server,49,3,3,3,0
1,frontcatalog,250,292,cartservice,server,64,4,4,4,0
1,frontcatalog,250,292,checkoutservice,checkout,55,3,3,3,0
1,frontcatalog,250,292,currencyservice,server,66,3,3,3,0
1,frontcatalog,250,292,emailservice,email,50,4,4,4,0
1,frontcatalog,250,292,frontend,productcatalog,56,3,3,3,0
1,frontcatalog,250,292,frontend,server,61,3,3,3,0
1,frontcatalog,250,292,paymentservice,payment,66,3,3,3,0
1,frontcatalog,250,292,recommendationservice,server,57,3,3,2,0
1,frontcatalog,250,292,redis-cart,-,,1,1,1,0
1,frontcatalog,250,292,shippingservice,server,61,3,3,3,0
1,frontcatalog,250,307,adservice,server,47,3,3,3,0
1,frontcatalog,250,307,cartservice,server,58,4,4,4,0
1,frontcatalog,250,307,checkoutservice,checkout,58,3,3,3,0
1,frontcatalog,250,307,currencyservice,server,67,3,3,3,0
1,frontcatalog,250,307,emailservice,email,50,4,3,3,0
1,frontcatalog,250,307,frontend,productcatalog,56,3,3,3,0
1,frontcatalog,250,307,frontend,server,60,3,3,3,0
1,frontcatalog,250,307,paymentservice,payment,66,3,3,3,0
1,frontcatalog,250,307,recommendationservice,server,57,3,3,2,0
1,frontcatalog,250,307,redis-cart,-,,1,1,1,0
1,frontcatalog,250,307,shippingservice,server,61,3,3,3,0
1,frontcatalog,250,322,adservice,server,46,3,3,3,0
1,frontcatalog,250,322,cartservice,server,59,4,4,4,0
1,frontcatalog,250,322,checkoutservice,checkout,62,3,3,3,0
1,frontcatalog,250,322,currencyservice,server,68,3,3,3,0
1,frontcatalog,250,322,emailservice,email,77,3,3,3,0
1,frontcatalog,250,322,frontend,productcatalog,51,3,3,3,0
1,frontcatalog,250,322,frontend,server,64,3,3,3,0
1,frontcatalog,250,322,paymentservice,payment,68,3,3,3,0
1,frontcatalog,250,322,recommendationservice,server,0,3,3,2,0
1,frontcatalog,250,322,redis-cart,-,,1,1,1,0
1,frontcatalog,250,322,shippingservice,server,62,3,3,3,0
1,frontcatalog,250,338,adservice,server,58,3,3,3,0
1,frontcatalog,250,338,cartservice,server,64,4,4,4,0
1,frontcatalog,250,338,checkoutservice,checkout,51,3,3,3,0
1,frontcatalog,250,338,currencyservice,server,66,3,3,3,0
1,frontcatalog,250,338,emailservice,email,70,3,3,3,0
1,frontcatalog,250,338,frontend,productcatalog,54,3,3,3,0
1,frontcatalog,250,338,frontend,server,60,3,3,3,0
1,frontcatalog,250,338,paymentservice,payment,61,3,3,3,0
1,frontcatalog,250,338,recommendationservice,server,0,3,3,2,0
1,frontcatalog,250,338,redis-cart,-,,1,1,1,0
1,frontcatalog,250,338,shippingservice,server,55,3,3,3,0
1,frontcatalog,250,353,adservice,server,58,3,3,3,0
1,frontcatalog,250,353,cartservice,server,62,4,4,4,0
1,frontcatalog,250,353,checkoutservice,checkout,63,3,3,3,0
1,frontcatalog,250,353,currencyservice,server,67,3,3,3,0
1,frontcatalog,250,353,emailservice,email,70,3,3,3,0
1,frontcatalog,250,353,frontend,productcatalog,54,3,3,3,0
1,frontcatalog,250,353,frontend,server,59,3,3,3,0
1,frontcatalog,250,353,paymentservice,payment,65,3,3,3,0
1,frontcatalog,250,353,recommendationservice,server,0,3,3,2,0
1,frontcatalog,250,353,redis-cart,-,,1,1,1,0
1,frontcatalog,250,353,shippingservice,server,61,3,3,3,0
1,frontcatalog,250,368,adservice,server,50,3,3,3,0
1,frontcatalog,250,368,cartservice,server,62,4,4,4,0
1,frontcatalog,250,368,checkoutservice,checkout,61,3,3,3,0
1,frontcatalog,250,368,currencyservice,server,64,3,3,3,0
1,frontcatalog,250,368,emailservice,email,68,3,3,3,0
1,frontcatalog,250,368,frontend,productcatalog,55,3,3,3,0
1,frontcatalog,250,368,frontend,server,59,3,3,3,0
1,frontcatalog,250,368,paymentservice,payment,67,3,3,3,0
1,frontcatalog,250,368,recommendationservice,server,0,3,2,2,0
1,frontcatalog,250,368,redis-cart,-,,1,1,1,0
1,frontcatalog,250,368,shippingservice,server,60,3,3,3,0
1,frontcatalog,250,384,adservice,server,51,3,3,3,0
1,frontcatalog,250,384,cartservice,server,62,4,4,4,0
1,frontcatalog,250,384,checkoutservice,checkout,59,3,3,3,0
1,frontcatalog,250,384,currencyservice,server,67,3,3,3,0
1,frontcatalog,250,384,emailservice,email,67,3,3,3,0
1,frontcatalog,250,384,frontend,productcatalog,53,3,3,3,0
1,frontcatalog,250,384,frontend,server,60,3,3,3,0
1,frontcatalog,250,384,paymentservice,payment,66,3,3,3,0
1,frontcatalog,250,384,recommendationservice,server,0,2,1,0,0
1,frontcatalog,250,384,redis-cart,-,,1,1,1,0
1,frontcatalog,250,384,shippingservice,server,60,3,3,3,0
1,frontcatalog,250,399,adservice,server,53,3,3,3,0
1,frontcatalog,250,399,cartservice,server,62,4,4,4,0
1,frontcatalog,250,399,checkoutservice,checkout,63,3,3,3,0
1,frontcatalog,250,399,currencyservice,server,67,3,3,3,0
1,frontcatalog,250,399,emailservice,email,63,3,3,3,0
1,frontcatalog,250,399,frontend,productcatalog,63,3,3,3,0
1,frontcatalog,250,399,frontend,server,67,3,3,3,0
1,frontcatalog,250,399,paymentservice,payment,69,3,3,3,0
1,frontcatalog,250,399,recommendationservice,-,,1,1,1,0
1,frontcatalog,250,399,redis-cart,-,,1,1,1,0
1,frontcatalog,250,399,shippingservice,server,72,3,3,3,0
1,frontcatalog,250,414,adservice,server,54,3,3,3,0
1,frontcatalog,250,414,cartservice,server,61,4,4,4,0
1,frontcatalog,250,414,checkoutservice,checkout,79,3,3,3,0
1,frontcatalog,250,414,currencyservice,server,83,3,3,3,0
1,frontcatalog,250,414,emailservice,email,113,3,3,3,0
1,frontcatalog,250,414,frontend,productcatalog,55,3,3,3,0
1,frontcatalog,250,414,frontend,server,71,3,3,3,0
1,frontcatalog,250,414,paymentservice,payment,92,3,3,3,0
1,frontcatalog,250,414,recommendationservice,-,,1,1,0,0
1,frontcatalog,250,414,redis-cart,-,,1,1,1,0
1,frontcatalog,250,414,shippingservice,server,60,3,3,3,0
1,frontcatalog,250,429,adservice,server,52,3,3,3,0
1,frontcatalog,250,429,cartservice,server,70,4,4,4,0
1,frontcatalog,250,429,checkoutservice,checkout,79,3,4,4,0
1,frontcatalog,250,429,currencyservice,server,78,3,4,4,0
1,frontcatalog,250,429,emailservice,email,75,3,3,3,0
1,frontcatalog,250,429,frontend,productcatalog,59,3,3,3,0
1,frontcatalog,250,429,frontend,server,64,3,3,3,0
1,frontcatalog,250,429,paymentservice,payment,71,3,3,3,0
1,frontcatalog,250,429,recommendationservice,-,,1,1,1,0
1,frontcatalog,250,429,redis-cart,-,,1,1,1,0
1,frontcatalog,250,429,shippingservice,server,60,3,3,3,0
1,frontcatalog,250,445,adservice,server,48,3,3,3,0
1,frontcatalog,250,445,cartservice,server,63,4,4,4,0
1,frontcatalog,250,445,checkoutservice,checkout,61,4,4,4,0
1,frontcatalog,250,445,currencyservice,server,66,4,4,4,0
1,frontcatalog,250,445,emailservice,email,67,3,3,3,0
1,frontcatalog,250,445,frontend,productcatalog,54,3,3,3,0
1,frontcatalog,250,445,frontend,server,58,3,3,3,0
1,frontcatalog,250,445,paymentservice,payment,67,3,3,3,0
1,frontcatalog,250,445,recommendationservice,-,,1,1,1,0
1,frontcatalog,250,445,redis-cart,-,,1,1,1,0
1,frontcatalog,250,445,shippingservice,server,42,3,3,3,0
1,frontcatalog,300,1,adservice,server,3,3,3,3,0
1,frontcatalog,300,1,cartservice,server,0,4,4,4,0
1,frontcatalog,300,1,checkoutservice,checkout,0,4,4,4,0
1,frontcatalog,300,1,currencyservice,server,41,4,4,4,0
1,frontcatalog,300,1,emailservice,email,43,3,3,3,0
1,frontcatalog,300,1,frontend,productcatalog,30,3,3,3,0
1,frontcatalog,300,1,frontend,server,47,3,3,3,0
1,frontcatalog,300,1,paymentservice,payment,36,3,3,3,0
1,frontcatalog,300,1,recommendationservice,-,,1,1,1,0
1,frontcatalog,300,1,redis-cart,-,,1,1,1,0
1,frontcatalog,300,1,shippingservice,server,1,3,3,3,0
1,frontcatalog,300,16,adservice,server,5,3,3,3,0
1,frontcatalog,300,16,cartservice,server,4,4,4,4,0
1,frontcatalog,300,16,checkoutservice,checkout,3,4,4,4,0
1,frontcatalog,300,16,currencyservice,server,3,4,4,4,0
1,frontcatalog,300,16,emailservice,email,2,3,3,3,0
1,frontcatalog,300,16,frontend,productcatalog,0,3,3,3,0
1,frontcatalog,300,16,frontend,server,0,3,3,3,0
1,frontcatalog,300,16,paymentservice,payment,3,3,3,3,0
1,frontcatalog,300,16,recommendationservice,server,0,1,1,1,0
1,frontcatalog,300,16,redis-cart,-,,1,1,1,0
1,frontcatalog,300,16,shippingservice,server,5,3,3,3,0
1,frontcatalog,300,31,adservice,server,50,3,3,3,0
1,frontcatalog,300,31,cartservice,server,15,4,3,3,0
1,frontcatalog,300,31,checkoutservice,checkout,24,4,2,2,0
1,frontcatalog,300,31,currencyservice,server,41,4,3,3,0
1,frontcatalog,300,31,emailservice,email,41,3,2,2,0
1,frontcatalog,300,31,frontend,productcatalog,0,3,3,3,0
1,frontcatalog,300,31,frontend,server,0,3,3,3,0
1,frontcatalog,300,31,paymentservice,payment,1,3,3,3,0
1,frontcatalog,300,31,recommendationservice,server,23,1,1,0,0
1,frontcatalog,300,31,redis-cart,-,,1,1,1,0
1,frontcatalog,300,31,shippingservice,server,59,3,3,3,0
1,frontcatalog,300,47,adservice,server,48,3,3,3,0
1,frontcatalog,300,47,cartservice,server,86,3,3,3,0
1,frontcatalog,300,47,checkoutservice,checkout,93,2,2,2,0
1,frontcatalog,300,47,currencyservice,server,69,3,3,3,0
1,frontcatalog,300,47,emailservice,email,102,2,2,2,0
1,frontcatalog,300,47,frontend,productcatalog,25,3,3,3,0
1,frontcatalog,300,47,frontend,server,49,3,3,3,0
1,frontcatalog,300,47,paymentservice,payment,87,3,3,3,0
1,frontcatalog,300,47,recommendationservice,-,,1,1,0,0
1,frontcatalog,300,47,redis-cart,-,,1,1,1,0
1,frontcatalog,300,47,shippingservice,server,60,3,3,3,0
1,frontcatalog,300,62,adservice,server,49,3,3,3,0
1,frontcatalog,300,62,cartservice,server,87,3,4,3,0
1,frontcatalog,300,62,checkoutservice,checkout,92,2,3,2,1
1,frontcatalog,300,62,currencyservice,server,70,3,3,3,0
1,frontcatalog,300,62,emailservice,email,99,2,3,2,1
1,frontcatalog,300,62,frontend,productcatalog,54,3,3,3,0
1,frontcatalog,300,62,frontend,server,61,3,3,3,0
1,frontcatalog,300,62,paymentservice,payment,69,3,3,3,0
1,frontcatalog,300,62,recommendationservice,-,,1,1,0,0
1,frontcatalog,300,62,redis-cart,-,,1,1,1,0
1,frontcatalog,300,62,shippingservice,server,60,3,3,3,0
1,frontcatalog,300,77,adservice,server,48,3,3,3,0
1,frontcatalog,300,77,cartservice,server,88,4,4,3,0
1,frontcatalog,300,77,checkoutservice,checkout,93,3,3,3,0
1,frontcatalog,300,77,currencyservice,server,69,3,3,3,0
1,frontcatalog,300,77,emailservice,email,100,3,3,3,0
1,frontcatalog,300,77,frontend,productcatalog,55,3,3,3,0
1,frontcatalog,300,77,frontend,server,62,3,3,3,0
1,frontcatalog,300,77,paymentservice,payment,69,3,3,3,0
1,frontcatalog,300,77,recommendationservice,server,173,1,3,0,2
1,frontcatalog,300,77,redis-cart,-,,1,1,1,0
1,frontcatalog,300,77,shippingservice,server,60,3,3,3,0
1,frontcatalog,300,93,adservice,server,48,3,3,3,0
1,frontcatalog,300,93,cartservice,server,87,4,4,4,0
1,frontcatalog,300,93,checkoutservice,checkout,93,3,3,3,0
1,frontcatalog,300,93,currencyservice,server,69,3,3,3,0
1,frontcatalog,300,93,emailservice,email,99,3,3,3,0
1,frontcatalog,300,93,frontend,productcatalog,54,3,3,3,0
1,frontcatalog,300,93,frontend,server,61,3,3,3,0
1,frontcatalog,300,93,paymentservice,payment,67,3,3,3,0
1,frontcatalog,300,93,recommendationservice,server,171,3,3,3,0
1,frontcatalog,300,93,redis-cart,-,,1,1,1,0
1,frontcatalog,300,93,shippingservice,server,55,3,3,3,0
1,frontcatalog,300,108,adservice,server,45,3,3,3,0
1,frontcatalog,300,108,cartservice,server,89,4,4,4,0
1,frontcatalog,300,108,checkoutservice,checkout,68,3,3,3,0
1,frontcatalog,300,108,currencyservice,server,72,3,3,3,0
1,frontcatalog,300,108,emailservice,email,91,3,3,3,0
1,frontcatalog,300,108,frontend,productcatalog,49,3,3,3,0
1,frontcatalog,300,108,frontend,server,63,3,3,3,0
1,frontcatalog,300,108,paymentservice,payment,68,3,3,3,0
1,frontcatalog,300,108,recommendationservice,-,,3,3,2,0
1,frontcatalog,300,108,redis-cart,-,,1,1,1,0
1,frontcatalog,300,108,shippingservice,server,59,3,3,3,0
1,frontcatalog,300,123,adservice,server,45,3,3,3,0
1,frontcatalog,300,123,cartservice,server,77,4,4,4,0
1,frontcatalog,300,123,checkoutservice,checkout,40,3,3,3,0
1,frontcatalog,300,123,currencyservice,server,69,3,3,3,0
1,frontcatalog,300,123,emailservice,email,55,3,3,3,0
1,frontcatalog,300,123,frontend,productcatalog,53,3,3,3,0
1,frontcatalog,300,123,frontend,server,61,3,3,3,0
1,frontcatalog,300,123,paymentservice,payment,65,3,3,3,0
1,frontcatalog,300,123,recommendationservice,server,5,3,3,2,0
1,frontcatalog,300,123,redis-cart,-,,1,1,1,0
1,frontcatalog,300,123,shippingservice,server,59,3,3,3,0
1,frontcatalog,300,139,adservice,server,53,3,3,3,0
1,frontcatalog,300,139,cartservice,server,61,4,4,4,0
1,frontcatalog,300,139,checkoutservice,checkout,65,3,3,3,0
1,frontcatalog,300,139,currencyservice,server,64,3,3,3,0
1,frontcatalog,300,139,emailservice,email,55,3,3,3,0
1,frontcatalog,300,139,frontend,productcatalog,54,3,3,3,0
1,frontcatalog,300,139,frontend,server,57,3,3,3,0
1,frontcatalog,300,139,paymentservice,payment,70,3,3,3,0
1,frontcatalog,300,139,recommendationservice,server,0,3,3,2,0
1,frontcatalog,300,139,redis-cart,-,,1,1,1,0
1,frontcatalog,300,139,shippingservice,server,62,3,3,3,0
1,frontcatalog,300,154,adservice,server,46,3,3,3,0
1,frontcatalog,300,154,cartservice,server,59,4,4,4,0
1,frontcatalog,300,154,checkoutservice,checkout,61,3,3,3,0
1,frontcatalog,300,154,currencyservice,server,65,3,3,3,0
1,frontcatalog,300,154,emailservice,email,68,3,3,3,0
1,frontcatalog,300,154,frontend,productcatalog,54,3,3,3,0
1,frontcatalog,300,154,frontend,server,62,3,3,3,0
1,frontcatalog,300,154,paymentservice,payment,68,3,3,3,0
1,frontcatalog,300,154,recommendationservice,server,0,3,1,1,0
1,frontcatalog,300,154,redis-cart,-,,1,1,1,0
1,frontcatalog,300,154,shippingservice,server,61,3,3,3,0
1,frontcatalog,300,169,adservice,server,45,3,3,3,0
1,frontcatalog,300,169,cartservice,server,61,4,4,4,0
1,frontcatalog,300,169,checkoutservice,checkout,55,3,3,3,0
1,frontcatalog,300,169,currencyservice,server,65,3,3,3,0
1,frontcatalog,300,169,emailservice,email,70,3,3,3,0
1,frontcatalog,300,169,frontend,productcatalog,56,3,3,3,0
1,frontcatalog,300,169,frontend,server,57,3,3,3,0
1,frontcatalog,300,169,paymentservice,payment,66,3,3,3,0
1,frontcatalog,300,169,recommendationservice,server,0,1,1,1,0
1,frontcatalog,300,169,redis-cart,-,,1,1,1,0
1,frontcatalog,300,169,shippingservice,server,62,3,3,3,0
1,frontcatalog,300,184,adservice,server,45,3,3,3,0
1,frontcatalog,300,184,cartservice,server,55,4,4,4,0
1,frontcatalog,300,184,checkoutservice,checkout,68,3,3,3,0
1,frontcatalog,300,184,currencyservice,server,69,3,3,3,0
1,frontcatalog,300,184,emailservice,email,103,3,3,3,0
1,frontcatalog,300,184,frontend,productcatalog,48,3,3,3,0
1,frontcatalog,300,184,frontend,server,63,3,3,3,0
1,frontcatalog,300,184,paymentservice,payment,66,3,3,3,0
1,frontcatalog,300,184,recommendationservice,-,,1,1,0,0
1,frontcatalog,300,184,redis-cart,-,,1,1,1,0
1,frontcatalog,300,184,shippingservice,server,52,3,3,3,0
1,frontcatalog,300,200,adservice,server,47,3,3,3,0
1,frontcatalog,300,200,cartservice,server,64,4,4,4,0
1,frontcatalog,300,200,checkoutservice,checkout,52,3,3,3,0
1,frontcatalog,300,200,currencyservice,server,67,3,3,3,0
1,frontcatalog,300,200,emailservice,email,45,3,3,3,0
1,frontcatalog,300,200,frontend,productcatalog,54,3,3,3,0
1,frontcatalog,300,200,frontend,server,58,3,3,3,0
1,frontcatalog,300,200,paymentservice,payment,62,3,3,3,0
1,frontcatalog,300,200,recommendationservice,-,,1,1,0,0
1,frontcatalog,300,200,redis-cart,-,,1,1,1,0
1,frontcatalog,300,200,shippingservice,server,58,3,3,3,0
1,frontcatalog,300,215,adservice,server,46,3,3,3,0
1,frontcatalog,300,215,cartservice,server,61,4,4,4,0
1,frontcatalog,300,215,checkoutservice,checkout,61,3,3,3,0
1,frontcatalog,300,215,currencyservice,server,65,3,3,3,0
1,frontcatalog,300,215,emailservice,email,68,3,3,3,0
1,frontcatalog,300,215,frontend,productcatalog,53,3,3,3,0
1,frontcatalog,300,215,frontend,server,59,3,3,3,0
1,frontcatalog,300,215,paymentservice,payment,69,3,3,3,0
1,frontcatalog,300,215,recommendationservice,-,,1,1,0,0
1,frontcatalog,300,215,redis-cart,-,,1,1,1,0
1,frontcatalog,300,215,shippingservice,server,64,3,3,3,0
1,frontcatalog,300,230,adservice,server,44,3,3,3,0
1,frontcatalog,300,230,cartservice,server,62,4,4,4,0
1,frontcatalog,300,230,checkoutservice,checkout,62,3,3,3,0
1,frontcatalog,300,230,currencyservice,server,66,3,3,3,0
1,frontcatalog,300,230,emailservice,email,70,3,3,3,0
1,frontcatalog,300,230,frontend,productcatalog,53,3,3,3,0
1,frontcatalog,300,230,frontend,server,55,3,3,3,0
1,frontcatalog,300,230,paymentservice,payment,67,3,3,3,0
1,frontcatalog,300,230,recommendationservice,-,,1,1,0,0
1,frontcatalog,300,230,redis-cart,-,,1,1,1,0
1,frontcatalog,300,230,shippingservice,server,59,3,3,3,0
1,frontcatalog,300,246,adservice,server,45,3,3,3,0
1,frontcatalog,300,246,cartservice,server,56,4,4,4,0
1,frontcatalog,300,246,checkoutservice,checkout,53,3,3,3,0
1,frontcatalog,300,246,currencyservice,server,64,3,3,3,0
1,frontcatalog,300,246,emailservice,email,67,3,3,3,0
1,frontcatalog,300,246,frontend,productcatalog,53,3,3,3,0
1,frontcatalog,300,246,frontend,server,61,3,3,3,0
1,frontcatalog,300,246,paymentservice,payment,67,3,3,3,0
1,frontcatalog,300,246,recommendationservice,-,,1,1,1,0
1,frontcatalog,300,246,redis-cart,-,,1,1,1,0
1,frontcatalog,300,246,shippingservice,server,57,3,3,3,0
1,frontcatalog,300,261,adservice,server,47,3,3,3,0
1,frontcatalog,300,261,cartservice,server,53,4,4,4,0
1,frontcatalog,300,261,checkoutservice,checkout,68,3,3,3,0
1,frontcatalog,300,261,currencyservice,server,71,3,3,3,0
1,frontcatalog,300,261,emailservice,email,84,3,3,3,0
1,frontcatalog,300,261,frontend,productcatalog,54,3,3,3,0
1,frontcatalog,300,261,frontend,server,64,3,3,3,0
1,frontcatalog,300,261,paymentservice,payment,66,3,3,3,0
1,frontcatalog,300,261,recommendationservice,-,,1,1,0,0
1,frontcatalog,300,261,redis-cart,-,,1,1,1,0
1,frontcatalog,300,261,shippingservice,server,52,3,3,3,0
1,frontcatalog,300,276,adservice,server,53,3,3,3,0
1,frontcatalog,300,276,cartservice,server,67,4,4,4,0
1,frontcatalog,300,276,checkoutservice,checkout,49,3,3,3,0
1,frontcatalog,300,276,currencyservice,server,67,3,3,3,0
1,frontcatalog,300,276,emailservice,email,84,3,4,4,0
1,frontcatalog,300,276,frontend,productcatalog,51,3,3,3,0
1,frontcatalog,300,276,frontend,server,62,3,3,3,0
1,frontcatalog,300,276,paymentservice,payment,61,3,3,3,0
1,frontcatalog,300,276,recommendationservice,-,,1,1,0,0
1,frontcatalog,300,276,redis-cart,-,,1,1,1,0
1,frontcatalog,300,276,shippingservice,server,60,3,3,3,0
1,frontcatalog,300,291,adservice,server,49,3,3,3,0
1,frontcatalog,300,291,cartservice,server,64,4,4,4,0
1,frontcatalog,300,291,checkoutservice,checkout,58,3,3,3,0
1,frontcatalog,300,291,currencyservice,server,65,3,3,3,0
1,frontcatalog,300,291,emailservice,email,69,4,4,4,0
1,frontcatalog,300,291,frontend,productcatalog,54,3,3,3,0
1,frontcatalog,300,291,frontend,server,62,3,3,3,0
1,frontcatalog,300,291,paymentservice,payment,67,3,3,3,0
1,frontcatalog,300,291,recommendationservice,-,,1,1,0,0
1,frontcatalog,300,291,redis-cart,-,,1,1,1,0
1,frontcatalog,300,291,shippingservice,server,61,3,3,3,0
1,frontcatalog,300,307,adservice,server,46,3,3,3,0
1,frontcatalog,300,307,cartservice,server,60,4,4,4,0
1,frontcatalog,300,307,checkoutservice,checkout,66,3,3,3,0
1,frontcatalog,300,307,currencyservice,server,66,3,3,3,0
1,frontcatalog,300,307,emailservice,email,69,4,4,4,0
1,frontcatalog,300,307,frontend,productcatalog,56,3,3,3,0
1,frontcatalog,300,307,frontend,server,57,3,3,3,0
1,frontcatalog,300,307,paymentservice,payment,72,3,3,3,0
1,frontcatalog,300,307,recommendationservice,-,,1,1,0,0
1,frontcatalog,300,307,redis-cart,-,,1,1,1,0
1,frontcatalog,300,307,shippingservice,server,62,3,3,3,0
1,frontcatalog,300,322,adservice,server,46,3,3,3,0
1,frontcatalog,300,322,cartservice,server,59,4,4,4,0
1,frontcatalog,300,322,checkoutservice,checkout,59,3,3,3,0
1,frontcatalog,300,322,currencyservice,server,66,3,3,3,0
1,frontcatalog,300,322,emailservice,email,51,4,4,4,0
1,frontcatalog,300,322,frontend,productcatalog,54,3,3,3,0
1,frontcatalog,300,322,frontend,server,60,3,3,3,0
1,frontcatalog,300,322,paymentservice,payment,65,3,3,3,0
1,frontcatalog,300,322,recommendationservice,-,,1,1,0,0
1,frontcatalog,300,322,redis-cart,-,,1,1,1,0
1,frontcatalog,300,322,shippingservice,server,61,3,3,3,0
1,frontcatalog,300,337,adservice,server,43,3,3,3,0
1,frontcatalog,300,337,cartservice,server,61,4,4,4,0
1,frontcatalog,300,337,checkoutservice,checkout,63,3,3,3,0
1,frontcatalog,300,337,currencyservice,server,67,3,3,3,0
1,frontcatalog,300,337,emailservice,email,50,4,4,4,0
1,frontcatalog,300,337,frontend,productcatalog,55,3,3,3,0
1,frontcatalog,300,337,frontend,server,65,3,3,3,0
1,frontcatalog,300,337,paymentservice,payment,65,3,3,3,0
1,frontcatalog,300,337,recommendationservice,-,,1,1,1,0
1,frontcatalog,300,337,redis-cart,-,,1,1,1,0
1,frontcatalog,300,337,shippingservice,server,59,3,3,3,0
1,frontcatalog,300,353,adservice,server,49,3,3,3,0
1,frontcatalog,300,353,cartservice,server,60,4,4,4,0
1,frontcatalog,300,353,checkoutservice,checkout,55,3,3,3,0
1,frontcatalog,300,353,currencyservice,server,66,3,3,3,0
1,frontcatalog,300,353,emailservice,email,50,4,4,4,0
1,frontcatalog,300,353,frontend,productcatalog,53,3,3,3,0
1,frontcatalog,300,353,frontend,server,60,3,3,3,0
1,frontcatalog,300,353,paymentservice,payment,68,3,3,3,0
1,frontcatalog,300,353,recommendationservice,-,,1,1,0,0
1,frontcatalog,300,353,redis-cart,-,,1,1,1,0
1,frontcatalog,300,353,shippingservice,server,55,3,3,3,0
1,frontcatalog,300,368,adservice,server,48,3,3,3,0
1,frontcatalog,300,368,cartservice,server,62,4,4,4,0
1,frontcatalog,300,368,checkoutservice,checkout,67,3,3,3,0
1,frontcatalog,300,368,currencyservice,server,75,3,3,3,0
1,frontcatalog,300,368,emailservice,email,67,4,4,4,0
1,frontcatalog,300,368,frontend,productcatalog,53,3,3,3,0
1,frontcatalog,300,368,frontend,server,65,3,3,3,0
1,frontcatalog,300,368,paymentservice,payment,65,3,3,3,0
1,frontcatalog,300,368,recommendationservice,-,,1,1,0,0
1,frontcatalog,300,368,redis-cart,-,,1,1,1,0
1,frontcatalog,300,368,shippingservice,server,62,3,3,3,0
1,frontcatalog,300,383,adservice,server,52,3,3,3,0
1,frontcatalog,300,383,cartservice,server,61,4,4,4,0
1,frontcatalog,300,383,checkoutservice,checkout,60,3,3,3,0
1,frontcatalog,300,383,currencyservice,server,70,3,3,3,0
1,frontcatalog,300,383,emailservice,email,50,4,4,4,0
1,frontcatalog,300,383,frontend,productcatalog,55,3,3,3,0
1,frontcatalog,300,383,frontend,server,67,3,3,3,0
1,frontcatalog,300,383,paymentservice,payment,68,3,3,3,0
1,frontcatalog,300,383,recommendationservice,server,173,1,3,2,0
1,frontcatalog,300,383,redis-cart,-,,1,1,1,0
1,frontcatalog,300,383,shippingservice,server,61,3,3,3,0
1,frontcatalog,300,399,adservice,server,43,3,3,3,0
1,frontcatalog,300,399,cartservice,server,63,4,4,4,0
1,frontcatalog,300,399,checkoutservice,checkout,48,3,3,3,0
1,frontcatalog,300,399,currencyservice,server,66,3,3,3,0
1,frontcatalog,300,399,emailservice,email,54,4,4,4,0
1,frontcatalog,300,399,frontend,productcatalog,55,3,3,3,0
1,frontcatalog,300,399,frontend,server,60,3,3,3,0
1,frontcatalog,300,399,paymentservice,payment,68,3,3,3,0
1,frontcatalog,300,399,recommendationservice,server,173,3,3,2,0
1,frontcatalog,300,399,redis-cart,-,,1,1,1,0
1,frontcatalog,300,399,shippingservice,server,62,3,3,3,0
1,frontcatalog,300,414,adservice,server,45,3,3,3,0
1,frontcatalog,300,414,cartservice,server,61,4,4,4,0
1,frontcatalog,300,414,checkoutservice,checkout,64,3,3,3,0
1,frontcatalog,300,414,currencyservice,server,66,3,3,3,0
1,frontcatalog,300,414,emailservice,email,50,4,4,4,0
1,frontcatalog,300,414,frontend,productcatalog,54,3,3,3,0
1,frontcatalog,300,414,frontend,server,58,3,3,3,0
1,frontcatalog,300,414,paymentservice,payment,67,3,3,3,0
1,frontcatalog,300,414,recommendationservice,server,57,3,3,2,0
1,frontcatalog,300,414,redis-cart,-,,1,1,1,0
1,frontcatalog,300,414,shippingservice,server,56,3,3,3,0
1,frontcatalog,300,429,adservice,server,47,3,3,3,0
1,frontcatalog,300,429,cartservice,server,59,4,4,4,0
1,frontcatalog,300,429,checkoutservice,checkout,68,3,3,3,0
1,frontcatalog,300,429,currencyservice,server,64,3,3,3,0
1,frontcatalog,300,429,emailservice,email,50,4,4,4,0
1,frontcatalog,300,429,frontend,productcatalog,56,3,3,3,0
1,frontcatalog,300,429,frontend,server,57,3,3,3,0
1,frontcatalog,300,429,paymentservice,payment,67,3,3,3,0
1,frontcatalog,300,429,recommendationservice,server,0,3,3,3,0
1,frontcatalog,300,429,redis-cart,-,,1,1,1,0
1,frontcatalog,300,429,shippingservice,server,66,3,3,3,0
1,frontcatalog,300,444,adservice,server,42,3,3,3,0
1,frontcatalog,300,444,cartservice,server,60,4,4,4,0
1,frontcatalog,300,444,checkoutservice,checkout,61,3,3,3,0
1,frontcatalog,300,444,currencyservice,server,68,3,3,3,0
1,frontcatalog,300,444,emailservice,email,69,4,4,4,0
1,frontcatalog,300,444,frontend,productcatalog,54,3,3,3,0
1,frontcatalog,300,444,frontend,server,60,3,3,3,0
1,frontcatalog,300,444,paymentservice,payment,62,3,3,3,0
1,frontcatalog,300,444,recommendationservice,server,49,3,3,3,0
1,frontcatalog,300,444,redis-cart,-,,1,1,1,0
1,frontcatalog,300,444,shippingservice,server,44,3,3,3,0
2,frontcatalog,250,1,adservice,server,4,2,2,2,0
2,frontcatalog,250,1,cartservice,server,1,2,2,2,0
2,frontcatalog,250,1,checkoutservice,checkout,0,2,2,2,0
2,frontcatalog,250,1,currencyservice,server,0,2,2,2,0
2,frontcatalog,250,1,emailservice,email,2,2,2,2,0
2,frontcatalog,250,1,frontend,productcatalog,0,2,2,2,0
2,frontcatalog,250,1,frontend,server,0,2,2,2,0
2,frontcatalog,250,1,paymentservice,payment,1,2,2,2,0
2,frontcatalog,250,1,recommendationservice,-,,,0,2,0
2,frontcatalog,250,1,redis-cart,-,,1,1,1,0
2,frontcatalog,250,1,shippingservice,-,,,0,2,0
2,frontcatalog,250,16,adservice,server,5,2,2,2,0
2,frontcatalog,250,16,cartservice,server,31,2,2,2,0
2,frontcatalog,250,16,checkoutservice,checkout,3,2,2,2,0
2,frontcatalog,250,16,currencyservice,server,28,2,2,2,0
2,frontcatalog,250,16,emailservice,email,2,2,2,2,0
2,frontcatalog,250,16,frontend,productcatalog,11,2,2,2,0
2,frontcatalog,250,16,frontend,server,18,2,2,2,0
2,frontcatalog,250,16,paymentservice,payment,1,2,2,2,0
2,frontcatalog,250,16,recommendationservice,server,0,2,2,2,0
2,frontcatalog,250,16,redis-cart,-,,1,1,1,0
2,frontcatalog,250,16,shippingservice,server,0,2,2,2,0
2,frontcatalog,250,31,adservice,server,289,2,2,2,0
2,frontcatalog,250,31,cartservice,server,99,2,2,2,0
2,frontcatalog,250,31,checkoutservice,checkout,67,2,2,2,0
2,frontcatalog,250,31,currencyservice,server,80,2,2,2,0
2,frontcatalog,250,31,emailservice,email,80,2,2,2,0
2,frontcatalog,250,31,frontend,productcatalog,62,2,2,2,0
2,frontcatalog,250,31,frontend,server,55,2,2,2,0
2,frontcatalog,250,31,paymentservice,payment,73,2,2,2,0
2,frontcatalog,250,31,recommendationservice,server,69,2,2,2,0
2,frontcatalog,250,31,redis-cart,-,,1,1,1,0
2,frontcatalog,250,31,shippingservice,server,0,2,2,2,0
2,frontcatalog,250,47,adservice,server,368,2,6,2,0
2,frontcatalog,250,47,cartservice,server,96,2,3,2,0
2,frontcatalog,250,47,checkoutservice,checkout,89,2,2,2,0
2,frontcatalog,250,47,currencyservice,server,79,2,3,2,0
2,frontcatalog,250,47,emailservice,email,103,2,3,2,1
2,frontcatalog,250,47,frontend,productcatalog,78,2,2,2,0
2,frontcatalog,250,47,frontend,server,84,2,2,2,0
2,frontcatalog,250,47,paymentservice,payment,97,2,2,2,0
2,frontcatalog,250,47,recommendationservice,server,86,2,2,2,0
2,frontcatalog,250,47,redis-cart,-,,1,1,1,0
2,frontcatalog,250,47,shippingservice,server,92,2,2,2,0
2,frontcatalog,250,62,adservice,server,211,6,6,2,0
2,frontcatalog,250,62,cartservice,server,92,3,3,2,0
2,frontcatalog,250,62,checkoutservice,checkout,80,2,3,3,0
2,frontcatalog,250,62,currencyservice,server,77,3,3,3,0
2,frontcatalog,250,62,emailservice,email,93,3,3,3,0
2,frontcatalog,250,62,frontend,productcatalog,74,2,3,2,1
2,frontcatalog,250,62,frontend,server,84,2,3,2,1
2,frontcatalog,250,62,paymentservice,payment,88,2,3,2,1
2,frontcatalog,250,62,recommendationservice,server,82,2,3,2,1
2,frontcatalog,250,62,redis-cart,-,,1,1,1,0
2,frontcatalog,250,62,shippingservice,server,86,2,3,2,1
2,frontcatalog,250,77,adservice,server,202,6,6,5,0
2,frontcatalog,250,77,cartservice,server,103,3,3,3,0
2,frontcatalog,250,77,checkoutservice,checkout,81,3,3,3,0
2,frontcatalog,250,77,currencyservice,server,54,3,3,3,0
2,frontcatalog,250,77,emailservice,email,95,3,3,3,0
2,frontcatalog,250,77,frontend,productcatalog,76,3,3,3,0
2,frontcatalog,250,77,frontend,server,82,3,3,3,0
2,frontcatalog,250,77,paymentservice,payment,88,3,3,3,0
2,frontcatalog,250,77,recommendationservice,server,0,3,3,2,0
2,frontcatalog,250,77,redis-cart,-,,1,1,1,0
2,frontcatalog,250,77,shippingservice,server,83,3,3,3,0
2,frontcatalog,250,93,adservice,server,168,6,6,6,0
2,frontcatalog,250,93,cartservice,server,113,3,3,3,0
2,frontcatalog,250,93,checkoutservice,checkout,58,3,3,3,0
2,frontcatalog,250,93,currencyservice,server,55,3,3,3,0
2,frontcatalog,250,93,emailservice,email,98,3,3,3,0
2,frontcatalog,250,93,frontend,productcatalog,77,3,3,3,0
2,frontcatalog,250,93,frontend,server,82,3,3,3,0
2,frontcatalog,250,93,paymentservice,payment,63,3,3,3,0
2,frontcatalog,250,93,recommendationservice,server,0,3,3,2,0
2,frontcatalog,250,93,redis-cart,-,,1,1,1,0
2,frontcatalog,250,93,shippingservice,server,59,3,3,3,0
2,frontcatalog,250,108,adservice,server,122,6,6,6,0
2,frontcatalog,250,108,cartservice,server,65,3,3,3,0
2,frontcatalog,250,108,checkoutservice,checkout,57,3,3,3,0
2,frontcatalog,250,108,currencyservice,server,58,3,3,3,0
2,frontcatalog,250,108,emailservice,email,65,3,3,3,0
2,frontcatalog,250,108,frontend,productcatalog,77,3,3,3,0
2,frontcatalog,250,108,frontend,server,86,3,3,3,0
2,frontcatalog,250,108,paymentservice,payment,65,3,3,3,0
2,frontcatalog,250,108,recommendationservice,server,0,3,3,2,0
2,frontcatalog,250,108,redis-cart,-,,1,1,1,0
2,frontcatalog,250,108,shippingservice,server,58,3,3,3,0
2,frontcatalog,250,123,adservice,server,35,6,6,6,0
2,frontcatalog,250,123,cartservice,server,74,3,3,3,0
2,frontcatalog,250,123,checkoutservice,checkout,59,3,3,3,0
2,frontcatalog,250,123,currencyservice,server,60,3,3,3,0
2,frontcatalog,250,123,emailservice,email,65,3,3,3,0
2,frontcatalog,250,123,frontend,productcatalog,53,3,3,3,0
2,frontcatalog,250,123,frontend,server,59,3,3,3,0
2,frontcatalog,250,123,paymentservice,payment,63,3,3,3,0
2,frontcatalog,250,123,recommendationservice,server,0,3,2,2,0
2,frontcatalog,250,123,redis-cart,-,,1,1,1,0
2,frontcatalog,250,123,shippingservice,server,61,3,3,3,0
2,frontcatalog,250,138,adservice,server,36,6,6,6,0
2,frontcatalog,250,138,cartservice,server,76,3,3,3,0
2,frontcatalog,250,138,checkoutservice,checkout,60,3,3,3,0
2,frontcatalog,250,138,currencyservice,server,61,3,3,3,0
2,frontcatalog,250,138,emailservice,email,68,3,3,3,0
2,frontcatalog,250,138,frontend,productcatalog,53,3,3,3,0
2,frontcatalog,250,138,frontend,server,59,3,3,3,0
2,frontcatalog,250,138,paymentservice,payment,68,3,3,3,0
2,frontcatalog,250,138,recommendationservice,server,0,2,1,1,0
2,frontcatalog,250,138,redis-cart,-,,1,1,1,0
2,frontcatalog,250,138,shippingservice,server,61,3,3,3,0
2,frontcatalog,250,154,adservice,server,32,6,6,6,0
2,frontcatalog,250,154,cartservice,server,68,3,3,3,0
2,frontcatalog,250,154,checkoutservice,checkout,58,3,3,3,0
2,frontcatalog,250,154,currencyservice,server,60,3,3,3,0
2,frontcatalog,250,154,emailservice,email,66,3,3,3,0
2,frontcatalog,250,154,frontend,productcatalog,55,3,3,3,0
2,frontcatalog,250,154,frontend,server,63,3,3,3,0
2,frontcatalog,250,154,paymentservice,payment,64,3,3,3,0
2,frontcatalog,250,154,recommendationservice,server,58,1,1,1,0
2,frontcatalog,250,154,redis-cart,-,,1,1,1,0
2,frontcatalog,250,154,shippingservice,server,61,3,3,3,0
2,frontcatalog,250,169,adservice,server,32,6,4,4,0
2,frontcatalog,250,169,cartservice,server,59,3,3,3,0
2,frontcatalog,250,169,checkoutservice,checkout,56,3,3,3,0
2,frontcatalog,250,169,currencyservice,server,62,3,3,3,0
2,frontcatalog,250,169,emailservice,email,73,3,3,3,0
2,frontcatalog,250,169,frontend,productcatalog,58,3,3,3,0
2,frontcatalog,250,169,frontend,server,63,3,3,3,0
2,frontcatalog,250,169,paymentservice,payment,60,3,3,3,0
2,frontcatalog,250,169,recommendationservice,-,,1,1,0,0
2,frontcatalog,250,169,redis-cart,-,,1,1,1,0
2,frontcatalog,250,169,shippingservice,server,59,3,3,3,0
2,frontcatalog,250,184,adservice,server,43,4,4,4,0
2,frontcatalog,250,184,cartservice,server,71,3,3,3,0
2,frontcatalog,250,184,checkoutservice,checkout,57,3,3,3,0
2,frontcatalog,250,184,currencyservice,server,62,3,3,3,0
2,frontcatalog,250,184,emailservice,email,64,3,3,3,0
2,frontcatalog,250,184,frontend,productcatalog,56,3,3,3,0
2,frontcatalog,250,184,frontend,server,60,3,3,3,0
2,frontcatalog,250,184,paymentservice,payment,62,3,3,3,0
2,frontcatalog,250,184,recommendationservice,-,,1,1,0,0
2,frontcatalog,250,184,redis-cart,-,,1,1,1,0
2,frontcatalog,250,184,shippingservice,server,58,3,3,3,0
2,frontcatalog,250,200,adservice,server,40,4,3,3,0
2,frontcatalog,250,200,cartservice,server,61,3,3,3,0
2,frontcatalog,250,200,checkoutservice,checkout,52,3,3,3,0
2,frontcatalog,250,200,currencyservice,server,57,3,3,3,0
2,frontcatalog,250,200,emailservice,email,62,3,3,3,0
2,frontcatalog,250,200,frontend,productcatalog,55,3,3,3,0
2,frontcatalog,250,200,frontend,server,60,3,3,3,0
2,frontcatalog,250,200,paymentservice,payment,59,3,3,3,0
2,frontcatalog,250,200,recommendationservice,-,,1,1,0,0
2,frontcatalog,250,200,redis-cart,-,,1,1,1,0
2,frontcatalog,250,200,shippingservice,server,55,3,3,3,0
2,frontcatalog,250,215,adservice,server,55,3,3,3,0
2,frontcatalog,250,215,cartservice,server,66,3,3,3,0
2,frontcatalog,250,215,checkoutservice,checkout,51,3,3,3,0
2,frontcatalog,250,215,currencyservice,server,56,3,3,3,0
2,frontcatalog,250,215,emailservice,email,62,3,3,3,0
2,frontcatalog,250,215,frontend,productcatalog,55,3,3,3,0
2,frontcatalog,250,215,frontend,server,59,3,3,3,0
2,frontcatalog,250,215,paymentservice,payment,58,3,3,3,0
2,frontcatalog,250,215,recommendationservice,-,,1,1,0,0
2,frontcatalog,250,215,redis-cart,-,,1,1,1,0
2,frontcatalog,250,215,shippingservice,server,60,3,3,3,0
2,frontcatalog,250,230,adservice,server,49,3,3,3,0
2,frontcatalog,250,230,cartservice,server,66,3,3,3,0
2,frontcatalog,250,230,checkoutservice,checkout,58,3,3,3,0
2,frontcatalog,250,230,currencyservice,server,59,3,3,3,0
2,frontcatalog,250,230,emailservice,email,64,3,3,3,0
2,frontcatalog,250,230,frontend,productcatalog,54,3,3,3,0
2,frontcatalog,250,230,frontend,server,59,3,3,3,0
2,frontcatalog,250,230,paymentservice,payment,60,3,3,3,0
2,frontcatalog,250,230,recommendationservice,server,173,1,3,2,0
2,frontcatalog,250,230,redis-cart,-,,1,1,1,0
2,frontcatalog,250,230,shippingservice,server,56,3,3,3,0
2,frontcatalog,250,246,adservice,server,49,3,3,3,0
2,frontcatalog,250,246,cartservice,server,52,3,3,3,0
2,frontcatalog,250,246,checkoutservice,checkout,51,3,3,3,0
2,frontcatalog,250,246,currencyservice,server,58,3,3,3,0
2,frontcatalog,250,246,emailservice,email,58,3,3,2,0
2,frontcatalog,250,246,frontend,productcatalog,54,3,3,3,0
2,frontcatalog,250,246,frontend,server,59,3,3,3,0
2,frontcatalog,250,246,paymentservice,payment,59,3,3,3,0
2,frontcatalog,250,246,recommendationservice,-,,3,3,3,0
2,frontcatalog,250,246,redis-cart,-,,1,1,1,0
2,frontcatalog,250,246,shippingservice,server,51,3,3,3,0
2,frontcatalog,250,261,adservice,server,49,3,3,3,0
2,frontcatalog,250,261,cartservice,server,49,3,3,3,0
2,frontcatalog,250,261,checkoutservice,checkout,58,3,3,3,0
2,frontcatalog,250,261,currencyservice,server,59,3,3,3,0
2,frontcatalog,250,261,emailservice,email,74,3,3,3,0
2,frontcatalog,250,261,frontend,productcatalog,61,3,3,3,0
2,frontcatalog,250,261,frontend,server,66,3,3,3,0
2,frontcatalog,250,261,paymentservice,payment,54,3,3,3,0
2,frontcatalog,250,261,recommendationservice,server,83,3,4,4,0
2,frontcatalog,250,261,redis-cart,-,,1,1,1,0
2,frontcatalog,250,261,shippingservice,server,65,3,3,3,0
2,frontcatalog,250,276,adservice,server,68,3,3,3,0
2,frontcatalog,250,276,cartservice,server,68,3,3,3,0
2,frontcatalog,250,276,checkoutservice,checkout,63,3,3,3,0
2,frontcatalog,250,276,currencyservice,server,64,3,3,3,0
2,frontcatalog,250,276,emailservice,email,78,3,3,3,0
2,frontcatalog,250,276,frontend,productcatalog,65,3,3,3,0
2,frontcatalog,250,276,frontend,server,69,3,3,3,0
2,frontcatalog,250,276,paymentservice,payment,72,3,3,3,0
2,frontcatalog,250,276,recommendationservice,server,75,4,4,4,0
2,frontcatalog,250,276,redis-cart,-,,1,1,1,0
2,frontcatalog,250,276,shippingservice,server,64,3,3,3,0
2,frontcatalog,250,292,adservice,server,57,3,3,3,0
2,frontcatalog,250,292,cartservice,server,71,3,3,3,0
2,frontcatalog,250,292,checkoutservice,checkout,63,3,3,3,0
2,frontcatalog,250,292,currencyservice,server,61,3,3,3,0
2,frontcatalog,250,292,emailservice,email,72,3,3,3,0
2,frontcatalog,250,292,frontend,productcatalog,55,3,3,3,0
2,frontcatalog,250,292,frontend,server,59,3,3,3,0
2,frontcatalog,250,292,paymentservice,payment,72,3,3,3,0
2,frontcatalog,250,292,recommendationservice,server,66,4,4,4,0
2,frontcatalog,250,292,redis-cart,-,,1,1,1,0
2,frontcatalog,250,292,shippingservice,server,64,3,3,3,0
2,frontcatalog,250,307,adservice,server,59,3,3,3,0
2,frontcatalog,250,307,cartservice,server,69,3,3,3,0
2,frontcatalog,250,307,checkoutservice,checkout,58,3,3,3,0
2,frontcatalog,250,307,currencyservice,server,60,3,3,3,0
2,frontcatalog,250,307,emailservice,email,70,3,3,3,0
2,frontcatalog,250,307,frontend,productcatalog,58,3,3,3,0
2,frontcatalog,250,307,frontend,server,57,3,3,3,0
2,frontcatalog,250,307,paymentservice,payment,65,3,3,3,0
2,frontcatalog,250,307,recommendationservice,server,48,4,4,4,0
2,frontcatalog,250,307,redis-cart,-,,1,1,1,0
2,frontcatalog,250,307,shippingservice,server,63,3,3,3,0
2,frontcatalog,250,322,adservice,server,56,3,3,3,0
2,frontcatalog,250,322,cartservice,server,73,3,3,3,0
2,frontcatalog,250,322,checkoutservice,checkout,60,3,3,3,0
2,frontcatalog,250,322,currencyservice,server,58,3,3,3,0
2,frontcatalog,250,322,emailservice,email,71,3,3,3,0
2,frontcatalog,250,322,frontend,productcatalog,54,3,3,3,0
2,frontcatalog,250,322,frontend,server,58,3,3,3,0
2,frontcatalog,250,322,paymentservice,payment,68,3,3,3,0
2,frontcatalog,250,322,recommendationservice,server,47,4,4,4,0
2,frontcatalog,250,322,redis-cart,-,,1,1,1,0
2,frontcatalog,250,322,shippingservice,server,65,3,3,3,0
2,frontcatalog,250,337,adservice,server,56,3,3,3,0
2,frontcatalog,250,337,cartservice,server,77,3,3,3,0
2,frontcatalog,250,337,checkoutservice,checkout,63,3,3,3,0
2,frontcatalog,250,337,currencyservice,server,61,3,3,3,0
2,frontcatalog,250,337,emailservice,email,73,3,3,3,0
2,frontcatalog,250,337,frontend,productcatalog,59,3,3,3,0
2,frontcatalog,250,337,frontend,server,62,3,3,3,0
2,frontcatalog,250,337,paymentservice,payment,71,3,3,3,0
2,frontcatalog,250,337,recommendationservice,server,51,4,4,4,0
2,frontcatalog,250,337,redis-cart,-,,1,1,1,0
2,frontcatalog,250,337,shippingservice,server,64,3,3,3,0
2,frontcatalog,250,353,adservice,server,57,3,3,3,0
2,frontcatalog,250,353,cartservice,server,73,3,3,3,0
2,frontcatalog,250,353,checkoutservice,checkout,62,3,3,3,0
2,frontcatalog,250,353,currencyservice,server,62,3,3,3,0
2,frontcatalog,250,353,emailservice,email,74,3,3,3,0
2,frontcatalog,250,353,frontend,productcatalog,60,3,3,3,0
2,frontcatalog,250,353,frontend,server,64,3,3,3,0
2,frontcatalog,250,353,paymentservice,payment,69,3,3,3,0
2,frontcatalog,250,353,recommendationservice,server,48,4,3,3,0
2,frontcatalog,250,353,redis-cart,-,,1,1,1,0
2,frontcatalog,250,353,shippingservice,server,65,3,3,3,0
2,frontcatalog,250,368,adservice,server,54,3,3,3,0
2,frontcatalog,250,368,cartservice,server,66,3,3,3,0
2,frontcatalog,250,368,checkoutservice,checkout,57,3,3,3,0
2,frontcatalog,250,368,currencyservice,server,59,3,3,3,0
2,frontcatalog,250,368,emailservice,email,74,3,3,3,0
2,frontcatalog,250,368,frontend,productcatalog,54,3,3,3,0
2,frontcatalog,250,368,frontend,server,61,3,3,3,0
2,frontcatalog,250,368,paymentservice,payment,67,3,3,3,0
2,frontcatalog,250,368,recommendationservice,server,27,3,3,3,0
2,frontcatalog,250,368,redis-cart,-,,1,1,1,0
2,frontcatalog,250,368,shippingservice,server,65,3,3,3,0
2,frontcatalog,250,383,adservice,server,53,3,3,3,0
2,frontcatalog,250,383,cartservice,server,63,3,3,3,0
2,frontcatalog,250,383,checkoutservice,checkout,58,3,3,3,0
2,frontcatalog,250,383,currencyservice,server,59,3,3,3,0
2,frontcatalog,250,383,emailservice,email,68,3,3,3,0
2,frontcatalog,250,383,frontend,productcatalog,58,3,3,3,0
2,frontcatalog,250,383,frontend,server,60,3,3,3,0
2,frontcatalog,250,383,paymentservice,payment,65,3,3,3,0
2,frontcatalog,250,383,recommendationservice,server,39,3,3,3,0
2,frontcatalog,250,383,redis-cart,-,,1,1,1,0
2,frontcatalog,250,383,shippingservice,server,62,3,3,3,0
2,frontcatalog,250,399,adservice,server,51,3,3,3,0
2,frontcatalog,250,399,cartservice,server,68,3,3,3,0
2,frontcatalog,250,399,checkoutservice,checkout,63,3,3,3,0
2,frontcatalog,250,399,currencyservice,server,58,3,3,3,0
2,frontcatalog,250,399,emailservice,email,70,3,3,3,0
2,frontcatalog,250,399,frontend,productcatalog,57,3,3,3,0
2,frontcatalog,250,399,frontend,server,57,3,3,3,0
2,frontcatalog,250,399,paymentservice,payment,69,3,3,3,0
2,frontcatalog,250,399,recommendationservice,server,61,3,3,3,0
2,frontcatalog,250,399,redis-cart,-,,1,1,1,0
2,frontcatalog,250,399,shippingservice,server,63,3,3,3,0
2,frontcatalog,250,414,adservice,server,56,3,3,3,0
2,frontcatalog,250,414,cartservice,server,70,3,3,3,0
2,frontcatalog,250,414,checkoutservice,checkout,59,3,3,3,0
2,frontcatalog,250,414,currencyservice,server,61,3,3,3,0
2,frontcatalog,250,414,emailservice,email,73,3,3,3,0
2,frontcatalog,250,414,frontend,productcatalog,55,3,3,3,0
2,frontcatalog,250,414,frontend,server,60,3,3,3,0
2,frontcatalog,250,414,paymentservice,payment,67,3,3,3,0
2,frontcatalog,250,414,recommendationservice,server,68,3,3,3,0
2,frontcatalog,250,414,redis-cart,-,,1,1,1,0
2,frontcatalog,250,414,shippingservice,server,59,3,3,3,0
2,frontcatalog,250,429,adservice,server,51,3,3,3,0
2,frontcatalog,250,429,cartservice,server,57,3,3,3,0
2,frontcatalog,250,429,checkoutservice,checkout,49,3,3,3,0
2,frontcatalog,250,429,currencyservice,server,55,3,3,3,0
2,frontcatalog,250,429,emailservice,email,64,3,3,3,0
2,frontcatalog,250,429,frontend,productcatalog,52,3,3,3,0
2,frontcatalog,250,429,frontend,server,60,3,3,3,0
2,frontcatalog,250,429,paymentservice,payment,54,3,3,3,0
2,frontcatalog,250,429,recommendationservice,server,65,3,3,3,0
2,frontcatalog,250,429,redis-cart,-,,1,1,1,0
2,frontcatalog,250,429,shippingservice,server,52,3,3,3,0
2,frontcatalog,250,444,adservice,server,48,3,3,3,0
2,frontcatalog,250,444,cartservice,server,45,3,3,3,0
2,frontcatalog,250,444,checkoutservice,checkout,39,3,3,3,0
2,frontcatalog,250,444,currencyservice,server,62,3,3,3,0
2,frontcatalog,250,444,emailservice,email,63,3,3,3,0
2,frontcatalog,250,444,frontend,productcatalog,53,3,3,3,0
2,frontcatalog,250,444,frontend,server,56,3,3,3,0
2,frontcatalog,250,444,paymentservice,payment,44,3,3,3,0
2,frontcatalog,250,444,recommendationservice,server,62,3,3,3,0
2,frontcatalog,250,444,redis-cart,-,,1,1,1,0
2,frontcatalog,250,444,shippingservice,server,59,3,3,3,0
2,frontcatalog,300,1,adservice,server,3,3,3,3,0
2,frontcatalog,300,1,cartservice,server,37,3,3,3,0
2,frontcatalog,300,1,checkoutservice,checkout,0,3,3,3,0
2,frontcatalog,300,1,currencyservice,server,7,3,3,3,0
2,frontcatalog,300,1,emailservice,email,13,3,3,3,0
2,frontcatalog,300,1,frontend,productcatalog,12,3,3,3,0
2,frontcatalog,300,1,frontend,server,3,3,3,3,0
2,frontcatalog,300,1,paymentservice,payment,44,3,3,3,0
2,frontcatalog,300,1,recommendationservice,server,10,3,3,3,0
2,frontcatalog,300,1,redis-cart,-,,1,1,1,0
2,frontcatalog,300,1,shippingservice,server,5,3,3,3,0
2,frontcatalog,300,16,adservice,server,4,3,3,3,0
2,frontcatalog,300,16,cartservice,server,0,3,2,2,0
2,frontcatalog,300,16,checkoutservice,checkout,0,3,2,3,0
2,frontcatalog,300,16,currencyservice,server,0,3,3,3,0
2,frontcatalog,300,16,emailservice,email,2,3,3,3,0
2,frontcatalog,300,16,frontend,productcatalog,0,3,3,3,0
2,frontcatalog,300,16,frontend,server,0,3,3,3,0
2,frontcatalog,300,16,paymentservice,payment,3,3,3,3,0
2,frontcatalog,300,16,recommendationservice,server,0,3,3,3,0
2,frontcatalog,300,16,redis-cart,-,,1,1,1,0
2,frontcatalog,300,16,shippingservice,server,0,3,3,3,0
2,frontcatalog,300,31,adservice,server,52,3,3,3,0
2,frontcatalog,300,31,cartservice,server,22,2,2,2,0
2,frontcatalog,300,31,checkoutservice,checkout,84,2,2,2,0
2,frontcatalog,300,31,currencyservice,server,76,3,3,3,0
2,frontcatalog,300,31,emailservice,email,5,3,3,3,0
2,frontcatalog,300,31,frontend,productcatalog,5,3,3,3,0
2,frontcatalog,300,31,frontend,server,0,3,3,3,0
2,frontcatalog,300,31,paymentservice,payment,1,3,2,2,0
2,frontcatalog,300,31,recommendationservice,server,13,3,3,3,0
2,frontcatalog,300,31,redis-cart,-,,1,1,1,0
2,frontcatalog,300,31,shippingservice,server,10,3,3,3,0
2,frontcatalog,300,47,adservice,server,70,3,3,3,0
2,frontcatalog,300,47,cartservice,server,143,2,2,2,0
2,frontcatalog,300,47,checkoutservice,checkout,97,2,3,2,1
2,frontcatalog,300,47,currencyservice,server,82,3,3,3,0
2,frontcatalog,300,47,emailservice,email,84,3,3,3,0
2,frontcatalog,300,47,frontend,productcatalog,39,3,3,3,0
2,frontcatalog,300,47,frontend,server,47,3,3,3,0
2,frontcatalog,300,47,paymentservice,payment,117,2,2,2,0
2,frontcatalog,300,47,recommendationservice,server,73,3,3,3,0
2,frontcatalog,300,47,redis-cart,-,,1,1,1,0
2,frontcatalog,300,47,shippingservice,server,64,3,3,3,0
2,frontcatalog,300,63,adservice,server,66,3,3,3,0
2,frontcatalog,300,63,cartservice,server,126,2,4,2,1
2,frontcatalog,300,63,checkoutservice,checkout,103,3,3,3,0
2,frontcatalog,300,63,currencyservice,server,77,3,4,3,1
2,frontcatalog,300,63,emailservice,email,84,3,4,3,1
2,frontcatalog,300,63,frontend,productcatalog,68,3,4,3,1
2,frontcatalog,300,63,frontend,server,77,3,4,3,1
2,frontcatalog,300,63,paymentservice,payment,122,4,4,4,0
2,frontcatalog,300,63,recommendationservice,server,86,3,3,3,0
2,frontcatalog,300,63,redis-cart,-,,1,1,1,0
2,frontcatalog,300,63,shippingservice,server,74,3,3,3,0
2,frontcatalog,300,78,adservice,server,70,3,3,3,0
2,frontcatalog,300,78,cartservice,server,130,4,4,2,0
2,frontcatalog,300,78,checkoutservice,checkout,69,3,3,3,0
2,frontcatalog,300,78,currencyservice,server,80,4,4,4,0
2,frontcatalog,300,78,emailservice,email,80,4,4,3,0
2,frontcatalog,300,78,frontend,productcatalog,68,4,4,3,1
2,frontcatalog,300,78,frontend,server,78,4,4,3,1
2,frontcatalog,300,78,paymentservice,payment,121,4,4,4,0
2,frontcatalog,300,78,recommendationservice,server,88,4,4,3,1
2,frontcatalog,300,78,redis-cart,-,,1,1,1,0
2,frontcatalog,300,78,shippingservice,server,75,3,3,3,0
2,frontcatalog,300,93,adservice,server,68,3,3,3,0
2,frontcatalog,300,93,cartservice,server,115,4,4,4,0
2,frontcatalog,300,93,checkoutservice,checkout,63,3,3,3,0
2,frontcatalog,300,93,currencyservice,server,60,4,4,4,0
2,frontcatalog,300,93,emailservice,email,78,4,4,4,0
2,frontcatalog,300,93,frontend,productcatalog,68,4,4,3,1
2,frontcatalog,300,93,frontend,server,76,4,4,3,1
2,frontcatalog,300,93,paymentservice,payment,60,4,4,4,0
2,frontcatalog,300,93,recommendationservice,server,89,4,4,3,1
2,frontcatalog,300,93,redis-cart,-,,1,1,1,0
2,frontcatalog,300,93,shippingservice,server,70,3,3,3,0
2,frontcatalog,300,109,adservice,server,69,3,3,3,0
2,frontcatalog,300,109,cartservice,server,122,4,4,4,0
2,frontcatalog,300,109,checkoutservice,checkout,70,3,3,3,0
2,frontcatalog,300,109,currencyservice,server,61,4,4,4,0
2,frontcatalog,300,109,emailservice,email,63,4,4,4,0
2,frontcatalog,300,109,frontend,productcatalog,70,4,4,3,1
2,frontcatalog,300,109,frontend,server,81,4,4,3,1
2,frontcatalog,300,109,paymentservice,payment,66,4,4,4,0
2,frontcatalog,300,109,recommendationservice,server,90,4,4,3,1
2,frontcatalog,300,109,redis-cart,-,,1,1,1,0
2,frontcatalog,300,109,shippingservice,server,76,3,3,3,0
2,frontcatalog,300,124,adservice,server,69,3,3,3,0
2,frontcatalog,300,124,cartservice,server,83,4,4,4,0
2,frontcatalog,300,124,checkoutservice,checkout,65,3,3,3,0
2,frontcatalog,300,124,currencyservice,server,60,4,4,4,0
2,frontcatalog,300,124,emailservice,email,63,4,4,3,0
2,frontcatalog,300,124,frontend,productcatalog,70,4,4,3,1
2,frontcatalog,300,124,frontend,server,79,4,4,3,1
2,frontcatalog,300,124,paymentservice,payment,55,4,4,4,0
2,frontcatalog,300,124,recommendationservice,server,88,4,4,3,1
2,frontcatalog,300,124,redis-cart,-,,1,1,1,0
2,frontcatalog,300,124,shippingservice,server,69,3,3,3,0
2,frontcatalog,300,139,adservice,server,67,3,3,3,0
2,frontcatalog,300,139,cartservice,server,67,4,4,4,0
2,frontcatalog,300,139,checkoutservice,checkout,74,3,3,3,0
2,frontcatalog,300,139,currencyservice,server,60,4,4,4,0
2,frontcatalog,300,139,emailservice,email,62,4,4,4,0
2,frontcatalog,300,139,frontend,productcatalog,70,4,4,3,1
2,frontcatalog,300,139,frontend,server,78,4,4,3,1
2,frontcatalog,300,139,paymentservice,payment,61,4,4,4,0
2,frontcatalog,300,139,recommendationservice,server,91,4,4,3,1
2,frontcatalog,300,139,redis-cart,-,,1,1,1,0
2,frontcatalog,300,139,shippingservice,server,79,3,3,3,0
2,frontcatalog,300,155,adservice,server,70,3,3,3,0
2,frontcatalog,300,155,cartservice,server,64,4,4,4,0
2,frontcatalog,300,155,checkoutservice,checkout,65,3,3,3,0
2,frontcatalog,300,155,currencyservice,server,59,4,4,4,0
2,frontcatalog,300,155,emailservice,email,61,4,4,4,0
2,frontcatalog,300,155,frontend,productcatalog,71,4,4,3,1
2,frontcatalog,300,155,frontend,server,80,4,4,3,1
2,frontcatalog,300,155,paymentservice,payment,65,4,4,4,0
2,frontcatalog,300,155,recommendationservice,server,87,4,4,3,1
2,frontcatalog,300,155,redis-cart,-,,1,1,1,0
2,frontcatalog,300,155,shippingservice,server,72,3,3,3,0
2,frontcatalog,300,170,adservice,server,68,3,3,3,0
2,frontcatalog,300,170,cartservice,server,63,4,4,4,0
2,frontcatalog,300,170,checkoutservice,checkout,72,3,3,3,0
2,frontcatalog,300,170,currencyservice,server,60,4,4,4,0
2,frontcatalog,300,170,emailservice,email,63,4,4,4,0
2,frontcatalog,300,170,frontend,productcatalog,70,4,4,3,1
2,frontcatalog,300,170,frontend,server,80,4,4,3,1
2,frontcatalog,300,170,paymentservice,payment,61,4,4,4,0
2,frontcatalog,300,170,recommendationservice,server,88,4,4,3,1
2,frontcatalog,300,170,redis-cart,-,,1,1,1,0
2,frontcatalog,300,170,shippingservice,server,78,3,3,3,0
2,frontcatalog,300,185,adservice,server,68,3,3,3,0
2,frontcatalog,300,185,cartservice,server,56,4,4,4,0
2,frontcatalog,300,185,checkoutservice,checkout,65,3,3,3,0
2,frontcatalog,300,185,currencyservice,server,60,4,4,4,0
2,frontcatalog,300,185,emailservice,email,63,4,4,4,0
2,frontcatalog,300,185,frontend,productcatalog,69,4,4,3,1
2,frontcatalog,300,185,frontend,server,80,4,4,3,1
2,frontcatalog,300,185,paymentservice,payment,61,4,4,4,0
2,frontcatalog,300,185,recommendationservice,server,89,4,4,3,1
2,frontcatalog,300,185,redis-cart,-,,1,1,1,0
2,frontcatalog,300,185,shippingservice,server,71,3,3,3,0
2,frontcatalog,300,201,adservice,server,70,3,3,3,0
2,frontcatalog,300,201,cartservice,server,65,4,4,4,0
2,frontcatalog,300,201,checkoutservice,checkout,70,3,3,3,0
2,frontcatalog,300,201,currencyservice,server,60,4,4,4,0
2,frontcatalog,300,201,emailservice,email,63,4,4,4,0
2,frontcatalog,300,201,frontend,productcatalog,72,4,4,3,1
2,frontcatalog,300,201,frontend,server,78,4,4,3,1
2,frontcatalog,300,201,paymentservice,payment,59,4,4,4,0
2,frontcatalog,300,201,recommendationservice,server,91,4,4,3,1
2,frontcatalog,300,201,redis-cart,-,,1,1,1,0
2,frontcatalog,300,201,shippingservice,server,78,3,3,3,0
2,frontcatalog,300,216,adservice,server,70,3,3,3,0
2,frontcatalog,300,216,cartservice,server,61,4,4,4,0
2,frontcatalog,300,216,checkoutservice,checkout,71,3,3,3,0
2,frontcatalog,300,216,currencyservice,server,60,4,4,4,0
2,frontcatalog,300,216,emailservice,email,61,4,4,4,0
2,frontcatalog,300,216,frontend,productcatalog,69,4,4,3,1
2,frontcatalog,300,216,frontend,server,80,4,4,3,1
2,frontcatalog,300,216,paymentservice,payment,68,4,4,4,0
2,frontcatalog,300,216,recommendationservice,server,90,4,4,3,1
2,frontcatalog,300,216,redis-cart,-,,1,1,1,0
2,frontcatalog,300,216,shippingservice,server,75,3,3,3,0
2,frontcatalog,300,231,adservice,server,70,3,3,3,0
2,frontcatalog,300,231,cartservice,server,62,4,4,4,0
2,frontcatalog,300,231,checkoutservice,checkout,66,3,3,3,0
2,frontcatalog,300,231,currencyservice,server,60,4,4,4,0
2,frontcatalog,300,231,emailservice,email,63,4,4,3,0
2,frontcatalog,300,231,frontend,productcatalog,69,4,4,3,1
2,frontcatalog,300,231,frontend,server,79,4,4,3,1
2,frontcatalog,300,231,paymentservice,payment,64,4,4,4,0
2,frontcatalog,300,231,recommendationservice,server,92,4,4,3,1
2,frontcatalog,300,231,redis-cart,-,,1,1,1,0
2,frontcatalog,300,231,shippingservice,server,73,3,3,3,0
2,frontcatalog,300,247,adservice,server,69,3,3,3,0
2,frontcatalog,300,247,cartservice,server,64,4,4,4,0
2,frontcatalog,300,247,checkoutservice,checkout,66,3,3,3,0
2,frontcatalog,300,247,currencyservice,server,61,4,4,4,0
2,frontcatalog,300,247,emailservice,email,63,4,4,4,0
2,frontcatalog,300,247,frontend,productcatalog,70,4,4,3,1
2,frontcatalog,300,247,frontend,server,79,4,4,3,1
2,frontcatalog,300,247,paymentservice,payment,62,4,4,4,0
2,frontcatalog,300,247,recommendationservice,server,91,4,4,3,1
2,frontcatalog,300,247,redis-cart,-,,1,1,1,0
2,frontcatalog,300,247,shippingservice,server,75,3,3,3,0
2,frontcatalog,300,262,adservice,server,67,3,3,3,0
2,frontcatalog,300,262,cartservice,server,65,4,4,4,0
2,frontcatalog,300,262,checkoutservice,checkout,69,3,3,3,0
2,frontcatalog,300,262,currencyservice,server,60,4,4,4,0
2,frontcatalog,300,262,emailservice,email,63,4,4,4,0
2,frontcatalog,300,262,frontend,productcatalog,70,4,4,3,1
2,frontcatalog,300,262,frontend,server,78,4,4,3,1
2,frontcatalog,300,262,paymentservice,payment,62,4,4,4,0
2,frontcatalog,300,262,recommendationservice,server,89,4,4,3,1
2,frontcatalog,300,262,redis-cart,-,,1,1,1,0
2,frontcatalog,300,262,shippingservice,server,71,3,3,3,0
2,frontcatalog,300,278,adservice,server,68,3,3,3,0
2,frontcatalog,300,278,cartservice,server,65,4,4,4,0
2,frontcatalog,300,278,checkoutservice,checkout,70,3,3,3,0
2,frontcatalog,300,278,currencyservice,server,61,4,4,4,0
2,frontcatalog,300,278,emailservice,email,62,4,4,4,0
2,frontcatalog,300,278,frontend,productcatalog,70,4,4,3,1
2,frontcatalog,300,278,frontend,server,80,4,4,3,1
2,frontcatalog,300,278,paymentservice,payment,63,4,4,4,0
2,frontcatalog,300,278,recommendationservice,server,90,4,4,3,1
2,frontcatalog,300,278,redis-cart,-,,1,1,1,0
2,frontcatalog,300,278,shippingservice,server,78,3,3,3,0
2,frontcatalog,300,293,adservice,server,69,3,3,3,0
2,frontcatalog,300,293,cartservice,server,63,4,4,4,0
2,frontcatalog,300,293,checkoutservice,checkout,66,3,3,3,0
2,frontcatalog,300,293,currencyservice,server,61,4,4,4,0
2,frontcatalog,300,293,emailservice,email,63,4,4,4,0
2,frontcatalog,300,293,frontend,productcatalog,70,4,4,3,1
2,frontcatalog,300,293,frontend,server,79,4,4,3,1
2,frontcatalog,300,293,paymentservice,payment,58,4,4,4,0
2,frontcatalog,300,293,recommendationservice,server,88,4,4,3,1
2,frontcatalog,300,293,redis-cart,-,,1,1,1,0
2,frontcatalog,300,293,shippingservice,server,73,3,3,3,0
2,frontcatalog,300,308,adservice,server,68,3,3,3,0
2,frontcatalog,300,308,cartservice,server,53,4,4,4,0
2,frontcatalog,300,308,checkoutservice,checkout,61,3,3,3,0
2,frontcatalog,300,308,currencyservice,server,57,4,4,4,0
2,frontcatalog,300,308,emailservice,email,63,4,4,4,0
2,frontcatalog,300,308,frontend,productcatalog,70,4,4,3,1
2,frontcatalog,300,308,frontend,server,77,4,4,3,1
2,frontcatalog,300,308,paymentservice,payment,58,4,4,4,0
2,frontcatalog,300,308,recommendationservice,server,89,4,4,3,1
2,frontcatalog,300,308,redis-cart,-,,1,1,1,0
2,frontcatalog,300,308,shippingservice,server,70,3,3,3,0
2,frontcatalog,300,324,adservice,server,66,3,3,3,0
2,frontcatalog,300,324,cartservice,server,58,4,4,4,0
2,frontcatalog,300,324,checkoutservice,checkout,69,3,3,3,0
2,frontcatalog,300,324,currencyservice,server,58,4,4,4,0
2,frontcatalog,300,324,emailservice,email,63,4,4,4,0
2,frontcatalog,300,324,frontend,productcatalog,66,4,4,3,1
2,frontcatalog,300,324,frontend,server,77,4,4,3,1
2,frontcatalog,300,324,paymentservice,payment,58,4,4,4,0
2,frontcatalog,300,324,recommendationservice,server,89,4,4,3,1
2,frontcatalog,300,324,redis-cart,-,,1,1,1,0
2,frontcatalog,300,324,shippingservice,server,67,3,3,3,0
2,frontcatalog,300,339,adservice,server,68,3,3,3,0
2,frontcatalog,300,339,cartservice,server,65,4,4,4,0
2,frontcatalog,300,339,checkoutservice,checkout,65,3,3,3,0
2,frontcatalog,300,339,currencyservice,server,63,4,4,4,0
2,frontcatalog,300,339,emailservice,email,63,4,4,3,0
2,frontcatalog,300,339,frontend,productcatalog,71,4,4,3,1
2,frontcatalog,300,339,frontend,server,79,4,4,3,1
2,frontcatalog,300,339,paymentservice,payment,63,4,4,4,0
2,frontcatalog,300,339,recommendationservice,server,91,4,4,3,1
2,frontcatalog,300,339,redis-cart,-,,1,1,1,0
2,frontcatalog,300,339,shippingservice,server,77,3,3,3,0
2,frontcatalog,300,354,adservice,server,69,3,3,3,0
2,frontcatalog,300,354,cartservice,server,61,4,4,4,0
2,frontcatalog,300,354,checkoutservice,checkout,65,3,3,3,0
2,frontcatalog,300,354,currencyservice,server,59,4,4,4,0
2,frontcatalog,300,354,emailservice,email,63,4,4,3,0
2,frontcatalog,300,354,frontend,productcatalog,69,4,4,3,1
2,frontcatalog,300,354,frontend,server,79,4,4,3,1
2,frontcatalog,300,354,paymentservice,payment,63,4,4,4,0
2,frontcatalog,300,354,recommendationservice,server,89,4,4,3,1
2,frontcatalog,300,354,redis-cart,-,,1,1,1,0
2,frontcatalog,300,354,shippingservice,server,74,3,3,3,0
2,frontcatalog,300,370,adservice,server,66,3,3,3,0
2,frontcatalog,300,370,cartservice,server,60,4,4,4,0
2,frontcatalog,300,370,checkoutservice,checkout,69,3,3,3,0
2,frontcatalog,300,370,currencyservice,server,59,4,4,4,0
2,frontcatalog,300,370,emailservice,email,63,4,4,3,0
2,frontcatalog,300,370,frontend,productcatalog,70,4,4,3,1
2,frontcatalog,300,370,frontend,server,80,4,4,3,1
2,frontcatalog,300,370,paymentservice,payment,59,4,4,4,0
2,frontcatalog,300,370,recommendationservice,server,90,4,4,3,1
2,frontcatalog,300,370,redis-cart,-,,1,1,1,0
2,frontcatalog,300,370,shippingservice,server,71,3,3,3,0
2,frontcatalog,300,385,adservice,server,67,3,3,3,0
2,frontcatalog,300,385,cartservice,server,63,4,4,4,0
2,frontcatalog,300,385,checkoutservice,checkout,68,3,3,3,0
2,frontcatalog,300,385,currencyservice,server,59,4,4,4,0
2,frontcatalog,300,385,emailservice,email,0,4,4,4,0
2,frontcatalog,300,385,frontend,productcatalog,69,4,4,3,1
2,frontcatalog,300,385,frontend,server,78,4,4,3,1
2,frontcatalog,300,385,paymentservice,payment,59,4,4,4,0
2,frontcatalog,300,385,recommendationservice,server,88,4,4,3,1
2,frontcatalog,300,385,redis-cart,-,,1,1,1,0
2,frontcatalog,300,385,shippingservice,server,71,3,3,3,0
2,frontcatalog,300,400,adservice,server,68,3,3,3,0
2,frontcatalog,300,400,cartservice,server,63,4,4,4,0
2,frontcatalog,300,400,checkoutservice,checkout,69,3,3,3,0
2,frontcatalog,300,400,currencyservice,server,61,4,4,4,0
2,frontcatalog,300,400,emailservice,email,70,4,4,4,0
2,frontcatalog,300,400,frontend,productcatalog,72,4,4,3,1
2,frontcatalog,300,400,frontend,server,81,4,4,3,1
2,frontcatalog,300,400,paymentservice,payment,60,4,4,4,0
2,frontcatalog,300,400,recommendationservice,server,92,4,4,3,1
2,frontcatalog,300,400,redis-cart,-,,1,1,1,0
2,frontcatalog,300,400,shippingservice,server,77,3,3,3,0
2,frontcatalog,300,416,adservice,server,66,3,3,3,0
2,frontcatalog,300,416,cartservice,server,59,4,4,4,0
2,frontcatalog,300,416,checkoutservice,checkout,69,3,3,3,0
2,frontcatalog,300,416,currencyservice,server,61,4,4,4,0
2,frontcatalog,300,416,emailservice,email,62,4,4,4,0
2,frontcatalog,300,416,frontend,productcatalog,71,4,4,3,1
2,frontcatalog,300,416,frontend,server,79,4,4,3,1
2,frontcatalog,300,416,paymentservice,payment,63,4,4,4,0
2,frontcatalog,300,416,recommendationservice,server,90,4,4,3,1
2,frontcatalog,300,416,redis-cart,-,,1,1,1,0
2,frontcatalog,300,416,shippingservice,server,73,3,3,3,0
2,frontcatalog,300,431,adservice,server,69,3,3,3,0
2,frontcatalog,300,431,cartservice,server,59,4,4,4,0
2,frontcatalog,300,431,checkoutservice,checkout,71,3,3,3,0
2,frontcatalog,300,431,currencyservice,server,60,4,4,4,0
2,frontcatalog,300,431,emailservice,email,62,4,4,4,0
2,frontcatalog,300,431,frontend,productcatalog,70,4,4,3,1
2,frontcatalog,300,431,frontend,server,79,4,4,3,1
2,frontcatalog,300,431,paymentservice,payment,65,4,4,4,0
2,frontcatalog,300,431,recommendationservice,server,88,4,4,3,1
2,frontcatalog,300,431,redis-cart,-,,1,1,1,0
2,frontcatalog,300,431,shippingservice,server,76,3,3,3,0
2,frontcatalog,300,446,adservice,server,63,3,3,3,0
2,frontcatalog,300,446,cartservice,server,51,4,4,4,0
2,frontcatalog,300,446,checkoutservice,checkout,66,3,3,3,0
2,frontcatalog,300,446,currencyservice,server,59,4,4,4,0
2,frontcatalog,300,446,emailservice,email,59,4,4,4,0
2,frontcatalog,300,446,frontend,productcatalog,54,4,4,3,1
2,frontcatalog,300,446,frontend,server,75,4,4,3,1
2,frontcatalog,300,446,paymentservice,payment,65,4,4,4,0
2,frontcatalog,300,446,recommendationservice,server,89,4,4,3,1
2,frontcatalog,300,446,redis-cart,-,,1,1,1,0
2,frontcatalog,300,446,shippingservice,server,71,3,3,3,0
2,frontcatalog,250,0,adservice,server,4,2,2,2,0
2,frontcatalog,250,0,cartservice,server,1,2,2,2,0
2,frontcatalog,250,0,checkoutservice,checkout,0,2,2,2,0
2,frontcatalog,250,0,currencyservice,server,0,2,2,2,0
2,frontcatalog,250,0,emailservice,email,2,2,2,2,0
2,frontcatalog,250,0,frontend,productcatalog,0,2,2,2,0
2,frontcatalog,250,0,frontend,server,0,2,2,2,0
2,frontcatalog,250,0,paymentservice,payment,1,2,2,2,0
2,frontcatalog,250,0,recommendationservice,-,,,0,2,0
2,frontcatalog,250,0,redis-cart,-,,1,1,1,0
2,frontcatalog,250,0,shippingservice,-,,,0,2,0
2,frontcatalog,250,15,adservice,server,236,2,2,2,0
2,frontcatalog,250,15,cartservice,server,1,2,2,2,0
2,frontcatalog,250,15,checkoutservice,checkout,0,2,2,2,0
2,frontcatalog,250,15,currencyservice,server,0,2,2,2,0
2,frontcatalog,250,15,emailservice,email,2,2,2,2,0
2,frontcatalog,250,15,frontend,productcatalog,1,2,2,2,0
2,frontcatalog,250,15,frontend,server,21,2,2,2,0
2,frontcatalog,250,15,paymentservice,payment,28,2,2,2,0
2,frontcatalog,250,15,recommendationservice,server,16,2,2,2,0
2,frontcatalog,250,15,redis-cart,-,,1,1,1,0
2,frontcatalog,250,15,shippingservice,server,0,2,2,2,0
2,frontcatalog,250,31,adservice,server,324,2,6,2,0
2,frontcatalog,250,31,cartservice,server,126,2,2,2,0
2,frontcatalog,250,31,checkoutservice,checkout,80,2,2,2,0
2,frontcatalog,250,31,currencyservice,server,46,2,2,2,0
2,frontcatalog,250,31,emailservice,email,95,2,2,2,0
2,frontcatalog,250,31,frontend,productcatalog,66,2,2,2,0
2,frontcatalog,250,31,frontend,server,69,2,2,2,0
2,frontcatalog,250,31,paymentservice,payment,140,2,2,2,0
2,frontcatalog,250,31,recommendationservice,server,92,2,2,2,0
2,frontcatalog,250,31,redis-cart,-,,1,1,1,0
2,frontcatalog,250,31,shippingservice,server,91,2,2,2,0
2,frontcatalog,250,47,adservice,server,201,6,6,2,0
2,frontcatalog,250,47,cartservice,server,132,2,4,2,0
2,frontcatalog,250,47,checkoutservice,checkout,97,2,3,3,0
2,frontcatalog,250,47,currencyservice,server,83,2,2,2,0
2,frontcatalog,250,47,emailservice,email,105,2,3,2,0
2,frontcatalog,250,47,frontend,productcatalog,78,2,2,2,0
2,frontcatalog,250,47,frontend,server,88,2,2,2,0
2,frontcatalog,250,47,paymentservice,payment,121,2,4,2,0
2,frontcatalog,250,47,recommendationservice,server,88,2,3,2,1
2,frontcatalog,250,47,redis-cart,-,,1,1,1,0
2,frontcatalog,250,47,shippingservice,server,93,2,3,2,1
2,frontcatalog,250,62,adservice,server,158,6,6,6,0
2,frontcatalog,250,62,cartservice,server,134,4,4,2,0
2,frontcatalog,250,62,checkoutservice,checkout,102,3,3,3,0
2,frontcatalog,250,62,currencyservice,server,91,2,3,3,0
2,frontcatalog,250,62,emailservice,email,122,3,3,3,0
2,frontcatalog,250,62,frontend,productcatalog,85,2,3,2,0
2,frontcatalog,250,62,frontend,server,90,2,3,2,0
2,frontcatalog,250,62,paymentservice,payment,124,4,4,4,0
2,frontcatalog,250,62,recommendationservice,server,107,3,3,3,0
2,frontcatalog,250,62,redis-cart,-,,1,1,1,0
2,frontcatalog,250,62,shippingservice,server,99,3,3,3,0
2,frontcatalog,250,77,adservice,server,92,6,6,6,0
2,frontcatalog,250,77,cartservice,server,133,4,4,4,0
2,frontcatalog,250,77,checkoutservice,checkout,106,3,3,3,0
2,frontcatalog,250,77,currencyservice,server,90,3,3,3,0
2,frontcatalog,250,77,emailservice,email,118,3,4,4,0
2,frontcatalog,250,77,frontend,productcatalog,85,3,3,3,0
2,frontcatalog,250,77,frontend,server,94,3,3,3,0
2,frontcatalog,250,77,paymentservice,payment,84,4,4,4,0
2,frontcatalog,250,77,recommendationservice,server,68,3,3,3,0
2,frontcatalog,250,77,redis-cart,-,,1,1,1,0
2,frontcatalog,250,77,shippingservice,server,99,3,3,3,0
2,frontcatalog,250,93,adservice,server,73,6,6,6,0
2,frontcatalog,250,93,cartservice,server,135,4,4,4,0
2,frontcatalog,250,93,checkoutservice,checkout,73,3,3,3,0
2,frontcatalog,250,93,currencyservice,server,61,3,3,3,0
2,frontcatalog,250,93,emailservice,email,77,4,4,4,0
2,frontcatalog,250,93,frontend,productcatalog,87,3,3,3,0
2,frontcatalog,250,93,frontend,server,94,3,3,3,0
2,frontcatalog,250,93,paymentservice,payment,61,4,4,4,0
2,frontcatalog,250,93,recommendationservice,server,68,3,3,3,0
2,frontcatalog,250,93,redis-cart,-,,1,1,1,0
2,frontcatalog,250,93,shippingservice,server,67,3,3,3,0
2,frontcatalog,250,108,adservice,server,30,6,6,6,0
2,frontcatalog,250,108,cartservice,server,69,4,4,4,0
2,frontcatalog,250,108,checkoutservice,checkout,72,3,3,3,0
2,frontcatalog,250,108,currencyservice,server,61,3,3,3,0
2,frontcatalog,250,108,emailservice,email,58,4,4,4,0
2,frontcatalog,250,108,frontend,productcatalog,88,3,3,3,0
2,frontcatalog,250,108,frontend,server,95,3,3,3,0
2,frontcatalog,250,108,paymentservice,payment,61,4,4,4,0
2,frontcatalog,250,108,recommendationservice,server,66,3,3,3,0
2,frontcatalog,250,108,redis-cart,-,,1,1,1,0
2,frontcatalog,250,108,shippingservice,server,67,3,3,3,0
2,frontcatalog,250,123,adservice,server,29,6,6,6,0
2,frontcatalog,250,123,cartservice,server,70,4,4,4,0
2,frontcatalog,250,123,checkoutservice,checkout,72,3,3,3,0
2,frontcatalog,250,123,currencyservice,server,60,3,3,3,0
2,frontcatalog,250,123,emailservice,email,58,4,4,4,0
2,frontcatalog,250,123,frontend,productcatalog,58,3,3,3,0
2,frontcatalog,250,123,frontend,server,63,3,3,3,0
2,frontcatalog,250,123,paymentservice,payment,60,4,4,4,0
2,frontcatalog,250,123,recommendationservice,server,67,3,3,3,0
2,frontcatalog,250,123,redis-cart,-,,1,1,1,0
2,frontcatalog,250,123,shippingservice,server,67,3,3,3,0
2,frontcatalog,250,139,adservice,server,29,6,6,6,0
2,frontcatalog,250,139,cartservice,server,70,4,4,4,0
2,frontcatalog,250,139,checkoutservice,checkout,73,3,3,3,0
2,frontcatalog,250,139,currencyservice,server,60,3,3,3,0
2,frontcatalog,250,139,emailservice,email,58,4,4,4,0
2,frontcatalog,250,139,frontend,productcatalog,59,3,3,3,0
2,frontcatalog,250,139,frontend,server,63,3,3,3,0
2,frontcatalog,250,139,paymentservice,payment,61,4,4,4,0
2,frontcatalog,250,139,recommendationservice,server,67,3,3,3,0
2,frontcatalog,250,139,redis-cart,-,,1,1,1,0
2,frontcatalog,250,139,shippingservice,server,67,3,3,3,0
2,frontcatalog,250,154,adservice,server,28,6,3,3,0
2,frontcatalog,250,154,cartservice,server,71,4,4,4,0
2,frontcatalog,250,154,checkoutservice,checkout,73,3,3,3,0
2,frontcatalog,250,154,currencyservice,server,60,3,3,3,0
2,frontcatalog,250,154,emailservice,email,58,4,4,4,0
2,frontcatalog,250,154,frontend,productcatalog,59,3,3,3,0
2,frontcatalog,250,154,frontend,server,63,3,3,3,0
2,frontcatalog,250,154,paymentservice,payment,61,4,4,4,0
2,frontcatalog,250,154,recommendationservice,server,67,3,3,3,0
2,frontcatalog,250,154,redis-cart,-,,1,1,1,0
2,frontcatalog,250,154,shippingservice,server,67,3,3,3,0
2,frontcatalog,250,169,adservice,server,54,3,3,3,0
2,frontcatalog,250,169,cartservice,server,72,4,4,4,0
2,frontcatalog,250,169,checkoutservice,checkout,73,3,3,3,0
2,frontcatalog,250,169,currencyservice,server,60,3,3,3,0
2,frontcatalog,250,169,emailservice,email,59,4,4,4,0
2,frontcatalog,250,169,frontend,productcatalog,59,3,3,3,0
2,frontcatalog,250,169,frontend,server,64,3,3,3,0
2,frontcatalog,250,169,paymentservice,payment,60,4,4,4,0
2,frontcatalog,250,169,recommendationservice,server,68,3,3,3,0
2,frontcatalog,250,169,redis-cart,-,,1,1,1,0
2,frontcatalog,250,169,shippingservice,server,68,3,3,3,0
2,frontcatalog,250,185,adservice,server,54,3,3,3,0
2,frontcatalog,250,185,cartservice,server,71,4,4,4,0
2,frontcatalog,250,185,checkoutservice,checkout,73,3,3,3,0
2,frontcatalog,250,185,currencyservice,server,60,3,3,3,0
2,frontcatalog,250,185,emailservice,email,58,4,4,4,0
2,frontcatalog,250,185,frontend,productcatalog,59,3,3,3,0
2,frontcatalog,250,185,frontend,server,64,3,3,3,0
2,frontcatalog,250,185,paymentservice,payment,62,4,4,4,0
2,frontcatalog,250,185,recommendationservice,server,67,3,3,3,0
2,frontcatalog,250,185,redis-cart,-,,1,1,1,0
2,frontcatalog,250,185,shippingservice,server,68,3,3,3,0
2,frontcatalog,250,200,adservice,server,54,3,3,3,0
2,frontcatalog,250,200,cartservice,server,72,4,4,4,0
2,frontcatalog,250,200,checkoutservice,checkout,73,3,3,3,0
2,frontcatalog,250,200,currencyservice,server,60,3,3,3,0
2,frontcatalog,250,200,emailservice,email,59,4,4,4,0
2,frontcatalog,250,200,frontend,productcatalog,59,3,3,3,0
2,frontcatalog,250,200,frontend,server,64,3,3,3,0
2,frontcatalog,250,200,paymentservice,payment,61,4,4,4,0
2,frontcatalog,250,200,recommendationservice,server,67,3,3,3,0
2,frontcatalog,250,200,redis-cart,-,,1,1,1,0
2,frontcatalog,250,200,shippingservice,server,68,3,3,3,0
2,frontcatalog,250,215,adservice,server,54,3,3,3,0
2,frontcatalog,250,215,cartservice,server,72,4,4,4,0
2,frontcatalog,250,215,checkoutservice,checkout,74,3,3,3,0
2,frontcatalog,250,215,currencyservice,server,60,3,3,3,0
2,frontcatalog,250,215,emailservice,email,59,4,4,4,0
2,frontcatalog,250,215,frontend,productcatalog,59,3,3,3,0
2,frontcatalog,250,215,frontend,server,64,3,3,3,0
2,frontcatalog,250,215,paymentservice,payment,62,4,4,4,0
2,frontcatalog,250,215,recommendationservice,server,68,3,3,3,0
2,frontcatalog,250,215,redis-cart,-,,1,1,1,0
2,frontcatalog,250,215,shippingservice,server,68,3,3,3,0
2,frontcatalog,250,231,adservice,server,53,3,3,3,0
2,frontcatalog,250,231,cartservice,server,71,4,4,4,0
2,frontcatalog,250,231,checkoutservice,checkout,73,3,3,3,0
2,frontcatalog,250,231,currencyservice,server,60,3,3,3,0
2,frontcatalog,250,231,emailservice,email,59,4,4,4,0
2,frontcatalog,250,231,frontend,productcatalog,60,3,3,3,0
2,frontcatalog,250,231,frontend,server,64,3,3,3,0
2,frontcatalog,250,231,paymentservice,payment,61,4,4,4,0
2,frontcatalog,250,231,recommendationservice,server,67,3,3,3,0
2,frontcatalog,250,231,redis-cart,-,,1,1,1,0
2,frontcatalog,250,231,shippingservice,server,68,3,3,3,0
2,frontcatalog,250,246,adservice,server,54,3,3,3,0
2,frontcatalog,250,246,cartservice,server,71,4,4,4,0
2,frontcatalog,250,246,checkoutservice,checkout,74,3,3,3,0
2,frontcatalog,250,246,currencyservice,server,61,3,3,3,0
2,frontcatalog,250,246,emailservice,email,59,4,4,4,0
2,frontcatalog,250,246,frontend,productcatalog,59,3,3,3,0
2,frontcatalog,250,246,frontend,server,64,3,3,3,0
2,frontcatalog,250,246,paymentservice,payment,61,4,4,4,0
2,frontcatalog,250,246,recommendationservice,server,67,3,3,3,0
2,frontcatalog,250,246,redis-cart,-,,1,1,1,0
2,frontcatalog,250,246,shippingservice,server,68,3,3,3,0
2,frontcatalog,250,261,adservice,server,53,3,3,3,0
2,frontcatalog,250,261,cartservice,server,71,4,4,4,0
2,frontcatalog,250,261,checkoutservice,checkout,73,3,3,3,0
2,frontcatalog,250,261,currencyservice,server,61,3,3,3,0
2,frontcatalog,250,261,emailservice,email,59,4,4,4,0
2,frontcatalog,250,261,frontend,productcatalog,60,3,3,3,0
2,frontcatalog,250,261,frontend,server,65,3,3,3,0
2,frontcatalog,250,261,paymentservice,payment,61,4,4,4,0
2,frontcatalog,250,261,recommendationservice,server,68,3,3,3,0
2,frontcatalog,250,261,redis-cart,-,,1,1,1,0
2,frontcatalog,250,261,shippingservice,server,69,3,3,3,0
2,frontcatalog,250,277,adservice,server,55,3,3,3,0
2,frontcatalog,250,277,cartservice,server,71,4,4,4,0
2,frontcatalog,250,277,checkoutservice,checkout,73,3,3,3,0
2,frontcatalog,250,277,currencyservice,server,60,3,3,3,0
2,frontcatalog,250,277,emailservice,email,59,4,4,4,0
2,frontcatalog,250,277,frontend,productcatalog,59,3,3,3,0
2,frontcatalog,250,277,frontend,server,64,3,3,3,0
2,frontcatalog,250,277,paymentservice,payment,61,4,4,4,0
2,frontcatalog,250,277,recommendationservice,server,68,3,3,3,0
2,frontcatalog,250,277,redis-cart,-,,1,1,1,0
2,frontcatalog,250,277,shippingservice,server,68,3,3,3,0
2,frontcatalog,250,292,adservice,server,54,3,3,3,0
2,frontcatalog,250,292,cartservice,server,71,4,4,4,0
2,frontcatalog,250,292,checkoutservice,checkout,73,3,3,3,0
2,frontcatalog,250,292,currencyservice,server,60,3,3,3,0
2,frontcatalog,250,292,emailservice,email,58,4,4,4,0
2,frontcatalog,250,292,frontend,productcatalog,59,3,3,3,0
2,frontcatalog,250,292,frontend,server,64,3,3,3,0
2,frontcatalog,250,292,paymentservice,payment,61,4,4,4,0
2,frontcatalog,250,292,recommendationservice,server,68,3,3,3,0
2,frontcatalog,250,292,redis-cart,-,,1,1,1,0
2,frontcatalog,250,292,shippingservice,server,68,3,3,3,0
2,frontcatalog,250,307,adservice,server,54,3,3,3,0
2,frontcatalog,250,307,cartservice,server,71,4,4,4,0
2,frontcatalog,250,307,checkoutservice,checkout,73,3,3,3,0
2,frontcatalog,250,307,currencyservice,server,60,3,3,3,0
2,frontcatalog,250,307,emailservice,email,58,4,4,4,0
2,frontcatalog,250,307,frontend,productcatalog,59,3,3,3,0
2,frontcatalog,250,307,frontend,server,64,3,3,3,0
2,frontcatalog,250,307,paymentservice,payment,61,4,4,4,0
2,frontcatalog,250,307,recommendationservice,server,67,3,3,3,0
2,frontcatalog,250,307,redis-cart,-,,1,1,1,0
2,frontcatalog,250,307,shippingservice,server,68,3,3,3,0
2,frontcatalog,250,323,adservice,server,54,3,3,3,0
2,frontcatalog,250,323,cartservice,server,71,4,4,4,0
2,frontcatalog,250,323,checkoutservice,checkout,74,3,3,3,0
2,frontcatalog,250,323,currencyservice,server,60,3,3,3,0
2,frontcatalog,250,323,emailservice,email,59,4,4,4,0
2,frontcatalog,250,323,frontend,productcatalog,59,3,3,3,0
2,frontcatalog,250,323,frontend,server,65,3,3,3,0
2,frontcatalog,250,323,paymentservice,payment,61,4,4,4,0
2,frontcatalog,250,323,recommendationservice,server,68,3,3,3,0
2,frontcatalog,250,323,redis-cart,-,,1,1,1,0
2,frontcatalog,250,323,shippingservice,server,68,3,3,3,0
2,frontcatalog,250,338,adservice,server,56,3,3,3,0
2,frontcatalog,250,338,cartservice,server,72,4,4,4,0
2,frontcatalog,250,338,checkoutservice,checkout,73,3,3,3,0
2,frontcatalog,250,338,currencyservice,server,60,3,3,3,0
2,frontcatalog,250,338,emailservice,email,59,4,4,4,0
2,frontcatalog,250,338,frontend,productcatalog,59,3,3,3,0
2,frontcatalog,250,338,frontend,server,65,3,3,3,0
2,frontcatalog,250,338,paymentservice,payment,61,4,4,4,0
2,frontcatalog,250,338,recommendationservice,server,67,3,3,3,0
2,frontcatalog,250,338,redis-cart,-,,1,1,1,0
2,frontcatalog,250,338,shippingservice,server,68,3,3,3,0
2,frontcatalog,250,353,adservice,server,55,3,3,3,0
2,frontcatalog,250,353,cartservice,server,70,4,4,4,0
2,frontcatalog,250,353,checkoutservice,checkout,74,3,3,3,0
2,frontcatalog,250,353,currencyservice,server,60,3,3,3,0
2,frontcatalog,250,353,emailservice,email,59,4,4,4,0
2,frontcatalog,250,353,frontend,productcatalog,60,3,3,3,0
2,frontcatalog,250,353,frontend,server,65,3,3,3,0
2,frontcatalog,250,353,paymentservice,payment,61,4,4,4,0
2,frontcatalog,250,353,recommendationservice,server,69,3,3,3,0
2,frontcatalog,250,353,redis-cart,-,,1,1,1,0
2,frontcatalog,250,353,shippingservice,server,69,3,3,3,0
2,frontcatalog,250,369,adservice,server,56,3,3,3,0
2,frontcatalog,250,369,cartservice,server,72,4,4,4,0
2,frontcatalog,250,369,checkoutservice,checkout,76,3,3,3,0
2,frontcatalog,250,369,currencyservice,server,60,3,3,3,0
2,frontcatalog,250,369,emailservice,email,61,4,4,4,0
2,frontcatalog,250,369,frontend,productcatalog,60,3,3,3,0
2,frontcatalog,250,369,frontend,server,66,3,3,3,0
2,frontcatalog,250,369,paymentservice,payment,65,4,4,4,0
2,frontcatalog,250,369,recommendationservice,server,72,3,3,3,0
2,frontcatalog,250,369,redis-cart,-,,1,1,1,0
2,frontcatalog,250,369,shippingservice,server,70,3,3,3,0
2,frontcatalog,250,384,adservice,server,56,3,3,3,0
2,frontcatalog,250,384,cartservice,server,72,4,4,4,0
2,frontcatalog,250,384,checkoutservice,checkout,76,3,3,3,0
2,frontcatalog,250,384,currencyservice,server,62,3,3,3,0
2,frontcatalog,250,384,emailservice,email,62,4,4,4,0
2,frontcatalog,250,384,frontend,productcatalog,60,3,3,3,0
2,frontcatalog,250,384,frontend,server,66,3,3,3,0
2,frontcatalog,250,384,paymentservice,payment,64,4,4,4,0
2,frontcatalog,250,384,recommendationservice,server,72,3,3,3,0
2,frontcatalog,250,384,redis-cart,-,,1,1,1,0
2,frontcatalog,250,384,shippingservice,server,70,3,3,3,0
2,frontcatalog,250,399,adservice,server,57,3,3,3,0
2,frontcatalog,250,399,cartservice,server,72,4,4,4,0
2,frontcatalog,250,399,checkoutservice,checkout,74,3,3,3,0
2,frontcatalog,250,399,currencyservice,server,61,3,3,3,0
2,frontcatalog,250,399,emailservice,email,62,4,4,4,0
2,frontcatalog,250,399,frontend,productcatalog,60,3,3,3,0
2,frontcatalog,250,399,frontend,server,65,3,3,3,0
2,frontcatalog,250,399,paymentservice,payment,63,4,4,4,0
2,frontcatalog,250,399,recommendationservice,server,71,3,3,3,0
2,frontcatalog,250,399,redis-cart,-,,1,1,1,0
2,frontcatalog,250,399,shippingservice,server,70,3,3,3,0
2,frontcatalog,250,415,adservice,server,54,3,3,3,0
2,frontcatalog,250,415,cartservice,server,71,4,4,4,0
2,frontcatalog,250,415,checkoutservice,checkout,74,3,3,3,0
2,frontcatalog,250,415,currencyservice,server,60,3,3,3,0
2,frontcatalog,250,415,emailservice,email,59,4,4,4,0
2,frontcatalog,250,415,frontend,productcatalog,60,3,3,3,0
2,frontcatalog,250,415,frontend,server,65,3,3,3,0
2,frontcatalog,250,415,paymentservice,payment,61,4,4,4,0
2,frontcatalog,250,415,recommendationservice,server,68,3,3,3,0
2,frontcatalog,250,415,redis-cart,-,,1,1,1,0
2,frontcatalog,250,415,shippingservice,server,69,3,3,3,0
2,frontcatalog,250,430,adservice,server,54,3,3,3,0
2,frontcatalog,250,430,cartservice,server,71,4,4,4,0
2,frontcatalog,250,430,checkoutservice,checkout,73,3,3,3,0
2,frontcatalog,250,430,currencyservice,server,60,3,3,3,0
2,frontcatalog,250,430,emailservice,email,59,4,4,4,0
2,frontcatalog,250,430,frontend,productcatalog,60,3,3,3,0
2,frontcatalog,250,430,frontend,server,65,3,3,3,0
2,frontcatalog,250,430,paymentservice,payment,63,4,4,4,0
2,frontcatalog,250,430,recommendationservice,server,68,3,3,3,0
2,frontcatalog,250,430,redis-cart,-,,1,1,1,0
2,frontcatalog,250,430,shippingservice,server,68,3,3,3,0
2,frontcatalog,250,445,adservice,server,32,3,3,3,0
2,frontcatalog,250,445,cartservice,server,71,4,4,4,0
2,frontcatalog,250,445,checkoutservice,checkout,73,3,3,3,0
2,frontcatalog,250,445,currencyservice,server,43,3,3,3,0
2,frontcatalog,250,445,emailservice,email,51,4,4,4,0
2,frontcatalog,250,445,frontend,productcatalog,59,3,3,3,0
2,frontcatalog,250,445,frontend,server,56,3,3,3,0
2,frontcatalog,250,445,paymentservice,payment,54,4,4,4,0
2,frontcatalog,250,445,recommendationservice,server,52,3,3,3,0
2,frontcatalog,250,445,redis-cart,-,,1,1,1,0
2,frontcatalog,250,445,shippingservice,server,42,3,3,3,0
2,frontcatalog,300,0,adservice,server,3,3,3,3,0
2,frontcatalog,300,0,cartservice,server,0,4,4,4,0
2,frontcatalog,300,0,checkoutservice,checkout,0,3,3,3,0
2,frontcatalog,300,0,currencyservice,server,0,3,3,3,0
2,frontcatalog,300,0,emailservice,email,2,4,4,4,0
2,frontcatalog,300,0,frontend,productcatalog,0,3,3,3,0
2,frontcatalog,300,0,frontend,server,0,3,3,3,0
2,frontcatalog,300,0,paymentservice,payment,1,4,4,4,0
2,frontcatalog,300,0,recommendationservice,server,22,3,3,3,0
2,frontcatalog,300,0,redis-cart,-,,1,1,1,0
2,frontcatalog,300,0,shippingservice,server,0,3,3,3,0
2,frontcatalog,300,16,adservice,server,21,3,2,2,0
2,frontcatalog,300,16,cartservice,server,18,4,4,4,0
2,frontcatalog,300,16,checkoutservice,checkout,0,3,3,3,0
2,frontcatalog,300,16,currencyservice,server,5,3,2,2,0
2,frontcatalog,300,16,emailservice,email,15,4,3,3,0
2,frontcatalog,300,16,frontend,productcatalog,1,3,3,3,0
2,frontcatalog,300,16,frontend,server,20,3,3,3,0
2,frontcatalog,300,16,paymentservice,payment,9,4,4,4,0
2,frontcatalog,300,16,recommendationservice,server,0,3,3,3,0
2,frontcatalog,300,16,redis-cart,-,,1,1,1,0
2,frontcatalog,300,16,shippingservice,server,0,3,3,3,0
2,frontcatalog,300,31,adservice,server,373,2,2,2,0
2,frontcatalog,300,31,cartservice,server,61,4,4,4,0
2,frontcatalog,300,31,checkoutservice,checkout,55,3,3,3,0
2,frontcatalog,300,31,currencyservice,server,126,2,2,2,0
2,frontcatalog,300,31,emailservice,email,98,3,3,3,0
2,frontcatalog,300,31,frontend,productcatalog,56,3,3,3,0
2,frontcatalog,300,31,frontend,server,75,3,3,3,0
2,frontcatalog,300,31,paymentservice,payment,72,4,4,4,0
2,frontcatalog,300,31,recommendationservice,server,73,3,3,3,0
2,frontcatalog,300,31,redis-cart,-,,1,1,1,0
2,frontcatalog,300,31,shippingservice,server,105,2,2,2,0
2,frontcatalog,300,47,adservice,server,552,2,6,2,0
2,frontcatalog,300,47,cartservice,server,85,4,4,4,0
2,frontcatalog,300,47,checkoutservice,checkout,86,3,3,3,0
2,frontcatalog,300,47,currencyservice,server,134,2,4,2,2
2,frontcatalog,300,47,emailservice,email,112,3,5,3,2
2,frontcatalog,300,47,frontend,productcatalog,68,3,3,3,0
2,frontcatalog,300,47,frontend,server,81,3,3,3,0
2,frontcatalog,300,47,paymentservice,payment,79,4,4,4,0
2,frontcatalog,300,47,recommendationservice,server,83,3,3,3,0
2,frontcatalog,300,47,redis-cart,-,,1,1,1,0
2,frontcatalog,300,47,shippingservice,server,130,2,3,2,1
2,frontcatalog,300,62,adservice,server,363,6,8,2,0
2,frontcatalog,300,62,cartservice,server,84,4,5,4,1
2,frontcatalog,300,62,checkoutservice,checkout,91,3,4,3,1
2,frontcatalog,300,62,currencyservice,server,134,4,4,4,0
2,frontcatalog,300,62,emailservice,email,108,5,5,5,0
2,frontcatalog,300,62,frontend,productcatalog,68,3,4,3,1
2,frontcatalog,300,62,frontend,server,77,3,4,3,1
2,frontcatalog,300,62,paymentservice,payment,79,4,5,4,0
2,frontcatalog,300,62,recommendationservice,server,95,3,4,3,1
2,frontcatalog,300,62,redis-cart,-,,1,1,1,0
2,frontcatalog,300,62,shippingservice,server,131,3,4,4,0
2,frontcatalog,300,78,adservice,server,295,8,8,3,0
2,frontcatalog,300,78,cartservice,server,80,5,5,4,1
2,frontcatalog,300,78,checkoutservice,checkout,82,4,4,3,1
2,frontcatalog,300,78,currencyservice,server,85,4,4,4,0
2,frontcatalog,300,78,emailservice,email,103,5,5,5,0
2,frontcatalog,300,78,frontend,productcatalog,63,4,4,3,1
2,frontcatalog,300,78,frontend,server,78,4,4,3,1
2,frontcatalog,300,78,paymentservice,payment,75,5,5,5,0
2,frontcatalog,300,78,recommendationservice,server,94,4,4,3,1
2,frontcatalog,300,78,redis-cart,-,,1,1,1,0
2,frontcatalog,300,78,shippingservice,server,76,4,4,4,0
2,frontcatalog,300,93,adservice,server,209,8,8,8,0
2,frontcatalog,300,93,cartservice,server,90,5,5,4,1
2,frontcatalog,300,93,checkoutservice,checkout,93,4,4,3,1
2,frontcatalog,300,93,currencyservice,server,66,4,4,4,0
2,frontcatalog,300,93,emailservice,email,67,5,5,5,0
2,frontcatalog,300,93,frontend,productcatalog,67,4,4,3,1
2,frontcatalog,300,93,frontend,server,78,4,4,3,1
2,frontcatalog,300,93,paymentservice,payment,65,5,5,5,0
2,frontcatalog,300,93,recommendationservice,server,95,4,4,3,1
2,frontcatalog,300,93,redis-cart,-,,1,1,1,0
2,frontcatalog,300,93,shippingservice,server,66,4,4,4,0
2,frontcatalog,300,109,adservice,server,84,8,8,8,0
2,frontcatalog,300,109,cartservice,server,88,5,5,4,1
2,frontcatalog,300,109,checkoutservice,checkout,93,4,4,3,1
2,frontcatalog,300,109,currencyservice,server,67,4,4,4,0
2,frontcatalog,300,109,emailservice,email,68,5,5,5,0
2,frontcatalog,300,109,frontend,productcatalog,71,4,4,3,1
2,frontcatalog,300,109,frontend,server,83,4,4,3,1
2,frontcatalog,300,109,paymentservice,payment,66,5,5,5,0
2,frontcatalog,300,109,recommendationservice,server,98,4,4,3,1
2,frontcatalog,300,109,redis-cart,-,,1,1,1,0
2,frontcatalog,300,109,shippingservice,server,67,4,4,4,0
2,frontcatalog,300,124,adservice,server,56,8,8,8,0
2,frontcatalog,300,124,cartservice,server,88,5,5,4,1
2,frontcatalog,300,124,checkoutservice,checkout,95,4,4,3,1
2,frontcatalog,300,124,currencyservice,server,67,4,4,4,0
2,frontcatalog,300,124,emailservice,email,66,5,5,5,0
2,frontcatalog,300,124,frontend,productcatalog,72,4,4,3,1
2,frontcatalog,300,124,frontend,server,83,4,4,3,1
2,frontcatalog,300,124,paymentservice,payment,64,5,5,5,0
2,frontcatalog,300,124,recommendationservice,server,94,4,4,3,1
2,frontcatalog,300,124,redis-cart,-,,1,1,1,0
2,frontcatalog,300,124,shippingservice,server,68,4,4,4,0
2,frontcatalog,300,140,adservice,server,35,8,8,8,0
2,frontcatalog,300,140,cartservice,server,89,5,5,4,1
2,frontcatalog,300,140,checkoutservice,checkout,94,4,4,3,1
2,frontcatalog,300,140,currencyservice,server,67,4,4,4,0
2,frontcatalog,300,140,emailservice,email,65,5,5,5,0
2,frontcatalog,300,140,frontend,productcatalog,72,4,4,3,1
2,frontcatalog,300,140,frontend,server,82,4,4,3,1
2,frontcatalog,300,140,paymentservice,payment,64,5,5,5,0
2,frontcatalog,300,140,recommendationservice,server,93,4,4,3,1
2,frontcatalog,300,140,redis-cart,-,,1,1,1,0
2,frontcatalog,300,140,shippingservice,server,66,4,4,4,0
2,frontcatalog,300,155,adservice,server,36,8,8,8,0
2,frontcatalog,300,155,cartservice,server,89,5,5,4,1
2,frontcatalog,300,155,checkoutservice,checkout,94,4,4,3,1
2,frontcatalog,300,155,currencyservice,server,67,4,4,4,0
2,frontcatalog,300,155,emailservice,email,66,5,5,5,0
2,frontcatalog,300,155,frontend,productcatalog,72,4,4,3,1
2,frontcatalog,300,155,frontend,server,82,4,4,3,1
2,frontcatalog,300,155,paymentservice,payment,64,5,5,5,0
2,frontcatalog,300,155,recommendationservice,server,94,4,4,3,1
2,frontcatalog,300,155,redis-cart,-,,1,1,1,0
2,frontcatalog,300,155,shippingservice,server,66,4,4,4,0
2,frontcatalog,300,171,adservice,server,31,8,5,5,0
2,frontcatalog,300,171,cartservice,server,89,5,5,4,1
2,frontcatalog,300,171,checkoutservice,checkout,93,4,4,3,1
2,frontcatalog,300,171,currencyservice,server,67,4,4,4,0
2,frontcatalog,300,171,emailservice,email,65,5,5,5,0
2,frontcatalog,300,171,frontend,productcatalog,72,4,4,3,1
2,frontcatalog,300,171,frontend,server,83,4,4,3,1
2,frontcatalog,300,171,paymentservice,payment,64,5,5,5,0
2,frontcatalog,300,171,recommendationservice,server,93,4,4,3,1
2,frontcatalog,300,171,redis-cart,-,,1,1,1,0
2,frontcatalog,300,171,shippingservice,server,66,4,4,4,0
2,frontcatalog,300,186,adservice,server,47,5,5,5,0
2,frontcatalog,300,186,cartservice,server,89,5,5,4,1
2,frontcatalog,300,186,checkoutservice,checkout,93,4,4,3,1
2,frontcatalog,300,186,currencyservice,server,67,4,4,4,0
2,frontcatalog,300,186,emailservice,email,66,5,5,5,0
2,frontcatalog,300,186,frontend,productcatalog,71,4,4,3,1
2,frontcatalog,300,186,frontend,server,83,4,4,3,1
2,frontcatalog,300,186,paymentservice,payment,65,5,5,5,0
2,frontcatalog,300,186,recommendationservice,server,95,4,4,3,1
2,frontcatalog,300,186,redis-cart,-,,1,1,1,0
2,frontcatalog,300,186,shippingservice,server,65,4,4,4,0
2,frontcatalog,300,201,adservice,server,55,5,5,5,0
2,frontcatalog,300,201,cartservice,server,89,5,5,4,1
2,frontcatalog,300,201,checkoutservice,checkout,93,4,4,3,1
2,frontcatalog,300,201,currencyservice,server,67,4,4,4,0
2,frontcatalog,300,201,emailservice,email,66,5,5,5,0
2,frontcatalog,300,201,frontend,productcatalog,72,4,4,3,1
2,frontcatalog,300,201,frontend,server,81,4,4,3,1
2,frontcatalog,300,201,paymentservice,payment,64,5,5,5,0
2,frontcatalog,300,201,recommendationservice,server,94,4,4,3,1
2,frontcatalog,300,201,redis-cart,-,,1,1,1,0
2,frontcatalog,300,201,shippingservice,server,67,4,4,4,0
2,frontcatalog,300,217,adservice,server,46,5,4,4,0
2,frontcatalog,300,217,cartservice,server,89,5,5,4,1
2,frontcatalog,300,217,checkoutservice,checkout,94,4,4,4,0
2,frontcatalog,300,217,currencyservice,server,68,4,4,4,0
2,frontcatalog,300,217,emailservice,email,65,5,5,5,0
2,frontcatalog,300,217,frontend,productcatalog,71,4,4,3,1
2,frontcatalog,300,217,frontend,server,83,4,4,3,1
2,frontcatalog,300,217,paymentservice,payment,65,5,5,5,0
2,frontcatalog,300,217,recommendationservice,server,93,4,4,3,1
2,frontcatalog,300,217,redis-cart,-,,1,1,1,0
2,frontcatalog,300,217,shippingservice,server,66,4,4,4,0
2,frontcatalog,300,232,adservice,server,60,4,4,4,0
2,frontcatalog,300,232,cartservice,server,88,5,5,4,1
2,frontcatalog,300,232,checkoutservice,checkout,92,4,4,4,0
2,frontcatalog,300,232,currencyservice,server,67,4,4,4,0
2,frontcatalog,300,232,emailservice,email,66,5,5,5,0
2,frontcatalog,300,232,frontend,productcatalog,70,4,4,3,1
2,frontcatalog,300,232,frontend,server,82,4,4,3,1
2,frontcatalog,300,232,paymentservice,payment,63,5,5,5,0
2,frontcatalog,300,232,recommendationservice,server,94,4,4,3,1
2,frontcatalog,300,232,redis-cart,-,,1,1,1,0
2,frontcatalog,300,232,shippingservice,server,66,4,4,4,0
2,frontcatalog,300,248,adservice,server,60,4,4,4,0
2,frontcatalog,300,248,cartservice,server,84,5,5,4,1
2,frontcatalog,300,248,checkoutservice,checkout,91,4,4,4,0
2,frontcatalog,300,248,currencyservice,server,67,4,4,4,0
2,frontcatalog,300,248,emailservice,email,64,5,5,5,0
2,frontcatalog,300,248,frontend,productcatalog,70,4,4,3,1
2,frontcatalog,300,248,frontend,server,79,4,4,3,1
2,frontcatalog,300,248,paymentservice,payment,64,5,5,5,0
2,frontcatalog,300,248,recommendationservice,server,93,4,4,3,1
2,frontcatalog,300,248,redis-cart,-,,1,1,1,0
2,frontcatalog,300,248,shippingservice,server,64,4,4,4,0
2,frontcatalog,300,263,adservice,server,59,4,4,4,0
2,frontcatalog,300,263,cartservice,server,88,5,5,4,1
2,frontcatalog,300,263,checkoutservice,checkout,71,4,4,4,0
2,frontcatalog,300,263,currencyservice,server,68,4,4,4,0
2,frontcatalog,300,263,emailservice,email,68,5,5,5,0
2,frontcatalog,300,263,frontend,productcatalog,71,4,4,3,1
2,frontcatalog,300,263,frontend,server,84,4,4,3,1
2,frontcatalog,300,263,paymentservice,payment,66,5,5,5,0
2,frontcatalog,300,263,recommendationservice,server,98,4,4,3,1
2,frontcatalog,300,263,redis-cart,-,,1,1,1,0
2,frontcatalog,300,263,shippingservice,server,68,4,4,4,0
2,frontcatalog,300,278,adservice,server,57,4,4,4,0
2,frontcatalog,300,278,cartservice,server,89,5,5,4,1
2,frontcatalog,300,278,checkoutservice,checkout,70,4,4,4,0
2,frontcatalog,300,278,currencyservice,server,68,4,4,4,0
2,frontcatalog,300,278,emailservice,email,66,5,5,5,0
2,frontcatalog,300,278,frontend,productcatalog,71,4,4,3,1
2,frontcatalog,300,278,frontend,server,82,4,4,3,1
2,frontcatalog,300,278,paymentservice,payment,64,5,5,5,0
2,frontcatalog,300,278,recommendationservice,server,94,4,4,3,1
2,frontcatalog,300,278,redis-cart,-,,1,1,1,0
2,frontcatalog,300,278,shippingservice,server,66,4,4,4,0
2,frontcatalog,300,294,adservice,server,56,4,4,4,0
2,frontcatalog,300,294,cartservice,server,90,5,5,4,1
2,frontcatalog,300,294,checkoutservice,checkout,71,4,4,4,0
2,frontcatalog,300,294,currencyservice,server,67,4,4,4,0
2,frontcatalog,300,294,emailservice,email,66,5,5,5,0
2,frontcatalog,300,294,frontend,productcatalog,71,4,4,3,1
2,frontcatalog,300,294,frontend,server,83,4,4,3,1
2,frontcatalog,300,294,paymentservice,payment,64,5,5,5,0
2,frontcatalog,300,294,recommendationservice,server,94,4,4,3,1
2,frontcatalog,300,294,redis-cart,-,,1,1,1,0
2,frontcatalog,300,294,shippingservice,server,66,4,4,4,0
2,frontcatalog,300,309,adservice,server,56,4,4,4,0
2,frontcatalog,300,309,cartservice,server,89,5,5,4,1
2,frontcatalog,300,309,checkoutservice,checkout,70,4,4,4,0
2,frontcatalog,300,309,currencyservice,server,67,4,4,4,0
2,frontcatalog,300,309,emailservice,email,65,5,5,5,0
2,frontcatalog,300,309,frontend,productcatalog,71,4,4,3,1
2,frontcatalog,300,309,frontend,server,82,4,4,3,1
2,frontcatalog,300,309,paymentservice,payment,64,5,5,5,0
2,frontcatalog,300,309,recommendationservice,server,93,4,4,3,1
2,frontcatalog,300,309,redis-cart,-,,1,1,1,0
2,frontcatalog,300,309,shippingservice,server,66,4,4,4,0
2,frontcatalog,300,325,adservice,server,55,4,4,4,0
2,frontcatalog,300,325,cartservice,server,89,5,5,4,1
2,frontcatalog,300,325,checkoutservice,checkout,71,4,4,4,0
2,frontcatalog,300,325,currencyservice,server,68,4,4,4,0
2,frontcatalog,300,325,emailservice,email,65,5,5,5,0
2,frontcatalog,300,325,frontend,productcatalog,72,4,4,3,1
2,frontcatalog,300,325,frontend,server,82,4,4,3,1
2,frontcatalog,300,325,paymentservice,payment,65,5,5,5,0
2,frontcatalog,300,325,recommendationservice,server,94,4,4,3,1
2,frontcatalog,300,325,redis-cart,-,,1,1,1,0
2,frontcatalog,300,325,shippingservice,server,67,4,4,4,0
2,frontcatalog,300,340,adservice,server,55,4,4,4,0
2,frontcatalog,300,340,cartservice,server,89,5,5,4,1
2,frontcatalog,300,340,checkoutservice,checkout,70,4,4,4,0
2,frontcatalog,300,340,currencyservice,server,68,4,4,4,0
2,frontcatalog,300,340,emailservice,email,65,5,5,5,0
2,frontcatalog,300,340,frontend,productcatalog,72,4,4,3,1
2,frontcatalog,300,340,frontend,server,83,4,4,3,1
2,frontcatalog,300,340,paymentservice,payment,64,5,5,5,0
2,frontcatalog,300,340,recommendationservice,server,93,4,4,3,1
2,frontcatalog,300,340,redis-cart,-,,1,1,1,0
2,frontcatalog,300,340,shippingservice,server,66,4,4,4,0
2,frontcatalog,300,356,adservice,server,57,4,4,4,0
2,frontcatalog,300,356,cartservice,server,89,5,5,4,1
2,frontcatalog,300,356,checkoutservice,checkout,70,4,4,4,0
2,frontcatalog,300,356,currencyservice,server,68,4,4,4,0
2,frontcatalog,300,356,emailservice,email,65,5,5,5,0
2,frontcatalog,300,356,frontend,productcatalog,72,4,4,3,1
2,frontcatalog,300,356,frontend,server,82,4,4,3,1
2,frontcatalog,300,356,paymentservice,payment,65,5,5,5,0
2,frontcatalog,300,356,recommendationservice,server,94,4,4,3,1
2,frontcatalog,300,356,redis-cart,-,,1,1,1,0
2,frontcatalog,300,356,shippingservice,server,66,4,4,4,0
2,frontcatalog,300,371,adservice,server,62,4,4,4,0
2,frontcatalog,300,371,cartservice,server,89,5,5,4,1
2,frontcatalog,300,371,checkoutservice,checkout,70,4,4,4,0
2,frontcatalog,300,371,currencyservice,server,67,4,4,4,0
2,frontcatalog,300,371,emailservice,email,65,5,5,5,0
2,frontcatalog,300,371,frontend,productcatalog,72,4,4,3,1
2,frontcatalog,300,371,frontend,server,82,4,4,3,1
2,frontcatalog,300,371,paymentservice,payment,65,5,5,5,0
2,frontcatalog,300,371,recommendationservice,server,94,4,4,3,1
2,frontcatalog,300,371,redis-cart,-,,1,1,1,0
2,frontcatalog,300,371,shippingservice,server,66,4,4,4,0
2,frontcatalog,300,386,adservice,server,56,4,4,4,0
2,frontcatalog,300,386,cartservice,server,89,5,5,4,1
2,frontcatalog,300,386,checkoutservice,checkout,71,4,4,4,0
2,frontcatalog,300,386,currencyservice,server,67,4,4,4,0
2,frontcatalog,300,386,emailservice,email,65,5,5,5,0
2,frontcatalog,300,386,frontend,productcatalog,72,4,4,3,1
2,frontcatalog,300,386,frontend,server,82,4,4,3,1
2,frontcatalog,300,386,paymentservice,payment,65,5,5,5,0
2,frontcatalog,300,386,recommendationservice,server,94,4,4,3,1
2,frontcatalog,300,386,redis-cart,-,,1,1,1,0
2,frontcatalog,300,386,shippingservice,server,66,4,4,4,0
2,frontcatalog,300,402,adservice,server,55,4,4,4,0
2,frontcatalog,300,402,cartservice,server,89,5,5,4,1
2,frontcatalog,300,402,checkoutservice,checkout,71,4,4,4,0
2,frontcatalog,300,402,currencyservice,server,68,4,4,4,0
2,frontcatalog,300,402,emailservice,email,65,5,5,5,0
2,frontcatalog,300,402,frontend,productcatalog,72,4,4,3,1
2,frontcatalog,300,402,frontend,server,83,4,4,3,1
2,frontcatalog,300,402,paymentservice,payment,65,5,5,5,0
2,frontcatalog,300,402,recommendationservice,server,94,4,4,3,1
2,frontcatalog,300,402,redis-cart,-,,1,1,1,0
2,frontcatalog,300,402,shippingservice,server,66,4,4,4,0
2,frontcatalog,300,417,adservice,server,56,4,4,4,0
2,frontcatalog,300,417,cartservice,server,89,5,5,4,1
2,frontcatalog,300,417,checkoutservice,checkout,71,4,4,4,0
2,frontcatalog,300,417,currencyservice,server,67,4,4,4,0
2,frontcatalog,300,417,emailservice,email,65,5,5,5,0
2,frontcatalog,300,417,frontend,productcatalog,72,4,4,3,1
2,frontcatalog,300,417,frontend,server,82,4,4,3,1
2,frontcatalog,300,417,paymentservice,payment,65,5,5,5,0
2,frontcatalog,300,417,recommendationservice,server,94,4,4,3,1
2,frontcatalog,300,417,redis-cart,-,,1,1,1,0
2,frontcatalog,300,417,shippingservice,server,66,4,4,4,0
2,frontcatalog,300,433,adservice,server,56,4,4,4,0
2,frontcatalog,300,433,cartservice,server,89,5,5,4,1
2,frontcatalog,300,433,checkoutservice,checkout,70,4,4,4,0
2,frontcatalog,300,433,currencyservice,server,67,4,4,4,0
2,frontcatalog,300,433,emailservice,email,65,5,5,5,0
2,frontcatalog,300,433,frontend,productcatalog,72,4,4,3,1
2,frontcatalog,300,433,frontend,server,83,4,4,3,1
2,frontcatalog,300,433,paymentservice,payment,64,5,5,5,0
2,frontcatalog,300,433,recommendationservice,server,93,4,4,3,1
2,frontcatalog,300,433,redis-cart,-,,1,1,1,0
2,frontcatalog,300,433,shippingservice,server,66,4,4,4,0
3,frontcatalog,250,0,adservice,server,7,2,2,2,0
3,frontcatalog,250,0,cartservice,server,1,2,2,2,0
3,frontcatalog,250,0,checkoutservice,checkout,0,2,2,2,0
3,frontcatalog,250,0,currencyservice,server,0,2,2,2,0
3,frontcatalog,250,0,emailservice,email,2,2,2,2,0
3,frontcatalog,250,0,frontend,productcatalog,0,2,2,2,0
3,frontcatalog,250,0,frontend,server,0,2,2,2,0
3,frontcatalog,250,0,paymentservice,payment,1,2,2,2,0
3,frontcatalog,250,0,recommendationservice,-,,,0,2,0
3,frontcatalog,250,0,redis-cart,-,,1,1,1,0
3,frontcatalog,250,0,shippingservice,-,,,0,2,0
3,frontcatalog,250,15,adservice,server,83,2,2,2,0
3,frontcatalog,250,15,cartservice,server,43,2,2,2,0
3,frontcatalog,250,15,checkoutservice,checkout,4,2,2,2,0
3,frontcatalog,250,15,currencyservice,server,0,2,2,2,0
3,frontcatalog,250,15,emailservice,email,2,2,2,2,0
3,frontcatalog,250,15,frontend,productcatalog,8,2,2,2,0
3,frontcatalog,250,15,frontend,server,19,2,2,2,0
3,frontcatalog,250,15,paymentservice,payment,32,2,2,2,0
3,frontcatalog,250,15,recommendationservice,server,0,2,2,2,0
3,frontcatalog,250,15,redis-cart,-,,1,1,1,0
3,frontcatalog,250,15,shippingservice,server,0,2,2,2,0
3,frontcatalog,250,31,adservice,server,326,2,3,2,0
3,frontcatalog,250,31,cartservice,server,43,2,2,2,0
3,frontcatalog,250,31,checkoutservice,checkout,80,2,2,2,0
3,frontcatalog,250,31,currencyservice,server,94,2,2,2,0
3,frontcatalog,250,31,emailservice,email,83,2,2,2,0
3,frontcatalog,250,31,frontend,productcatalog,69,2,2,2,0
3,frontcatalog,250,31,frontend,server,61,2,2,2,0
3,frontcatalog,250,31,paymentservice,payment,118,2,2,2,0
3,frontcatalog,250,31,recommendationservice,server,86,2,2,2,0
3,frontcatalog,250,31,redis-cart,-,,1,1,1,0
3,frontcatalog,250,31,shippingservice,server,0,2,2,2,0
3,frontcatalog,250,46,adservice,server,395,3,7,2,0
3,frontcatalog,250,46,cartservice,server,96,2,2,2,0
3,frontcatalog,250,46,checkoutservice,checkout,86,2,3,3,0
3,frontcatalog,250,46,currencyservice,server,95,2,3,2,0
3,frontcatalog,250,46,emailservice,email,99,2,3,2,0
3,frontcatalog,250,46,frontend,productcatalog,68,2,2,2,0
3,frontcatalog,250,46,frontend,server,84,2,2,2,0
3,frontcatalog,250,46,paymentservice,payment,97,2,3,2,1
3,frontcatalog,250,46,recommendationservice,server,0,2,2,1,0
3,frontcatalog,250,46,redis-cart,-,,1,1,1,0
3,frontcatalog,250,46,shippingservice,server,81,2,2,2,0
3,frontcatalog,250,61,adservice,server,230,7,7,3,0
3,frontcatalog,250,61,cartservice,server,82,2,3,2,0
3,frontcatalog,250,61,checkoutservice,checkout,88,3,3,3,0
3,frontcatalog,250,61,currencyservice,server,93,3,3,3,0
3,frontcatalog,250,61,emailservice,email,95,3,3,3,0
3,frontcatalog,250,61,frontend,productcatalog,78,2,3,2,1
3,frontcatalog,250,61,frontend,server,88,2,3,2,1
3,frontcatalog,250,61,paymentservice,payment,85,3,3,3,0
3,frontcatalog,250,61,recommendationservice,server,0,2,2,1,0
3,frontcatalog,250,61,redis-cart,-,,1,1,1,0
3,frontcatalog,250,61,shippingservice,server,90,2,3,2,1
3,frontcatalog,250,77,adservice,server,232,7,7,6,0
3,frontcatalog,250,77,cartservice,server,70,3,3,2,0
3,frontcatalog,250,77,checkoutservice,checkout,51,3,3,3,0
3,frontcatalog,250,77,currencyservice,server,94,3,3,3,0
3,frontcatalog,250,77,emailservice,email,91,3,3,3,0
3,frontcatalog,250,77,frontend,productcatalog,77,3,3,3,0
3,frontcatalog,250,77,frontend,server,80,3,3,3,0
3,frontcatalog,250,77,paymentservice,payment,57,3,3,3,0
3,frontcatalog,250,77,recommendationservice,server,0,2,2,1,0
3,frontcatalog,250,77,redis-cart,-,,1,1,1,0
3,frontcatalog,250,77,shippingservice,server,80,3,3,3,0
3,frontcatalog,250,92,adservice,server,120,7,7,7,0
3,frontcatalog,250,92,cartservice,server,80,3,3,3,0
3,frontcatalog,250,92,checkoutservice,checkout,52,3,3,3,0
3,frontcatalog,250,92,currencyservice,server,62,3,3,3,0
3,frontcatalog,250,92,emailservice,email,63,3,3,3,0
3,frontcatalog,250,92,frontend,productcatalog,78,3,3,3,0
3,frontcatalog,250,92,frontend,server,87,3,3,3,0
3,frontcatalog,250,92,paymentservice,payment,69,3,3,3,0
3,frontcatalog,250,92,recommendationservice,server,0,2,1,1,0
3,frontcatalog,250,92,redis-cart,-,,1,1,1,0
3,frontcatalog,250,92,shippingservice,server,54,3,3,3,0
3,frontcatalog,250,107,adservice,server,53,7,7,7,0
3,frontcatalog,250,107,cartservice,server,119,3,3,3,0
3,frontcatalog,250,107,checkoutservice,checkout,53,3,3,3,0
3,frontcatalog,250,107,currencyservice,server,67,3,3,3,0
3,frontcatalog,250,107,emailservice,email,73,3,3,3,0
3,frontcatalog,250,107,frontend,productcatalog,58,3,3,3,0
3,frontcatalog,250,107,frontend,server,65,3,3,3,0
3,frontcatalog,250,107,paymentservice,payment,76,3,3,3,0
3,frontcatalog,250,107,recommendationservice,server,35,1,1,1,0
3,frontcatalog,250,107,redis-cart,-,,1,1,1,0
3,frontcatalog,250,107,shippingservice,server,62,3,3,3,0
3,frontcatalog,250,122,adservice,server,39,7,7,7,0
3,frontcatalog,250,122,cartservice,server,62,3,3,3,0
3,frontcatalog,250,122,checkoutservice,checkout,60,3,3,3,0
3,frontcatalog,250,122,currencyservice,server,68,3,3,3,0
3,frontcatalog,250,122,emailservice,email,75,3,3,3,0
3,frontcatalog,250,122,frontend,productcatalog,58,3,3,3,0
3,frontcatalog,250,122,frontend,server,61,3,3,3,0
3,frontcatalog,250,122,paymentservice,payment,68,3,3,3,0
3,frontcatalog,250,122,recommendationservice,-,,1,1,0,0
3,frontcatalog,250,122,redis-cart,-,,1,1,1,0
3,frontcatalog,250,122,shippingservice,server,59,3,3,3,0
3,frontcatalog,250,138,adservice,server,38,7,7,7,0
3,frontcatalog,250,138,cartservice,server,57,3,3,3,0
3,frontcatalog,250,138,checkoutservice,checkout,58,3,3,3,0
3,frontcatalog,250,138,currencyservice,server,62,3,3,3,0
3,frontcatalog,250,138,emailservice,email,63,3,3,3,0
3,frontcatalog,250,138,frontend,productcatalog,58,3,3,3,0
3,frontcatalog,250,138,frontend,server,58,3,3,3,0
3,frontcatalog,250,138,paymentservice,payment,63,3,3,3,0
3,frontcatalog,250,138,recommendationservice,-,,1,1,0,0
3,frontcatalog,250,138,redis-cart,-,,1,1,1,0
3,frontcatalog,250,138,shippingservice,server,59,3,3,3,0
3,frontcatalog,250,153,adservice,server,34,7,4,4,0
3,frontcatalog,250,153,cartservice,server,57,3,3,3,0
3,frontcatalog,250,153,checkoutservice,checkout,57,3,3,3,0
3,frontcatalog,250,153,currencyservice,server,63,3,3,3,0
3,frontcatalog,250,153,emailservice,email,66,3,3,3,0
3,frontcatalog,250,153,frontend,productcatalog,55,3,3,3,0
3,frontcatalog,250,153,frontend,server,58,3,3,3,0
3,frontcatalog,250,153,paymentservice,payment,63,3,3,3,0
3,frontcatalog,250,153,recommendationservice,-,,1,1,0,0
3,frontcatalog,250,153,redis-cart,-,,1,1,1,0
3,frontcatalog,250,153,shippingservice,server,62,3,3,3,0
3,frontcatalog,250,168,adservice,server,43,4,4,4,0
3,frontcatalog,250,168,cartservice,server,57,3,3,3,0
3,frontcatalog,250,168,checkoutservice,checkout,56,3,3,3,0
3,frontcatalog,250,168,currencyservice,server,64,3,3,3,0
3,frontcatalog,250,168,emailservice,email,65,3,3,3,0
3,frontcatalog,250,168,frontend,productcatalog,55,3,3,3,0
3,frontcatalog,250,168,frontend,server,58,3,3,3,0
3,frontcatalog,250,168,paymentservice,payment,65,3,3,3,0
3,frontcatalog,250,168,recommendationservice,-,,1,1,0,0
3,frontcatalog,250,168,redis-cart,-,,1,1,1,0
3,frontcatalog,250,168,shippingservice,server,56,3,3,3,0
3,frontcatalog,250,184,adservice,server,38,4,4,4,0
3,frontcatalog,250,184,cartservice,server,62,3,3,3,0
3,frontcatalog,250,184,checkoutservice,checkout,60,3,3,3,0
3,frontcatalog,250,184,currencyservice,server,63,3,3,3,0
3,frontcatalog,250,184,emailservice,email,66,3,3,3,0
3,frontcatalog,250,184,frontend,productcatalog,55,3,3,3,0
3,frontcatalog,250,184,frontend,server,59,3,3,3,0
3,frontcatalog,250,184,paymentservice,payment,66,3,3,3,0
3,frontcatalog,250,184,recommendationservice,-,,1,1,0,0
3,frontcatalog,250,184,redis-cart,-,,1,1,1,0
3,frontcatalog,250,184,shippingservice,server,59,3,3,3,0
3,frontcatalog,250,199,adservice,server,37,4,4,4,0
3,frontcatalog,250,199,cartservice,server,60,3,3,3,0
3,frontcatalog,250,199,checkoutservice,checkout,55,3,3,3,0
3,frontcatalog,250,199,currencyservice,server,62,3,3,3,0
3,frontcatalog,250,199,emailservice,email,64,3,3,3,0
3,frontcatalog,250,199,frontend,productcatalog,54,3,3,3,0
3,frontcatalog,250,199,frontend,server,59,3,3,3,0
3,frontcatalog,250,199,paymentservice,payment,63,3,3,3,0
3,frontcatalog,250,199,recommendationservice,-,,1,1,1,0
3,frontcatalog,250,199,redis-cart,-,,1,1,1,0
3,frontcatalog,250,199,shippingservice,server,59,3,3,3,0
3,frontcatalog,250,214,adservice,server,37,4,3,3,0
3,frontcatalog,250,214,cartservice,server,60,3,3,3,0
3,frontcatalog,250,214,checkoutservice,checkout,59,3,3,3,0
3,frontcatalog,250,214,currencyservice,server,64,3,3,3,0
3,frontcatalog,250,214,emailservice,email,65,3,3,3,0
3,frontcatalog,250,214,frontend,productcatalog,54,3,3,3,0
3,frontcatalog,250,214,frontend,server,59,3,3,3,0
3,frontcatalog,250,214,paymentservice,payment,61,3,3,3,0
3,frontcatalog,250,214,recommendationservice,-,,1,1,1,0
3,frontcatalog,250,214,redis-cart,-,,1,1,1,0
3,frontcatalog,250,214,shippingservice,server,60,3,3,3,0
3,frontcatalog,250,229,adservice,server,54,3,3,3,0
3,frontcatalog,250,229,cartservice,server,62,3,3,3,0
3,frontcatalog,250,229,checkoutservice,checkout,62,3,3,3,0
3,frontcatalog,250,229,currencyservice,server,63,3,3,3,0
3,frontcatalog,250,229,emailservice,email,77,3,3,3,0
3,frontcatalog,250,229,frontend,productcatalog,46,3,3,3,0
3,frontcatalog,250,229,frontend,server,59,3,3,3,0
3,frontcatalog,250,229,paymentservice,payment,65,3,3,3,0
3,frontcatalog,250,229,recommendationservice,server,153,1,3,2,0
3,frontcatalog,250,229,redis-cart,-,,1,1,1,0
3,frontcatalog,250,229,shippingservice,server,51,3,3,3,0
3,frontcatalog,250,245,adservice,server,56,3,3,3,0
3,frontcatalog,250,245,cartservice,server,58,3,3,3,0
3,frontcatalog,250,245,checkoutservice,checkout,54,3,3,3,0
3,frontcatalog,250,245,currencyservice,server,63,3,3,3,0
3,frontcatalog,250,245,emailservice,email,77,3,4,3,0
3,frontcatalog,250,245,frontend,productcatalog,56,3,3,3,0
3,frontcatalog,250,245,frontend,server,61,3,3,3,0
3,frontcatalog,250,245,paymentservice,payment,61,3,3,3,0
3,frontcatalog,250,245,recommendationservice,server,173,3,3,2,0
3,frontcatalog,250,245,redis-cart,-,,1,1,1,0
3,frontcatalog,250,245,shippingservice,server,60,3,3,3,0
3,frontcatalog,250,260,adservice,server,56,3,3,3,0
3,frontcatalog,250,260,cartservice,server,59,3,3,3,0
3,frontcatalog,250,260,checkoutservice,checkout,55,3,3,3,0
3,frontcatalog,250,260,currencyservice,server,64,3,3,3,0
3,frontcatalog,250,260,emailservice,email,67,4,4,4,0
3,frontcatalog,250,260,frontend,productcatalog,55,3,3,3,0
3,frontcatalog,250,260,frontend,server,60,3,3,3,0
3,frontcatalog,250,260,paymentservice,payment,65,3,3,3,0
3,frontcatalog,250,260,recommendationservice,server,57,3,3,2,0
3,frontcatalog,250,260,redis-cart,-,,1,1,1,0
3,frontcatalog,250,260,shippingservice,server,60,3,3,3,0
3,frontcatalog,250,275,adservice,server,57,3,3,3,0
3,frontcatalog,250,275,cartservice,server,64,3,3,3,0
3,frontcatalog,250,275,checkoutservice,checkout,58,3,3,3,0
3,frontcatalog,250,275,currencyservice,server,65,3,3,3,0
3,frontcatalog,250,275,emailservice,email,64,4,4,4,0
3,frontcatalog,250,275,frontend,productcatalog,53,3,3,3,0
3,frontcatalog,250,275,frontend,server,59,3,3,3,0
3,frontcatalog,250,275,paymentservice,payment,64,3,3,3,0
3,frontcatalog,250,275,recommendationservice,server,57,3,3,2,0
3,frontcatalog,250,275,redis-cart,-,,1,1,1,0
3,frontcatalog,250,275,shippingservice,server,60,3,3,3,0
3,frontcatalog,250,291,adservice,server,47,3,3,3,0
3,frontcatalog,250,291,cartservice,server,69,3,3,3,0
3,frontcatalog,250,291,checkoutservice,checkout,57,3,3,3,0
3,frontcatalog,250,291,currencyservice,server,63,3,3,3,0
3,frontcatalog,250,291,emailservice,email,50,4,4,4,0
3,frontcatalog,250,291,frontend,productcatalog,54,3,3,3,0
3,frontcatalog,250,291,frontend,server,60,3,3,3,0
3,frontcatalog,250,291,paymentservice,payment,64,3,3,3,0
3,frontcatalog,250,291,recommendationservice,server,57,3,3,3,0
3,frontcatalog,250,291,redis-cart,-,,1,1,1,0
3,frontcatalog,250,291,shippingservice,server,60,3,3,3,0
3,frontcatalog,250,306,adservice,server,49,3,3,3,0
3,frontcatalog,250,306,cartservice,server,62,3,3,3,0
3,frontcatalog,250,306,checkoutservice,checkout,59,3,3,3,0
3,frontcatalog,250,306,currencyservice,server,63,3,3,3,0
3,frontcatalog,250,306,emailservice,email,50,4,4,4,0
3,frontcatalog,250,306,frontend,productcatalog,56,3,3,3,0
3,frontcatalog,250,306,frontend,server,59,3,3,3,0
3,frontcatalog,250,306,paymentservice,payment,67,3,3,3,0
3,frontcatalog,250,306,recommendationservice,server,0,3,3,3,0
3,frontcatalog,250,306,redis-cart,-,,1,1,1,0
3,frontcatalog,250,306,shippingservice,server,60,3,3,3,0
3,frontcatalog,250,321,adservice,server,55,3,3,3,0
3,frontcatalog,250,321,cartservice,server,57,3,3,3,0
3,frontcatalog,250,321,checkoutservice,checkout,68,3,3,3,0
3,frontcatalog,250,321,currencyservice,server,78,3,3,3,0
3,frontcatalog,250,321,emailservice,email,78,4,4,4,0
3,frontcatalog,250,321,frontend,productcatalog,69,3,3,3,0
3,frontcatalog,250,321,frontend,server,81,3,3,3,0
3,frontcatalog,250,321,paymentservice,payment,75,3,3,3,0
3,frontcatalog,250,321,recommendationservice,server,64,3,3,3,0
3,frontcatalog,250,321,redis-cart,-,,1,1,1,0
3,frontcatalog,250,321,shippingservice,server,66,3,3,3,0
3,frontcatalog,250,337,adservice,server,64,3,3,3,0
3,frontcatalog,250,337,cartservice,server,76,3,3,3,0
3,frontcatalog,250,337,checkoutservice,checkout,71,3,3,3,0
3,frontcatalog,250,337,currencyservice,server,74,3,3,3,0
3,frontcatalog,250,337,emailservice,email,65,4,4,4,0
3,frontcatalog,250,337,frontend,productcatalog,63,3,3,3,0
3,frontcatalog,250,337,frontend,server,67,3,3,3,0
3,frontcatalog,250,337,paymentservice,payment,83,3,3,3,0
3,frontcatalog,250,337,recommendationservice,server,70,3,3,3,0
3,frontcatalog,250,337,redis-cart,-,,1,1,1,0
3,frontcatalog,250,337,shippingservice,server,73,3,3,3,0
3,frontcatalog,250,352,adservice,server,61,3,3,3,0
3,frontcatalog,250,352,cartservice,server,69,3,3,3,0
3,frontcatalog,250,352,checkoutservice,checkout,72,3,3,3,0
3,frontcatalog,250,352,currencyservice,server,72,3,3,3,0
3,frontcatalog,250,352,emailservice,email,55,4,4,4,0
3,frontcatalog,250,352,frontend,productcatalog,60,3,3,3,0
3,frontcatalog,250,352,frontend,server,64,3,3,3,0
3,frontcatalog,250,352,paymentservice,payment,77,3,4,4,0
3,frontcatalog,250,352,recommendationservice,server,68,3,3,3,0
3,frontcatalog,250,352,redis-cart,-,,1,1,1,0
3,frontcatalog,250,352,shippingservice,server,70,3,3,3,0
3,frontcatalog,250,368,adservice,server,56,3,3,3,0
3,frontcatalog,250,368,cartservice,server,72,3,3,3,0
3,frontcatalog,250,368,checkoutservice,checkout,66,3,3,3,0
3,frontcatalog,250,368,currencyservice,server,69,3,3,3,0
3,frontcatalog,250,368,emailservice,email,60,4,4,4,0
3,frontcatalog,250,368,frontend,productcatalog,57,3,3,3,0
3,frontcatalog,250,368,frontend,server,65,3,3,3,0
3,frontcatalog,250,368,paymentservice,payment,78,4,4,4,0
3,frontcatalog,250,368,recommendationservice,server,67,3,3,3,0
3,frontcatalog,250,368,redis-cart,-,,1,1,1,0
3,frontcatalog,250,368,shippingservice,server,68,3,3,3,0
3,frontcatalog,250,383,adservice,server,55,3,3,3,0
3,frontcatalog,250,383,cartservice,server,73,3,3,3,0
3,frontcatalog,250,383,checkoutservice,checkout,68,3,3,3,0
3,frontcatalog,250,383,currencyservice,server,70,3,3,3,0
3,frontcatalog,250,383,emailservice,email,60,4,4,4,0
3,frontcatalog,250,383,frontend,productcatalog,58,3,3,3,0
3,frontcatalog,250,383,frontend,server,63,3,3,3,0
3,frontcatalog,250,383,paymentservice,payment,73,4,4,4,0
3,frontcatalog,250,383,recommendationservice,server,69,3,3,3,0
3,frontcatalog,250,383,redis-cart,-,,1,1,1,0
3,frontcatalog,250,383,shippingservice,server,68,3,3,3,0
3,frontcatalog,250,398,adservice,server,55,3,3,3,0
3,frontcatalog,250,398,cartservice,server,65,3,3,3,0
3,frontcatalog,250,398,checkoutservice,checkout,70,3,3,3,0
3,frontcatalog,250,398,currencyservice,server,72,3,3,3,0
3,frontcatalog,250,398,emailservice,email,56,4,4,4,0
3,frontcatalog,250,398,frontend,productcatalog,58,3,3,3,0
3,frontcatalog,250,398,frontend,server,62,3,3,3,0
3,frontcatalog,250,398,paymentservice,payment,59,4,4,4,0
3,frontcatalog,250,398,recommendationservice,server,69,3,3,3,0
3,frontcatalog,250,398,redis-cart,-,,1,1,1,0
3,frontcatalog,250,398,shippingservice,server,69,3,3,3,0
3,frontcatalog,250,413,adservice,server,59,3,3,3,0
3,frontcatalog,250,413,cartservice,server,71,3,3,3,0
3,frontcatalog,250,413,checkoutservice,checkout,67,3,3,3,0
3,frontcatalog,250,413,currencyservice,server,72,3,3,3,0
3,frontcatalog,250,413,emailservice,email,63,4,4,4,0
3,frontcatalog,250,413,frontend,productcatalog,63,3,3,3,0
3,frontcatalog,250,413,frontend,server,60,3,3,3,0
3,frontcatalog,250,413,paymentservice,payment,60,4,4,4,0
3,frontcatalog,250,413,recommendationservice,server,72,3,3,3,0
3,frontcatalog,250,413,redis-cart,-,,1,1,1,0
3,frontcatalog,250,413,shippingservice,server,70,3,3,3,0
3,frontcatalog,250,429,adservice,server,52,3,3,3,0
3,frontcatalog,250,429,cartservice,server,70,3,3,3,0
3,frontcatalog,250,429,checkoutservice,checkout,60,3,3,3,0
3,frontcatalog,250,429,currencyservice,server,69,3,3,3,0
3,frontcatalog,250,429,emailservice,email,53,4,4,4,0
3,frontcatalog,250,429,frontend,productcatalog,57,3,3,3,0
3,frontcatalog,250,429,frontend,server,66,3,3,3,0
3,frontcatalog,250,429,paymentservice,payment,57,4,4,4,0
3,frontcatalog,250,429,recommendationservice,server,68,3,3,3,0
3,frontcatalog,250,429,redis-cart,-,,1,1,1,0
3,frontcatalog,250,429,shippingservice,server,66,3,3,3,0
3,frontcatalog,250,444,adservice,server,43,3,3,3,0
3,frontcatalog,250,444,cartservice,server,62,3,3,3,0
3,frontcatalog,250,444,checkoutservice,checkout,54,3,3,3,0
3,frontcatalog,250,444,currencyservice,server,71,3,3,3,0
3,frontcatalog,250,444,emailservice,email,48,4,4,4,0
3,frontcatalog,250,444,frontend,productcatalog,57,3,3,3,0
3,frontcatalog,250,444,frontend,server,57,3,3,3,0
3,frontcatalog,250,444,paymentservice,payment,56,4,4,4,0
3,frontcatalog,250,444,recommendationservice,server,66,3,3,3,0
3,frontcatalog,250,444,redis-cart,-,,1,1,1,0
3,frontcatalog,250,444,shippingservice,server,61,3,3,3,0
3,frontcatalog,300,0,adservice,server,3,3,3,3,0
3,frontcatalog,300,0,cartservice,server,0,3,3,3,0
3,frontcatalog,300,0,checkoutservice,checkout,0,3,3,3,0
3,frontcatalog,300,0,currencyservice,server,15,3,3,3,0
3,frontcatalog,300,0,emailservice,email,6,4,4,4,0
3,frontcatalog,300,0,frontend,productcatalog,15,3,3,3,0
3,frontcatalog,300,0,frontend,server,24,3,3,3,0
3,frontcatalog,300,0,paymentservice,payment,13,4,4,4,0
3,frontcatalog,300,0,recommendationservice,server,0,3,3,3,0
3,frontcatalog,300,0,redis-cart,-,,1,1,1,0
3,frontcatalog,300,0,shippingservice,server,20,3,3,3,0
3,frontcatalog,300,15,adservice,server,22,3,2,2,0
3,frontcatalog,300,15,cartservice,server,21,3,3,3,0
3,frontcatalog,300,15,checkoutservice,checkout,6,3,3,3,0
3,frontcatalog,300,15,currencyservice,server,0,3,3,3,0
3,frontcatalog,300,15,emailservice,email,2,4,4,4,0
3,frontcatalog,300,15,frontend,productcatalog,0,3,3,3,0
3,frontcatalog,300,15,frontend,server,0,3,3,3,0
3,frontcatalog,300,15,paymentservice,payment,1,4,4,4,0
3,frontcatalog,300,15,recommendationservice,server,0,3,3,3,0
3,frontcatalog,300,15,redis-cart,-,,1,1,1,0
3,frontcatalog,300,15,shippingservice,server,1,3,3,3,0
3,frontcatalog,300,31,adservice,server,18,2,1,1,0
3,frontcatalog,300,31,cartservice,server,84,3,3,3,0
3,frontcatalog,300,31,checkoutservice,checkout,33,3,2,2,0
3,frontcatalog,300,31,currencyservice,server,63,3,3,3,0
3,frontcatalog,300,31,emailservice,email,91,3,3,3,0
3,frontcatalog,300,31,frontend,productcatalog,19,3,3,3,0
3,frontcatalog,300,31,frontend,server,11,3,3,3,0
3,frontcatalog,300,31,paymentservice,payment,18,4,4,4,0
3,frontcatalog,300,31,recommendationservice,server,10,3,3,3,0
3,frontcatalog,300,31,redis-cart,-,,1,1,1,0
3,frontcatalog,300,31,shippingservice,server,33,3,3,3,0
3,frontcatalog,300,46,adservice,server,171,1,1,1,0
3,frontcatalog,300,46,cartservice,server,80,3,4,3,1
3,frontcatalog,300,46,checkoutservice,checkout,77,2,2,2,0
3,frontcatalog,300,46,currencyservice,server,82,3,3,3,0
3,frontcatalog,300,46,emailservice,email,102,3,4,3,1
3,frontcatalog,300,46,frontend,productcatalog,68,3,3,3,0
3,frontcatalog,300,46,frontend,server,77,3,3,3,0
3,frontcatalog,300,46,paymentservice,payment,71,4,4,4,0
3,frontcatalog,300,46,recommendationservice,server,76,3,3,3,0
3,frontcatalog,300,46,redis-cart,-,,1,1,1,0
3,frontcatalog,300,46,shippingservice,server,78,3,3,3,0
3,frontcatalog,300,62,adservice,server,705,1,3,1,0
3,frontcatalog,300,62,cartservice,server,85,4,4,3,0
3,frontcatalog,300,62,checkoutservice,checkout,87,2,3,3,0
3,frontcatalog,300,62,currencyservice,server,78,3,4,3,0
3,frontcatalog,300,62,emailservice,email,88,4,4,4,0
3,frontcatalog,300,62,frontend,productcatalog,70,3,3,3,0
3,frontcatalog,300,62,frontend,server,74,3,3,3,0
3,frontcatalog,300,62,paymentservice,payment,76,4,4,4,0
3,frontcatalog,300,62,recommendationservice,server,85,3,4,3,1
3,frontcatalog,300,62,redis-cart,-,,1,1,1,0
3,frontcatalog,300,62,shippingservice,server,81,3,4,4,0
3,frontcatalog,300,77,adservice,server,605,3,7,1,0
3,frontcatalog,300,77,cartservice,server,77,4,4,4,0
3,frontcatalog,300,77,checkoutservice,checkout,110,3,3,3,0
3,frontcatalog,300,77,currencyservice,server,80,4,4,4,0
3,frontcatalog,300,77,emailservice,email,84,4,4,4,0
3,frontcatalog,300,77,frontend,productcatalog,68,3,3,3,0
3,frontcatalog,300,77,frontend,server,77,3,3,3,0
3,frontcatalog,300,77,paymentservice,payment,81,4,4,4,0
3,frontcatalog,300,77,recommendationservice,server,89,4,4,3,1
3,frontcatalog,300,77,redis-cart,-,,1,1,1,0
3,frontcatalog,300,77,shippingservice,server,58,4,4,4,0
3,frontcatalog,300,93,adservice,server,353,7,7,1,0
3,frontcatalog,300,93,cartservice,server,79,4,4,4,0
3,frontcatalog,300,93,checkoutservice,checkout,111,3,3,3,0
3,frontcatalog,300,93,currencyservice,server,62,4,4,4,0
3,frontcatalog,300,93,emailservice,email,61,4,4,4,0
3,frontcatalog,300,93,frontend,productcatalog,67,3,3,3,0
3,frontcatalog,300,93,frontend,server,76,3,3,3,0
3,frontcatalog,300,93,paymentservice,payment,75,4,4,4,0
3,frontcatalog,300,93,recommendationservice,server,88,4,4,3,1
3,frontcatalog,300,93,redis-cart,-,,1,1,1,0
3,frontcatalog,300,93,shippingservice,server,58,4,4,4,0
3,frontcatalog,300,108,adservice,server,240,7,7,3,0
3,frontcatalog,300,108,cartservice,server,55,4,4,4,0
3,frontcatalog,300,108,checkoutservice,checkout,71,3,3,3,0
3,frontcatalog,300,108,currencyservice,server,61,4,4,4,0
3,frontcatalog,300,108,emailservice,email,60,4,4,4,0
3,frontcatalog,300,108,frontend,productcatalog,66,3,3,3,0
3,frontcatalog,300,108,frontend,server,77,3,3,3,0
3,frontcatalog,300,108,paymentservice,payment,66,4,4,4,0
3,frontcatalog,300,108,recommendationservice,server,89,4,4,3,1
3,frontcatalog,300,108,redis-cart,-,,1,1,1,0
3,frontcatalog,300,108,shippingservice,server,59,4,4,4,0
3,frontcatalog,300,124,adservice,server,144,7,7,7,0
3,frontcatalog,300,124,cartservice,server,51,4,4,4,0
3,frontcatalog,300,124,checkoutservice,checkout,74,3,3,3,0
3,frontcatalog,300,124,currencyservice,server,61,4,4,4,0
3,frontcatalog,300,124,emailservice,email,62,4,4,4,0
3,frontcatalog,300,124,frontend,productcatalog,71,3,4,3,1
3,frontcatalog,300,124,frontend,server,79,3,4,3,1
3,frontcatalog,300,124,paymentservice,payment,67,4,4,4,0
3,frontcatalog,300,124,recommendationservice,server,86,4,4,3,1
3,frontcatalog,300,124,redis-cart,-,,1,1,1,0
3,frontcatalog,300,124,shippingservice,server,60,4,4,4,0
3,frontcatalog,300,139,adservice,server,76,7,7,7,0
3,frontcatalog,300,139,cartservice,server,62,4,4,4,0
3,frontcatalog,300,139,checkoutservice,checkout,77,3,3,3,0
3,frontcatalog,300,139,currencyservice,server,62,4,4,4,0
3,frontcatalog,300,139,emailservice,email,63,4,4,4,0
3,frontcatalog,300,139,frontend,productcatalog,71,4,4,3,1
3,frontcatalog,300,139,frontend,server,80,4,4,3,1
3,frontcatalog,300,139,paymentservice,payment,72,4,4,4,0
3,frontcatalog,300,139,recommendationservice,server,90,4,4,3,1
3,frontcatalog,300,139,redis-cart,-,,1,1,1,0
3,frontcatalog,300,139,shippingservice,server,61,4,4,4,0
3,frontcatalog,300,154,adservice,server,36,7,7,7,0
3,frontcatalog,300,154,cartservice,server,58,4,4,4,0
3,frontcatalog,300,154,checkoutservice,checkout,77,3,4,4,0
3,frontcatalog,300,154,currencyservice,server,62,4,4,4,0
3,frontcatalog,300,154,emailservice,email,62,4,4,4,0
3,frontcatalog,300,154,frontend,productcatalog,72,4,4,3,1
3,frontcatalog,300,154,frontend,server,79,4,4,3,1
3,frontcatalog,300,154,paymentservice,payment,65,4,4,4,0
3,frontcatalog,300,154,recommendationservice,server,88,4,4,3,1
3,frontcatalog,300,154,redis-cart,-,,1,1,1,0
3,frontcatalog,300,154,shippingservice,server,60,4,4,4,0
3,frontcatalog,300,170,adservice,server,32,7,7,7,0
3,frontcatalog,300,170,cartservice,server,60,4,4,4,0
3,frontcatalog,300,170,checkoutservice,checkout,76,4,4,4,0
3,frontcatalog,300,170,currencyservice,server,61,4,4,4,0
3,frontcatalog,300,170,emailservice,email,62,4,4,3,0
3,frontcatalog,300,170,frontend,productcatalog,70,4,4,3,1
3,frontcatalog,300,170,frontend,server,80,4,4,3,1
3,frontcatalog,300,170,paymentservice,payment,69,4,4,4,0
3,frontcatalog,300,170,recommendationservice,server,88,4,4,3,1
3,frontcatalog,300,170,redis-cart,-,,1,1,1,0
3,frontcatalog,300,170,shippingservice,server,61,4,4,4,0
3,frontcatalog,300,185,adservice,server,31,7,7,7,0
3,frontcatalog,300,185,cartservice,server,65,4,4,4,0
3,frontcatalog,300,185,checkoutservice,checkout,57,4,4,4,0
3,frontcatalog,300,185,currencyservice,server,63,4,4,4,0
3,frontcatalog,300,185,emailservice,email,62,4,4,4,0
3,frontcatalog,300,185,frontend,productcatalog,73,4,4,3,1
3,frontcatalog,300,185,frontend,server,79,4,4,3,1
3,frontcatalog,300,185,paymentservice,payment,71,4,4,4,0
3,frontcatalog,300,185,recommendationservice,server,91,4,4,3,1
3,frontcatalog,300,185,redis-cart,-,,1,1,1,0
3,frontcatalog,300,185,shippingservice,server,60,4,4,4,0
3,frontcatalog,300,201,adservice,server,31,7,4,4,0
3,frontcatalog,300,201,cartservice,server,66,4,4,4,0
3,frontcatalog,300,201,checkoutservice,checkout,58,4,4,4,0
3,frontcatalog,300,201,currencyservice,server,62,4,4,4,0
3,frontcatalog,300,201,emailservice,email,62,4,4,4,0
3,frontcatalog,300,201,frontend,productcatalog,71,4,4,3,1
3,frontcatalog,300,201,frontend,server,79,4,4,3,1
3,frontcatalog,300,201,paymentservice,payment,69,4,4,4,0
3,frontcatalog,300,201,recommendationservice,server,87,4,4,3,1
3,frontcatalog,300,201,redis-cart,-,,1,1,1,0
3,frontcatalog,300,201,shippingservice,server,61,4,4,4,0
3,frontcatalog,300,216,adservice,server,52,4,4,4,0
3,frontcatalog,300,216,cartservice,server,64,4,4,4,0
3,frontcatalog,300,216,checkoutservice,checkout,59,4,4,4,0
3,frontcatalog,300,216,currencyservice,server,63,4,4,4,0
3,frontcatalog,300,216,emailservice,email,63,4,4,4,0
3,frontcatalog,300,216,frontend,productcatalog,72,4,4,3,1
3,frontcatalog,300,216,frontend,server,80,4,4,3,1
3,frontcatalog,300,216,paymentservice,payment,69,4,4,4,0
3,frontcatalog,300,216,recommendationservice,server,89,4,4,3,1
3,frontcatalog,300,216,redis-cart,-,,1,1,1,0
3,frontcatalog,300,216,shippingservice,server,61,4,4,4,0
3,frontcatalog,300,231,adservice,server,51,4,4,4,0
3,frontcatalog,300,231,cartservice,server,57,4,4,4,0
3,frontcatalog,300,231,checkoutservice,checkout,58,4,4,4,0
3,frontcatalog,300,231,currencyservice,server,63,4,4,4,0
3,frontcatalog,300,231,emailservice,email,60,4,4,4,0
3,frontcatalog,300,231,frontend,productcatalog,71,4,4,3,1
3,frontcatalog,300,231,frontend,server,78,4,4,3,1
3,frontcatalog,300,231,paymentservice,payment,71,4,4,4,0
3,frontcatalog,300,231,recommendationservice,server,87,4,4,3,1
3,frontcatalog,300,231,redis-cart,-,,1,1,1,0
3,frontcatalog,300,231,shippingservice,server,62,4,4,4,0
3,frontcatalog,300,247,adservice,server,52,4,4,4,0
3,frontcatalog,300,247,cartservice,server,57,4,4,4,0
3,frontcatalog,300,247,checkoutservice,checkout,56,4,4,4,0
3,frontcatalog,300,247,currencyservice,server,60,4,4,4,0
3,frontcatalog,300,247,emailservice,email,62,4,4,4,0
3,frontcatalog,300,247,frontend,productcatalog,70,4,4,3,1
3,frontcatalog,300,247,frontend,server,79,4,4,3,1
3,frontcatalog,300,247,paymentservice,payment,68,4,4,4,0
3,frontcatalog,300,247,recommendationservice,server,85,4,4,3,1
3,frontcatalog,300,247,redis-cart,-,,1,1,1,0
3,frontcatalog,300,247,shippingservice,server,59,4,4,4,0
3,frontcatalog,300,262,adservice,server,50,4,3,3,0
3,frontcatalog,300,262,cartservice,server,59,4,4,4,0
3,frontcatalog,300,262,checkoutservice,checkout,55,4,4,4,0
3,frontcatalog,300,262,currencyservice,server,58,4,4,4,0
3,frontcatalog,300,262,emailservice,email,56,4,4,4,0
3,frontcatalog,300,262,frontend,productcatalog,67,4,4,3,1
3,frontcatalog,300,262,frontend,server,81,4,4,3,1
3,frontcatalog,300,262,paymentservice,payment,57,4,4,4,0
3,frontcatalog,300,262,recommendationservice,server,84,4,4,3,1
3,frontcatalog,300,262,redis-cart,-,,1,1,1,0
3,frontcatalog,300,262,shippingservice,server,56,4,4,4,0
3,frontcatalog,300,278,adservice,server,71,3,3,3,0
3,frontcatalog,300,278,cartservice,server,56,4,4,4,0
3,frontcatalog,300,278,checkoutservice,checkout,50,4,4,4,0
3,frontcatalog,300,278,currencyservice,server,63,4,4,4,0
3,frontcatalog,300,278,emailservice,email,63,4,4,4,0
3,frontcatalog,300,278,frontend,productcatalog,70,4,4,3,1
3,frontcatalog,300,278,frontend,server,75,4,4,3,1
3,frontcatalog,300,278,paymentservice,payment,72,4,4,4,0
3,frontcatalog,300,278,recommendationservice,server,93,4,4,3,1
3,frontcatalog,300,278,redis-cart,-,,1,1,1,0
3,frontcatalog,300,278,shippingservice,server,58,4,4,4,0
3,frontcatalog,300,293,adservice,server,72,3,3,3,0
3,frontcatalog,300,293,cartservice,server,72,4,4,4,0
3,frontcatalog,300,293,checkoutservice,checkout,60,4,4,4,0
3,frontcatalog,300,293,currencyservice,server,64,4,4,4,0
3,frontcatalog,300,293,emailservice,email,63,4,4,4,0
3,frontcatalog,300,293,frontend,productcatalog,71,4,4,3,1
3,frontcatalog,300,293,frontend,server,81,4,4,3,1
3,frontcatalog,300,293,paymentservice,payment,74,4,4,4,0
3,frontcatalog,300,293,recommendationservice,server,91,4,4,3,1
3,frontcatalog,300,293,redis-cart,-,,1,1,1,0
3,frontcatalog,300,293,shippingservice,server,63,4,4,4,0
3,frontcatalog,300,308,adservice,server,68,3,3,3,0
3,frontcatalog,300,308,cartservice,server,64,4,4,4,0
3,frontcatalog,300,308,checkoutservice,checkout,55,4,4,4,0
3,frontcatalog,300,308,currencyservice,server,61,4,4,4,0
3,frontcatalog,300,308,emailservice,email,63,4,4,4,0
3,frontcatalog,300,308,frontend,productcatalog,70,4,4,3,1
3,frontcatalog,300,308,frontend,server,79,4,4,3,1
3,frontcatalog,300,308,paymentservice,payment,69,4,4,4,0
3,frontcatalog,300,308,recommendationservice,server,88,4,4,3,1
3,frontcatalog,300,308,redis-cart,-,,1,1,1,0
3,frontcatalog,300,308,shippingservice,server,60,4,4,4,0
3,frontcatalog,300,324,adservice,server,69,3,3,3,0
3,frontcatalog,300,324,cartservice,server,61,4,4,4,0
3,frontcatalog,300,324,checkoutservice,checkout,58,4,4,4,0
3,frontcatalog,300,324,currencyservice,server,63,4,4,4,0
3,frontcatalog,300,324,emailservice,email,63,4,4,4,0
3,frontcatalog,300,324,frontend,productcatalog,72,4,4,3,1
3,frontcatalog,300,324,frontend,server,80,4,4,3,1
3,frontcatalog,300,324,paymentservice,payment,69,4,4,4,0
3,frontcatalog,300,324,recommendationservice,server,90,4,4,3,1
3,frontcatalog,300,324,redis-cart,-,,1,1,1,0
3,frontcatalog,300,324,shippingservice,server,61,4,4,4,0
3,frontcatalog,300,339,adservice,server,78,3,3,3,0
3,frontcatalog,300,339,cartservice,server,61,4,4,4,0
3,frontcatalog,300,339,checkoutservice,checkout,59,4,4,4,0
3,frontcatalog,300,339,currencyservice,server,63,4,4,4,0
3,frontcatalog,300,339,emailservice,email,63,4,4,4,0
3,frontcatalog,300,339,frontend,productcatalog,73,4,4,3,1
3,frontcatalog,300,339,frontend,server,80,4,4,3,1
3,frontcatalog,300,339,paymentservice,payment,69,4,4,4,0
3,frontcatalog,300,339,recommendationservice,server,89,4,4,3,1
3,frontcatalog,300,339,redis-cart,-,,1,1,1,0
3,frontcatalog,300,339,shippingservice,server,62,4,4,4,0
3,frontcatalog,300,354,adservice,server,67,3,3,3,0
3,frontcatalog,300,354,cartservice,server,62,4,4,4,0
3,frontcatalog,300,354,checkoutservice,checkout,58,4,4,4,0
3,frontcatalog,300,354,currencyservice,server,64,4,4,4,0
3,frontcatalog,300,354,emailservice,email,59,4,4,4,0
3,frontcatalog,300,354,frontend,productcatalog,72,4,4,3,1
3,frontcatalog,300,354,frontend,server,79,4,4,3,1
3,frontcatalog,300,354,paymentservice,payment,69,4,4,4,0
3,frontcatalog,300,354,recommendationservice,server,88,4,4,3,1
3,frontcatalog,300,354,redis-cart,-,,1,1,1,0
3,frontcatalog,300,354,shippingservice,server,60,4,4,4,0
3,frontcatalog,300,370,adservice,server,68,3,3,3,0
3,frontcatalog,300,370,cartservice,server,58,4,4,4,0
3,frontcatalog,300,370,checkoutservice,checkout,56,4,4,4,0
3,frontcatalog,300,370,currencyservice,server,61,4,4,4,0
3,frontcatalog,300,370,emailservice,email,63,4,4,4,0
3,frontcatalog,300,370,frontend,productcatalog,70,4,4,3,1
3,frontcatalog,300,370,frontend,server,77,4,4,3,1
3,frontcatalog,300,370,paymentservice,payment,68,4,4,4,0
3,frontcatalog,300,370,recommendationservice,server,86,4,4,3,1
3,frontcatalog,300,370,redis-cart,-,,1,1,1,0
3,frontcatalog,300,370,shippingservice,server,60,4,4,4,0
3,frontcatalog,300,385,adservice,server,68,3,3,3,0
3,frontcatalog,300,385,cartservice,server,55,4,4,4,0
3,frontcatalog,300,385,checkoutservice,checkout,58,4,4,4,0
3,frontcatalog,300,385,currencyservice,server,61,4,4,4,0
3,frontcatalog,300,385,emailservice,email,61,4,4,4,0
3,frontcatalog,300,385,frontend,productcatalog,71,4,4,3,1
3,frontcatalog,300,385,frontend,server,79,4,4,3,1
3,frontcatalog,300,385,paymentservice,payment,68,4,4,4,0
3,frontcatalog,300,385,recommendationservice,server,87,4,4,3,1
3,frontcatalog,300,385,redis-cart,-,,1,1,1,0
3,frontcatalog,300,385,shippingservice,server,60,4,4,4,0
3,frontcatalog,300,401,adservice,server,67,3,3,3,0
3,frontcatalog,300,401,cartservice,server,59,4,4,4,0
3,frontcatalog,300,401,checkoutservice,checkout,58,4,4,4,0
3,frontcatalog,300,401,currencyservice,server,63,4,4,4,0
3,frontcatalog,300,401,emailservice,email,61,4,4,4,0
3,frontcatalog,300,401,frontend,productcatalog,71,4,4,3,1
3,frontcatalog,300,401,frontend,server,80,4,4,3,1
3,frontcatalog,300,401,paymentservice,payment,71,4,4,4,0
3,frontcatalog,300,401,recommendationservice,server,88,4,4,3,1
3,frontcatalog,300,401,redis-cart,-,,1,1,1,0
3,frontcatalog,300,401,shippingservice,server,61,4,4,4,0
3,frontcatalog,300,416,adservice,server,67,3,3,3,0
3,frontcatalog,300,416,cartservice,server,52,4,4,4,0
3,frontcatalog,300,416,checkoutservice,checkout,56,4,4,4,0
3,frontcatalog,300,416,currencyservice,server,61,4,4,4,0
3,frontcatalog,300,416,emailservice,email,61,4,4,4,0
3,frontcatalog,300,416,frontend,productcatalog,70,4,4,3,1
3,frontcatalog,300,416,frontend,server,77,4,4,3,1
3,frontcatalog,300,416,paymentservice,payment,66,4,4,4,0
3,frontcatalog,300,416,recommendationservice,server,87,4,4,3,1
3,frontcatalog,300,416,redis-cart,-,,1,1,1,0
3,frontcatalog,300,416,shippingservice,server,60,4,4,4,0
3,frontcatalog,300,431,adservice,server,67,3,3,3,0
3,frontcatalog,300,431,cartservice,server,59,4,4,4,0
3,frontcatalog,300,431,checkoutservice,checkout,56,4,4,4,0
3,frontcatalog,300,431,currencyservice,server,62,4,4,4,0
3,frontcatalog,300,431,emailservice,email,63,4,4,4,0
3,frontcatalog,300,431,frontend,productcatalog,71,4,4,3,1
3,frontcatalog,300,431,frontend,server,80,4,4,3,1
3,frontcatalog,300,431,paymentservice,payment,72,4,4,4,0
3,frontcatalog,300,431,recommendationservice,server,88,4,4,3,1
3,frontcatalog,300,431,redis-cart,-,,1,1,1,0
3,frontcatalog,300,431,shippingservice,server,61,4,4,4,0
3,frontcatalog,300,446,adservice,server,68,3,3,3,0
3,frontcatalog,300,446,cartservice,server,51,4,4,4,0
3,frontcatalog,300,446,checkoutservice,checkout,59,4,4,4,0
3,frontcatalog,300,446,currencyservice,server,55,4,4,4,0
3,frontcatalog,300,446,emailservice,email,34,4,4,4,0
3,frontcatalog,300,446,frontend,productcatalog,67,4,4,3,1
3,frontcatalog,300,446,frontend,server,71,4,4,3,1
3,frontcatalog,300,446,paymentservice,payment,62,4,4,4,0
3,frontcatalog,300,446,recommendationservice,server,88,4,4,3,1
3,frontcatalog,300,446,redis-cart,-,,1,1,1,0
3,frontcatalog,300,446,shippingservice,server,53,4,4,4,0
3,frontcatalog,250,1,adservice,server,4,2,2,2,0
3,frontcatalog,250,1,cartservice,server,1,2,2,2,0
3,frontcatalog,250,1,checkoutservice,checkout,0,2,2,2,0
3,frontcatalog,250,1,currencyservice,server,0,2,2,2,0
3,frontcatalog,250,1,emailservice,email,2,2,2,2,0
3,frontcatalog,250,1,frontend,productcatalog,0,2,2,2,0
3,frontcatalog,250,1,frontend,server,0,2,2,2,0
3,frontcatalog,250,1,paymentservice,payment,1,2,2,2,0
3,frontcatalog,250,1,recommendationservice,-,,,0,2,0
3,frontcatalog,250,1,redis-cart,-,,1,1,1,0
3,frontcatalog,250,1,shippingservice,-,,,0,2,0
3,frontcatalog,250,16,adservice,server,97,2,2,2,0
3,frontcatalog,250,16,cartservice,server,10,2,2,2,0
3,frontcatalog,250,16,checkoutservice,checkout,33,2,2,2,0
3,frontcatalog,250,16,currencyservice,server,40,2,2,2,0
3,frontcatalog,250,16,emailservice,email,1,2,2,2,0
3,frontcatalog,250,16,frontend,productcatalog,22,2,2,2,0
3,frontcatalog,250,16,frontend,server,0,2,2,2,0
3,frontcatalog,250,16,paymentservice,payment,19,2,2,2,0
3,frontcatalog,250,16,recommendationservice,server,2,2,2,2,0
3,frontcatalog,250,16,redis-cart,-,,1,1,1,0
3,frontcatalog,250,16,shippingservice,server,0,2,2,2,0
3,frontcatalog,250,31,adservice,server,371,2,3,2,0
3,frontcatalog,250,31,cartservice,server,138,2,2,2,0
3,frontcatalog,250,31,checkoutservice,checkout,65,2,2,2,0
3,frontcatalog,250,31,currencyservice,server,80,2,2,2,0
3,frontcatalog,250,31,emailservice,email,86,2,2,2,0
3,frontcatalog,250,31,frontend,productcatalog,44,2,2,2,0
3,frontcatalog,250,31,frontend,server,59,2,2,2,0
3,frontcatalog,250,31,paymentservice,payment,72,2,2,2,0
3,frontcatalog,250,31,recommendationservice,server,85,2,2,2,0
3,frontcatalog,250,31,redis-cart,-,,1,1,1,0
3,frontcatalog,250,31,shippingservice,server,68,2,2,2,0
3,frontcatalog,250,47,adservice,server,370,3,7,2,0
3,frontcatalog,250,47,cartservice,server,130,2,4,2,0
3,frontcatalog,250,47,checkoutservice,checkout,94,2,2,2,0
3,frontcatalog,250,47,currencyservice,server,100,2,3,2,0
3,frontcatalog,250,47,emailservice,email,103,2,3,2,1
3,frontcatalog,250,47,frontend,productcatalog,79,2,2,2,0
3,frontcatalog,250,47,frontend,server,87,2,2,2,0
3,frontcatalog,250,47,paymentservice,payment,133,2,2,2,0
3,frontcatalog,250,47,recommendationservice,server,86,2,3,2,1
3,frontcatalog,250,47,redis-cart,-,,1,1,1,0
3,frontcatalog,250,47,shippingservice,server,93,2,2,2,0
3,frontcatalog,250,62,adservice,server,147,7,7,3,0
3,frontcatalog,250,62,cartservice,server,129,4,4,2,0
3,frontcatalog,250,62,checkoutservice,checkout,92,2,3,3,0
3,frontcatalog,250,62,currencyservice,server,98,3,3,3,0
3,frontcatalog,250,62,emailservice,email,99,3,3,3,0
3,frontcatalog,250,62,frontend,productcatalog,78,2,3,2,1
3,frontcatalog,250,62,frontend,server,87,2,3,2,1
3,frontcatalog,250,62,paymentservice,payment,107,2,4,2,2
3,frontcatalog,250,62,recommendationservice,server,0,3,3,2,0
3,frontcatalog,250,62,redis-cart,-,,1,1,1,0
3,frontcatalog,250,62,shippingservice,server,90,2,3,2,0
3,frontcatalog,250,77,adservice,server,147,7,7,4,0
3,frontcatalog,250,77,cartservice,server,126,4,4,4,0
3,frontcatalog,250,77,checkoutservice,checkout,92,3,3,3,0
3,frontcatalog,250,77,currencyservice,server,65,3,3,3,0
3,frontcatalog,250,77,emailservice,email,63,3,3,3,0
3,frontcatalog,250,77,frontend,productcatalog,73,3,3,3,0
3,frontcatalog,250,77,frontend,server,82,3,3,3,0
3,frontcatalog,250,77,paymentservice,payment,104,4,4,4,0
3,frontcatalog,250,77,recommendationservice,server,0,3,3,2,0
3,frontcatalog,250,77,redis-cart,-,,1,1,1,0
3,frontcatalog,250,77,shippingservice,server,89,3,3,3,0
3,frontcatalog,250,93,adservice,server,81,7,7,7,0
3,frontcatalog,250,93,cartservice,server,129,4,4,4,0
3,frontcatalog,250,93,checkoutservice,checkout,96,3,3,3,0
3,frontcatalog,250,93,currencyservice,server,66,3,3,3,0
3,frontcatalog,250,93,emailservice,email,67,3,3,3,0
3,frontcatalog,250,93,frontend,productcatalog,77,3,3,3,0
3,frontcatalog,250,93,frontend,server,85,3,3,3,0
3,frontcatalog,250,93,paymentservice,payment,55,4,4,4,0
3,frontcatalog,250,93,recommendationservice,server,12,3,3,2,0
3,frontcatalog,250,93,redis-cart,-,,1,1,1,0
3,frontcatalog,250,93,shippingservice,server,62,3,3,3,0
3,frontcatalog,250,108,adservice,server,68,7,7,7,0
3,frontcatalog,250,108,cartservice,server,72,4,4,4,0
3,frontcatalog,250,108,checkoutservice,checkout,75,3,3,3,0
3,frontcatalog,250,108,currencyservice,server,73,3,3,3,0
3,frontcatalog,250,108,emailservice,email,80,3,3,3,0
3,frontcatalog,250,108,frontend,productcatalog,78,3,3,3,0
3,frontcatalog,250,108,frontend,server,81,3,3,3,0
3,frontcatalog,250,108,paymentservice,payment,59,4,4,4,0
3,frontcatalog,250,108,recommendationservice,server,19,3,2,2,0
3,frontcatalog,250,108,redis-cart,-,,1,1,1,0
3,frontcatalog,250,108,shippingservice,server,72,3,3,3,0
3,frontcatalog,250,124,adservice,server,33,7,7,7,0
3,frontcatalog,250,124,cartservice,server,74,4,4,4,0
3,frontcatalog,250,124,checkoutservice,checkout,74,3,3,3,0
3,frontcatalog,250,124,currencyservice,server,77,3,3,3,0
3,frontcatalog,250,124,emailservice,email,80,3,4,4,0
3,frontcatalog,250,124,frontend,productcatalog,62,3,3,3,0
3,frontcatalog,250,124,frontend,server,72,3,3,3,0
3,frontcatalog,250,124,paymentservice,payment,60,4,4,4,0
3,frontcatalog,250,124,recommendationservice,server,22,2,1,1,0
3,frontcatalog,250,124,redis-cart,-,,1,1,1,0
3,frontcatalog,250,124,shippingservice,server,74,3,3,3,0
3,frontcatalog,250,139,adservice,server,35,7,7,7,0
3,frontcatalog,250,139,cartservice,server,74,4,4,4,0
3,frontcatalog,250,139,checkoutservice,checkout,79,3,3,3,0
3,frontcatalog,250,139,currencyservice,server,85,3,4,4,0
3,frontcatalog,250,139,emailservice,email,98,4,4,4,0
3,frontcatalog,250,139,frontend,productcatalog,68,3,3,3,0
3,frontcatalog,250,139,frontend,server,76,3,3,3,0
3,frontcatalog,250,139,paymentservice,payment,69,4,4,4,0
3,frontcatalog,250,139,recommendationservice,server,88,1,1,1,0
3,frontcatalog,250,139,redis-cart,-,,1,1,1,0
3,frontcatalog,250,139,shippingservice,server,79,3,3,3,0
3,frontcatalog,250,154,adservice,server,27,7,7,7,0
3,frontcatalog,250,154,cartservice,server,68,4,4,4,0
3,frontcatalog,250,154,checkoutservice,checkout,73,3,3,3,0
3,frontcatalog,250,154,currencyservice,server,72,4,4,4,0
3,frontcatalog,250,154,emailservice,email,77,4,4,4,0
3,frontcatalog,250,154,frontend,productcatalog,55,3,3,3,0
3,frontcatalog,250,154,frontend,server,60,3,3,3,0
3,frontcatalog,250,154,paymentservice,payment,57,4,4,4,0
3,frontcatalog,250,154,recommendationservice,server,150,1,2,2,0
3,frontcatalog,250,154,redis-cart,-,,1,1,1,0
3,frontcatalog,250,154,shippingservice,server,72,3,3,3,0
3,frontcatalog,250,169,adservice,server,23,7,4,4,0
3,frontcatalog,250,169,cartservice,server,66,4,4,4,0
3,frontcatalog,250,169,checkoutservice,checkout,64,3,3,3,0
3,frontcatalog,250,169,currencyservice,server,68,4,4,4,0
3,frontcatalog,250,169,emailservice,email,51,4,4,4,0
3,frontcatalog,250,169,frontend,productcatalog,54,3,3,3,0
3,frontcatalog,250,169,frontend,server,60,3,3,3,0
3,frontcatalog,250,169,paymentservice,payment,52,4,4,4,0
3,frontcatalog,250,169,recommendationservice,-,,2,2,1,0
3,frontcatalog,250,169,redis-cart,-,,1,1,1,0
3,frontcatalog,250,169,shippingservice,server,62,3,3,3,0
3,frontcatalog,250,185,adservice,server,38,4,4,4,0
3,frontcatalog,250,185,cartservice,server,64,4,4,4,0
3,frontcatalog,250,185,checkoutservice,checkout,63,3,3,3,0
3,frontcatalog,250,185,currencyservice,server,50,4,4,4,0
3,frontcatalog,250,185,emailservice,email,50,4,4,4,0
3,frontcatalog,250,185,frontend,productcatalog,53,3,3,3,0
3,frontcatalog,250,185,frontend,server,59,3,3,3,0
3,frontcatalog,250,185,paymentservice,payment,52,4,4,4,0
3,frontcatalog,250,185,recommendationservice,-,,2,2,1,0
3,frontcatalog,250,185,redis-cart,-,,1,1,1,0
3,frontcatalog,250,185,shippingservice,server,62,3,3,3,0
3,frontcatalog,250,200,adservice,server,37,4,3,3,0
3,frontcatalog,250,200,cartservice,server,63,4,4,4,0
3,frontcatalog,250,200,checkoutservice,checkout,65,3,3,3,0
3,frontcatalog,250,200,currencyservice,server,49,4,4,4,0
3,frontcatalog,250,200,emailservice,email,50,4,4,4,0
3,frontcatalog,250,200,frontend,productcatalog,53,3,3,3,0
3,frontcatalog,250,200,frontend,server,59,3,3,3,0
3,frontcatalog,250,200,paymentservice,payment,53,4,4,4,0
3,frontcatalog,250,200,recommendationservice,server,0,2,2,1,0
3,frontcatalog,250,200,redis-cart,-,,1,1,1,0
3,frontcatalog,250,200,shippingservice,server,63,3,3,3,0
3,frontcatalog,250,215,adservice,server,47,3,3,3,0
3,frontcatalog,250,215,cartservice,server,62,4,4,4,0
3,frontcatalog,250,215,checkoutservice,checkout,63,3,3,3,0
3,frontcatalog,250,215,currencyservice,server,49,4,4,4,0
3,frontcatalog,250,215,emailservice,email,50,4,3,3,0
3,frontcatalog,250,215,frontend,productcatalog,54,3,3,3,0
3,frontcatalog,250,215,frontend,server,59,3,3,3,0
3,frontcatalog,250,215,paymentservice,payment,52,4,4,4,0
3,frontcatalog,250,215,recommendationservice,server,0,2,1,1,0
3,frontcatalog,250,215,redis-cart,-,,1,1,1,0
3,frontcatalog,250,215,shippingservice,server,63,3,3,3,0
3,frontcatalog,250,231,adservice,server,47,3,3,3,0
3,frontcatalog,250,231,cartservice,server,64,4,4,4,0
3,frontcatalog,250,231,checkoutservice,checkout,63,3,3,3,0
3,frontcatalog,250,231,currencyservice,server,50,4,3,3,0
3,frontcatalog,250,231,emailservice,email,66,3,3,3,0
3,frontcatalog,250,231,frontend,productcatalog,53,3,3,3,0
3,frontcatalog,250,231,frontend,server,59,3,3,3,0
3,frontcatalog,250,231,paymentservice,payment,52,4,4,4,0
3,frontcatalog,250,231,recommendationservice,server,0,1,1,0,0
3,frontcatalog,250,231,redis-cart,-,,1,1,1,0
3,frontcatalog,250,231,shippingservice,server,62,3,3,3,0
3,frontcatalog,250,246,adservice,server,44,3,3,3,0
3,frontcatalog,250,246,cartservice,server,58,4,4,4,0
3,frontcatalog,250,246,checkoutservice,checkout,62,3,3,3,0
3,frontcatalog,250,246,currencyservice,server,71,3,3,3,0
3,frontcatalog,250,246,emailservice,email,74,3,3,3,0
3,frontcatalog,250,246,frontend,productcatalog,51,3,3,3,0
3,frontcatalog,250,246,frontend,server,61,3,3,3,0
3,frontcatalog,250,246,paymentservice,payment,51,4,4,4,0
3,frontcatalog,250,246,recommendationservice,-,,1,1,0,0
3,frontcatalog,250,246,redis-cart,-,,1,1,1,0
3,frontcatalog,250,246,shippingservice,server,59,3,3,3,0
3,frontcatalog,250,261,adservice,server,56,3,3,3,0
3,frontcatalog,250,261,cartservice,server,64,4,4,4,0
3,frontcatalog,250,261,checkoutservice,checkout,58,3,3,3,0
3,frontcatalog,250,261,currencyservice,server,66,3,3,3,0
3,frontcatalog,250,261,emailservice,email,66,3,3,3,0
3,frontcatalog,250,261,frontend,productcatalog,56,3,3,3,0
3,frontcatalog,250,261,frontend,server,62,3,3,3,0
3,frontcatalog,250,261,paymentservice,payment,51,4,3,3,0
3,frontcatalog,250,261,recommendationservice,-,,1,1,0,0
3,frontcatalog,250,261,redis-cart,-,,1,1,1,0
3,frontcatalog,250,261,shippingservice,server,60,3,3,3,0
3,frontcatalog,250,277,adservice,server,56,3,3,3,0
3,frontcatalog,250,277,cartservice,server,58,4,4,4,0
3,frontcatalog,250,277,checkoutservice,checkout,62,3,3,3,0
3,frontcatalog,250,277,currencyservice,server,65,3,3,3,0
3,frontcatalog,250,277,emailservice,email,66,3,3,3,0
3,frontcatalog,250,277,frontend,productcatalog,55,3,3,3,0
3,frontcatalog,250,277,frontend,server,58,3,3,3,0
3,frontcatalog,250,277,paymentservice,payment,67,3,3,3,0
3,frontcatalog,250,277,recommendationservice,-,,1,1,0,0
3,frontcatalog,250,277,redis-cart,-,,1,1,1,0
3,frontcatalog,250,277,shippingservice,server,62,3,3,3,0
3,frontcatalog,250,292,adservice,server,48,3,3,3,0
3,frontcatalog,250,292,cartservice,server,62,4,4,4,0
3,frontcatalog,250,292,checkoutservice,checkout,64,3,3,3,0
3,frontcatalog,250,292,currencyservice,server,66,3,3,3,0
3,frontcatalog,250,292,emailservice,email,66,3,3,3,0
3,frontcatalog,250,292,frontend,productcatalog,53,3,3,3,0
3,frontcatalog,250,292,frontend,server,60,3,3,3,0
3,frontcatalog,250,292,paymentservice,payment,65,3,3,3,0
3,frontcatalog,250,292,recommendationservice,-,,1,1,0,0
3,frontcatalog,250,292,redis-cart,-,,1,1,1,0
3,frontcatalog,250,292,shippingservice,server,61,3,3,3,0
3,frontcatalog,250,307,adservice,server,48,3,3,3,0
3,frontcatalog,250,307,cartservice,server,61,4,4,4,0
3,frontcatalog,250,307,checkoutservice,checkout,55,3,3,3,0
3,frontcatalog,250,307,currencyservice,server,64,3,3,3,0
3,frontcatalog,250,307,emailservice,email,66,3,3,3,0
3,frontcatalog,250,307,frontend,productcatalog,54,3,3,3,0
3,frontcatalog,250,307,frontend,server,60,3,3,3,0
3,frontcatalog,250,307,paymentservice,payment,65,3,3,3,0
3,frontcatalog,250,307,recommendationservice,-,,1,1,0,0
3,frontcatalog,250,307,redis-cart,-,,1,1,1,0
3,frontcatalog,250,307,shippingservice,server,62,3,3,3,0
3,frontcatalog,250,323,adservice,server,48,3,3,3,0
3,frontcatalog,250,323,cartservice,server,64,4,4,4,0
3,frontcatalog,250,323,checkoutservice,checkout,62,3,3,3,0
3,frontcatalog,250,323,currencyservice,server,65,3,3,3,0
3,frontcatalog,250,323,emailservice,email,66,3,3,3,0
3,frontcatalog,250,323,frontend,productcatalog,54,3,3,3,0
3,frontcatalog,250,323,frontend,server,59,3,3,3,0
3,frontcatalog,250,323,paymentservice,payment,69,3,3,3,0
3,frontcatalog,250,323,recommendationservice,-,,1,1,1,0
3,frontcatalog,250,323,redis-cart,-,,1,1,1,0
3,frontcatalog,250,323,shippingservice,server,59,3,3,3,0
3,frontcatalog,250,338,adservice,server,65,3,3,3,0
3,frontcatalog,250,338,cartservice,server,52,4,4,4,0
3,frontcatalog,250,338,checkoutservice,checkout,55,3,3,3,0
3,frontcatalog,250,338,currencyservice,server,69,3,3,3,0
3,frontcatalog,250,338,emailservice,email,85,3,3,3,0
3,frontcatalog,250,338,frontend,productcatalog,49,3,3,3,0
3,frontcatalog,250,338,frontend,server,64,3,3,3,0
3,frontcatalog,250,338,paymentservice,payment,59,3,3,3,0
3,frontcatalog,250,338,recommendationservice,-,,1,1,0,0
3,frontcatalog,250,338,redis-cart,-,,1,1,1,0
3,frontcatalog,250,338,shippingservice,server,58,3,3,3,0
3,frontcatalog,250,353,adservice,server,53,3,3,3,0
3,frontcatalog,250,353,cartservice,server,55,4,4,4,0
3,frontcatalog,250,353,checkoutservice,checkout,58,3,3,3,0
3,frontcatalog,250,353,currencyservice,server,67,3,3,3,0
3,frontcatalog,250,353,emailservice,email,66,3,3,3,0
3,frontcatalog,250,353,frontend,productcatalog,55,3,3,3,0
3,frontcatalog,250,353,frontend,server,67,3,3,3,0
3,frontcatalog,250,353,paymentservice,payment,63,3,3,3,0
3,frontcatalog,250,353,recommendationservice,-,,1,1,0,0
3,frontcatalog,250,353,redis-cart,-,,1,1,1,0
3,frontcatalog,250,353,shippingservice,server,60,3,3,3,0
3,frontcatalog,250,369,adservice,server,50,3,3,3,0
3,frontcatalog,250,369,cartservice,server,64,4,4,4,0
3,frontcatalog,250,369,checkoutservice,checkout,65,3,3,3,0
3,frontcatalog,250,369,currencyservice,server,67,3,3,3,0
3,frontcatalog,250,369,emailservice,email,66,3,3,3,0
3,frontcatalog,250,369,frontend,productcatalog,57,3,3,3,0
3,frontcatalog,250,369,frontend,server,60,3,3,3,0
3,frontcatalog,250,369,paymentservice,payment,59,3,3,3,0
3,frontcatalog,250,369,recommendationservice,-,,1,1,0,0
3,frontcatalog,250,369,redis-cart,-,,1,1,1,0
3,frontcatalog,250,369,shippingservice,server,58,3,3,3,0
3,frontcatalog,250,384,adservice,server,49,3,3,3,0
3,frontcatalog,250,384,cartservice,server,66,4,4,4,0
3,frontcatalog,250,384,checkoutservice,checkout,58,3,3,3,0
3,frontcatalog,250,384,currencyservice,server,68,3,3,3,0
3,frontcatalog,250,384,emailservice,email,66,3,3,3,0
3,frontcatalog,250,384,frontend,productcatalog,53,3,3,3,0
3,frontcatalog,250,384,frontend,server,58,3,3,3,0
3,frontcatalog,250,384,paymentservice,payment,72,3,3,3,0
3,frontcatalog,250,384,recommendationservice,-,,1,1,0,0
3,frontcatalog,250,384,redis-cart,-,,1,1,1,0
3,frontcatalog,250,384,shippingservice,server,60,3,3,3,0
3,frontcatalog,250,399,adservice,server,53,3,3,3,0
3,frontcatalog,250,399,cartservice,server,63,4,4,4,0
3,frontcatalog,250,399,checkoutservice,checkout,59,3,3,3,0
3,frontcatalog,250,399,currencyservice,server,67,3,3,3,0
3,frontcatalog,250,399,emailservice,email,66,3,3,3,0
3,frontcatalog,250,399,frontend,productcatalog,54,3,3,3,0
3,frontcatalog,250,399,frontend,server,60,3,3,3,0
3,frontcatalog,250,399,paymentservice,payment,71,3,3,3,0
3,frontcatalog,250,399,recommendationservice,-,,1,1,1,0
3,frontcatalog,250,399,redis-cart,-,,1,1,1,0
3,frontcatalog,250,399,shippingservice,server,67,3,3,3,0
3,frontcatalog,250,415,adservice,server,44,3,3,3,0
3,frontcatalog,250,415,cartservice,server,59,4,4,4,0
3,frontcatalog,250,415,checkoutservice,checkout,57,3,3,3,0
3,frontcatalog,250,415,currencyservice,server,65,3,3,3,0
3,frontcatalog,250,415,emailservice,email,65,3,3,3,0
3,frontcatalog,250,415,frontend,productcatalog,54,3,3,3,0
3,frontcatalog,250,415,frontend,server,60,3,3,3,0
3,frontcatalog,250,415,paymentservice,payment,65,3,3,3,0
3,frontcatalog,250,415,recommendationservice,-,,1,1,1,0
3,frontcatalog,250,415,redis-cart,-,,1,1,1,0
3,frontcatalog,250,415,shippingservice,server,53,3,3,3,0
3,frontcatalog,250,430,adservice,server,49,3,3,3,0
3,frontcatalog,250,430,cartservice,server,56,4,4,4,0
3,frontcatalog,250,430,checkoutservice,checkout,66,3,3,3,0
3,frontcatalog,250,430,currencyservice,server,73,3,3,3,0
3,frontcatalog,250,430,emailservice,email,65,3,3,3,0
3,frontcatalog,250,430,frontend,productcatalog,46,3,3,3,0
3,frontcatalog,250,430,frontend,server,61,3,3,3,0
3,frontcatalog,250,430,paymentservice,payment,72,3,3,3,0
3,frontcatalog,250,430,recommendationservice,-,,1,1,1,0
3,frontcatalog,250,430,redis-cart,-,,1,1,1,0
3,frontcatalog,250,430,shippingservice,server,70,3,3,3,0
3,frontcatalog,250,445,adservice,server,36,3,3,3,0
3,frontcatalog,250,445,cartservice,server,54,4,4,4,0
3,frontcatalog,250,445,checkoutservice,checkout,58,3,3,3,0
3,frontcatalog,250,445,currencyservice,server,65,3,3,3,0
3,frontcatalog,250,445,emailservice,email,94,3,3,3,0
3,frontcatalog,250,445,frontend,productcatalog,54,3,3,3,0
3,frontcatalog,250,445,frontend,server,58,3,3,3,0
3,frontcatalog,250,445,paymentservice,payment,67,3,3,3,0
3,frontcatalog,250,445,recommendationservice,server,173,1,3,3,0
3,frontcatalog,250,445,redis-cart,-,,1,1,1,0
3,frontcatalog,250,445,shippingservice,server,56,3,3,3,0
3,frontcatalog,300,0,adservice,server,5,3,3,3,0
3,frontcatalog,300,0,cartservice,server,0,4,4,4,0
3,frontcatalog,300,0,checkoutservice,checkout,0,3,3,3,0
3,frontcatalog,300,0,currencyservice,server,0,3,3,3,0
3,frontcatalog,300,0,emailservice,email,23,3,3,3,0
3,frontcatalog,300,0,frontend,productcatalog,29,3,3,3,0
3,frontcatalog,300,0,frontend,server,8,3,3,3,0
3,frontcatalog,300,0,paymentservice,payment,9,3,3,3,0
3,frontcatalog,300,0,recommendationservice,server,48,3,3,3,0
3,frontcatalog,300,0,redis-cart,-,,1,1,1,0
3,frontcatalog,300,0,shippingservice,server,13,3,3,3,0
3,frontcatalog,300,15,adservice,server,5,3,2,2,0
3,frontcatalog,300,15,cartservice,server,10,4,4,4,0
3,frontcatalog,300,15,checkoutservice,checkout,8,3,3,3,0
3,frontcatalog,300,15,currencyservice,server,30,3,3,3,0
3,frontcatalog,300,15,emailservice,email,14,3,3,3,0
3,frontcatalog,300,15,frontend,productcatalog,0,3,3,3,0
3,frontcatalog,300,15,frontend,server,0,3,3,3,0
3,frontcatalog,300,15,paymentservice,payment,6,3,3,3,0
3,frontcatalog,300,15,recommendationservice,server,0,3,3,3,0
3,frontcatalog,300,15,redis-cart,-,,1,1,1,0
3,frontcatalog,300,15,shippingservice,server,1,3,3,3,0
3,frontcatalog,300,31,adservice,server,197,2,2,2,0
3,frontcatalog,300,31,cartservice,server,58,4,4,4,0
3,frontcatalog,300,31,checkoutservice,checkout,61,3,3,3,0
3,frontcatalog,300,31,currencyservice,server,69,3,3,3,0
3,frontcatalog,300,31,emailservice,email,68,3,3,3,0
3,frontcatalog,300,31,frontend,productcatalog,46,3,3,3,0
3,frontcatalog,300,31,frontend,server,49,3,3,3,0
3,frontcatalog,300,31,paymentservice,payment,47,3,3,3,0
3,frontcatalog,300,31,recommendationservice,server,0,3,3,2,0
3,frontcatalog,300,31,redis-cart,-,,1,1,1,0
3,frontcatalog,300,31,shippingservice,server,1,3,3,3,0
3,frontcatalog,300,46,adservice,server,438,2,6,2,0
3,frontcatalog,300,46,cartservice,server,65,4,4,4,0
3,frontcatalog,300,46,checkoutservice,checkout,61,3,3,3,0
3,frontcatalog,300,46,currencyservice,server,69,3,3,3,0
3,frontcatalog,300,46,emailservice,email,66,3,3,3,0
3,frontcatalog,300,46,frontend,productcatalog,53,3,3,3,0
3,frontcatalog,300,46,frontend,server,60,3,3,3,0
3,frontcatalog,300,46,paymentservice,payment,74,3,3,3,0
3,frontcatalog,300,46,recommendationservice,server,47,3,3,2,0
3,frontcatalog,300,46,redis-cart,-,,1,1,1,0
3,frontcatalog,300,46,shippingservice,server,62,3,3,3,0
3,frontcatalog,300,61,adservice,server,281,6,8,2,0
3,frontcatalog,300,61,cartservice,server,65,4,4,4,0
3,frontcatalog,300,61,checkoutservice,checkout,60,3,3,3,0
3,frontcatalog,300,61,currencyservice,server,68,3,3,3,0
3,frontcatalog,300,61,emailservice,email,66,3,3,3,0
3,frontcatalog,300,61,frontend,productcatalog,53,3,3,3,0
3,frontcatalog,300,61,frontend,server,60,3,3,3,0
3,frontcatalog,300,61,paymentservice,payment,71,3,3,3,0
3,frontcatalog,300,61,recommendationservice,server,57,3,3,2,0
3,frontcatalog,300,61,redis-cart,-,,1,1,1,0
3,frontcatalog,300,61,shippingservice,server,59,3,3,3,0
3,frontcatalog,300,77,adservice,server,202,8,8,5,0
3,frontcatalog,300,77,cartservice,server,67,4,4,4,0
3,frontcatalog,300,77,checkoutservice,checkout,60,3,3,3,0
3,frontcatalog,300,77,currencyservice,server,68,3,3,3,0
3,frontcatalog,300,77,emailservice,email,64,3,3,3,0
3,frontcatalog,300,77,frontend,productcatalog,51,3,3,3,0
3,frontcatalog,300,77,frontend,server,59,3,3,3,0
3,frontcatalog,300,77,paymentservice,payment,67,3,3,3,0
3,frontcatalog,300,77,recommendationservice,server,56,3,3,2,0
3,frontcatalog,300,77,redis-cart,-,,1,1,1,0
3,frontcatalog,300,77,shippingservice,server,59,3,3,3,0
3,frontcatalog,300,92,adservice,server,123,8,8,8,0
3,frontcatalog,300,92,cartservice,server,64,4,4,4,0
3,frontcatalog,300,92,checkoutservice,checkout,65,3,3,3,0
3,frontcatalog,300,92,currencyservice,server,67,3,3,3,0
3,frontcatalog,300,92,emailservice,email,64,3,3,3,0
3,frontcatalog,300,92,frontend,productcatalog,53,3,3,3,0
3,frontcatalog,300,92,frontend,server,60,3,3,3,0
3,frontcatalog,300,92,paymentservice,payment,70,3,3,3,0
3,frontcatalog,300,92,recommendationservice,server,0,3,3,3,0
3,frontcatalog,300,92,redis-cart,-,,1,1,1,0
3,frontcatalog,300,92,shippingservice,server,63,3,3,3,0
3,frontcatalog,300,107,adservice,server,150,8,8,8,0
3,frontcatalog,300,107,cartservice,server,55,4,4,4,0
3,frontcatalog,300,107,checkoutservice,checkout,59,3,3,3,0
3,frontcatalog,300,107,currencyservice,server,78,3,3,3,0
3,frontcatalog,300,107,emailservice,email,77,3,3,3,0
3,frontcatalog,300,107,frontend,productcatalog,53,3,3,3,0
3,frontcatalog,300,107,frontend,server,60,3,3,3,0
3,frontcatalog,300,107,paymentservice,payment,75,3,3,3,0
3,frontcatalog,300,107,recommendationservice,server,3,3,3,2,0
3,frontcatalog,300,107,redis-cart,-,,1,1,1,0
3,frontcatalog,300,107,shippingservice,server,57,3,3,3,0
3,frontcatalog,300,123,adservice,server,51,8,8,8,0
3,frontcatalog,300,123,cartservice,server,64,4,4,4,0
3,frontcatalog,300,123,checkoutservice,checkout,54,3,3,3,0
3,frontcatalog,300,123,currencyservice,server,66,3,3,3,0
3,frontcatalog,300,123,emailservice,email,71,3,3,3,0
3,frontcatalog,300,123,frontend,productcatalog,53,3,3,3,0
3,frontcatalog,300,123,frontend,server,63,3,3,3,0
3,frontcatalog,300,123,paymentservice,payment,56,3,3,3,0
3,frontcatalog,300,123,recommendationservice,server,0,3,3,2,0
3,frontcatalog,300,123,redis-cart,-,,1,1,1,0
3,frontcatalog,300,123,shippingservice,server,62,3,3,3,0
3,frontcatalog,300,138,adservice,server,38,8,8,8,0
3,frontcatalog,300,138,cartservice,server,60,4,4,4,0
3,frontcatalog,300,138,checkoutservice,checkout,60,3,3,3,0
3,frontcatalog,300,138,currencyservice,server,66,3,3,3,0
3,frontcatalog,300,138,emailservice,email,66,3,3,3,0
3,frontcatalog,300,138,frontend,productcatalog,54,3,3,3,0
3,frontcatalog,300,138,frontend,server,62,3,3,3,0
3,frontcatalog,300,138,paymentservice,payment,68,3,3,3,0
3,frontcatalog,300,138,recommendationservice,server,0,3,2,2,0
3,frontcatalog,300,138,redis-cart,-,,1,1,1,0
3,frontcatalog,300,138,shippingservice,server,62,3,3,3,0
3,frontcatalog,300,154,adservice,server,29,8,8,8,0
3,frontcatalog,300,154,cartservice,server,67,4,4,4,0
3,frontcatalog,300,154,checkoutservice,checkout,61,3,3,3,0
3,frontcatalog,300,154,currencyservice,server,63,3,3,3,0
3,frontcatalog,300,154,emailservice,email,68,3,3,3,0
3,frontcatalog,300,154,frontend,productcatalog,54,3,3,3,0
3,frontcatalog,300,154,frontend,server,59,3,3,3,0
3,frontcatalog,300,154,paymentservice,payment,68,3,3,3,0
3,frontcatalog,300,154,recommendationservice,server,0,2,1,1,0
3,frontcatalog,300,154,redis-cart,-,,1,1,1,0
3,frontcatalog,300,154,shippingservice,server,60,3,3,3,0
3,frontcatalog,300,169,adservice,server,39,8,6,6,0
3,frontcatalog,300,169,cartservice,server,62,4,4,4,0
3,frontcatalog,300,169,checkoutservice,checkout,69,3,3,3,0
3,frontcatalog,300,169,currencyservice,server,92,3,3,3,0
3,frontcatalog,300,169,emailservice,email,123,3,3,3,0
3,frontcatalog,300,169,frontend,productcatalog,54,3,3,3,0
3,frontcatalog,300,169,frontend,server,80,3,3,3,0
3,frontcatalog,300,169,paymentservice,payment,83,3,3,3,0
3,frontcatalog,300,169,recommendationservice,-,,1,1,0,0
3,frontcatalog,300,169,redis-cart,-,,1,1,1,0
3,frontcatalog,300,169,shippingservice,server,68,3,3,3,0
3,frontcatalog,300,184,adservice,server,52,6,5,5,0
3,frontcatalog,300,184,cartservice,server,85,4,4,4,0
3,frontcatalog,300,184,checkoutservice,checkout,85,3,3,3,0
3,frontcatalog,300,184,currencyservice,server,97,3,4,4,0
3,frontcatalog,300,184,emailservice,email,123,3,6,4,0
3,frontcatalog,300,184,frontend,productcatalog,71,3,3,3,0
3,frontcatalog,300,184,frontend,server,75,3,3,3,0
3,frontcatalog,300,184,paymentservice,payment,96,3,4,4,0
3,frontcatalog,300,184,recommendationservice,-,,1,1,0,0
3,frontcatalog,300,184,redis-cart,-,,1,1,1,0
3,frontcatalog,300,184,shippingservice,server,95,3,3,3,0
3,frontcatalog,300,200,adservice,server,54,5,5,5,0
3,frontcatalog,300,200,cartservice,server,81,4,5,4,0
3,frontcatalog,300,200,checkoutservice,checkout,92,3,4,4,0
3,frontcatalog,300,200,currencyservice,server,92,4,4,4,0
3,frontcatalog,300,200,emailservice,email,108,6,6,6,0
3,frontcatalog,300,200,frontend,productcatalog,53,3,3,3,0
3,frontcatalog,300,200,frontend,server,68,3,3,3,0
3,frontcatalog,300,200,paymentservice,payment,110,4,5,5,0
3,frontcatalog,300,200,recommendationservice,-,,1,1,0,0
3,frontcatalog,300,200,redis-cart,-,,1,1,1,0
3,frontcatalog,300,200,shippingservice,server,88,3,4,4,0
3,frontcatalog,300,215,adservice,server,45,5,5,5,0
3,frontcatalog,300,215,cartservice,server,85,5,5,4,0
3,frontcatalog,300,215,checkoutservice,checkout,84,4,4,4,0
3,frontcatalog,300,215,currencyservice,server,68,4,4,4,0
3,frontcatalog,300,215,emailservice,email,100,6,6,6,0
3,frontcatalog,300,215,frontend,productcatalog,51,3,3,3,0
3,frontcatalog,300,215,frontend,server,70,3,3,3,0
3,frontcatalog,300,215,paymentservice,payment,105,5,5,5,0
3,frontcatalog,300,215,recommendationservice,-,,1,1,1,0
3,frontcatalog,300,215,redis-cart,-,,1,1,1,0
3,frontcatalog,300,215,shippingservice,server,81,4,4,4,0
3,frontcatalog,300,230,adservice,server,45,5,5,5,0
3,frontcatalog,300,230,cartservice,server,84,5,5,5,0
3,frontcatalog,300,230,checkoutservice,checkout,64,4,4,4,0
3,frontcatalog,300,230,currencyservice,server,68,4,4,4,0
3,frontcatalog,300,230,emailservice,email,50,6,6,6,0
3,frontcatalog,300,230,frontend,productcatalog,52,3,3,3,0
3,frontcatalog,300,230,frontend,server,73,3,3,3,0
3,frontcatalog,300,230,paymentservice,payment,77,5,5,5,0
3,frontcatalog,300,230,recommendationservice,-,,1,1,1,0
3,frontcatalog,300,230,redis-cart,-,,1,1,1,0
3,frontcatalog,300,230,shippingservice,server,65,4,4,4,0
3,frontcatalog,300,246,adservice,server,45,5,4,4,0
3,frontcatalog,300,246,cartservice,server,83,5,5,5,0
3,frontcatalog,300,246,checkoutservice,checkout,66,4,4,4,0
3,frontcatalog,300,246,currencyservice,server,67,4,4,4,0
3,frontcatalog,300,246,emailservice,email,50,6,6,6,0
3,frontcatalog,300,246,frontend,productcatalog,48,3,3,3,0
3,frontcatalog,300,246,frontend,server,68,3,3,3,0
3,frontcatalog,300,246,paymentservice,payment,52,5,5,5,0
3,frontcatalog,300,246,recommendationservice,-,,1,1,1,0
3,frontcatalog,300,246,redis-cart,-,,1,1,1,0
3,frontcatalog,300,246,shippingservice,server,64,4,4,4,0
3,frontcatalog,300,261,adservice,server,46,4,4,4,0
3,frontcatalog,300,261,cartservice,server,60,5,5,5,0
3,frontcatalog,300,261,checkoutservice,checkout,58,4,4,4,0
3,frontcatalog,300,261,currencyservice,server,61,4,4,4,0
3,frontcatalog,300,261,emailservice,email,50,6,6,6,0
3,frontcatalog,300,261,frontend,productcatalog,50,3,3,3,0
3,frontcatalog,300,261,frontend,server,59,3,3,3,0
3,frontcatalog,300,261,paymentservice,payment,45,5,5,5,0
3,frontcatalog,300,261,recommendationservice,-,,1,1,0,0
3,frontcatalog,300,261,redis-cart,-,,1,1,1,0
3,frontcatalog,300,261,shippingservice,server,50,4,4,4,0
3,frontcatalog,300,276,adservice,server,40,4,4,4,0
3,frontcatalog,300,276,cartservice,server,55,5,5,5,0
3,frontcatalog,300,276,checkoutservice,checkout,43,4,4,4,0
3,frontcatalog,300,276,currencyservice,server,53,4,4,4,0
3,frontcatalog,300,276,emailservice,email,33,6,5,5,0
3,frontcatalog,300,276,frontend,productcatalog,53,3,3,3,0
3,frontcatalog,300,276,frontend,server,64,3,3,3,0
3,frontcatalog,300,276,paymentservice,payment,42,5,5,5,0
3,frontcatalog,300,276,recommendationservice,server,173,1,3,1,1
3,frontcatalog,300,276,redis-cart,-,,1,1,1,0
3,frontcatalog,300,276,shippingservice,server,49,4,4,4,0
3,frontcatalog,300,292,adservice,server,41,4,4,4,0
3,frontcatalog,300,292,cartservice,server,52,5,5,5,0
3,frontcatalog,300,292,checkoutservice,checkout,49,4,4,4,0
3,frontcatalog,300,292,currencyservice,server,51,4,4,4,0
3,frontcatalog,300,292,emailservice,email,39,5,5,5,0
3,frontcatalog,300,292,frontend,productcatalog,53,3,3,3,0
3,frontcatalog,300,292,frontend,server,64,3,3,3,0
3,frontcatalog,300,292,paymentservice,payment,44,5,4,4,0
3,frontcatalog,300,292,recommendationservice,server,171,3,3,1,1
3,frontcatalog,300,292,redis-cart,-,,1,1,1,0
3,frontcatalog,300,292,shippingservice,server,47,4,4,4,0
3,frontcatalog,300,307,adservice,server,38,4,3,3,0
3,frontcatalog,300,307,cartservice,server,51,5,5,5,0
3,frontcatalog,300,307,checkoutservice,checkout,42,4,4,4,0
3,frontcatalog,300,307,currencyservice,server,49,4,4,4,0
3,frontcatalog,300,307,emailservice,email,41,5,5,5,0
3,frontcatalog,300,307,frontend,productcatalog,54,3,3,3,0
3,frontcatalog,300,307,frontend,server,59,3,3,3,0
3,frontcatalog,300,307,paymentservice,payment,54,4,4,4,0
3,frontcatalog,300,307,recommendationservice,server,172,3,3,1,1
3,frontcatalog,300,307,redis-cart,-,,1,1,1,0
3,frontcatalog,300,307,shippingservice,server,41,4,3,3,0
3,frontcatalog,300,322,adservice,server,43,3,3,3,0
3,frontcatalog,300,322,cartservice,server,48,5,4,4,0
3,frontcatalog,300,322,checkoutservice,checkout,47,4,3,3,0
3,frontcatalog,300,322,currencyservice,server,51,4,4,4,0
3,frontcatalog,300,322,emailservice,email,41,5,3,3,0
3,frontcatalog,300,322,frontend,productcatalog,53,3,3,3,0
3,frontcatalog,300,322,frontend,server,60,3,3,3,0
3,frontcatalog,300,322,paymentservice,payment,47,4,4,4,0
3,frontcatalog,300,322,recommendationservice,server,86,3,3,3,0
3,frontcatalog,300,322,redis-cart,-,,1,1,1,0
3,frontcatalog,300,322,shippingservice,server,59,3,3,3,0
3,frontcatalog,300,338,adservice,server,48,3,3,3,0
3,frontcatalog,300,338,cartservice,server,56,4,4,4,0
3,frontcatalog,300,338,checkoutservice,checkout,54,3,3,3,0
3,frontcatalog,300,338,currencyservice,server,50,4,3,3,0
3,frontcatalog,300,338,emailservice,email,81,3,3,3,0
3,frontcatalog,300,338,frontend,productcatalog,54,3,3,3,0
3,frontcatalog,300,338,frontend,server,67,3,3,3,0
3,frontcatalog,300,338,paymentservice,payment,48,4,4,4,0
3,frontcatalog,300,338,recommendationservice,server,8,3,3,2,0
3,frontcatalog,300,338,redis-cart,-,,1,1,1,0
3,frontcatalog,300,338,shippingservice,server,61,3,3,3,0
3,frontcatalog,300,353,adservice,server,49,3,3,3,0
3,frontcatalog,300,353,cartservice,server,61,4,4,4,0
3,frontcatalog,300,353,checkoutservice,checkout,68,3,3,3,0
3,frontcatalog,300,353,currencyservice,server,70,3,3,3,0
3,frontcatalog,300,353,emailservice,email,62,3,3,3,0
3,frontcatalog,300,353,frontend,productcatalog,49,3,3,3,0
3,frontcatalog,300,353,frontend,server,61,3,3,3,0
3,frontcatalog,300,353,paymentservice,payment,51,4,4,4,0
3,frontcatalog,300,353,recommendationservice,server,0,3,3,2,0
3,frontcatalog,300,353,redis-cart,-,,1,1,1,0
3,frontcatalog,300,353,shippingservice,server,57,3,3,3,0
3,frontcatalog,300,368,adservice,server,43,3,3,3,0
3,frontcatalog,300,368,cartservice,server,61,4,4,4,0
3,frontcatalog,300,368,checkoutservice,checkout,56,3,3,3,0
3,frontcatalog,300,368,currencyservice,server,69,3,3,3,0
3,frontcatalog,300,368,emailservice,email,70,3,3,3,0
3,frontcatalog,300,368,frontend,productcatalog,56,3,3,3,0
3,frontcatalog,300,368,frontend,server,56,3,3,3,0
3,frontcatalog,300,368,paymentservice,payment,52,4,3,3,0
3,frontcatalog,300,368,recommendationservice,server,0,3,3,2,0
3,frontcatalog,300,368,redis-cart,-,,1,1,1,0
3,frontcatalog,300,368,shippingservice,server,64,3,3,3,0
3,frontcatalog,300,384,adservice,server,47,3,3,3,0
3,frontcatalog,300,384,cartservice,server,60,4,4,4,0
3,frontcatalog,300,384,checkoutservice,checkout,58,3,3,3,0
3,frontcatalog,300,384,currencyservice,server,62,3,3,3,0
3,frontcatalog,300,384,emailservice,email,67,3,3,3,0
3,frontcatalog,300,384,frontend,productcatalog,52,3,3,3,0
3,frontcatalog,300,384,frontend,server,60,3,3,3,0
3,frontcatalog,300,384,paymentservice,payment,75,3,3,3,0
3,frontcatalog,300,384,recommendationservice,server,0,3,2,2,0
3,frontcatalog,300,384,redis-cart,-,,1,1,1,0
3,frontcatalog,300,384,shippingservice,server,65,3,3,3,0
3,frontcatalog,300,399,adservice,server,49,3,3,3,0
3,frontcatalog,300,399,cartservice,server,62,4,4,4,0
3,frontcatalog,300,399,checkoutservice,checkout,64,3,3,3,0
3,frontcatalog,300,399,currencyservice,server,62,3,3,3,0
3,frontcatalog,300,399,emailservice,email,66,3,3,3,0
3,frontcatalog,300,399,frontend,productcatalog,55,3,3,3,0
3,frontcatalog,300,399,frontend,server,61,3,3,3,0
3,frontcatalog,300,399,paymentservice,payment,71,3,3,3,0
3,frontcatalog,300,399,recommendationservice,server,0,2,1,1,0
3,frontcatalog,300,399,redis-cart,-,,1,1,1,0
3,frontcatalog,300,399,shippingservice,server,60,3,3,3,0
3,frontcatalog,300,414,adservice,server,54,3,3,3,0
3,frontcatalog,300,414,cartservice,server,64,4,4,4,0
3,frontcatalog,300,414,checkoutservice,checkout,59,3,3,3,0
3,frontcatalog,300,414,currencyservice,server,73,3,3,3,0
3,frontcatalog,300,414,emailservice,email,119,3,3,3,0
3,frontcatalog,300,414,frontend,productcatalog,68,3,3,3,0
3,frontcatalog,300,414,frontend,server,76,3,3,3,0
3,frontcatalog,300,414,paymentservice,payment,69,3,3,3,0
3,frontcatalog,300,414,recommendationservice,server,63,1,1,0,0
3,frontcatalog,300,414,redis-cart,-,,1,1,1,0
3,frontcatalog,300,414,shippingservice,server,76,3,3,3,0
3,frontcatalog,300,429,adservice,server,67,3,3,3,0
3,frontcatalog,300,429,cartservice,server,64,4,4,4,0
3,frontcatalog,300,429,checkoutservice,checkout,70,3,3,3,0
3,frontcatalog,300,429,currencyservice,server,87,3,3,3,0
3,frontcatalog,300,429,emailservice,email,89,3,4,4,0
3,frontcatalog,300,429,frontend,productcatalog,57,3,3,3,0
3,frontcatalog,300,429,frontend,server,74,3,3,3,0
3,frontcatalog,300,429,paymentservice,payment,90,3,3,3,0
3,frontcatalog,300,429,recommendationservice,-,,1,1,0,0
3,frontcatalog,300,429,redis-cart,-,,1,1,1,0
3,frontcatalog,300,429,shippingservice,server,65,3,3,3,0
3,frontcatalog,300,445,adservice,server,57,3,3,3,0
3,frontcatalog,300,445,cartservice,server,65,4,4,4,0
3,frontcatalog,300,445,checkoutservice,checkout,69,3,3,3,0
3,frontcatalog,300,445,currencyservice,server,72,3,3,3,0
3,frontcatalog,300,445,emailservice,email,66,4,4,4,0
3,frontcatalog,300,445,frontend,productcatalog,56,3,3,3,0
3,frontcatalog,300,445,frontend,server,59,3,3,3,0
3,frontcatalog,300,445,paymentservice,payment,53,3,3,3,0
3,frontcatalog,300,445,recommendationservice,-,,1,1,1,0
3,frontcatalog,300,445,redis-cart,-,,1,1,1,0
3,frontcatalog,300,445,shippingservice,server,66,3,3,3,0
