cycle,arm,target_rate,t_rel,deploy,container,hpa_util_pct,current_replicas,desired_replicas,ready_replicas,pending_pods
1,normal,150,0,adservice,server,5,2,2,2,0
1,normal,150,0,cartservice,server,1,2,2,2,0
1,normal,150,0,checkoutservice,checkout,0,2,2,2,0
1,normal,150,0,currencyservice,server,0,2,2,2,0
1,normal,150,0,emailservice,email,2,2,2,2,0
1,normal,150,0,frontend,server,0,2,2,2,0
1,normal,150,0,paymentservice,-,,,0,2,0
1,normal,150,0,productcatalogservice,-,,,0,2,0
1,normal,150,0,recommendationservice,-,,,0,2,0
1,normal,150,0,redis-cart,-,,1,1,1,0
1,normal,150,0,shippingservice,-,,,0,2,0
1,normal,150,15,adservice,server,4,2,2,2,0
1,normal,150,15,cartservice,server,34,2,2,2,0
1,normal,150,15,checkoutservice,checkout,4,2,2,2,0
1,normal,150,15,currencyservice,server,26,2,2,2,0
1,normal,150,15,emailservice,email,5,2,2,2,0
1,normal,150,15,frontend,server,14,2,2,2,0
1,normal,150,15,paymentservice,payment,21,2,2,2,0
1,normal,150,15,productcatalogservice,server,0,2,2,2,0
1,normal,150,15,recommendationservice,server,0,2,2,2,0
1,normal,150,15,redis-cart,-,,1,1,1,0
1,normal,150,15,shippingservice,server,0,2,2,2,0
1,normal,150,31,adservice,server,299,2,2,2,0
1,normal,150,31,cartservice,server,96,2,2,2,0
1,normal,150,31,checkoutservice,checkout,59,2,2,2,0
1,normal,150,31,currencyservice,server,63,2,2,2,0
1,normal,150,31,emailservice,email,58,2,2,2,0
1,normal,150,31,frontend,server,60,2,2,2,0
1,normal,150,31,paymentservice,payment,105,2,2,2,0
1,normal,150,31,productcatalogservice,server,35,2,2,2,0
1,normal,150,31,recommendationservice,server,23,2,2,2,0
1,normal,150,31,redis-cart,-,,1,1,1,0
1,normal,150,31,shippingservice,server,8,2,2,2,0
1,normal,150,46,adservice,server,162,2,5,2,0
1,normal,150,46,cartservice,server,70,2,2,2,0
1,normal,150,46,checkoutservice,checkout,63,2,2,2,0
1,normal,150,46,currencyservice,server,65,2,2,2,0
1,normal,150,46,emailservice,email,67,2,2,2,0
1,normal,150,46,frontend,server,60,2,2,2,0
1,normal,150,46,paymentservice,payment,70,2,2,2,0
1,normal,150,46,productcatalogservice,server,56,2,2,2,0
1,normal,150,46,recommendationservice,server,57,2,2,2,0
1,normal,150,46,redis-cart,-,,1,1,1,0
1,normal,150,46,shippingservice,server,57,2,2,2,0
1,normal,150,61,adservice,server,125,5,5,2,0
1,normal,150,61,cartservice,server,68,2,2,2,0
1,normal,150,61,checkoutservice,checkout,58,2,2,2,0
1,normal,150,61,currencyservice,server,63,2,2,2,0
1,normal,150,61,emailservice,email,65,2,2,2,0
1,normal,150,61,frontend,server,54,2,2,2,0
1,normal,150,61,paymentservice,payment,58,2,2,2,0
1,normal,150,61,productcatalogservice,server,56,2,2,2,0
1,normal,150,61,recommendationservice,server,54,2,2,2,0
1,normal,150,61,redis-cart,-,,1,1,1,0
1,normal,150,61,shippingservice,server,64,2,2,2,0
1,normal,150,76,adservice,server,66,5,5,2,0
1,normal,150,76,cartservice,server,65,2,2,2,0
1,normal,150,76,checkoutservice,checkout,56,2,2,2,0
1,normal,150,76,currencyservice,server,62,2,2,2,0
1,normal,150,76,emailservice,email,63,2,2,2,0
1,normal,150,76,frontend,server,57,2,2,2,0
1,normal,150,76,paymentservice,payment,66,2,2,2,0
1,normal,150,76,productcatalogservice,server,54,2,2,2,0
1,normal,150,76,recommendationservice,server,51,2,2,2,0
1,normal,150,76,redis-cart,-,,1,1,1,0
1,normal,150,76,shippingservice,server,56,2,2,2,0
1,normal,150,91,adservice,server,79,5,5,5,0
1,normal,150,91,cartservice,server,65,2,2,2,0
1,normal,150,91,checkoutservice,checkout,64,2,2,2,0
1,normal,150,91,currencyservice,server,63,2,2,2,0
1,normal,150,91,emailservice,email,65,2,2,2,0
1,normal,150,91,frontend,server,58,2,2,2,0
1,normal,150,91,paymentservice,payment,66,2,2,2,0
1,normal,150,91,productcatalogservice,server,54,2,2,2,0
1,normal,150,91,recommendationservice,server,55,2,2,2,0
1,normal,150,91,redis-cart,-,,1,1,1,0
1,normal,150,91,shippingservice,server,59,2,2,2,0
1,normal,150,106,adservice,server,36,5,5,5,0
1,normal,150,106,cartservice,server,66,2,2,2,0
1,normal,150,106,checkoutservice,checkout,59,2,2,2,0
1,normal,150,106,currencyservice,server,62,2,2,2,0
1,normal,150,106,emailservice,email,64,2,2,2,0
1,normal,150,106,frontend,server,55,2,2,2,0
1,normal,150,106,paymentservice,payment,67,2,2,2,0
1,normal,150,106,productcatalogservice,server,54,2,2,2,0
1,normal,150,106,recommendationservice,server,52,2,2,2,0
1,normal,150,106,redis-cart,-,,1,1,1,0
1,normal,150,106,shippingservice,server,59,2,2,2,0
1,normal,150,122,adservice,server,23,5,5,5,0
1,normal,150,122,cartservice,server,58,2,2,2,0
1,normal,150,122,checkoutservice,checkout,49,2,2,2,0
1,normal,150,122,currencyservice,server,61,2,2,2,0
1,normal,150,122,emailservice,email,61,2,2,2,0
1,normal,150,122,frontend,server,57,2,2,2,0
1,normal,150,122,paymentservice,payment,59,2,2,2,0
1,normal,150,122,productcatalogservice,server,53,2,2,2,0
1,normal,150,122,recommendationservice,server,49,2,2,2,0
1,normal,150,122,redis-cart,-,,1,1,1,0
1,normal,150,122,shippingservice,server,53,2,2,2,0
1,normal,150,137,adservice,server,20,5,5,5,0
1,normal,150,137,cartservice,server,67,2,2,2,0
1,normal,150,137,checkoutservice,checkout,60,2,2,2,0
1,normal,150,137,currencyservice,server,63,2,2,2,0
1,normal,150,137,emailservice,email,64,2,2,2,0
1,normal,150,137,frontend,server,54,2,2,2,0
1,normal,150,137,paymentservice,payment,67,2,2,2,0
1,normal,150,137,productcatalogservice,server,53,2,2,2,0
1,normal,150,137,recommendationservice,server,54,2,2,2,0
1,normal,150,137,redis-cart,-,,1,1,1,0
1,normal,150,137,shippingservice,server,59,2,2,2,0
1,normal,150,152,adservice,server,20,5,2,2,0
1,normal,150,152,cartservice,server,64,2,2,2,0
1,normal,150,152,checkoutservice,checkout,57,2,2,2,0
1,normal,150,152,currencyservice,server,62,2,2,2,0
1,normal,150,152,emailservice,email,62,2,2,2,0
1,normal,150,152,frontend,server,54,2,2,2,0
1,normal,150,152,paymentservice,payment,63,2,2,2,0
1,normal,150,152,productcatalogservice,server,53,2,2,2,0
1,normal,150,152,recommendationservice,server,52,2,2,2,0
1,normal,150,152,redis-cart,-,,1,1,1,0
1,normal,150,152,shippingservice,server,57,2,2,2,0
1,normal,150,167,adservice,server,44,2,2,2,0
1,normal,150,167,cartservice,server,66,2,2,2,0
1,normal,150,167,checkoutservice,checkout,58,2,2,2,0
1,normal,150,167,currencyservice,server,61,2,2,2,0
1,normal,150,167,emailservice,email,62,2,2,2,0
1,normal,150,167,frontend,server,55,2,2,2,0
1,normal,150,167,paymentservice,payment,63,2,2,2,0
1,normal,150,167,productcatalogservice,server,53,2,2,2,0
1,normal,150,167,recommendationservice,server,52,2,2,2,0
1,normal,150,167,redis-cart,-,,1,1,1,0
1,normal,150,167,shippingservice,server,59,2,2,2,0
1,normal,150,182,adservice,server,42,2,2,2,0
1,normal,150,182,cartservice,server,68,2,2,2,0
1,normal,150,182,checkoutservice,checkout,58,2,2,2,0
1,normal,150,182,currencyservice,server,62,2,2,2,0
1,normal,150,182,emailservice,email,65,2,2,2,0
1,normal,150,182,frontend,server,55,2,2,2,0
1,normal,150,182,paymentservice,payment,63,2,2,2,0
1,normal,150,182,productcatalogservice,server,53,2,2,2,0
1,normal,150,182,recommendationservice,server,52,2,2,2,0
1,normal,150,182,redis-cart,-,,1,1,1,0
1,normal,150,182,shippingservice,server,57,2,2,2,0
1,normal,150,198,adservice,server,43,2,2,2,0
1,normal,150,198,cartservice,server,67,2,2,2,0
1,normal,150,198,checkoutservice,checkout,56,2,2,2,0
1,normal,150,198,currencyservice,server,60,2,2,2,0
1,normal,150,198,emailservice,email,60,2,2,2,0
1,normal,150,198,frontend,server,54,2,2,2,0
1,normal,150,198,paymentservice,payment,63,2,2,2,0
1,normal,150,198,productcatalogservice,server,53,2,2,2,0
1,normal,150,198,recommendationservice,server,52,2,2,2,0
1,normal,150,198,redis-cart,-,,1,1,1,0
1,normal,150,198,shippingservice,server,57,2,2,2,0
1,normal,150,213,adservice,server,43,2,2,2,0
1,normal,150,213,cartservice,server,58,2,2,2,0
1,normal,150,213,checkoutservice,checkout,52,2,2,2,0
1,normal,150,213,currencyservice,server,59,2,2,2,0
1,normal,150,213,emailservice,email,59,2,2,2,0
1,normal,150,213,frontend,server,54,2,2,2,0
1,normal,150,213,paymentservice,payment,50,2,2,2,0
1,normal,150,213,productcatalogservice,server,53,2,2,2,0
1,normal,150,213,recommendationservice,server,51,2,2,2,0
1,normal,150,213,redis-cart,-,,1,1,1,0
1,normal,150,213,shippingservice,server,49,2,2,2,0
1,normal,150,228,adservice,server,42,2,2,2,0
1,normal,150,228,cartservice,server,66,2,2,2,0
1,normal,150,228,checkoutservice,checkout,58,2,2,2,0
1,normal,150,228,currencyservice,server,62,2,2,2,0
1,normal,150,228,emailservice,email,63,2,2,2,0
1,normal,150,228,frontend,server,55,2,2,2,0
1,normal,150,228,paymentservice,payment,64,2,2,2,0
1,normal,150,228,productcatalogservice,server,53,2,2,2,0
1,normal,150,228,recommendationservice,server,51,2,2,2,0
1,normal,150,228,redis-cart,-,,1,1,1,0
1,normal,150,228,shippingservice,server,57,2,2,2,0
1,normal,150,243,adservice,server,42,2,2,2,0
1,normal,150,243,cartservice,server,65,2,2,2,0
1,normal,150,243,checkoutservice,checkout,58,2,2,2,0
1,normal,150,243,currencyservice,server,61,2,2,2,0
1,normal,150,243,emailservice,email,62,2,2,2,0
1,normal,150,243,frontend,server,56,2,2,2,0
1,normal,150,243,paymentservice,payment,63,2,2,2,0
1,normal,150,243,productcatalogservice,server,53,2,2,2,0
1,normal,150,243,recommendationservice,server,52,2,2,2,0
1,normal,150,243,redis-cart,-,,1,1,1,0
1,normal,150,243,shippingservice,server,54,2,2,2,0
1,normal,150,258,adservice,server,42,2,2,2,0
1,normal,150,258,cartservice,server,61,2,2,2,0
1,normal,150,258,checkoutservice,checkout,57,2,2,2,0
1,normal,150,258,currencyservice,server,62,2,2,2,0
1,normal,150,258,emailservice,email,62,2,2,2,0
1,normal,150,258,frontend,server,54,2,2,2,0
1,normal,150,258,paymentservice,payment,59,2,2,2,0
1,normal,150,258,productcatalogservice,server,53,2,2,2,0
1,normal,150,258,recommendationservice,server,53,2,2,2,0
1,normal,150,258,redis-cart,-,,1,1,1,0
1,normal,150,258,shippingservice,server,54,2,2,2,0
1,normal,150,274,adservice,server,44,2,2,2,0
1,normal,150,274,cartservice,server,62,2,2,2,0
1,normal,150,274,checkoutservice,checkout,57,2,2,2,0
1,normal,150,274,currencyservice,server,62,2,2,2,0
1,normal,150,274,emailservice,email,63,2,2,2,0
1,normal,150,274,frontend,server,55,2,2,2,0
1,normal,150,274,paymentservice,payment,66,2,2,2,0
1,normal,150,274,productcatalogservice,server,53,2,2,2,0
1,normal,150,274,recommendationservice,server,52,2,2,2,0
1,normal,150,274,redis-cart,-,,1,1,1,0
1,normal,150,274,shippingservice,server,60,2,2,2,0
1,normal,150,289,adservice,server,42,2,2,2,0
1,normal,150,289,cartservice,server,63,2,2,2,0
1,normal,150,289,checkoutservice,checkout,58,2,2,2,0
1,normal,150,289,currencyservice,server,61,2,2,2,0
1,normal,150,289,emailservice,email,60,2,2,2,0
1,normal,150,289,frontend,server,54,2,2,2,0
1,normal,150,289,paymentservice,payment,61,2,2,2,0
1,normal,150,289,productcatalogservice,server,53,2,2,2,0
1,normal,150,289,recommendationservice,server,51,2,2,2,0
1,normal,150,289,redis-cart,-,,1,1,1,0
1,normal,150,289,shippingservice,server,56,2,2,2,0
1,normal,150,304,adservice,server,42,2,2,2,0
1,normal,150,304,cartservice,server,60,2,2,2,0
1,normal,150,304,checkoutservice,checkout,56,2,2,2,0
1,normal,150,304,currencyservice,server,62,2,2,2,0
1,normal,150,304,emailservice,email,63,2,2,2,0
1,normal,150,304,frontend,server,57,2,2,2,0
1,normal,150,304,paymentservice,payment,61,2,2,2,0
1,normal,150,304,productcatalogservice,server,53,2,2,2,0
1,normal,150,304,recommendationservice,server,52,2,2,2,0
1,normal,150,304,redis-cart,-,,1,1,1,0
1,normal,150,304,shippingservice,server,55,2,2,2,0
1,normal,150,319,adservice,server,44,2,2,2,0
1,normal,150,319,cartservice,server,55,2,2,2,0
1,normal,150,319,checkoutservice,checkout,55,2,2,2,0
1,normal,150,319,currencyservice,server,59,2,2,2,0
1,normal,150,319,emailservice,email,59,2,2,2,0
1,normal,150,319,frontend,server,53,2,2,2,0
1,normal,150,319,paymentservice,payment,61,2,2,2,0
1,normal,150,319,productcatalogservice,server,52,2,2,2,0
1,normal,150,319,recommendationservice,server,50,2,2,2,0
1,normal,150,319,redis-cart,-,,1,1,1,0
1,normal,150,319,shippingservice,server,51,2,2,2,0
1,normal,150,334,adservice,server,45,2,2,2,0
1,normal,150,334,cartservice,server,66,2,2,2,0
1,normal,150,334,checkoutservice,checkout,55,2,2,2,0
1,normal,150,334,currencyservice,server,63,2,2,2,0
1,normal,150,334,emailservice,email,66,2,2,2,0
1,normal,150,334,frontend,server,57,2,2,2,0
1,normal,150,334,paymentservice,payment,55,2,2,2,0
1,normal,150,334,productcatalogservice,server,54,2,2,2,0
1,normal,150,334,recommendationservice,server,52,2,2,2,0
1,normal,150,334,redis-cart,-,,1,1,1,0
1,normal,150,334,shippingservice,server,56,2,2,2,0
1,normal,150,350,adservice,server,21,2,2,2,0
1,normal,150,350,cartservice,server,39,2,2,2,0
1,normal,150,350,checkoutservice,checkout,39,2,2,2,0
1,normal,150,350,currencyservice,server,38,2,2,2,0
1,normal,150,350,emailservice,email,31,2,2,2,0
1,normal,150,350,frontend,server,40,2,2,2,0
1,normal,150,350,paymentservice,payment,66,2,2,2,0
1,normal,150,350,productcatalogservice,server,25,2,2,2,0
1,normal,150,350,recommendationservice,server,32,2,2,2,0
1,normal,150,350,redis-cart,-,,1,1,1,0
1,normal,150,350,shippingservice,server,50,2,2,2,0
1,normal,200,0,adservice,server,4,2,2,2,0
1,normal,200,0,cartservice,server,0,2,2,2,0
1,normal,200,0,checkoutservice,checkout,1,2,2,2,0
1,normal,200,0,currencyservice,server,1,2,2,2,0
1,normal,200,0,emailservice,email,12,2,2,2,0
1,normal,200,0,frontend,server,0,2,2,2,0
1,normal,200,0,paymentservice,payment,1,2,2,2,0
1,normal,200,0,productcatalogservice,server,0,2,2,2,0
1,normal,200,0,recommendationservice,server,0,2,2,2,0
1,normal,200,0,redis-cart,-,,1,1,1,0
1,normal,200,0,shippingservice,server,0,2,2,2,0
1,normal,200,15,adservice,server,4,2,2,2,0
1,normal,200,15,cartservice,server,1,2,2,2,0
1,normal,200,15,checkoutservice,checkout,6,2,2,2,0
1,normal,200,15,currencyservice,server,1,2,2,2,0
1,normal,200,15,emailservice,email,2,2,2,2,0
1,normal,200,15,frontend,server,0,2,2,2,0
1,normal,200,15,paymentservice,payment,1,2,2,2,0
1,normal,200,15,productcatalogservice,server,0,2,2,2,0
1,normal,200,15,recommendationservice,server,0,2,2,2,0
1,normal,200,15,redis-cart,-,,1,1,1,0
1,normal,200,15,shippingservice,server,1,2,2,2,0
1,normal,200,31,adservice,server,15,2,1,1,0
1,normal,200,31,cartservice,server,67,2,2,2,0
1,normal,200,31,checkoutservice,checkout,75,2,2,2,0
1,normal,200,31,currencyservice,server,68,2,2,2,0
1,normal,200,31,emailservice,email,61,2,2,2,0
1,normal,200,31,frontend,server,64,2,2,2,0
1,normal,200,31,paymentservice,payment,26,2,2,2,0
1,normal,200,31,productcatalogservice,server,56,2,2,2,0
1,normal,200,31,recommendationservice,server,0,2,1,1,0
1,normal,200,31,redis-cart,-,,1,1,1,0
1,normal,200,31,shippingservice,server,57,2,2,2,0
1,normal,200,46,adservice,server,108,1,1,1,0
1,normal,200,46,cartservice,server,79,2,2,2,0
1,normal,200,46,checkoutservice,checkout,69,2,2,2,0
1,normal,200,46,currencyservice,server,77,2,2,2,0
1,normal,200,46,emailservice,email,78,2,2,2,0
1,normal,200,46,frontend,server,72,2,2,2,0
1,normal,200,46,paymentservice,payment,70,2,2,2,0
1,normal,200,46,productcatalogservice,server,66,2,2,2,0
1,normal,200,46,recommendationservice,server,26,1,1,1,0
1,normal,200,46,redis-cart,-,,1,1,1,0
1,normal,200,46,shippingservice,server,69,2,2,2,0
1,normal,200,61,adservice,server,111,1,2,1,0
1,normal,200,61,cartservice,server,96,2,3,2,0
1,normal,200,61,checkoutservice,checkout,76,2,2,2,0
1,normal,200,61,currencyservice,server,80,2,3,3,0
1,normal,200,61,emailservice,email,84,2,3,3,0
1,normal,200,61,frontend,server,68,2,2,2,0
1,normal,200,61,paymentservice,payment,86,2,2,2,0
1,normal,200,61,productcatalogservice,server,70,2,2,2,0
1,normal,200,61,recommendationservice,server,135,1,1,1,0
1,normal,200,61,redis-cart,-,,1,1,1,0
1,normal,200,61,shippingservice,server,69,2,2,2,0
1,normal,200,76,adservice,server,111,2,2,1,0
1,normal,200,76,cartservice,server,90,3,3,3,0
1,normal,200,76,checkoutservice,checkout,74,2,2,2,0
1,normal,200,76,currencyservice,server,76,3,3,3,0
1,normal,200,76,emailservice,email,78,3,3,3,0
1,normal,200,76,frontend,server,69,2,2,2,0
1,normal,200,76,paymentservice,payment,75,2,2,2,0
1,normal,200,76,productcatalogservice,server,68,2,2,2,0
1,normal,200,76,recommendationservice,server,135,1,2,2,0
1,normal,200,76,redis-cart,-,,1,1,1,0
1,normal,200,76,shippingservice,server,75,2,2,2,0
1,normal,200,91,adservice,server,113,2,2,2,0
1,normal,200,91,cartservice,server,90,3,3,3,0
1,normal,200,91,checkoutservice,checkout,75,2,2,2,0
1,normal,200,91,currencyservice,server,54,3,3,3,0
1,normal,200,91,emailservice,email,55,3,3,3,0
1,normal,200,91,frontend,server,72,2,2,2,0
1,normal,200,91,paymentservice,payment,84,2,2,2,0
1,normal,200,91,productcatalogservice,server,71,2,2,2,0
1,normal,200,91,recommendationservice,server,135,2,2,2,0
1,normal,200,91,redis-cart,-,,1,1,1,0
1,normal,200,91,shippingservice,server,80,2,2,2,0
1,normal,200,107,adservice,server,111,2,2,2,0
1,normal,200,107,cartservice,server,85,3,3,3,0
1,normal,200,107,checkoutservice,checkout,74,2,2,2,0
1,normal,200,107,currencyservice,server,54,3,3,3,0
1,normal,200,107,emailservice,email,56,3,3,3,0
1,normal,200,107,frontend,server,72,2,2,2,0
1,normal,200,107,paymentservice,payment,82,2,3,3,0
1,normal,200,107,productcatalogservice,server,70,2,2,2,0
1,normal,200,107,recommendationservice,server,142,2,2,2,0
1,normal,200,107,redis-cart,-,,1,1,1,0
1,normal,200,107,shippingservice,server,75,2,2,2,0
1,normal,200,122,adservice,server,114,2,2,2,0
1,normal,200,122,cartservice,server,58,3,3,3,0
1,normal,200,122,checkoutservice,checkout,75,2,2,2,0
1,normal,200,122,currencyservice,server,54,3,3,3,0
1,normal,200,122,emailservice,email,56,3,3,3,0
1,normal,200,122,frontend,server,75,2,2,2,0
1,normal,200,122,paymentservice,payment,85,3,3,3,0
1,normal,200,122,productcatalogservice,server,70,2,2,2,0
1,normal,200,122,recommendationservice,server,69,2,2,2,0
1,normal,200,122,redis-cart,-,,1,1,1,0
1,normal,200,122,shippingservice,server,74,2,2,2,0
1,normal,200,137,adservice,server,59,2,2,2,0
1,normal,200,137,cartservice,server,54,3,3,3,0
1,normal,200,137,checkoutservice,checkout,71,2,2,2,0
1,normal,200,137,currencyservice,server,54,3,3,3,0
1,normal,200,137,emailservice,email,56,3,3,3,0
1,normal,200,137,frontend,server,74,2,2,2,0
1,normal,200,137,paymentservice,payment,52,3,3,3,0
1,normal,200,137,productcatalogservice,server,69,2,2,2,0
1,normal,200,137,recommendationservice,server,69,2,2,2,0
1,normal,200,137,redis-cart,-,,1,1,1,0
1,normal,200,137,shippingservice,server,75,2,2,2,0
1,normal,200,152,adservice,server,58,2,2,2,0
1,normal,200,152,cartservice,server,59,3,3,3,0
1,normal,200,152,checkoutservice,checkout,76,2,2,2,0
1,normal,200,152,currencyservice,server,54,3,3,3,0
1,normal,200,152,emailservice,email,56,3,3,3,0
1,normal,200,152,frontend,server,72,2,2,2,0
1,normal,200,152,paymentservice,payment,56,3,3,3,0
1,normal,200,152,productcatalogservice,server,72,2,2,2,0
1,normal,200,152,recommendationservice,server,71,2,2,2,0
1,normal,200,152,redis-cart,-,,1,1,1,0
1,normal,200,152,shippingservice,server,72,2,2,2,0
1,normal,200,167,adservice,server,59,2,2,2,0
1,normal,200,167,cartservice,server,51,3,3,3,0
1,normal,200,167,checkoutservice,checkout,70,2,2,2,0
1,normal,200,167,currencyservice,server,51,3,3,3,0
1,normal,200,167,emailservice,email,54,3,3,3,0
1,normal,200,167,frontend,server,72,2,2,2,0
1,normal,200,167,paymentservice,payment,50,3,3,3,0
1,normal,200,167,productcatalogservice,server,69,2,2,2,0
1,normal,200,167,recommendationservice,server,69,2,2,2,0
1,normal,200,167,redis-cart,-,,1,1,1,0
1,normal,200,167,shippingservice,server,72,2,2,2,0
1,normal,200,183,adservice,server,57,2,2,2,0
1,normal,200,183,cartservice,server,58,3,3,3,0
1,normal,200,183,checkoutservice,checkout,79,2,2,2,0
1,normal,200,183,currencyservice,server,55,3,3,3,0
1,normal,200,183,emailservice,email,55,3,3,3,0
1,normal,200,183,frontend,server,73,2,2,2,0
1,normal,200,183,paymentservice,payment,56,3,3,3,0
1,normal,200,183,productcatalogservice,server,73,2,2,2,0
1,normal,200,183,recommendationservice,server,67,2,2,2,0
1,normal,200,183,redis-cart,-,,1,1,1,0
1,normal,200,183,shippingservice,server,78,2,2,2,0
1,normal,200,198,adservice,server,57,2,2,2,0
1,normal,200,198,cartservice,server,59,3,3,3,0
1,normal,200,198,checkoutservice,checkout,77,2,3,3,0
1,normal,200,198,currencyservice,server,56,3,3,3,0
1,normal,200,198,emailservice,email,58,3,3,3,0
1,normal,200,198,frontend,server,74,2,2,2,0
1,normal,200,198,paymentservice,payment,57,3,3,3,0
1,normal,200,198,productcatalogservice,server,71,2,2,2,0
1,normal,200,198,recommendationservice,server,70,2,2,2,0
1,normal,200,198,redis-cart,-,,1,1,1,0
1,normal,200,198,shippingservice,server,79,2,3,3,0
1,normal,200,213,adservice,server,57,2,2,2,0
1,normal,200,213,cartservice,server,64,3,3,3,0
1,normal,200,213,checkoutservice,checkout,76,3,3,3,0
1,normal,200,213,currencyservice,server,54,3,3,3,0
1,normal,200,213,emailservice,email,56,3,3,3,0
1,normal,200,213,frontend,server,72,2,2,2,0
1,normal,200,213,paymentservice,payment,56,3,3,3,0
1,normal,200,213,productcatalogservice,server,71,2,2,2,0
1,normal,200,213,recommendationservice,server,70,2,2,2,0
1,normal,200,213,redis-cart,-,,1,1,1,0
1,normal,200,213,shippingservice,server,76,3,3,3,0
1,normal,200,228,adservice,server,58,2,2,2,0
1,normal,200,228,cartservice,server,57,3,3,3,0
1,normal,200,228,checkoutservice,checkout,78,3,3,3,0
1,normal,200,228,currencyservice,server,55,3,3,3,0
1,normal,200,228,emailservice,email,58,3,3,3,0
1,normal,200,228,frontend,server,75,2,2,2,0
1,normal,200,228,paymentservice,payment,56,3,3,3,0
1,normal,200,228,productcatalogservice,server,71,2,2,2,0
1,normal,200,228,recommendationservice,server,73,2,2,2,0
1,normal,200,228,redis-cart,-,,1,1,1,0
1,normal,200,228,shippingservice,server,51,3,3,3,0
1,normal,200,244,adservice,server,57,2,2,2,0
1,normal,200,244,cartservice,server,65,3,3,3,0
1,normal,200,244,checkoutservice,checkout,52,3,3,3,0
1,normal,200,244,currencyservice,server,56,3,3,3,0
1,normal,200,244,emailservice,email,57,3,3,3,0
1,normal,200,244,frontend,server,74,2,2,2,0
1,normal,200,244,paymentservice,payment,56,3,3,3,0
1,normal,200,244,productcatalogservice,server,72,2,2,2,0
1,normal,200,244,recommendationservice,server,70,2,2,2,0
1,normal,200,244,redis-cart,-,,1,1,1,0
1,normal,200,244,shippingservice,server,53,3,3,3,0
1,normal,200,259,adservice,server,57,2,2,2,0
1,normal,200,259,cartservice,server,72,3,3,3,0
1,normal,200,259,checkoutservice,checkout,54,3,3,3,0
1,normal,200,259,currencyservice,server,56,3,3,3,0
1,normal,200,259,emailservice,email,59,3,3,3,0
1,normal,200,259,frontend,server,75,2,2,2,0
1,normal,200,259,paymentservice,payment,61,3,3,3,0
1,normal,200,259,productcatalogservice,server,73,2,2,2,0
1,normal,200,259,recommendationservice,server,71,2,2,2,0
1,normal,200,259,redis-cart,-,,1,1,1,0
1,normal,200,259,shippingservice,server,55,3,3,3,0
1,normal,200,274,adservice,server,57,2,2,2,0
1,normal,200,274,cartservice,server,60,3,3,3,0
1,normal,200,274,checkoutservice,checkout,54,3,3,3,0
1,normal,200,274,currencyservice,server,54,3,3,3,0
1,normal,200,274,emailservice,email,59,3,3,3,0
1,normal,200,274,frontend,server,72,2,2,2,0
1,normal,200,274,paymentservice,payment,57,3,3,3,0
1,normal,200,274,productcatalogservice,server,73,2,2,2,0
1,normal,200,274,recommendationservice,server,70,2,2,2,0
1,normal,200,274,redis-cart,-,,1,1,1,0
1,normal,200,274,shippingservice,server,53,3,3,3,0
1,normal,200,289,adservice,server,55,2,2,2,0
1,normal,200,289,cartservice,server,61,3,3,3,0
1,normal,200,289,checkoutservice,checkout,48,3,3,3,0
1,normal,200,289,currencyservice,server,58,3,3,3,0
1,normal,200,289,emailservice,email,56,3,3,3,0
1,normal,200,289,frontend,server,75,2,2,2,0
1,normal,200,289,paymentservice,payment,56,3,3,3,0
1,normal,200,289,productcatalogservice,server,70,2,2,2,0
1,normal,200,289,recommendationservice,server,69,2,2,2,0
1,normal,200,289,redis-cart,-,,1,1,1,0
1,normal,200,289,shippingservice,server,52,3,3,3,0
1,normal,200,305,adservice,server,60,2,2,2,0
1,normal,200,305,cartservice,server,63,3,3,3,0
1,normal,200,305,checkoutservice,checkout,52,3,3,3,0
1,normal,200,305,currencyservice,server,55,3,3,3,0
1,normal,200,305,emailservice,email,57,3,3,3,0
1,normal,200,305,frontend,server,78,2,2,2,0
1,normal,200,305,paymentservice,payment,57,3,3,3,0
1,normal,200,305,productcatalogservice,server,74,2,2,2,0
1,normal,200,305,recommendationservice,server,73,2,2,2,0
1,normal,200,305,redis-cart,-,,1,1,1,0
1,normal,200,305,shippingservice,server,51,3,3,3,0
1,normal,200,320,adservice,server,57,2,2,2,0
1,normal,200,320,cartservice,server,65,3,3,3,0
1,normal,200,320,checkoutservice,checkout,52,3,3,3,0
1,normal,200,320,currencyservice,server,57,3,3,3,0
1,normal,200,320,emailservice,email,57,3,3,3,0
1,normal,200,320,frontend,server,73,2,2,2,0
1,normal,200,320,paymentservice,payment,59,3,3,3,0
1,normal,200,320,productcatalogservice,server,73,2,2,2,0
1,normal,200,320,recommendationservice,server,71,2,2,2,0
1,normal,200,320,redis-cart,-,,1,1,1,0
1,normal,200,320,shippingservice,server,51,3,3,3,0
1,normal,200,335,adservice,server,57,2,2,2,0
1,normal,200,335,cartservice,server,62,3,3,3,0
1,normal,200,335,checkoutservice,checkout,52,3,3,3,0
1,normal,200,335,currencyservice,server,55,3,3,3,0
1,normal,200,335,emailservice,email,58,3,3,3,0
1,normal,200,335,frontend,server,73,2,2,2,0
1,normal,200,335,paymentservice,payment,60,3,3,3,0
1,normal,200,335,productcatalogservice,server,71,2,2,2,0
1,normal,200,335,recommendationservice,server,71,2,2,2,0
1,normal,200,335,redis-cart,-,,1,1,1,0
1,normal,200,335,shippingservice,server,53,3,3,3,0
1,normal,200,350,adservice,server,56,2,2,2,0
1,normal,200,350,cartservice,server,54,3,3,3,0
1,normal,200,350,checkoutservice,checkout,49,3,3,3,0
1,normal,200,350,currencyservice,server,53,3,3,3,0
1,normal,200,350,emailservice,email,56,3,3,3,0
1,normal,200,350,frontend,server,74,2,2,2,0
1,normal,200,350,paymentservice,payment,46,3,3,3,0
1,normal,200,350,productcatalogservice,server,71,2,2,2,0
1,normal,200,350,recommendationservice,server,64,2,2,2,0
1,normal,200,350,redis-cart,-,,1,1,1,0
1,normal,200,350,shippingservice,server,51,3,3,3,0
1,normal,250,1,adservice,server,3,2,2,2,0
1,normal,250,1,cartservice,server,0,3,3,3,0
1,normal,250,1,checkoutservice,checkout,0,3,3,3,0
1,normal,250,1,currencyservice,server,0,3,3,3,0
1,normal,250,1,emailservice,email,2,3,3,3,0
1,normal,250,1,frontend,server,0,2,2,2,0
1,normal,250,1,paymentservice,payment,2,3,3,3,0
1,normal,250,1,productcatalogservice,server,0,2,2,2,0
1,normal,250,1,recommendationservice,server,0,2,2,2,0
1,normal,250,1,redis-cart,-,,1,1,1,0
1,normal,250,1,shippingservice,server,9,3,3,3,0
1,normal,250,16,adservice,server,7,2,2,2,0
1,normal,250,16,cartservice,server,0,3,3,3,0
1,normal,250,16,checkoutservice,checkout,6,3,3,3,0
1,normal,250,16,currencyservice,server,9,3,3,3,0
1,normal,250,16,emailservice,email,16,3,3,3,0
1,normal,250,16,frontend,server,0,2,2,2,0
1,normal,250,16,paymentservice,payment,51,3,3,3,0
1,normal,250,16,productcatalogservice,server,32,2,2,2,0
1,normal,250,16,recommendationservice,server,0,2,2,2,0
1,normal,250,16,redis-cart,-,,1,1,1,0
1,normal,250,16,shippingservice,server,20,3,3,3,0
1,normal,250,31,adservice,server,68,2,2,2,0
1,normal,250,31,cartservice,server,46,3,2,2,0
1,normal,250,31,checkoutservice,checkout,46,3,2,2,0
1,normal,250,31,currencyservice,server,54,3,3,3,0
1,normal,250,31,emailservice,email,71,3,3,3,0
1,normal,250,31,frontend,server,77,2,2,2,0
1,normal,250,31,paymentservice,payment,51,3,3,3,0
1,normal,250,31,productcatalogservice,server,40,2,2,2,0
1,normal,250,31,recommendationservice,server,67,2,2,2,0
1,normal,250,31,redis-cart,-,,1,1,1,0
1,normal,250,31,shippingservice,server,64,3,3,3,0
1,normal,250,46,adservice,server,69,2,2,2,0
1,normal,250,46,cartservice,server,113,2,2,2,0
1,normal,250,46,checkoutservice,checkout,92,2,2,2,0
1,normal,250,46,currencyservice,server,66,3,3,3,0
1,normal,250,46,emailservice,email,69,3,3,3,0
1,normal,250,46,frontend,server,90,2,3,2,0
1,normal,250,46,paymentservice,payment,73,3,3,3,0
1,normal,250,46,productcatalogservice,server,84,2,2,2,0
1,normal,250,46,recommendationservice,server,84,2,2,2,0
1,normal,250,46,redis-cart,-,,1,1,1,0
1,normal,250,46,shippingservice,server,58,3,3,3,0
1,normal,250,62,adservice,server,68,2,2,2,0
1,normal,250,62,cartservice,server,124,2,4,2,0
1,normal,250,62,checkoutservice,checkout,96,2,3,3,0
1,normal,250,62,currencyservice,server,67,3,3,3,0
1,normal,250,62,emailservice,email,66,3,3,3,0
1,normal,250,62,frontend,server,91,3,3,3,0
1,normal,250,62,paymentservice,payment,67,3,3,3,0
1,normal,250,62,productcatalogservice,server,84,2,3,3,0
1,normal,250,62,recommendationservice,server,86,2,3,3,0
1,normal,250,62,redis-cart,-,,1,1,1,0
1,normal,250,62,shippingservice,server,62,3,3,3,0
1,normal,250,77,adservice,server,66,2,2,2,0
1,normal,250,77,cartservice,server,92,4,4,2,0
1,normal,250,77,checkoutservice,checkout,88,3,3,3,0
1,normal,250,77,currencyservice,server,64,3,3,3,0
1,normal,250,77,emailservice,email,64,3,3,3,0
1,normal,250,77,frontend,server,86,3,3,3,0
1,normal,250,77,paymentservice,payment,65,3,3,3,0
1,normal,250,77,productcatalogservice,server,82,3,3,3,0
1,normal,250,77,recommendationservice,server,84,3,3,2,0
1,normal,250,77,redis-cart,-,,1,1,1,0
1,normal,250,77,shippingservice,server,58,3,3,3,0
1,normal,250,92,adservice,server,200,2,2,2,0
1,normal,250,92,cartservice,server,113,4,4,4,0
1,normal,250,92,checkoutservice,checkout,68,3,3,3,0
1,normal,250,92,currencyservice,server,86,3,3,3,0
1,normal,250,92,emailservice,email,76,3,3,3,0
1,normal,250,92,frontend,server,71,3,3,3,0
1,normal,250,92,paymentservice,payment,79,3,3,3,0
1,normal,250,92,productcatalogservice,server,61,3,3,3,0
1,normal,250,92,recommendationservice,server,69,3,3,2,0
1,normal,250,92,redis-cart,-,,1,1,1,0
1,normal,250,92,shippingservice,server,66,3,3,3,0
1,normal,250,108,adservice,server,213,2,6,2,0
1,normal,250,108,cartservice,server,104,4,4,4,0
1,normal,250,108,checkoutservice,checkout,62,3,3,3,0
1,normal,250,108,currencyservice,server,79,3,4,4,0
1,normal,250,108,emailservice,email,77,3,3,3,0
1,normal,250,108,frontend,server,67,3,3,3,0
1,normal,250,108,paymentservice,payment,71,3,3,3,0
1,normal,250,108,productcatalogservice,server,62,3,3,3,0
1,normal,250,108,recommendationservice,server,70,3,3,3,0
1,normal,250,108,redis-cart,-,,1,1,1,0
1,normal,250,108,shippingservice,server,64,3,3,3,0
1,normal,250,123,adservice,server,136,6,6,2,0
1,normal,250,123,cartservice,server,57,4,4,4,0
1,normal,250,123,checkoutservice,checkout,67,3,3,3,0
1,normal,250,123,currencyservice,server,73,4,4,4,0
1,normal,250,123,emailservice,email,73,3,3,3,0
1,normal,250,123,frontend,server,73,3,3,3,0
1,normal,250,123,paymentservice,payment,75,3,3,3,0
1,normal,250,123,productcatalogservice,server,62,3,3,3,0
1,normal,250,123,recommendationservice,server,66,3,3,2,0
1,normal,250,123,redis-cart,-,,1,1,1,0
1,normal,250,123,shippingservice,server,67,3,3,3,0
1,normal,250,138,adservice,server,173,6,6,6,0
1,normal,250,138,cartservice,server,46,4,4,4,0
1,normal,250,138,checkoutservice,checkout,62,3,3,3,0
1,normal,250,138,currencyservice,server,62,4,4,4,0
1,normal,250,138,emailservice,email,82,3,3,3,0
1,normal,250,138,frontend,server,68,3,3,3,0
1,normal,250,138,paymentservice,payment,75,3,3,3,0
1,normal,250,138,productcatalogservice,server,61,3,3,3,0
1,normal,250,138,recommendationservice,server,34,3,3,3,0
1,normal,250,138,redis-cart,-,,1,1,1,0
1,normal,250,138,shippingservice,server,66,3,3,3,0
1,normal,250,153,adservice,server,103,6,6,6,0
1,normal,250,153,cartservice,server,50,4,4,4,0
1,normal,250,153,checkoutservice,checkout,72,3,3,3,0
1,normal,250,153,currencyservice,server,60,4,4,4,0
1,normal,250,153,emailservice,email,86,3,4,3,0
1,normal,250,153,frontend,server,65,3,3,3,0
1,normal,250,153,paymentservice,payment,72,3,3,3,0
1,normal,250,153,productcatalogservice,server,60,3,3,3,0
1,normal,250,153,recommendationservice,server,36,3,3,3,0
1,normal,250,153,redis-cart,-,,1,1,1,0
1,normal,250,153,shippingservice,server,64,3,3,3,0
1,normal,250,169,adservice,server,61,6,6,6,0
1,normal,250,169,cartservice,server,54,4,4,4,0
1,normal,250,169,checkoutservice,checkout,62,3,3,3,0
1,normal,250,169,currencyservice,server,52,4,4,4,0
1,normal,250,169,emailservice,email,77,4,4,4,0
1,normal,250,169,frontend,server,66,3,3,3,0
1,normal,250,169,paymentservice,payment,67,3,3,3,0
1,normal,250,169,productcatalogservice,server,55,3,3,3,0
1,normal,250,169,recommendationservice,server,69,3,3,3,0
1,normal,250,169,redis-cart,-,,1,1,1,0
1,normal,250,169,shippingservice,server,65,3,3,3,0
1,normal,250,184,adservice,server,28,6,6,6,0
1,normal,250,184,cartservice,server,61,4,4,4,0
1,normal,250,184,checkoutservice,checkout,72,3,3,3,0
1,normal,250,184,currencyservice,server,56,4,4,4,0
1,normal,250,184,emailservice,email,59,4,4,4,0
1,normal,250,184,frontend,server,64,3,3,3,0
1,normal,250,184,paymentservice,payment,76,3,3,3,0
1,normal,250,184,productcatalogservice,server,61,3,3,3,0
1,normal,250,184,recommendationservice,server,68,3,3,3,0
1,normal,250,184,redis-cart,-,,1,1,1,0
1,normal,250,184,shippingservice,server,69,3,3,3,0
1,normal,250,199,adservice,server,27,6,6,6,0
1,normal,250,199,cartservice,server,58,4,4,4,0
1,normal,250,199,checkoutservice,checkout,67,3,3,3,0
1,normal,250,199,currencyservice,server,52,4,4,4,0
1,normal,250,199,emailservice,email,59,4,4,4,0
1,normal,250,199,frontend,server,62,3,3,3,0
1,normal,250,199,paymentservice,payment,68,3,3,3,0
1,normal,250,199,productcatalogservice,server,57,3,3,3,0
1,normal,250,199,recommendationservice,server,69,3,3,3,0
1,normal,250,199,redis-cart,-,,1,1,1,0
1,normal,250,199,shippingservice,server,65,3,3,3,0
1,normal,250,215,adservice,server,29,6,3,3,0
1,normal,250,215,cartservice,server,55,4,4,4,0
1,normal,250,215,checkoutservice,checkout,58,3,3,3,0
1,normal,250,215,currencyservice,server,52,4,4,4,0
1,normal,250,215,emailservice,email,54,4,4,4,0
1,normal,250,215,frontend,server,61,3,3,3,0
1,normal,250,215,paymentservice,payment,65,3,3,3,0
1,normal,250,215,productcatalogservice,server,55,3,3,3,0
1,normal,250,215,recommendationservice,server,63,3,3,3,0
1,normal,250,215,redis-cart,-,,1,1,1,0
1,normal,250,215,shippingservice,server,60,3,3,3,0
1,normal,250,230,adservice,server,53,3,3,3,0
1,normal,250,230,cartservice,server,60,4,4,4,0
1,normal,250,230,checkoutservice,checkout,67,3,3,3,0
1,normal,250,230,currencyservice,server,52,4,4,4,0
1,normal,250,230,emailservice,email,59,4,4,4,0
1,normal,250,230,frontend,server,60,3,3,3,0
1,normal,250,230,paymentservice,payment,75,3,3,3,0
1,normal,250,230,productcatalogservice,server,57,3,3,3,0
1,normal,250,230,recommendationservice,server,65,3,3,3,0
1,normal,250,230,redis-cart,-,,1,1,1,0
1,normal,250,230,shippingservice,server,61,3,3,3,0
1,normal,250,245,adservice,server,60,3,3,3,0
1,normal,250,245,cartservice,server,56,4,4,4,0
1,normal,250,245,checkoutservice,checkout,65,3,3,3,0
1,normal,250,245,currencyservice,server,54,4,4,4,0
1,normal,250,245,emailservice,email,58,4,4,4,0
1,normal,250,245,frontend,server,64,3,3,3,0
1,normal,250,245,paymentservice,payment,72,3,3,3,0
1,normal,250,245,productcatalogservice,server,58,3,3,3,0
1,normal,250,245,recommendationservice,server,67,3,3,3,0
1,normal,250,245,redis-cart,-,,1,1,1,0
1,normal,250,245,shippingservice,server,66,3,3,3,0
1,normal,250,260,adservice,server,56,3,3,3,0
1,normal,250,260,cartservice,server,60,4,4,4,0
1,normal,250,260,checkoutservice,checkout,75,3,3,3,0
1,normal,250,260,currencyservice,server,55,4,4,4,0
1,normal,250,260,emailservice,email,61,4,4,4,0
1,normal,250,260,frontend,server,63,3,3,3,0
1,normal,250,260,paymentservice,payment,79,3,3,3,0
1,normal,250,260,productcatalogservice,server,61,3,3,3,0
1,normal,250,260,recommendationservice,server,68,3,3,3,0
1,normal,250,260,redis-cart,-,,1,1,1,0
1,normal,250,260,shippingservice,server,67,3,3,3,0
1,normal,250,276,adservice,server,53,3,3,3,0
1,normal,250,276,cartservice,server,64,4,4,4,0
1,normal,250,276,checkoutservice,checkout,65,3,3,3,0
1,normal,250,276,currencyservice,server,55,4,4,4,0
1,normal,250,276,emailservice,email,57,4,4,4,0
1,normal,250,276,frontend,server,63,3,3,3,0
1,normal,250,276,paymentservice,payment,74,3,3,3,0
1,normal,250,276,productcatalogservice,server,57,3,3,3,0
1,normal,250,276,recommendationservice,server,67,3,3,3,0
1,normal,250,276,redis-cart,-,,1,1,1,0
1,normal,250,276,shippingservice,server,67,3,3,3,0
1,normal,250,291,adservice,server,53,3,3,3,0
1,normal,250,291,cartservice,server,60,4,4,4,0
1,normal,250,291,checkoutservice,checkout,69,3,3,3,0
1,normal,250,291,currencyservice,server,54,4,4,4,0
1,normal,250,291,emailservice,email,60,4,4,4,0
1,normal,250,291,frontend,server,66,3,3,3,0
1,normal,250,291,paymentservice,payment,73,3,3,3,0
1,normal,250,291,productcatalogservice,server,58,3,3,3,0
1,normal,250,291,recommendationservice,server,66,3,3,3,0
1,normal,250,291,redis-cart,-,,1,1,1,0
1,normal,250,291,shippingservice,server,65,3,3,3,0
1,normal,250,306,adservice,server,55,3,3,3,0
1,normal,250,306,cartservice,server,51,4,4,4,0
1,normal,250,306,checkoutservice,checkout,64,3,3,3,0
1,normal,250,306,currencyservice,server,52,4,4,4,0
1,normal,250,306,emailservice,email,54,4,4,4,0
1,normal,250,306,frontend,server,60,3,3,3,0
1,normal,250,306,paymentservice,payment,68,3,3,3,0
1,normal,250,306,productcatalogservice,server,58,3,3,3,0
1,normal,250,306,recommendationservice,server,67,3,3,3,0
1,normal,250,306,redis-cart,-,,1,1,1,0
1,normal,250,306,shippingservice,server,60,3,3,3,0
1,normal,250,322,adservice,server,54,3,3,3,0
1,normal,250,322,cartservice,server,44,4,4,4,0
1,normal,250,322,checkoutservice,checkout,58,3,3,3,0
1,normal,250,322,currencyservice,server,51,4,4,4,0
1,normal,250,322,emailservice,email,55,4,4,4,0
1,normal,250,322,frontend,server,60,3,3,3,0
1,normal,250,322,paymentservice,payment,64,3,3,3,0
1,normal,250,322,productcatalogservice,server,54,3,3,3,0
1,normal,250,322,recommendationservice,server,63,3,3,3,0
1,normal,250,322,redis-cart,-,,1,1,1,0
1,normal,250,322,shippingservice,server,60,3,3,3,0
1,normal,250,337,adservice,server,64,3,3,3,0
1,normal,250,337,cartservice,server,55,4,4,4,0
1,normal,250,337,checkoutservice,checkout,64,3,3,3,0
1,normal,250,337,currencyservice,server,52,4,4,4,0
1,normal,250,337,emailservice,email,58,4,4,4,0
1,normal,250,337,frontend,server,60,3,3,3,0
1,normal,250,337,paymentservice,payment,66,3,3,3,0
1,normal,250,337,productcatalogservice,server,57,3,3,3,0
1,normal,250,337,recommendationservice,server,66,3,3,3,0
1,normal,250,337,redis-cart,-,,1,1,1,0
1,normal,250,337,shippingservice,server,62,3,3,3,0
1,normal,250,352,adservice,server,55,3,3,3,0
1,normal,250,352,cartservice,server,55,4,4,4,0
1,normal,250,352,checkoutservice,checkout,56,3,3,3,0
1,normal,250,352,currencyservice,server,46,4,3,3,0
1,normal,250,352,emailservice,email,57,4,4,4,0
1,normal,250,352,frontend,server,63,3,3,3,0
1,normal,250,352,paymentservice,payment,55,3,3,3,0
1,normal,250,352,productcatalogservice,server,39,3,3,3,0
1,normal,250,352,recommendationservice,server,50,3,3,3,0
1,normal,250,352,redis-cart,-,,1,1,1,0
1,normal,250,352,shippingservice,server,50,3,3,3,0
1,normal,300,1,adservice,server,4,3,3,3,0
1,normal,300,1,cartservice,server,7,4,4,4,0
1,normal,300,1,checkoutservice,checkout,2,3,3,3,0
1,normal,300,1,currencyservice,server,9,3,3,3,0
1,normal,300,1,emailservice,email,4,4,4,4,0
1,normal,300,1,frontend,server,6,3,3,3,0
1,normal,300,1,paymentservice,payment,1,3,3,3,0
1,normal,300,1,productcatalogservice,server,7,3,3,3,0
1,normal,300,1,recommendationservice,server,0,3,3,3,0
1,normal,300,1,redis-cart,-,,1,1,1,0
1,normal,300,1,shippingservice,server,2,3,3,3,0
1,normal,300,16,adservice,server,4,3,3,3,0
1,normal,300,16,cartservice,server,0,4,4,4,0
1,normal,300,16,checkoutservice,checkout,0,3,3,3,0
1,normal,300,16,currencyservice,server,8,3,3,3,0
1,normal,300,16,emailservice,email,2,4,4,4,0
1,normal,300,16,frontend,server,0,3,3,3,0
1,normal,300,16,paymentservice,payment,1,3,3,3,0
1,normal,300,16,productcatalogservice,server,0,3,3,3,0
1,normal,300,16,recommendationservice,server,0,3,3,3,0
1,normal,300,16,redis-cart,-,,1,1,1,0
1,normal,300,16,shippingservice,server,1,3,3,3,0
1,normal,300,31,adservice,server,72,3,3,3,0
1,normal,300,31,cartservice,server,34,4,4,4,0
1,normal,300,31,checkoutservice,checkout,46,3,3,3,0
1,normal,300,31,currencyservice,server,37,3,3,3,0
1,normal,300,31,emailservice,email,43,4,4,4,0
1,normal,300,31,frontend,server,1,3,3,3,0
1,normal,300,31,paymentservice,payment,53,3,3,3,0
1,normal,300,31,productcatalogservice,server,13,3,2,2,0
1,normal,300,31,recommendationservice,server,6,3,3,3,0
1,normal,300,31,redis-cart,-,,1,1,1,0
1,normal,300,31,shippingservice,server,46,3,3,3,0
1,normal,300,47,adservice,server,71,3,3,3,0
1,normal,300,47,cartservice,server,62,4,4,4,0
1,normal,300,47,checkoutservice,checkout,72,3,3,3,0
1,normal,300,47,currencyservice,server,86,3,3,3,0
1,normal,300,47,emailservice,email,50,4,3,3,0
1,normal,300,47,frontend,server,67,3,3,3,0
1,normal,300,47,paymentservice,payment,52,3,3,3,0
1,normal,300,47,productcatalogservice,server,93,2,2,2,0
1,normal,300,47,recommendationservice,server,72,3,3,3,0
1,normal,300,47,redis-cart,-,,1,1,1,0
1,normal,300,47,shippingservice,server,69,3,3,3,0
1,normal,300,62,adservice,server,74,3,3,3,0
1,normal,300,62,cartservice,server,71,4,4,4,0
1,normal,300,62,checkoutservice,checkout,78,3,4,3,1
1,normal,300,62,currencyservice,server,94,4,4,4,0
1,normal,300,62,emailservice,email,99,3,3,3,0
1,normal,300,62,frontend,server,77,3,3,3,0
1,normal,300,62,paymentservice,payment,80,3,3,3,0
1,normal,300,62,productcatalogservice,server,95,2,3,3,0
1,normal,300,62,recommendationservice,server,80,3,3,3,0
1,normal,300,62,redis-cart,-,,1,1,1,0
1,normal,300,62,shippingservice,server,73,3,3,3,0
1,normal,300,77,adservice,server,76,3,3,3,0
1,normal,300,77,cartservice,server,63,4,4,4,0
1,normal,300,77,checkoutservice,checkout,85,4,4,4,0
1,normal,300,77,currencyservice,server,74,4,4,4,0
1,normal,300,77,emailservice,email,101,5,5,5,0
1,normal,300,77,frontend,server,81,4,4,3,1
1,normal,300,77,paymentservice,payment,90,3,4,4,0
1,normal,300,77,productcatalogservice,server,106,3,3,3,0
1,normal,300,77,recommendationservice,server,91,3,4,3,1
1,normal,300,77,redis-cart,-,,1,1,1,0
1,normal,300,77,shippingservice,server,85,3,3,3,0
1,normal,300,93,adservice,server,79,3,3,3,0
1,normal,300,93,cartservice,server,52,4,4,4,0
1,normal,300,93,checkoutservice,checkout,54,4,4,4,0
1,normal,300,93,currencyservice,server,69,4,4,4,0
1,normal,300,93,emailservice,email,73,5,5,5,0
1,normal,300,93,frontend,server,79,4,4,3,1
1,normal,300,93,paymentservice,payment,91,4,4,4,0
1,normal,300,93,productcatalogservice,server,67,3,3,3,0
1,normal,300,93,recommendationservice,server,91,4,4,3,1
1,normal,300,93,redis-cart,-,,1,1,1,0
1,normal,300,93,shippingservice,server,80,3,4,4,0
1,normal,300,108,adservice,server,83,3,4,3,0
1,normal,300,108,cartservice,server,65,4,4,4,0
1,normal,300,108,checkoutservice,checkout,63,4,4,4,0
1,normal,300,108,currencyservice,server,73,4,4,4,0
1,normal,300,108,emailservice,email,68,5,5,5,0
1,normal,300,108,frontend,server,80,4,4,3,1
1,normal,300,108,paymentservice,payment,60,4,4,4,0
1,normal,300,108,productcatalogservice,server,71,3,3,3,0
1,normal,300,108,recommendationservice,server,93,4,4,3,1
1,normal,300,108,redis-cart,-,,1,1,1,0
1,normal,300,108,shippingservice,server,73,4,4,4,0
1,normal,300,123,adservice,server,75,4,4,3,0
1,normal,300,123,cartservice,server,69,4,4,4,0
1,normal,300,123,checkoutservice,checkout,63,4,4,4,0
1,normal,300,123,currencyservice,server,73,4,4,4,0
1,normal,300,123,emailservice,email,62,5,5,5,0
1,normal,300,123,frontend,server,85,4,4,3,1
1,normal,300,123,paymentservice,payment,76,4,4,4,0
1,normal,300,123,productcatalogservice,server,69,3,3,3,0
1,normal,300,123,recommendationservice,server,93,4,4,3,1
1,normal,300,123,redis-cart,-,,1,1,1,0
1,normal,300,123,shippingservice,server,61,4,4,4,0
1,normal,300,139,adservice,server,69,4,4,3,0
1,normal,300,139,cartservice,server,56,4,4,4,0
1,normal,300,139,checkoutservice,checkout,56,4,4,4,0
1,normal,300,139,currencyservice,server,70,4,4,4,0
1,normal,300,139,emailservice,email,60,5,5,5,0
1,normal,300,139,frontend,server,81,4,4,3,1
1,normal,300,139,paymentservice,payment,67,4,4,4,0
1,normal,300,139,productcatalogservice,server,69,3,3,3,0
1,normal,300,139,recommendationservice,server,86,4,4,3,1
1,normal,300,139,redis-cart,-,,1,1,1,0
1,normal,300,139,shippingservice,server,57,4,4,4,0
1,normal,300,154,adservice,server,69,4,4,4,0
1,normal,300,154,cartservice,server,57,4,4,4,0
1,normal,300,154,checkoutservice,checkout,60,4,4,4,0
1,normal,300,154,currencyservice,server,71,4,4,4,0
1,normal,300,154,emailservice,email,61,5,5,5,0
1,normal,300,154,frontend,server,81,4,4,3,1
1,normal,300,154,paymentservice,payment,66,4,4,4,0
1,normal,300,154,productcatalogservice,server,68,3,3,3,0
1,normal,300,154,recommendationservice,server,91,4,4,3,1
1,normal,300,154,redis-cart,-,,1,1,1,0
1,normal,300,154,shippingservice,server,59,4,4,4,0
1,normal,300,169,adservice,server,71,4,4,4,0
1,normal,300,169,cartservice,server,66,4,4,4,0
1,normal,300,169,checkoutservice,checkout,65,4,4,4,0
1,normal,300,169,currencyservice,server,75,4,4,4,0
1,normal,300,169,emailservice,email,63,5,5,5,0
1,normal,300,169,frontend,server,82,4,4,3,1
1,normal,300,169,paymentservice,payment,71,4,4,4,0
1,normal,300,169,productcatalogservice,server,71,3,3,3,0
1,normal,300,169,recommendationservice,server,96,4,4,3,1
1,normal,300,169,redis-cart,-,,1,1,1,0
1,normal,300,169,shippingservice,server,63,4,4,4,0
1,normal,300,185,adservice,server,52,4,4,4,0
1,normal,300,185,cartservice,server,65,4,4,4,0
1,normal,300,185,checkoutservice,checkout,62,4,4,4,0
1,normal,300,185,currencyservice,server,69,4,4,4,0
1,normal,300,185,emailservice,email,62,5,5,5,0
1,normal,300,185,frontend,server,84,4,4,3,1
1,normal,300,185,paymentservice,payment,63,4,4,4,0
1,normal,300,185,productcatalogservice,server,70,3,3,3,0
1,normal,300,185,recommendationservice,server,90,4,4,3,1
1,normal,300,185,redis-cart,-,,1,1,1,0
1,normal,300,185,shippingservice,server,60,4,4,4,0
1,normal,300,200,adservice,server,52,4,4,4,0
1,normal,300,200,cartservice,server,59,4,4,4,0
1,normal,300,200,checkoutservice,checkout,60,4,4,4,0
1,normal,300,200,currencyservice,server,75,4,4,4,0
1,normal,300,200,emailservice,email,62,5,5,5,0
1,normal,300,200,frontend,server,83,4,4,3,1
1,normal,300,200,paymentservice,payment,74,4,4,4,0
1,normal,300,200,productcatalogservice,server,69,3,3,3,0
1,normal,300,200,recommendationservice,server,93,4,4,3,1
1,normal,300,200,redis-cart,-,,1,1,1,0
1,normal,300,200,shippingservice,server,60,4,4,4,0
1,normal,300,215,adservice,server,53,4,4,4,0
1,normal,300,215,cartservice,server,66,4,4,4,0
1,normal,300,215,checkoutservice,checkout,67,4,4,4,0
1,normal,300,215,currencyservice,server,75,4,4,4,0
1,normal,300,215,emailservice,email,64,5,5,5,0
1,normal,300,215,frontend,server,84,4,4,3,1
1,normal,300,215,paymentservice,payment,74,4,4,4,0
1,normal,300,215,productcatalogservice,server,73,3,3,3,0
1,normal,300,215,recommendationservice,server,95,4,4,3,1
1,normal,300,215,redis-cart,-,,1,1,1,0
1,normal,300,215,shippingservice,server,65,4,4,4,0
1,normal,300,231,adservice,server,52,4,4,4,0
1,normal,300,231,cartservice,server,65,4,4,4,0
1,normal,300,231,checkoutservice,checkout,66,4,4,4,0
1,normal,300,231,currencyservice,server,72,4,4,4,0
1,normal,300,231,emailservice,email,63,5,5,5,0
1,normal,300,231,frontend,server,84,4,4,3,1
1,normal,300,231,paymentservice,payment,72,4,4,4,0
1,normal,300,231,productcatalogservice,server,70,3,3,3,0
1,normal,300,231,recommendationservice,server,91,4,4,3,1
1,normal,300,231,redis-cart,-,,1,1,1,0
1,normal,300,231,shippingservice,server,61,4,4,4,0
1,normal,300,246,adservice,server,48,4,4,4,0
1,normal,300,246,cartservice,server,57,4,4,4,0
1,normal,300,246,checkoutservice,checkout,59,4,4,4,0
1,normal,300,246,currencyservice,server,73,4,4,4,0
1,normal,300,246,emailservice,email,63,5,5,5,0
1,normal,300,246,frontend,server,82,4,4,3,1
1,normal,300,246,paymentservice,payment,55,4,4,4,0
1,normal,300,246,productcatalogservice,server,67,3,3,3,0
1,normal,300,246,recommendationservice,server,85,4,4,3,1
1,normal,300,246,redis-cart,-,,1,1,1,0
1,normal,300,246,shippingservice,server,53,4,4,4,0
1,normal,300,261,adservice,server,50,4,4,4,0
1,normal,300,261,cartservice,server,61,4,4,4,0
1,normal,300,261,checkoutservice,checkout,61,4,4,4,0
1,normal,300,261,currencyservice,server,67,4,4,4,0
1,normal,300,261,emailservice,email,60,5,5,5,0
1,normal,300,261,frontend,server,79,4,4,3,1
1,normal,300,261,paymentservice,payment,66,4,4,4,0
1,normal,300,261,productcatalogservice,server,70,3,3,3,0
1,normal,300,261,recommendationservice,server,93,4,4,3,1
1,normal,300,261,redis-cart,-,,1,1,1,0
1,normal,300,261,shippingservice,server,61,4,4,4,0
1,normal,300,277,adservice,server,46,4,3,3,0
1,normal,300,277,cartservice,server,57,4,4,4,0
1,normal,300,277,checkoutservice,checkout,50,4,4,4,0
1,normal,300,277,currencyservice,server,70,4,4,4,0
1,normal,300,277,emailservice,email,58,5,5,5,0
1,normal,300,277,frontend,server,82,4,4,3,1
1,normal,300,277,paymentservice,payment,62,4,4,4,0
1,normal,300,277,productcatalogservice,server,67,3,3,3,0
1,normal,300,277,recommendationservice,server,89,4,4,3,1
1,normal,300,277,redis-cart,-,,1,1,1,0
1,normal,300,277,shippingservice,server,61,4,4,4,0
1,normal,300,292,adservice,server,71,3,3,3,0
1,normal,300,292,cartservice,server,60,4,4,4,0
1,normal,300,292,checkoutservice,checkout,61,4,4,4,0
1,normal,300,292,currencyservice,server,73,4,4,4,0
1,normal,300,292,emailservice,email,62,5,5,5,0
1,normal,300,292,frontend,server,80,4,4,3,1
1,normal,300,292,paymentservice,payment,72,4,4,4,0
1,normal,300,292,productcatalogservice,server,70,3,3,3,0
1,normal,300,292,recommendationservice,server,93,4,4,3,1
1,normal,300,292,redis-cart,-,,1,1,1,0
1,normal,300,292,shippingservice,server,61,4,4,4,0
1,normal,300,307,adservice,server,69,3,3,3,0
1,normal,300,307,cartservice,server,61,4,4,4,0
1,normal,300,307,checkoutservice,checkout,62,4,4,4,0
1,normal,300,307,currencyservice,server,71,4,4,4,0
1,normal,300,307,emailservice,email,63,5,5,5,0
1,normal,300,307,frontend,server,82,4,4,3,1
1,normal,300,307,paymentservice,payment,70,4,4,4,0
1,normal,300,307,productcatalogservice,server,68,3,3,3,0
1,normal,300,307,recommendationservice,server,91,4,4,3,1
1,normal,300,307,redis-cart,-,,1,1,1,0
1,normal,300,307,shippingservice,server,63,4,4,4,0
1,normal,300,323,adservice,server,68,3,3,3,0
1,normal,300,323,cartservice,server,58,4,4,4,0
1,normal,300,323,checkoutservice,checkout,63,4,4,4,0
1,normal,300,323,currencyservice,server,71,4,4,4,0
1,normal,300,323,emailservice,email,62,5,5,5,0
1,normal,300,323,frontend,server,83,4,4,3,1
1,normal,300,323,paymentservice,payment,64,4,4,4,0
1,normal,300,323,productcatalogservice,server,71,3,3,3,0
1,normal,300,323,recommendationservice,server,90,4,4,3,1
1,normal,300,323,redis-cart,-,,1,1,1,0
1,normal,300,323,shippingservice,server,61,4,4,4,0
1,normal,300,338,adservice,server,68,3,3,3,0
1,normal,300,338,cartservice,server,63,4,4,4,0
1,normal,300,338,checkoutservice,checkout,58,4,4,4,0
1,normal,300,338,currencyservice,server,71,4,4,4,0
1,normal,300,338,emailservice,email,59,5,5,5,0
1,normal,300,338,frontend,server,81,4,4,3,1
1,normal,300,338,paymentservice,payment,70,4,4,4,0
1,normal,300,338,productcatalogservice,server,69,3,3,3,0
1,normal,300,338,recommendationservice,server,89,4,4,3,1
1,normal,300,338,redis-cart,-,,1,1,1,0
1,normal,300,338,shippingservice,server,57,4,4,4,0
1,normal,300,353,adservice,server,62,3,3,3,0
1,normal,300,353,cartservice,server,46,4,4,4,0
1,normal,300,353,checkoutservice,checkout,40,4,4,4,0
1,normal,300,353,currencyservice,server,46,4,4,4,0
1,normal,300,353,emailservice,email,59,5,5,5,0
1,normal,300,353,frontend,server,65,4,4,3,1
1,normal,300,353,paymentservice,payment,16,4,4,4,0
1,normal,300,353,productcatalogservice,server,35,3,3,3,0
1,normal,300,353,recommendationservice,server,67,4,4,3,1
1,normal,300,353,redis-cart,-,,1,1,1,0
1,normal,300,353,shippingservice,server,47,4,4,4,0
1,frontcatalog,150,0,adservice,server,4,2,2,2,0
1,frontcatalog,150,0,cartservice,server,1,2,2,2,0
1,frontcatalog,150,0,checkoutservice,checkout,0,2,2,2,0
1,frontcatalog,150,0,currencyservice,server,0,2,2,2,0
1,frontcatalog,150,0,emailservice,email,2,2,2,2,0
1,frontcatalog,150,0,frontend,-,,,0,2,0
1,frontcatalog,150,0,paymentservice,-,,,0,2,0
1,frontcatalog,150,0,recommendationservice,-,,,0,2,0
1,frontcatalog,150,0,redis-cart,-,,1,1,1,0
1,frontcatalog,150,0,shippingservice,-,,,0,2,0
1,frontcatalog,150,15,adservice,server,5,2,2,2,0
1,frontcatalog,150,15,cartservice,server,14,2,2,2,0
1,frontcatalog,150,15,checkoutservice,checkout,0,2,2,2,0
1,frontcatalog,150,15,currencyservice,server,0,2,2,2,0
1,frontcatalog,150,15,emailservice,email,2,2,2,2,0
1,frontcatalog,150,15,frontend,productcatalog,1,2,2,2,0
1,frontcatalog,150,15,frontend,server,3,2,2,2,0
1,frontcatalog,150,15,paymentservice,payment,2,2,2,2,0
1,frontcatalog,150,15,recommendationservice,server,0,2,2,2,0
1,frontcatalog,150,15,redis-cart,-,,1,1,1,0
1,frontcatalog,150,15,shippingservice,server,0,2,2,2,0
1,frontcatalog,150,30,adservice,server,345,2,2,2,0
1,frontcatalog,150,30,cartservice,server,15,2,2,2,0
1,frontcatalog,150,30,checkoutservice,checkout,44,2,2,2,0
1,frontcatalog,150,30,currencyservice,server,66,2,2,2,0
1,frontcatalog,150,30,emailservice,email,67,2,2,2,0
1,frontcatalog,150,30,frontend,productcatalog,45,2,2,2,0
1,frontcatalog,150,30,frontend,server,70,2,2,2,0
1,frontcatalog,150,30,paymentservice,payment,1,2,2,2,0
1,frontcatalog,150,30,recommendationservice,server,4,2,2,2,0
1,frontcatalog,150,30,redis-cart,-,,1,1,1,0
1,frontcatalog,150,30,shippingservice,server,0,2,2,2,0
1,frontcatalog,150,45,adservice,server,187,2,6,2,0
1,frontcatalog,150,45,cartservice,server,78,2,2,2,0
1,frontcatalog,150,45,checkoutservice,checkout,64,2,2,2,0
1,frontcatalog,150,45,currencyservice,server,68,2,2,2,0
1,frontcatalog,150,45,emailservice,email,67,2,2,2,0
1,frontcatalog,150,45,frontend,productcatalog,58,2,2,2,0
1,frontcatalog,150,45,frontend,server,62,2,2,2,0
1,frontcatalog,150,45,paymentservice,payment,77,2,2,2,0
1,frontcatalog,150,45,recommendationservice,server,57,2,2,2,0
1,frontcatalog,150,45,redis-cart,-,,1,1,1,0
1,frontcatalog,150,45,shippingservice,server,36,2,2,2,0
1,frontcatalog,150,61,adservice,server,163,6,6,2,0
1,frontcatalog,150,61,cartservice,server,56,2,2,2,0
1,frontcatalog,150,61,checkoutservice,checkout,58,2,2,2,0
1,frontcatalog,150,61,currencyservice,server,58,2,2,2,0
1,frontcatalog,150,61,emailservice,email,65,2,2,2,0
1,frontcatalog,150,61,frontend,productcatalog,50,2,2,2,0
1,frontcatalog,150,61,frontend,server,56,2,2,2,0
1,frontcatalog,150,61,paymentservice,payment,66,2,2,2,0
1,frontcatalog,150,61,recommendationservice,server,54,2,2,2,0
1,frontcatalog,150,61,redis-cart,-,,1,1,1,0
1,frontcatalog,150,61,shippingservice,server,64,2,2,2,0
1,frontcatalog,150,76,adservice,server,78,6,6,2,0
1,frontcatalog,150,76,cartservice,server,56,2,2,2,0
1,frontcatalog,150,76,checkoutservice,checkout,61,2,2,2,0
1,frontcatalog,150,76,currencyservice,server,60,2,2,2,0
1,frontcatalog,150,76,emailservice,email,63,2,2,2,0
1,frontcatalog,150,76,frontend,productcatalog,49,2,2,2,0
1,frontcatalog,150,76,frontend,server,54,2,2,2,0
1,frontcatalog,150,76,paymentservice,payment,63,2,2,2,0
1,frontcatalog,150,76,recommendationservice,server,55,2,2,2,0
1,frontcatalog,150,76,redis-cart,-,,1,1,1,0
1,frontcatalog,150,76,shippingservice,server,59,2,2,2,0
1,frontcatalog,150,91,adservice,server,60,6,6,6,0
1,frontcatalog,150,91,cartservice,server,66,2,2,2,0
1,frontcatalog,150,91,checkoutservice,checkout,56,2,2,2,0
1,frontcatalog,150,91,currencyservice,server,58,2,2,2,0
1,frontcatalog,150,91,emailservice,email,61,2,2,2,0
1,frontcatalog,150,91,frontend,productcatalog,47,2,2,2,0
1,frontcatalog,150,91,frontend,server,53,2,2,2,0
1,frontcatalog,150,91,paymentservice,payment,64,2,2,2,0
1,frontcatalog,150,91,recommendationservice,server,52,2,2,2,0
1,frontcatalog,150,91,redis-cart,-,,1,1,1,0
1,frontcatalog,150,91,shippingservice,server,57,2,2,2,0
1,frontcatalog,150,106,adservice,server,36,6,6,6,0
1,frontcatalog,150,106,cartservice,server,56,2,2,2,0
1,frontcatalog,150,106,checkoutservice,checkout,59,2,2,2,0
1,frontcatalog,150,106,currencyservice,server,58,2,2,2,0
1,frontcatalog,150,106,emailservice,email,63,2,2,2,0
1,frontcatalog,150,106,frontend,productcatalog,50,2,2,2,0
1,frontcatalog,150,106,frontend,server,51,2,2,2,0
1,frontcatalog,150,106,paymentservice,payment,63,2,2,2,0
1,frontcatalog,150,106,recommendationservice,server,51,2,2,2,0
1,frontcatalog,150,106,redis-cart,-,,1,1,1,0
1,frontcatalog,150,106,shippingservice,server,57,2,2,2,0
1,frontcatalog,150,121,adservice,server,20,6,6,6,0
1,frontcatalog,150,121,cartservice,server,57,2,2,2,0
1,frontcatalog,150,121,checkoutservice,checkout,58,2,2,2,0
1,frontcatalog,150,121,currencyservice,server,58,2,2,2,0
1,frontcatalog,150,121,emailservice,email,62,2,2,2,0
1,frontcatalog,150,121,frontend,productcatalog,48,2,2,2,0
1,frontcatalog,150,121,frontend,server,53,2,2,2,0
1,frontcatalog,150,121,paymentservice,payment,63,2,2,2,0
1,frontcatalog,150,121,recommendationservice,server,52,2,2,2,0
1,frontcatalog,150,121,redis-cart,-,,1,1,1,0
1,frontcatalog,150,121,shippingservice,server,57,2,2,2,0
1,frontcatalog,150,137,adservice,server,17,6,2,2,0
1,frontcatalog,150,137,cartservice,server,56,2,2,2,0
1,frontcatalog,150,137,checkoutservice,checkout,57,2,2,2,0
1,frontcatalog,150,137,currencyservice,server,57,2,2,2,0
1,frontcatalog,150,137,emailservice,email,63,2,2,2,0
1,frontcatalog,150,137,frontend,productcatalog,49,2,2,2,0
1,frontcatalog,150,137,frontend,server,53,2,2,2,0
1,frontcatalog,150,137,paymentservice,payment,63,2,2,2,0
1,frontcatalog,150,137,recommendationservice,server,53,2,2,2,0
1,frontcatalog,150,137,redis-cart,-,,1,1,1,0
1,frontcatalog,150,137,shippingservice,server,56,2,2,2,0
1,frontcatalog,150,152,adservice,server,44,2,2,2,0
1,frontcatalog,150,152,cartservice,server,59,2,2,2,0
1,frontcatalog,150,152,checkoutservice,checkout,58,2,2,2,0
1,frontcatalog,150,152,currencyservice,server,58,2,2,2,0
1,frontcatalog,150,152,emailservice,email,61,2,2,2,0
1,frontcatalog,150,152,frontend,productcatalog,48,2,2,2,0
1,frontcatalog,150,152,frontend,server,52,2,2,2,0
1,frontcatalog,150,152,paymentservice,payment,64,2,2,2,0
1,frontcatalog,150,152,recommendationservice,server,53,2,2,2,0
1,frontcatalog,150,152,redis-cart,-,,1,1,1,0
1,frontcatalog,150,152,shippingservice,server,57,2,2,2,0
1,frontcatalog,150,167,adservice,server,43,2,2,2,0
1,frontcatalog,150,167,cartservice,server,56,2,2,2,0
1,frontcatalog,150,167,checkoutservice,checkout,59,2,2,2,0
1,frontcatalog,150,167,currencyservice,server,58,2,2,2,0
1,frontcatalog,150,167,emailservice,email,60,2,2,2,0
1,frontcatalog,150,167,frontend,productcatalog,47,2,2,2,0
1,frontcatalog,150,167,frontend,server,53,2,2,2,0
1,frontcatalog,150,167,paymentservice,payment,61,2,2,2,0
1,frontcatalog,150,167,recommendationservice,server,51,2,2,2,0
1,frontcatalog,150,167,redis-cart,-,,1,1,1,0
1,frontcatalog,150,167,shippingservice,server,58,2,2,2,0
1,frontcatalog,150,182,adservice,server,42,2,2,2,0
1,frontcatalog,150,182,cartservice,server,60,2,2,2,0
1,frontcatalog,150,182,checkoutservice,checkout,57,2,2,2,0
1,frontcatalog,150,182,currencyservice,server,58,2,2,2,0
1,frontcatalog,150,182,emailservice,email,64,2,2,2,0
1,frontcatalog,150,182,frontend,productcatalog,49,2,2,2,0
1,frontcatalog,150,182,frontend,server,50,2,2,2,0
1,frontcatalog,150,182,paymentservice,payment,64,2,2,2,0
1,frontcatalog,150,182,recommendationservice,server,52,2,2,2,0
1,frontcatalog,150,182,redis-cart,-,,1,1,1,0
1,frontcatalog,150,182,shippingservice,server,56,2,2,2,0
1,frontcatalog,150,197,adservice,server,43,2,2,2,0
1,frontcatalog,150,197,cartservice,server,56,2,2,2,0
1,frontcatalog,150,197,checkoutservice,checkout,58,2,2,2,0
1,frontcatalog,150,197,currencyservice,server,57,2,2,2,0
1,frontcatalog,150,197,emailservice,email,60,2,2,2,0
1,frontcatalog,150,197,frontend,productcatalog,49,2,2,2,0
1,frontcatalog,150,197,frontend,server,54,2,2,2,0
1,frontcatalog,150,197,paymentservice,payment,64,2,2,2,0
1,frontcatalog,150,197,recommendationservice,server,51,2,2,2,0
1,frontcatalog,150,197,redis-cart,-,,1,1,1,0
1,frontcatalog,150,197,shippingservice,server,57,2,2,2,0
1,frontcatalog,150,212,adservice,server,44,2,2,2,0
1,frontcatalog,150,212,cartservice,server,56,2,2,2,0
1,frontcatalog,150,212,checkoutservice,checkout,57,2,2,2,0
1,frontcatalog,150,212,currencyservice,server,57,2,2,2,0
1,frontcatalog,150,212,emailservice,email,60,2,2,2,0
1,frontcatalog,150,212,frontend,productcatalog,47,2,2,2,0
1,frontcatalog,150,212,frontend,server,51,2,2,2,0
1,frontcatalog,150,212,paymentservice,payment,63,2,2,2,0
1,frontcatalog,150,212,recommendationservice,server,52,2,2,2,0
1,frontcatalog,150,212,redis-cart,-,,1,1,1,0
1,frontcatalog,150,212,shippingservice,server,56,2,2,2,0
1,frontcatalog,150,228,adservice,server,43,2,2,2,0
1,frontcatalog,150,228,cartservice,server,58,2,2,2,0
1,frontcatalog,150,228,checkoutservice,checkout,57,2,2,2,0
1,frontcatalog,150,228,currencyservice,server,57,2,2,2,0
1,frontcatalog,150,228,emailservice,email,65,2,2,2,0
1,frontcatalog,150,228,frontend,productcatalog,46,2,2,2,0
1,frontcatalog,150,228,frontend,server,52,2,2,2,0
1,frontcatalog,150,228,paymentservice,payment,62,2,2,2,0
1,frontcatalog,150,228,recommendationservice,server,53,2,2,2,0
1,frontcatalog,150,228,redis-cart,-,,1,1,1,0
1,frontcatalog,150,228,shippingservice,server,55,2,2,2,0
1,frontcatalog,150,243,adservice,server,43,2,2,2,0
1,frontcatalog,150,243,cartservice,server,55,2,2,2,0
1,frontcatalog,150,243,checkoutservice,checkout,56,2,2,2,0
1,frontcatalog,150,243,currencyservice,server,57,2,2,2,0
1,frontcatalog,150,243,emailservice,email,61,2,2,2,0
1,frontcatalog,150,243,frontend,productcatalog,49,2,2,2,0
1,frontcatalog,150,243,frontend,server,52,2,2,2,0
1,frontcatalog,150,243,paymentservice,payment,61,2,2,2,0
1,frontcatalog,150,243,recommendationservice,server,54,2,2,2,0
1,frontcatalog,150,243,redis-cart,-,,1,1,1,0
1,frontcatalog,150,243,shippingservice,server,56,2,2,2,0
1,frontcatalog,150,258,adservice,server,42,2,2,2,0
1,frontcatalog,150,258,cartservice,server,56,2,2,2,0
1,frontcatalog,150,258,checkoutservice,checkout,59,2,2,2,0
1,frontcatalog,150,258,currencyservice,server,57,2,2,2,0
1,frontcatalog,150,258,emailservice,email,61,2,2,2,0
1,frontcatalog,150,258,frontend,productcatalog,46,2,2,2,0
1,frontcatalog,150,258,frontend,server,55,2,2,2,0
1,frontcatalog,150,258,paymentservice,payment,62,2,2,2,0
1,frontcatalog,150,258,recommendationservice,server,52,2,2,2,0
1,frontcatalog,150,258,redis-cart,-,,1,1,1,0
1,frontcatalog,150,258,shippingservice,server,56,2,2,2,0
1,frontcatalog,150,273,adservice,server,44,2,2,2,0
1,frontcatalog,150,273,cartservice,server,53,2,2,2,0
1,frontcatalog,150,273,checkoutservice,checkout,56,2,2,2,0
1,frontcatalog,150,273,currencyservice,server,57,2,2,2,0
1,frontcatalog,150,273,emailservice,email,62,2,2,2,0
1,frontcatalog,150,273,frontend,productcatalog,50,2,2,2,0
1,frontcatalog,150,273,frontend,server,50,2,2,2,0
1,frontcatalog,150,273,paymentservice,payment,64,2,2,2,0
1,frontcatalog,150,273,recommendationservice,server,53,2,2,2,0
1,frontcatalog,150,273,redis-cart,-,,1,1,1,0
1,frontcatalog,150,273,shippingservice,server,56,2,2,2,0
1,frontcatalog,150,288,adservice,server,43,2,2,2,0
1,frontcatalog,150,288,cartservice,server,53,2,2,2,0
1,frontcatalog,150,288,checkoutservice,checkout,53,2,2,2,0
1,frontcatalog,150,288,currencyservice,server,58,2,2,2,0
1,frontcatalog,150,288,emailservice,email,62,2,2,2,0
1,frontcatalog,150,288,frontend,productcatalog,48,2,2,2,0
1,frontcatalog,150,288,frontend,server,53,2,2,2,0
1,frontcatalog,150,288,paymentservice,payment,64,2,2,2,0
1,frontcatalog,150,288,recommendationservice,server,51,2,2,2,0
1,frontcatalog,150,288,redis-cart,-,,1,1,1,0
1,frontcatalog,150,288,shippingservice,server,56,2,2,2,0
1,frontcatalog,150,304,adservice,server,42,2,2,2,0
1,frontcatalog,150,304,cartservice,server,64,2,2,2,0
1,frontcatalog,150,304,checkoutservice,checkout,60,2,2,2,0
1,frontcatalog,150,304,currencyservice,server,58,2,2,2,0
1,frontcatalog,150,304,emailservice,email,63,2,2,2,0
1,frontcatalog,150,304,frontend,productcatalog,49,2,2,2,0
1,frontcatalog,150,304,frontend,server,51,2,2,2,0
1,frontcatalog,150,304,paymentservice,payment,64,2,2,2,0
1,frontcatalog,150,304,recommendationservice,server,53,2,2,2,0
1,frontcatalog,150,304,redis-cart,-,,1,1,1,0
1,frontcatalog,150,304,shippingservice,server,57,2,2,2,0
1,frontcatalog,150,319,adservice,server,42,2,2,2,0
1,frontcatalog,150,319,cartservice,server,57,2,2,2,0
1,frontcatalog,150,319,checkoutservice,checkout,58,2,2,2,0
1,frontcatalog,150,319,currencyservice,server,56,2,2,2,0
1,frontcatalog,150,319,emailservice,email,60,2,2,2,0
1,frontcatalog,150,319,frontend,productcatalog,49,2,2,2,0
1,frontcatalog,150,319,frontend,server,51,2,2,2,0
1,frontcatalog,150,319,paymentservice,payment,64,2,2,2,0
1,frontcatalog,150,319,recommendationservice,server,51,2,2,2,0
1,frontcatalog,150,319,redis-cart,-,,1,1,1,0
1,frontcatalog,150,319,shippingservice,server,57,2,2,2,0
1,frontcatalog,150,334,adservice,server,42,2,2,2,0
1,frontcatalog,150,334,cartservice,server,57,2,2,2,0
1,frontcatalog,150,334,checkoutservice,checkout,58,2,2,2,0
1,frontcatalog,150,334,currencyservice,server,58,2,2,2,0
1,frontcatalog,150,334,emailservice,email,64,2,2,2,0
1,frontcatalog,150,334,frontend,productcatalog,47,2,2,2,0
1,frontcatalog,150,334,frontend,server,54,2,2,2,0
1,frontcatalog,150,334,paymentservice,payment,61,2,2,2,0
1,frontcatalog,150,334,recommendationservice,server,53,2,2,2,0
1,frontcatalog,150,334,redis-cart,-,,1,1,1,0
1,frontcatalog,150,334,shippingservice,server,58,2,2,2,0
1,frontcatalog,150,349,adservice,server,42,2,2,2,0
1,frontcatalog,150,349,cartservice,server,53,2,2,2,0
1,frontcatalog,150,349,checkoutservice,checkout,57,2,2,2,0
1,frontcatalog,150,349,currencyservice,server,58,2,2,2,0
1,frontcatalog,150,349,emailservice,email,61,2,2,2,0
1,frontcatalog,150,349,frontend,productcatalog,42,2,2,2,0
1,frontcatalog,150,349,frontend,server,52,2,2,2,0
1,frontcatalog,150,349,paymentservice,payment,54,2,2,2,0
1,frontcatalog,150,349,recommendationservice,server,52,2,2,2,0
1,frontcatalog,150,349,redis-cart,-,,1,1,1,0
1,frontcatalog,150,349,shippingservice,server,56,2,2,2,0
1,frontcatalog,200,1,adservice,server,10,2,2,2,0
1,frontcatalog,200,1,cartservice,server,0,2,2,2,0
1,frontcatalog,200,1,checkoutservice,checkout,29,2,2,2,0
1,frontcatalog,200,1,currencyservice,server,7,2,2,2,0
1,frontcatalog,200,1,emailservice,email,12,2,2,2,0
1,frontcatalog,200,1,frontend,productcatalog,30,2,2,2,0
1,frontcatalog,200,1,frontend,server,16,2,2,2,0
1,frontcatalog,200,1,paymentservice,payment,54,2,2,2,0
1,frontcatalog,200,1,recommendationservice,server,26,2,2,2,0
1,frontcatalog,200,1,redis-cart,-,,1,1,1,0
1,frontcatalog,200,1,shippingservice,server,10,2,2,2,0
1,frontcatalog,200,16,adservice,server,5,2,2,2,0
1,frontcatalog,200,16,cartservice,server,0,2,2,2,0
1,frontcatalog,200,16,checkoutservice,checkout,0,2,2,2,0
1,frontcatalog,200,16,currencyservice,server,0,2,2,2,0
1,frontcatalog,200,16,emailservice,email,2,2,2,2,0
1,frontcatalog,200,16,frontend,productcatalog,0,2,2,2,0
1,frontcatalog,200,16,frontend,server,6,2,2,2,0
1,frontcatalog,200,16,paymentservice,payment,1,2,2,2,0
1,frontcatalog,200,16,recommendationservice,server,0,2,2,2,0
1,frontcatalog,200,16,redis-cart,-,,1,1,1,0
1,frontcatalog,200,16,shippingservice,server,1,2,2,2,0
1,frontcatalog,200,31,adservice,server,8,2,2,2,0
1,frontcatalog,200,31,cartservice,server,20,2,2,2,0
1,frontcatalog,200,31,checkoutservice,checkout,15,2,2,2,0
1,frontcatalog,200,31,currencyservice,server,32,2,2,2,0
1,frontcatalog,200,31,emailservice,email,42,2,2,2,0
1,frontcatalog,200,31,frontend,productcatalog,0,2,2,2,0
1,frontcatalog,200,31,frontend,server,17,2,2,2,0
1,frontcatalog,200,31,paymentservice,payment,1,2,2,2,0
1,frontcatalog,200,31,recommendationservice,server,7,2,2,2,0
1,frontcatalog,200,31,redis-cart,-,,1,1,1,0
1,frontcatalog,200,31,shippingservice,server,19,2,2,2,0
1,frontcatalog,200,46,adservice,server,57,2,2,2,0
1,frontcatalog,200,46,cartservice,server,20,2,1,1,0
1,frontcatalog,200,46,checkoutservice,checkout,50,2,2,2,0
1,frontcatalog,200,46,currencyservice,server,73,2,2,2,0
1,frontcatalog,200,46,emailservice,email,86,2,2,2,0
1,frontcatalog,200,46,frontend,productcatalog,59,2,2,2,0
1,frontcatalog,200,46,frontend,server,70,2,2,2,0
1,frontcatalog,200,46,paymentservice,payment,78,2,2,2,0
1,frontcatalog,200,46,recommendationservice,server,59,2,2,2,0
1,frontcatalog,200,46,redis-cart,-,,1,1,1,0
1,frontcatalog,200,46,shippingservice,server,74,2,2,2,0
1,frontcatalog,200,61,adservice,server,55,2,2,2,0
1,frontcatalog,200,61,cartservice,server,0,1,1,1,0
1,frontcatalog,200,61,checkoutservice,checkout,77,2,2,2,0
1,frontcatalog,200,61,currencyservice,server,74,2,2,2,0
1,frontcatalog,200,61,emailservice,email,83,2,3,3,0
1,frontcatalog,200,61,frontend,productcatalog,65,2,2,2,0
1,frontcatalog,200,61,frontend,server,70,2,2,2,0
1,frontcatalog,200,61,paymentservice,payment,78,2,3,3,0
1,frontcatalog,200,61,recommendationservice,server,70,2,2,2,0
1,frontcatalog,200,61,redis-cart,-,,1,1,1,0
1,frontcatalog,200,61,shippingservice,server,75,2,2,2,0
1,frontcatalog,200,77,adservice,server,57,2,2,2,0
1,frontcatalog,200,77,cartservice,server,139,1,1,1,0
1,frontcatalog,200,77,checkoutservice,checkout,75,2,2,2,0
1,frontcatalog,200,77,currencyservice,server,74,2,2,2,0
1,frontcatalog,200,77,emailservice,email,87,3,3,3,0
1,frontcatalog,200,77,frontend,productcatalog,63,2,2,2,0
1,frontcatalog,200,77,frontend,server,67,2,2,2,0
1,frontcatalog,200,77,paymentservice,payment,76,3,3,3,0
1,frontcatalog,200,77,recommendationservice,server,75,2,2,2,0
1,frontcatalog,200,77,redis-cart,-,,1,1,1,0
1,frontcatalog,200,77,shippingservice,server,73,2,2,2,0
1,frontcatalog,200,92,adservice,server,56,2,2,2,0
1,frontcatalog,200,92,cartservice,server,160,1,2,1,0
1,frontcatalog,200,92,checkoutservice,checkout,80,2,2,2,0
1,frontcatalog,200,92,currencyservice,server,75,2,2,2,0
1,frontcatalog,200,92,emailservice,email,86,3,3,3,0
1,frontcatalog,200,92,frontend,productcatalog,68,2,2,2,0
1,frontcatalog,200,92,frontend,server,76,2,2,2,0
1,frontcatalog,200,92,paymentservice,payment,61,3,3,3,0
1,frontcatalog,200,92,recommendationservice,server,73,2,2,2,0
1,frontcatalog,200,92,redis-cart,-,,1,1,1,0
1,frontcatalog,200,92,shippingservice,server,78,2,2,2,0
1,frontcatalog,200,107,adservice,server,59,2,2,2,0
1,frontcatalog,200,107,cartservice,server,160,2,3,2,0
1,frontcatalog,200,107,checkoutservice,checkout,78,2,3,3,0
1,frontcatalog,200,107,currencyservice,server,75,2,2,2,0
1,frontcatalog,200,107,emailservice,email,56,3,3,3,0
1,frontcatalog,200,107,frontend,productcatalog,65,2,2,2,0
1,frontcatalog,200,107,frontend,server,71,2,2,2,0
1,frontcatalog,200,107,paymentservice,payment,56,3,3,3,0
1,frontcatalog,200,107,recommendationservice,server,71,2,2,2,0
1,frontcatalog,200,107,redis-cart,-,,1,1,1,0
1,frontcatalog,200,107,shippingservice,server,75,2,2,2,0
1,frontcatalog,200,122,adservice,server,60,2,2,2,0
1,frontcatalog,200,122,cartservice,server,141,3,3,3,0
1,frontcatalog,200,122,checkoutservice,checkout,76,3,3,3,0
1,frontcatalog,200,122,currencyservice,server,75,2,2,2,0
1,frontcatalog,200,122,emailservice,email,58,3,3,3,0
1,frontcatalog,200,122,frontend,productcatalog,64,2,2,2,0
1,frontcatalog,200,122,frontend,server,70,2,2,2,0
1,frontcatalog,200,122,paymentservice,payment,57,3,3,3,0
1,frontcatalog,200,122,recommendationservice,server,71,2,2,2,0
1,frontcatalog,200,122,redis-cart,-,,1,1,1,0
1,frontcatalog,200,122,shippingservice,server,75,2,2,2,0
1,frontcatalog,200,137,adservice,server,55,2,2,2,0
1,frontcatalog,200,137,cartservice,server,147,3,3,3,0
1,frontcatalog,200,137,checkoutservice,checkout,50,3,3,3,0
1,frontcatalog,200,137,currencyservice,server,76,2,2,2,0
1,frontcatalog,200,137,emailservice,email,53,3,3,3,0
1,frontcatalog,200,137,frontend,productcatalog,65,2,2,2,0
1,frontcatalog,200,137,frontend,server,73,2,2,2,0
1,frontcatalog,200,137,paymentservice,payment,57,3,3,3,0
1,frontcatalog,200,137,recommendationservice,server,69,2,2,2,0
1,frontcatalog,200,137,redis-cart,-,,1,1,1,0
1,frontcatalog,200,137,shippingservice,server,77,2,2,2,0
1,frontcatalog,200,153,adservice,server,57,2,2,2,0
1,frontcatalog,200,153,cartservice,server,84,3,3,3,0
1,frontcatalog,200,153,checkoutservice,checkout,52,3,3,3,0
1,frontcatalog,200,153,currencyservice,server,74,2,2,2,0
1,frontcatalog,200,153,emailservice,email,57,3,3,3,0
1,frontcatalog,200,153,frontend,productcatalog,63,2,2,2,0
1,frontcatalog,200,153,frontend,server,66,2,2,2,0
1,frontcatalog,200,153,paymentservice,payment,57,3,3,3,0
1,frontcatalog,200,153,recommendationservice,server,71,2,2,2,0
1,frontcatalog,200,153,redis-cart,-,,1,1,1,0
1,frontcatalog,200,153,shippingservice,server,76,2,2,2,0
1,frontcatalog,200,168,adservice,server,56,2,2,2,0
1,frontcatalog,200,168,cartservice,server,52,3,3,3,0
1,frontcatalog,200,168,checkoutservice,checkout,52,3,3,3,0
1,frontcatalog,200,168,currencyservice,server,72,2,2,2,0
1,frontcatalog,200,168,emailservice,email,55,3,3,3,0
1,frontcatalog,200,168,frontend,productcatalog,66,2,2,2,0
1,frontcatalog,200,168,frontend,server,70,2,2,2,0
1,frontcatalog,200,168,paymentservice,payment,57,3,3,3,0
1,frontcatalog,200,168,recommendationservice,server,71,2,2,2,0
1,frontcatalog,200,168,redis-cart,-,,1,1,1,0
1,frontcatalog,200,168,shippingservice,server,76,2,2,2,0
1,frontcatalog,200,183,adservice,server,60,2,2,2,0
1,frontcatalog,200,183,cartservice,server,54,3,3,3,0
1,frontcatalog,200,183,checkoutservice,checkout,54,3,3,3,0
1,frontcatalog,200,183,currencyservice,server,82,2,2,2,0
1,frontcatalog,200,183,emailservice,email,61,3,3,3,0
1,frontcatalog,200,183,frontend,productcatalog,68,2,2,2,0
1,frontcatalog,200,183,frontend,server,78,2,2,2,0
1,frontcatalog,200,183,paymentservice,payment,57,3,3,3,0
1,frontcatalog,200,183,recommendationservice,server,72,2,2,2,0
1,frontcatalog,200,183,redis-cart,-,,1,1,1,0
1,frontcatalog,200,183,shippingservice,server,78,2,2,2,0
1,frontcatalog,200,198,adservice,server,57,2,2,2,0
1,frontcatalog,200,198,cartservice,server,53,3,3,3,0
1,frontcatalog,200,198,checkoutservice,checkout,55,3,3,3,0
1,frontcatalog,200,198,currencyservice,server,79,2,3,3,0
1,frontcatalog,200,198,emailservice,email,58,3,3,3,0
1,frontcatalog,200,198,frontend,productcatalog,66,2,2,2,0
1,frontcatalog,200,198,frontend,server,71,2,2,2,0
1,frontcatalog,200,198,paymentservice,payment,59,3,3,3,0
1,frontcatalog,200,198,recommendationservice,server,75,2,2,2,0
1,frontcatalog,200,198,redis-cart,-,,1,1,1,0
1,frontcatalog,200,198,shippingservice,server,78,2,3,3,0
1,frontcatalog,200,213,adservice,server,56,2,2,2,0
1,frontcatalog,200,213,cartservice,server,50,3,3,3,0
1,frontcatalog,200,213,checkoutservice,checkout,50,3,3,3,0
1,frontcatalog,200,213,currencyservice,server,75,3,3,3,0
1,frontcatalog,200,213,emailservice,email,57,3,3,3,0
1,frontcatalog,200,213,frontend,productcatalog,66,2,2,2,0
1,frontcatalog,200,213,frontend,server,73,2,2,2,0
1,frontcatalog,200,213,paymentservice,payment,58,3,3,3,0
1,frontcatalog,200,213,recommendationservice,server,73,2,2,2,0
1,frontcatalog,200,213,redis-cart,-,,1,1,1,0
1,frontcatalog,200,213,shippingservice,server,76,3,3,3,0
1,frontcatalog,200,229,adservice,server,57,2,2,2,0
1,frontcatalog,200,229,cartservice,server,53,3,3,3,0
1,frontcatalog,200,229,checkoutservice,checkout,54,3,3,3,0
1,frontcatalog,200,229,currencyservice,server,76,3,3,3,0
1,frontcatalog,200,229,emailservice,email,57,3,3,3,0
1,frontcatalog,200,229,frontend,productcatalog,66,2,2,2,0
1,frontcatalog,200,229,frontend,server,72,2,2,2,0
1,frontcatalog,200,229,paymentservice,payment,58,3,3,3,0
1,frontcatalog,200,229,recommendationservice,server,71,2,2,2,0
1,frontcatalog,200,229,redis-cart,-,,1,1,1,0
1,frontcatalog,200,229,shippingservice,server,76,3,3,3,0
1,frontcatalog,200,244,adservice,server,57,2,2,2,0
1,frontcatalog,200,244,cartservice,server,50,3,3,3,0
1,frontcatalog,200,244,checkoutservice,checkout,53,3,3,3,0
1,frontcatalog,200,244,currencyservice,server,51,3,3,3,0
1,frontcatalog,200,244,emailservice,email,57,3,3,3,0
1,frontcatalog,200,244,frontend,productcatalog,66,2,2,2,0
1,frontcatalog,200,244,frontend,server,72,2,2,2,0
1,frontcatalog,200,244,paymentservice,payment,57,3,3,3,0
1,frontcatalog,200,244,recommendationservice,server,74,2,2,2,0
1,frontcatalog,200,244,redis-cart,-,,1,1,1,0
1,frontcatalog,200,244,shippingservice,server,52,3,3,3,0
1,frontcatalog,200,259,adservice,server,57,2,2,2,0
1,frontcatalog,200,259,cartservice,server,51,3,3,3,0
1,frontcatalog,200,259,checkoutservice,checkout,54,3,3,3,0
1,frontcatalog,200,259,currencyservice,server,52,3,3,3,0
1,frontcatalog,200,259,emailservice,email,58,3,3,3,0
1,frontcatalog,200,259,frontend,productcatalog,67,2,2,2,0
1,frontcatalog,200,259,frontend,server,75,2,2,2,0
1,frontcatalog,200,259,paymentservice,payment,57,3,3,3,0
1,frontcatalog,200,259,recommendationservice,server,75,2,2,2,0
1,frontcatalog,200,259,redis-cart,-,,1,1,1,0
1,frontcatalog,200,259,shippingservice,server,52,3,3,3,0
1,frontcatalog,200,274,adservice,server,60,2,2,2,0
1,frontcatalog,200,274,cartservice,server,48,3,3,3,0
1,frontcatalog,200,274,checkoutservice,checkout,51,3,3,3,0
1,frontcatalog,200,274,currencyservice,server,50,3,3,3,0
1,frontcatalog,200,274,emailservice,email,59,3,3,3,0
1,frontcatalog,200,274,frontend,productcatalog,70,2,2,2,0
1,frontcatalog,200,274,frontend,server,75,2,2,2,0
1,frontcatalog,200,274,paymentservice,payment,57,3,3,3,0
1,frontcatalog,200,274,recommendationservice,server,77,2,2,2,0
1,frontcatalog,200,274,redis-cart,-,,1,1,1,0
1,frontcatalog,200,274,shippingservice,server,52,3,3,3,0
1,frontcatalog,200,290,adservice,server,62,2,2,2,0
1,frontcatalog,200,290,cartservice,server,48,3,3,3,0
1,frontcatalog,200,290,checkoutservice,checkout,55,3,3,3,0
1,frontcatalog,200,290,currencyservice,server,55,3,3,3,0
1,frontcatalog,200,290,emailservice,email,61,3,3,3,0
1,frontcatalog,200,290,frontend,productcatalog,69,2,2,2,0
1,frontcatalog,200,290,frontend,server,75,2,2,2,0
1,frontcatalog,200,290,paymentservice,payment,60,3,3,3,0
1,frontcatalog,200,290,recommendationservice,server,76,2,2,2,0
1,frontcatalog,200,290,redis-cart,-,,1,1,1,0
1,frontcatalog,200,290,shippingservice,server,53,3,3,3,0
1,frontcatalog,200,305,adservice,server,57,2,2,2,0
1,frontcatalog,200,305,cartservice,server,55,3,3,3,0
1,frontcatalog,200,305,checkoutservice,checkout,53,3,3,3,0
1,frontcatalog,200,305,currencyservice,server,52,3,3,3,0
1,frontcatalog,200,305,emailservice,email,56,3,3,3,0
1,frontcatalog,200,305,frontend,productcatalog,66,2,2,2,0
1,frontcatalog,200,305,frontend,server,73,2,2,2,0
1,frontcatalog,200,305,paymentservice,payment,58,3,3,3,0
1,frontcatalog,200,305,recommendationservice,server,72,2,2,2,0
1,frontcatalog,200,305,redis-cart,-,,1,1,1,0
1,frontcatalog,200,305,shippingservice,server,53,3,3,3,0
1,frontcatalog,200,320,adservice,server,55,2,2,2,0
1,frontcatalog,200,320,cartservice,server,55,3,3,3,0
1,frontcatalog,200,320,checkoutservice,checkout,53,3,3,3,0
1,frontcatalog,200,320,currencyservice,server,52,3,3,3,0
1,frontcatalog,200,320,emailservice,email,57,3,3,3,0
1,frontcatalog,200,320,frontend,productcatalog,66,2,2,2,0
1,frontcatalog,200,320,frontend,server,71,2,2,2,0
1,frontcatalog,200,320,paymentservice,payment,61,3,3,3,0
1,frontcatalog,200,320,recommendationservice,server,73,2,2,2,0
1,frontcatalog,200,320,redis-cart,-,,1,1,1,0
1,frontcatalog,200,320,shippingservice,server,51,3,3,3,0
1,frontcatalog,200,335,adservice,server,61,2,2,2,0
1,frontcatalog,200,335,cartservice,server,55,3,3,3,0
1,frontcatalog,200,335,checkoutservice,checkout,53,3,3,3,0
1,frontcatalog,200,335,currencyservice,server,53,3,3,3,0
1,frontcatalog,200,335,emailservice,email,60,3,3,3,0
1,frontcatalog,200,335,frontend,productcatalog,69,2,2,2,0
1,frontcatalog,200,335,frontend,server,73,2,2,2,0
1,frontcatalog,200,335,paymentservice,payment,60,3,3,3,0
1,frontcatalog,200,335,recommendationservice,server,78,2,2,2,0
1,frontcatalog,200,335,redis-cart,-,,1,1,1,0
1,frontcatalog,200,335,shippingservice,server,53,3,3,3,0
1,frontcatalog,200,350,adservice,server,59,2,2,2,0
1,frontcatalog,200,350,cartservice,server,56,3,3,3,0
1,frontcatalog,200,350,checkoutservice,checkout,54,3,3,3,0
1,frontcatalog,200,350,currencyservice,server,52,3,3,3,0
1,frontcatalog,200,350,emailservice,email,56,3,3,3,0
1,frontcatalog,200,350,frontend,productcatalog,70,2,2,2,0
1,frontcatalog,200,350,frontend,server,75,2,2,2,0
1,frontcatalog,200,350,paymentservice,payment,57,3,3,3,0
1,frontcatalog,200,350,recommendationservice,server,72,2,2,2,0
1,frontcatalog,200,350,redis-cart,-,,1,1,1,0
1,frontcatalog,200,350,shippingservice,server,53,3,3,3,0
1,frontcatalog,250,0,adservice,server,4,2,2,2,0
1,frontcatalog,250,0,cartservice,server,1,3,3,3,0
1,frontcatalog,250,0,checkoutservice,checkout,1,3,3,3,0
1,frontcatalog,250,0,currencyservice,server,9,3,3,3,0
1,frontcatalog,250,0,emailservice,email,14,3,3,3,0
1,frontcatalog,250,0,frontend,productcatalog,0,2,2,2,0
1,frontcatalog,250,0,frontend,server,27,2,2,2,0
1,frontcatalog,250,0,paymentservice,payment,1,3,3,3,0
1,frontcatalog,250,0,recommendationservice,server,34,2,2,2,0
1,frontcatalog,250,0,redis-cart,-,,1,1,1,0
1,frontcatalog,250,0,shippingservice,server,1,3,3,3,0
1,frontcatalog,250,15,adservice,server,5,2,2,2,0
1,frontcatalog,250,15,cartservice,server,1,3,3,3,0
1,frontcatalog,250,15,checkoutservice,checkout,0,3,3,3,0
1,frontcatalog,250,15,currencyservice,server,0,3,3,3,0
1,frontcatalog,250,15,emailservice,email,2,3,3,3,0
1,frontcatalog,250,15,frontend,productcatalog,2,2,2,2,0
1,frontcatalog,250,15,frontend,server,0,2,2,2,0
1,frontcatalog,250,15,paymentservice,payment,1,3,3,3,0
1,frontcatalog,250,15,recommendationservice,server,0,2,2,2,0
1,frontcatalog,250,15,redis-cart,-,,1,1,1,0
1,frontcatalog,250,15,shippingservice,server,0,3,3,3,0
1,frontcatalog,250,30,adservice,server,52,2,2,2,0
1,frontcatalog,250,30,cartservice,server,36,3,3,3,0
1,frontcatalog,250,30,checkoutservice,checkout,39,3,2,2,0
1,frontcatalog,250,30,currencyservice,server,37,3,3,3,0
1,frontcatalog,250,30,emailservice,email,29,3,3,3,0
1,frontcatalog,250,30,frontend,productcatalog,73,2,2,2,0
1,frontcatalog,250,30,frontend,server,26,2,2,2,0
1,frontcatalog,250,30,paymentservice,payment,37,3,2,2,0
1,frontcatalog,250,30,recommendationservice,server,22,2,1,1,0
1,frontcatalog,250,30,redis-cart,-,,1,1,1,0
1,frontcatalog,250,30,shippingservice,server,33,3,3,3,0
1,frontcatalog,250,46,adservice,server,71,2,2,2,0
1,frontcatalog,250,46,cartservice,server,74,3,3,3,0
1,frontcatalog,250,46,checkoutservice,checkout,98,2,2,2,0
1,frontcatalog,250,46,currencyservice,server,61,3,3,3,0
1,frontcatalog,250,46,emailservice,email,70,3,3,3,0
1,frontcatalog,250,46,frontend,productcatalog,80,2,2,2,0
1,frontcatalog,250,46,frontend,server,86,2,2,2,0
1,frontcatalog,250,46,paymentservice,payment,54,2,2,2,0
1,frontcatalog,250,46,recommendationservice,server,93,1,1,1,0
1,frontcatalog,250,46,redis-cart,-,,1,1,1,0
1,frontcatalog,250,46,shippingservice,server,63,3,3,3,0
1,frontcatalog,250,61,adservice,server,72,2,2,2,0
1,frontcatalog,250,61,cartservice,server,71,3,3,3,0
1,frontcatalog,250,61,checkoutservice,checkout,97,2,3,3,0
1,frontcatalog,250,61,currencyservice,server,63,3,3,3,0
1,frontcatalog,250,61,emailservice,email,70,3,3,3,0
1,frontcatalog,250,61,frontend,productcatalog,81,2,3,2,0
1,frontcatalog,250,61,frontend,server,87,2,3,2,0
1,frontcatalog,250,61,paymentservice,payment,111,2,2,2,0
1,frontcatalog,250,61,recommendationservice,server,115,1,2,2,0
1,frontcatalog,250,61,redis-cart,-,,1,1,1,0
1,frontcatalog,250,61,shippingservice,server,62,3,3,3,0
1,frontcatalog,250,76,adservice,server,69,2,2,2,0
1,frontcatalog,250,76,cartservice,server,60,3,3,3,0
1,frontcatalog,250,76,checkoutservice,checkout,88,3,3,3,0
1,frontcatalog,250,76,currencyservice,server,62,3,3,3,0
1,frontcatalog,250,76,emailservice,email,67,3,3,3,0
1,frontcatalog,250,76,frontend,productcatalog,80,3,3,3,0
1,frontcatalog,250,76,frontend,server,89,3,3,3,0
1,frontcatalog,250,76,paymentservice,payment,100,2,3,3,0
1,frontcatalog,250,76,recommendationservice,server,168,2,2,2,0
1,frontcatalog,250,76,redis-cart,-,,1,1,1,0
1,frontcatalog,250,76,shippingservice,server,62,3,3,3,0
1,frontcatalog,250,91,adservice,server,71,2,2,2,0
1,frontcatalog,250,91,cartservice,server,54,3,3,3,0
1,frontcatalog,250,91,checkoutservice,checkout,59,3,3,3,0
1,frontcatalog,250,91,currencyservice,server,61,3,3,3,0
1,frontcatalog,250,91,emailservice,email,67,3,3,3,0
1,frontcatalog,250,91,frontend,productcatalog,80,3,3,3,0
1,frontcatalog,250,91,frontend,server,88,3,3,3,0
1,frontcatalog,250,91,paymentservice,payment,98,3,3,3,0
1,frontcatalog,250,91,recommendationservice,server,172,2,3,2,0
1,frontcatalog,250,91,redis-cart,-,,1,1,1,0
1,frontcatalog,250,91,shippingservice,server,58,3,3,3,0
1,frontcatalog,250,106,adservice,server,88,2,2,2,0
1,frontcatalog,250,106,cartservice,server,57,3,3,3,0
1,frontcatalog,250,106,checkoutservice,checkout,57,3,3,3,0
1,frontcatalog,250,106,currencyservice,server,61,3,3,3,0
1,frontcatalog,250,106,emailservice,email,67,3,3,3,0
1,frontcatalog,250,106,frontend,productcatalog,79,3,3,3,0
1,frontcatalog,250,106,frontend,server,84,3,3,3,0
1,frontcatalog,250,106,paymentservice,payment,95,3,3,3,0
1,frontcatalog,250,106,recommendationservice,server,86,3,3,2,0
1,frontcatalog,250,106,redis-cart,-,,1,1,1,0
1,frontcatalog,250,106,shippingservice,server,58,3,3,3,0
1,frontcatalog,250,122,adservice,server,115,2,3,2,0
1,frontcatalog,250,122,cartservice,server,55,3,3,3,0
1,frontcatalog,250,122,checkoutservice,checkout,58,3,3,3,0
1,frontcatalog,250,122,currencyservice,server,60,3,3,3,0
1,frontcatalog,250,122,emailservice,email,68,3,3,3,0
1,frontcatalog,250,122,frontend,productcatalog,55,3,3,3,0
1,frontcatalog,250,122,frontend,server,59,3,3,3,0
1,frontcatalog,250,122,paymentservice,payment,63,3,3,3,0
1,frontcatalog,250,122,recommendationservice,server,57,3,3,2,0
1,frontcatalog,250,122,redis-cart,-,,1,1,1,0
1,frontcatalog,250,122,shippingservice,server,60,3,3,3,0
1,frontcatalog,250,137,adservice,server,123,3,4,2,0
1,frontcatalog,250,137,cartservice,server,60,3,3,3,0
1,frontcatalog,250,137,checkoutservice,checkout,57,3,3,3,0
1,frontcatalog,250,137,currencyservice,server,61,3,3,3,0
1,frontcatalog,250,137,emailservice,email,66,3,3,3,0
1,frontcatalog,250,137,frontend,productcatalog,54,3,3,3,0
1,frontcatalog,250,137,frontend,server,60,3,3,3,0
1,frontcatalog,250,137,paymentservice,payment,58,3,3,3,0
1,frontcatalog,250,137,recommendationservice,server,57,3,3,2,0
1,frontcatalog,250,137,redis-cart,-,,1,1,1,0
1,frontcatalog,250,137,shippingservice,server,55,3,3,3,0
1,frontcatalog,250,152,adservice,server,139,4,4,3,0
1,frontcatalog,250,152,cartservice,server,54,3,3,3,0
1,frontcatalog,250,152,checkoutservice,checkout,58,3,3,3,0
1,frontcatalog,250,152,currencyservice,server,59,3,3,3,0
1,frontcatalog,250,152,emailservice,email,66,3,3,3,0
1,frontcatalog,250,152,frontend,productcatalog,54,3,3,3,0
1,frontcatalog,250,152,frontend,server,57,3,3,3,0
1,frontcatalog,250,152,paymentservice,payment,66,3,3,3,0
1,frontcatalog,250,152,recommendationservice,server,57,3,3,2,0
1,frontcatalog,250,152,redis-cart,-,,1,1,1,0
1,frontcatalog,250,152,shippingservice,server,59,3,3,3,0
1,frontcatalog,250,167,adservice,server,136,4,4,4,0
1,frontcatalog,250,167,cartservice,server,56,3,3,3,0
1,frontcatalog,250,167,checkoutservice,checkout,57,3,3,3,0
1,frontcatalog,250,167,currencyservice,server,60,3,3,3,0
1,frontcatalog,250,167,emailservice,email,65,3,3,3,0
1,frontcatalog,250,167,frontend,productcatalog,54,3,3,3,0
1,frontcatalog,250,167,frontend,server,60,3,3,3,0
1,frontcatalog,250,167,paymentservice,payment,59,3,3,3,0
1,frontcatalog,250,167,recommendationservice,server,57,3,3,2,0
1,frontcatalog,250,167,redis-cart,-,,1,1,1,0
1,frontcatalog,250,167,shippingservice,server,57,3,3,3,0
1,frontcatalog,250,183,adservice,server,108,4,4,4,0
1,frontcatalog,250,183,cartservice,server,49,3,3,3,0
1,frontcatalog,250,183,checkoutservice,checkout,57,3,3,3,0
1,frontcatalog,250,183,currencyservice,server,59,3,3,3,0
1,frontcatalog,250,183,emailservice,email,66,3,3,3,0
1,frontcatalog,250,183,frontend,productcatalog,55,3,3,3,0
1,frontcatalog,250,183,frontend,server,59,3,3,3,0
1,frontcatalog,250,183,paymentservice,payment,59,3,3,3,0
1,frontcatalog,250,183,recommendationservice,server,57,3,3,3,0
1,frontcatalog,250,183,redis-cart,-,,1,1,1,0
1,frontcatalog,250,183,shippingservice,server,54,3,3,3,0
1,frontcatalog,250,198,adservice,server,140,4,4,4,0
1,frontcatalog,250,198,cartservice,server,53,3,3,3,0
1,frontcatalog,250,198,checkoutservice,checkout,57,3,3,3,0
1,frontcatalog,250,198,currencyservice,server,60,3,3,3,0
1,frontcatalog,250,198,emailservice,email,65,3,3,3,0
1,frontcatalog,250,198,frontend,productcatalog,55,3,3,3,0
1,frontcatalog,250,198,frontend,server,59,3,3,3,0
1,frontcatalog,250,198,paymentservice,payment,57,3,3,3,0
1,frontcatalog,250,198,recommendationservice,server,0,3,3,2,0
1,frontcatalog,250,198,redis-cart,-,,1,1,1,0
1,frontcatalog,250,198,shippingservice,server,57,3,3,3,0
1,frontcatalog,250,213,adservice,server,81,4,4,4,0
1,frontcatalog,250,213,cartservice,server,50,3,3,3,0
1,frontcatalog,250,213,checkoutservice,checkout,57,3,3,3,0
1,frontcatalog,250,213,currencyservice,server,60,3,3,3,0
1,frontcatalog,250,213,emailservice,email,68,3,3,3,0
1,frontcatalog,250,213,frontend,productcatalog,56,3,3,3,0
1,frontcatalog,250,213,frontend,server,62,3,3,3,0
1,frontcatalog,250,213,paymentservice,payment,56,3,3,3,0
1,frontcatalog,250,213,recommendationservice,server,5,3,3,2,0
1,frontcatalog,250,213,redis-cart,-,,1,1,1,0
1,frontcatalog,250,213,shippingservice,server,53,3,3,3,0
1,frontcatalog,250,228,adservice,server,57,4,4,4,0
1,frontcatalog,250,228,cartservice,server,63,3,3,3,0
1,frontcatalog,250,228,checkoutservice,checkout,56,3,3,3,0
1,frontcatalog,250,228,currencyservice,server,60,3,3,3,0
1,frontcatalog,250,228,emailservice,email,67,3,3,3,0
1,frontcatalog,250,228,frontend,productcatalog,54,3,3,3,0
1,frontcatalog,250,228,frontend,server,59,3,3,3,0
1,frontcatalog,250,228,paymentservice,payment,59,3,3,3,0
1,frontcatalog,250,228,recommendationservice,server,0,3,3,2,0
1,frontcatalog,250,228,redis-cart,-,,1,1,1,0
1,frontcatalog,250,228,shippingservice,server,53,3,3,3,0
1,frontcatalog,250,244,adservice,server,55,4,4,4,0
1,frontcatalog,250,244,cartservice,server,71,3,3,3,0
1,frontcatalog,250,244,checkoutservice,checkout,60,3,3,3,0
1,frontcatalog,250,244,currencyservice,server,61,3,3,3,0
1,frontcatalog,250,244,emailservice,email,69,3,3,3,0
1,frontcatalog,250,244,frontend,productcatalog,54,3,3,3,0
1,frontcatalog,250,244,frontend,server,60,3,3,3,0
1,frontcatalog,250,244,paymentservice,payment,67,3,3,3,0
1,frontcatalog,250,244,recommendationservice,server,0,3,2,2,0
1,frontcatalog,250,244,redis-cart,-,,1,1,1,0
1,frontcatalog,250,244,shippingservice,server,59,3,3,3,0
1,frontcatalog,250,259,adservice,server,54,4,4,4,0
1,frontcatalog,250,259,cartservice,server,54,3,3,3,0
1,frontcatalog,250,259,checkoutservice,checkout,57,3,3,3,0
1,frontcatalog,250,259,currencyservice,server,59,3,3,3,0
1,frontcatalog,250,259,emailservice,email,64,3,3,3,0
1,frontcatalog,250,259,frontend,productcatalog,54,3,3,3,0
1,frontcatalog,250,259,frontend,server,60,3,3,3,0
1,frontcatalog,250,259,paymentservice,payment,60,3,3,3,0
1,frontcatalog,250,259,recommendationservice,server,0,2,1,1,0
1,frontcatalog,250,259,redis-cart,-,,1,1,1,0
1,frontcatalog,250,259,shippingservice,server,59,3,3,3,0
1,frontcatalog,250,274,adservice,server,49,4,4,4,0
1,frontcatalog,250,274,cartservice,server,53,3,3,3,0
1,frontcatalog,250,274,checkoutservice,checkout,57,3,3,3,0
1,frontcatalog,250,274,currencyservice,server,65,3,3,3,0
1,frontcatalog,250,274,emailservice,email,92,3,3,3,0
1,frontcatalog,250,274,frontend,productcatalog,59,3,3,3,0
1,frontcatalog,250,274,frontend,server,63,3,3,3,0
1,frontcatalog,250,274,paymentservice,payment,69,3,3,3,0
1,frontcatalog,250,274,recommendationservice,server,0,1,1,1,0
1,frontcatalog,250,274,redis-cart,-,,1,1,1,0
1,frontcatalog,250,274,shippingservice,server,61,3,3,3,0
1,frontcatalog,250,289,adservice,server,49,4,4,4,0
1,frontcatalog,250,289,cartservice,server,65,3,3,3,0
1,frontcatalog,250,289,checkoutservice,checkout,68,3,3,3,0
1,frontcatalog,250,289,currencyservice,server,67,3,3,3,0
1,frontcatalog,250,289,emailservice,email,81,3,4,3,0
1,frontcatalog,250,289,frontend,productcatalog,66,3,3,3,0
1,frontcatalog,250,289,frontend,server,70,3,3,3,0
1,frontcatalog,250,289,paymentservice,payment,69,3,3,3,0
1,frontcatalog,250,289,recommendationservice,server,148,1,1,1,0
1,frontcatalog,250,289,redis-cart,-,,1,1,1,0
1,frontcatalog,250,289,shippingservice,server,66,3,3,3,0
1,frontcatalog,250,305,adservice,server,44,4,4,4,0
1,frontcatalog,250,305,cartservice,server,56,3,3,3,0
1,frontcatalog,250,305,checkoutservice,checkout,60,3,3,3,0
1,frontcatalog,250,305,currencyservice,server,61,3,3,3,0
1,frontcatalog,250,305,emailservice,email,64,4,4,4,0
1,frontcatalog,250,305,frontend,productcatalog,58,3,3,3,0
1,frontcatalog,250,305,frontend,server,60,3,3,3,0
1,frontcatalog,250,305,paymentservice,payment,73,3,3,3,0
1,frontcatalog,250,305,recommendationservice,-,,1,1,0,0
1,frontcatalog,250,305,redis-cart,-,,1,1,1,0
1,frontcatalog,250,305,shippingservice,server,56,3,3,3,0
1,frontcatalog,250,320,adservice,server,40,4,3,3,0
1,frontcatalog,250,320,cartservice,server,59,3,3,3,0
1,frontcatalog,250,320,checkoutservice,checkout,58,3,3,3,0
1,frontcatalog,250,320,currencyservice,server,61,3,3,3,0
1,frontcatalog,250,320,emailservice,email,64,4,4,4,0
1,frontcatalog,250,320,frontend,productcatalog,56,3,3,3,0
1,frontcatalog,250,320,frontend,server,61,3,3,3,0
1,frontcatalog,250,320,paymentservice,payment,61,3,3,3,0
1,frontcatalog,250,320,recommendationservice,-,,1,1,0,0
1,frontcatalog,250,320,redis-cart,-,,1,1,1,0
1,frontcatalog,250,320,shippingservice,server,57,3,3,3,0
1,frontcatalog,250,335,adservice,server,66,3,3,3,0
1,frontcatalog,250,335,cartservice,server,57,3,3,3,0
1,frontcatalog,250,335,checkoutservice,checkout,57,3,3,3,0
1,frontcatalog,250,335,currencyservice,server,60,3,3,3,0
1,frontcatalog,250,335,emailservice,email,49,4,4,4,0
1,frontcatalog,250,335,frontend,productcatalog,55,3,3,3,0
1,frontcatalog,250,335,frontend,server,61,3,3,3,0
1,frontcatalog,250,335,paymentservice,payment,61,3,3,3,0
1,frontcatalog,250,335,recommendationservice,-,,1,1,0,0
1,frontcatalog,250,335,redis-cart,-,,1,1,1,0
1,frontcatalog,250,335,shippingservice,server,57,3,3,3,0
1,frontcatalog,250,350,adservice,server,49,3,3,3,0
1,frontcatalog,250,350,cartservice,server,57,3,3,3,0
1,frontcatalog,250,350,checkoutservice,checkout,55,3,3,3,0
1,frontcatalog,250,350,currencyservice,server,59,3,3,3,0
1,frontcatalog,250,350,emailservice,email,50,4,4,4,0
1,frontcatalog,250,350,frontend,productcatalog,56,3,3,3,0
1,frontcatalog,250,350,frontend,server,60,3,3,3,0
1,frontcatalog,250,350,paymentservice,payment,59,3,3,3,0
1,frontcatalog,250,350,recommendationservice,-,,1,1,1,0
1,frontcatalog,250,350,redis-cart,-,,1,1,1,0
1,frontcatalog,250,350,shippingservice,server,55,3,3,3,0
1,frontcatalog,300,0,adservice,server,38,3,3,3,0
1,frontcatalog,300,0,cartservice,server,49,3,3,3,0
1,frontcatalog,300,0,checkoutservice,checkout,56,3,3,3,0
1,frontcatalog,300,0,currencyservice,server,50,3,3,3,0
1,frontcatalog,300,0,emailservice,email,40,4,4,4,0
1,frontcatalog,300,0,frontend,productcatalog,47,3,3,3,0
1,frontcatalog,300,0,frontend,server,52,3,3,3,0
1,frontcatalog,300,0,paymentservice,payment,62,3,3,3,0
1,frontcatalog,300,0,recommendationservice,server,57,1,1,1,0
1,frontcatalog,300,0,redis-cart,-,,1,1,1,0
1,frontcatalog,300,0,shippingservice,server,40,3,3,3,0
1,frontcatalog,300,15,adservice,server,7,3,3,3,0
1,frontcatalog,300,15,cartservice,server,0,3,3,3,0
1,frontcatalog,300,15,checkoutservice,checkout,14,3,3,3,0
1,frontcatalog,300,15,currencyservice,server,0,3,3,3,0
1,frontcatalog,300,15,emailservice,email,11,4,3,3,0
1,frontcatalog,300,15,frontend,productcatalog,0,3,3,3,0
1,frontcatalog,300,15,frontend,server,19,3,3,3,0
1,frontcatalog,300,15,paymentservice,payment,6,3,3,3,0
1,frontcatalog,300,15,recommendationservice,server,57,1,1,1,0
1,frontcatalog,300,15,redis-cart,-,,1,1,1,0
1,frontcatalog,300,15,shippingservice,server,34,3,3,3,0
1,frontcatalog,300,30,adservice,server,9,3,3,3,0
1,frontcatalog,300,30,cartservice,server,0,3,3,3,0
1,frontcatalog,300,30,checkoutservice,checkout,0,3,3,3,0
1,frontcatalog,300,30,currencyservice,server,1,3,3,3,0
1,frontcatalog,300,30,emailservice,email,3,3,3,3,0
1,frontcatalog,300,30,frontend,productcatalog,0,3,3,3,0
1,frontcatalog,300,30,frontend,server,8,3,3,3,0
1,frontcatalog,300,30,paymentservice,payment,1,3,3,3,0
1,frontcatalog,300,30,recommendationservice,server,27,1,1,0,0
1,frontcatalog,300,30,redis-cart,-,,1,1,1,0
1,frontcatalog,300,30,shippingservice,server,4,3,3,3,0
1,frontcatalog,300,46,adservice,server,54,3,3,3,0
1,frontcatalog,300,46,cartservice,server,54,3,3,3,0
1,frontcatalog,300,46,checkoutservice,checkout,39,3,3,3,0
1,frontcatalog,300,46,currencyservice,server,51,3,3,3,0
1,frontcatalog,300,46,emailservice,email,59,3,3,3,0
1,frontcatalog,300,46,frontend,productcatalog,43,3,3,3,0
1,frontcatalog,300,46,frontend,server,37,3,3,3,0
1,frontcatalog,300,46,paymentservice,payment,84,3,3,3,0
1,frontcatalog,300,46,recommendationservice,server,27,1,1,0,0
1,frontcatalog,300,46,redis-cart,-,,1,1,1,0
1,frontcatalog,300,46,shippingservice,server,60,3,3,3,0
1,frontcatalog,300,61,adservice,server,63,3,3,3,0
1,frontcatalog,300,61,cartservice,server,58,3,3,3,0
1,frontcatalog,300,61,checkoutservice,checkout,60,3,3,3,0
1,frontcatalog,300,61,currencyservice,server,62,3,3,3,0
1,frontcatalog,300,61,emailservice,email,68,3,3,3,0
1,frontcatalog,300,61,frontend,productcatalog,55,3,3,3,0
1,frontcatalog,300,61,frontend,server,61,3,3,3,0
1,frontcatalog,300,61,paymentservice,payment,68,3,3,3,0
1,frontcatalog,300,61,recommendationservice,server,172,1,1,0,0
1,frontcatalog,300,61,redis-cart,-,,1,1,1,0
1,frontcatalog,300,61,shippingservice,server,58,3,3,3,0
1,frontcatalog,300,76,adservice,server,54,3,3,3,0
1,frontcatalog,300,76,cartservice,server,54,3,3,3,0
1,frontcatalog,300,76,checkoutservice,checkout,57,3,3,3,0
1,frontcatalog,300,76,currencyservice,server,61,3,3,3,0
1,frontcatalog,300,76,emailservice,email,66,3,3,3,0
1,frontcatalog,300,76,frontend,productcatalog,55,3,3,3,0
1,frontcatalog,300,76,frontend,server,61,3,3,3,0
1,frontcatalog,300,76,paymentservice,payment,62,3,3,3,0
1,frontcatalog,300,76,recommendationservice,server,172,1,3,2,0
1,frontcatalog,300,76,redis-cart,-,,1,1,1,0
1,frontcatalog,300,76,shippingservice,server,57,3,3,3,0
1,frontcatalog,300,91,adservice,server,55,3,3,3,0
1,frontcatalog,300,91,cartservice,server,54,3,3,3,0
1,frontcatalog,300,91,checkoutservice,checkout,58,3,3,3,0
1,frontcatalog,300,91,currencyservice,server,61,3,3,3,0
1,frontcatalog,300,91,emailservice,email,63,3,3,3,0
1,frontcatalog,300,91,frontend,productcatalog,55,3,3,3,0
1,frontcatalog,300,91,frontend,server,61,3,3,3,0
1,frontcatalog,300,91,paymentservice,payment,61,3,3,3,0
1,frontcatalog,300,91,recommendationservice,server,172,3,3,3,0
1,frontcatalog,300,91,redis-cart,-,,1,1,1,0
1,frontcatalog,300,91,shippingservice,server,54,3,3,3,0
1,frontcatalog,300,106,adservice,server,51,3,3,3,0
1,frontcatalog,300,106,cartservice,server,59,3,3,3,0
1,frontcatalog,300,106,checkoutservice,checkout,56,3,3,3,0
1,frontcatalog,300,106,currencyservice,server,60,3,3,3,0
1,frontcatalog,300,106,emailservice,email,66,3,3,3,0
1,frontcatalog,300,106,frontend,productcatalog,54,3,3,3,0
1,frontcatalog,300,106,frontend,server,61,3,3,3,0
1,frontcatalog,300,106,paymentservice,payment,59,3,3,3,0
1,frontcatalog,300,106,recommendationservice,server,171,3,3,2,0
1,frontcatalog,300,106,redis-cart,-,,1,1,1,0
1,frontcatalog,300,106,shippingservice,server,59,3,3,3,0
1,frontcatalog,300,122,adservice,server,54,3,3,3,0
1,frontcatalog,300,122,cartservice,server,58,3,3,3,0
1,frontcatalog,300,122,checkoutservice,checkout,57,3,3,3,0
1,frontcatalog,300,122,currencyservice,server,62,3,3,3,0
1,frontcatalog,300,122,emailservice,email,63,3,3,3,0
1,frontcatalog,300,122,frontend,productcatalog,53,3,3,3,0
1,frontcatalog,300,122,frontend,server,62,3,3,3,0
1,frontcatalog,300,122,paymentservice,payment,55,3,3,3,0
1,frontcatalog,300,122,recommendationservice,server,4,3,3,2,0
1,frontcatalog,300,122,redis-cart,-,,1,1,1,0
1,frontcatalog,300,122,shippingservice,server,54,3,3,3,0
1,frontcatalog,300,137,adservice,server,54,3,3,3,0
1,frontcatalog,300,137,cartservice,server,45,3,3,3,0
1,frontcatalog,300,137,checkoutservice,checkout,46,3,3,3,0
1,frontcatalog,300,137,currencyservice,server,60,3,3,3,0
1,frontcatalog,300,137,emailservice,email,71,3,3,3,0
1,frontcatalog,300,137,frontend,productcatalog,53,3,3,3,0
1,frontcatalog,300,137,frontend,server,63,3,3,3,0
1,frontcatalog,300,137,paymentservice,payment,52,3,3,3,0
1,frontcatalog,300,137,recommendationservice,server,2,3,3,2,0
1,frontcatalog,300,137,redis-cart,-,,1,1,1,0
1,frontcatalog,300,137,shippingservice,server,47,3,3,3,0
1,frontcatalog,300,152,adservice,server,54,3,3,3,0
1,frontcatalog,300,152,cartservice,server,59,3,3,3,0
1,frontcatalog,300,152,checkoutservice,checkout,63,3,3,3,0
1,frontcatalog,300,152,currencyservice,server,58,3,3,3,0
1,frontcatalog,300,152,emailservice,email,65,3,3,3,0
1,frontcatalog,300,152,frontend,productcatalog,56,3,3,3,0
1,frontcatalog,300,152,frontend,server,59,3,3,3,0
1,frontcatalog,300,152,paymentservice,payment,65,3,3,3,0
1,frontcatalog,300,152,recommendationservice,server,0,3,3,2,0
1,frontcatalog,300,152,redis-cart,-,,1,1,1,0
1,frontcatalog,300,152,shippingservice,server,59,3,3,3,0
1,frontcatalog,300,167,adservice,server,45,3,3,3,0
1,frontcatalog,300,167,cartservice,server,54,3,3,3,0
1,frontcatalog,300,167,checkoutservice,checkout,58,3,3,3,0
1,frontcatalog,300,167,currencyservice,server,60,3,3,3,0
1,frontcatalog,300,167,emailservice,email,68,3,3,3,0
1,frontcatalog,300,167,frontend,productcatalog,54,3,3,3,0
1,frontcatalog,300,167,frontend,server,59,3,3,3,0
1,frontcatalog,300,167,paymentservice,payment,65,3,3,3,0
1,frontcatalog,300,167,recommendationservice,server,0,3,1,1,0
1,frontcatalog,300,167,redis-cart,-,,1,1,1,0
1,frontcatalog,300,167,shippingservice,server,58,3,3,3,0
1,frontcatalog,300,183,adservice,server,47,3,3,3,0
1,frontcatalog,300,183,cartservice,server,51,3,3,3,0
1,frontcatalog,300,183,checkoutservice,checkout,57,3,3,3,0
1,frontcatalog,300,183,currencyservice,server,62,3,3,3,0
1,frontcatalog,300,183,emailservice,email,70,3,3,3,0
1,frontcatalog,300,183,frontend,productcatalog,56,3,3,3,0
1,frontcatalog,300,183,frontend,server,61,3,3,3,0
1,frontcatalog,300,183,paymentservice,payment,63,3,3,3,0
1,frontcatalog,300,183,recommendationservice,server,0,1,1,0,0
1,frontcatalog,300,183,redis-cart,-,,1,1,1,0
1,frontcatalog,300,183,shippingservice,server,58,3,3,3,0
1,frontcatalog,300,198,adservice,server,48,3,3,3,0
1,frontcatalog,300,198,cartservice,server,56,3,3,3,0
1,frontcatalog,300,198,checkoutservice,checkout,55,3,3,3,0
1,frontcatalog,300,198,currencyservice,server,60,3,3,3,0
1,frontcatalog,300,198,emailservice,email,70,3,3,3,0
1,frontcatalog,300,198,frontend,productcatalog,54,3,3,3,0
1,frontcatalog,300,198,frontend,server,60,3,3,3,0
1,frontcatalog,300,198,paymentservice,payment,53,3,3,3,0
1,frontcatalog,300,198,recommendationservice,-,,1,1,0,0
1,frontcatalog,300,198,redis-cart,-,,1,1,1,0
1,frontcatalog,300,198,shippingservice,server,60,3,3,3,0
1,frontcatalog,300,213,adservice,server,48,3,3,3,0
1,frontcatalog,300,213,cartservice,server,50,3,3,3,0
1,frontcatalog,300,213,checkoutservice,checkout,53,3,3,3,0
1,frontcatalog,300,213,currencyservice,server,60,3,3,3,0
1,frontcatalog,300,213,emailservice,email,63,3,3,3,0
1,frontcatalog,300,213,frontend,productcatalog,55,3,3,3,0
1,frontcatalog,300,213,frontend,server,59,3,3,3,0
1,frontcatalog,300,213,paymentservice,payment,59,3,3,3,0
1,frontcatalog,300,213,recommendationservice,-,,1,1,0,0
1,frontcatalog,300,213,redis-cart,-,,1,1,1,0
1,frontcatalog,300,213,shippingservice,server,52,3,3,3,0
1,frontcatalog,300,228,adservice,server,47,3,3,3,0
1,frontcatalog,300,228,cartservice,server,56,3,3,3,0
1,frontcatalog,300,228,checkoutservice,checkout,60,3,3,3,0
1,frontcatalog,300,228,currencyservice,server,59,3,3,3,0
1,frontcatalog,300,228,emailservice,email,69,3,3,3,0
1,frontcatalog,300,228,frontend,productcatalog,53,3,3,3,0
1,frontcatalog,300,228,frontend,server,62,3,3,3,0
1,frontcatalog,300,228,paymentservice,payment,66,3,3,3,0
1,frontcatalog,300,228,recommendationservice,-,,1,1,0,0
1,frontcatalog,300,228,redis-cart,-,,1,1,1,0
1,frontcatalog,300,228,shippingservice,server,54,3,3,3,0
1,frontcatalog,300,244,adservice,server,46,3,3,3,0
1,frontcatalog,300,244,cartservice,server,52,3,3,3,0
1,frontcatalog,300,244,checkoutservice,checkout,48,3,3,3,0
1,frontcatalog,300,244,currencyservice,server,58,3,3,3,0
1,frontcatalog,300,244,emailservice,email,67,3,3,3,0
1,frontcatalog,300,244,frontend,productcatalog,55,3,3,3,0
1,frontcatalog,300,244,frontend,server,57,3,3,3,0
1,frontcatalog,300,244,paymentservice,payment,56,3,3,3,0
1,frontcatalog,300,244,recommendationservice,-,,1,1,0,0
1,frontcatalog,300,244,redis-cart,-,,1,1,1,0
1,frontcatalog,300,244,shippingservice,server,57,3,3,3,0
1,frontcatalog,300,259,adservice,server,47,3,3,3,0
1,frontcatalog,300,259,cartservice,server,52,3,3,3,0
1,frontcatalog,300,259,checkoutservice,checkout,65,3,3,3,0
1,frontcatalog,300,259,currencyservice,server,59,3,3,3,0
1,frontcatalog,300,259,emailservice,email,62,3,3,3,0
1,frontcatalog,300,259,frontend,productcatalog,54,3,3,3,0
1,frontcatalog,300,259,frontend,server,59,3,3,3,0
1,frontcatalog,300,259,paymentservice,payment,59,3,3,3,0
1,frontcatalog,300,259,recommendationservice,-,,1,1,1,0
1,frontcatalog,300,259,redis-cart,-,,1,1,1,0
1,frontcatalog,300,259,shippingservice,server,52,3,3,3,0
1,frontcatalog,300,274,adservice,server,47,3,3,3,0
1,frontcatalog,300,274,cartservice,server,57,3,3,3,0
1,frontcatalog,300,274,checkoutservice,checkout,60,3,3,3,0
1,frontcatalog,300,274,currencyservice,server,60,3,3,3,0
1,frontcatalog,300,274,emailservice,email,73,3,3,3,0
1,frontcatalog,300,274,frontend,productcatalog,55,3,3,3,0
1,frontcatalog,300,274,frontend,server,60,3,3,3,0
1,frontcatalog,300,274,paymentservice,payment,61,3,3,3,0
1,frontcatalog,300,274,recommendationservice,-,,1,1,0,0
1,frontcatalog,300,274,redis-cart,-,,1,1,1,0
1,frontcatalog,300,274,shippingservice,server,62,3,3,3,0
1,frontcatalog,300,289,adservice,server,62,3,3,3,0
1,frontcatalog,300,289,cartservice,server,57,3,3,3,0
1,frontcatalog,300,289,checkoutservice,checkout,47,3,3,3,0
1,frontcatalog,300,289,currencyservice,server,65,3,3,3,0
1,frontcatalog,300,289,emailservice,email,68,3,3,3,0
1,frontcatalog,300,289,frontend,productcatalog,51,3,3,3,0
1,frontcatalog,300,289,frontend,server,61,3,3,3,0
1,frontcatalog,300,289,paymentservice,payment,59,3,3,3,0
1,frontcatalog,300,289,recommendationservice,-,,1,1,0,0
1,frontcatalog,300,289,redis-cart,-,,1,1,1,0
1,frontcatalog,300,289,shippingservice,server,47,3,3,3,0
1,frontcatalog,300,305,adservice,server,46,3,3,3,0
1,frontcatalog,300,305,cartservice,server,60,3,3,3,0
1,frontcatalog,300,305,checkoutservice,checkout,58,3,3,3,0
1,frontcatalog,300,305,currencyservice,server,60,3,3,3,0
1,frontcatalog,300,305,emailservice,email,65,3,3,3,0
1,frontcatalog,300,305,frontend,productcatalog,54,3,3,3,0
1,frontcatalog,300,305,frontend,server,63,3,3,3,0
1,frontcatalog,300,305,paymentservice,payment,61,3,3,3,0
1,frontcatalog,300,305,recommendationservice,-,,1,1,0,0
1,frontcatalog,300,305,redis-cart,-,,1,1,1,0
1,frontcatalog,300,305,shippingservice,server,57,3,3,3,0
1,frontcatalog,300,320,adservice,server,47,3,3,3,0
1,frontcatalog,300,320,cartservice,server,55,3,3,3,0
1,frontcatalog,300,320,checkoutservice,checkout,56,3,3,3,0
1,frontcatalog,300,320,currencyservice,server,59,3,3,3,0
1,frontcatalog,300,320,emailservice,email,66,3,3,3,0
1,frontcatalog,300,320,frontend,productcatalog,57,3,3,3,0
1,frontcatalog,300,320,frontend,server,60,3,3,3,0
1,frontcatalog,300,320,paymentservice,payment,61,3,3,3,0
1,frontcatalog,300,320,recommendationservice,-,,1,1,0,0
1,frontcatalog,300,320,redis-cart,-,,1,1,1,0
1,frontcatalog,300,320,shippingservice,server,57,3,3,3,0
1,frontcatalog,300,335,adservice,server,47,3,3,3,0
1,frontcatalog,300,335,cartservice,server,58,3,3,3,0
1,frontcatalog,300,335,checkoutservice,checkout,57,3,3,3,0
1,frontcatalog,300,335,currencyservice,server,60,3,3,3,0
1,frontcatalog,300,335,emailservice,email,64,3,3,3,0
1,frontcatalog,300,335,frontend,productcatalog,54,3,3,3,0
1,frontcatalog,300,335,frontend,server,59,3,3,3,0
1,frontcatalog,300,335,paymentservice,payment,61,3,3,3,0
1,frontcatalog,300,335,recommendationservice,-,,1,1,0,0
1,frontcatalog,300,335,redis-cart,-,,1,1,1,0
1,frontcatalog,300,335,shippingservice,server,58,3,3,3,0
1,frontcatalog,300,350,adservice,server,48,3,3,3,0
1,frontcatalog,300,350,cartservice,server,49,3,3,3,0
1,frontcatalog,300,350,checkoutservice,checkout,55,3,3,3,0
1,frontcatalog,300,350,currencyservice,server,57,3,3,3,0
1,frontcatalog,300,350,emailservice,email,66,3,3,3,0
1,frontcatalog,300,350,frontend,productcatalog,55,3,3,3,0
1,frontcatalog,300,350,frontend,server,58,3,3,3,0
1,frontcatalog,300,350,paymentservice,payment,61,3,3,3,0
1,frontcatalog,300,350,recommendationservice,-,,1,1,1,0
1,frontcatalog,300,350,redis-cart,-,,1,1,1,0
1,frontcatalog,300,350,shippingservice,server,58,3,3,3,0
1,frontreco,150,0,adservice,server,7,2,2,2,0
1,frontreco,150,0,cartservice,server,1,2,2,2,0
1,frontreco,150,0,checkoutservice,checkout,0,2,2,2,0
1,frontreco,150,0,currencyservice,server,0,2,2,2,0
1,frontreco,150,0,emailservice,email,2,2,2,2,0
1,frontreco,150,0,frontend,-,,,0,2,0
1,frontreco,150,0,paymentservice,-,,,0,2,0
1,frontreco,150,0,productcatalogservice,-,,,0,2,0
1,frontreco,150,0,redis-cart,-,,1,1,1,0
1,frontreco,150,0,shippingservice,-,,,0,2,0
1,frontreco,150,15,adservice,server,2,2,2,2,0
1,frontreco,150,15,cartservice,server,1,2,2,2,0
1,frontreco,150,15,checkoutservice,checkout,0,2,2,2,0
1,frontreco,150,15,currencyservice,server,43,2,2,2,0
1,frontreco,150,15,emailservice,email,27,2,2,2,0
1,frontreco,150,15,frontend,recommendation,0,2,2,2,0
1,frontreco,150,15,frontend,server,0,2,2,2,0
1,frontreco,150,15,paymentservice,payment,1,2,2,2,0
1,frontreco,150,15,productcatalogservice,server,0,2,2,2,0
1,frontreco,150,15,redis-cart,-,,1,1,1,0
1,frontreco,150,15,shippingservice,server,0,2,2,2,0
1,frontreco,150,30,adservice,server,450,2,2,2,0
1,frontreco,150,30,cartservice,server,70,2,2,2,0
1,frontreco,150,30,checkoutservice,checkout,12,2,2,2,0
1,frontreco,150,30,currencyservice,server,71,2,2,2,0
1,frontreco,150,30,emailservice,email,76,2,2,2,0
1,frontreco,150,30,frontend,recommendation,64,2,2,2,0
1,frontreco,150,30,frontend,server,61,2,2,2,0
1,frontreco,150,30,paymentservice,payment,48,2,2,2,0
1,frontreco,150,30,productcatalogservice,server,32,2,2,2,0
1,frontreco,150,30,redis-cart,-,,1,1,1,0
1,frontreco,150,30,shippingservice,server,51,2,2,2,0
1,frontreco,150,46,adservice,server,274,2,6,2,0
1,frontreco,150,46,cartservice,server,68,2,2,2,0
1,frontreco,150,46,checkoutservice,checkout,65,2,2,2,0
1,frontreco,150,46,currencyservice,server,60,2,2,2,0
1,frontreco,150,46,emailservice,email,64,2,2,2,0
1,frontreco,150,46,frontend,recommendation,55,2,2,2,0
1,frontreco,150,46,frontend,server,59,2,2,2,0
1,frontreco,150,46,paymentservice,payment,66,2,2,2,0
1,frontreco,150,46,productcatalogservice,server,61,2,2,2,0
1,frontreco,150,46,redis-cart,-,,1,1,1,0
1,frontreco,150,46,shippingservice,server,63,2,2,2,0
1,frontreco,150,61,adservice,server,160,6,6,2,0
1,frontreco,150,61,cartservice,server,62,2,2,2,0
1,frontreco,150,61,checkoutservice,checkout,61,2,2,2,0
1,frontreco,150,61,currencyservice,server,60,2,2,2,0
1,frontreco,150,61,emailservice,email,65,2,2,2,0
1,frontreco,150,61,frontend,recommendation,56,2,2,2,0
1,frontreco,150,61,frontend,server,57,2,2,2,0
1,frontreco,150,61,paymentservice,payment,66,2,2,2,0
1,frontreco,150,61,productcatalogservice,server,55,2,2,2,0
1,frontreco,150,61,redis-cart,-,,1,1,1,0
1,frontreco,150,61,shippingservice,server,62,2,2,2,0
1,frontreco,150,76,adservice,server,107,6,6,2,0
1,frontreco,150,76,cartservice,server,62,2,2,2,0
1,frontreco,150,76,checkoutservice,checkout,60,2,2,2,0
1,frontreco,150,76,currencyservice,server,58,2,2,2,0
1,frontreco,150,76,emailservice,email,62,2,2,2,0
1,frontreco,150,76,frontend,recommendation,52,2,2,2,0
1,frontreco,150,76,frontend,server,58,2,2,2,0
1,frontreco,150,76,paymentservice,payment,61,2,2,2,0
1,frontreco,150,76,productcatalogservice,server,52,2,2,2,0
1,frontreco,150,76,redis-cart,-,,1,1,1,0
1,frontreco,150,76,shippingservice,server,56,2,2,2,0
1,frontreco,150,91,adservice,server,71,6,6,6,0
1,frontreco,150,91,cartservice,server,65,2,2,2,0
1,frontreco,150,91,checkoutservice,checkout,57,2,2,2,0
1,frontreco,150,91,currencyservice,server,60,2,2,2,0
1,frontreco,150,91,emailservice,email,63,2,2,2,0
1,frontreco,150,91,frontend,recommendation,55,2,2,2,0
1,frontreco,150,91,frontend,server,55,2,2,2,0
1,frontreco,150,91,paymentservice,payment,61,2,2,2,0
1,frontreco,150,91,productcatalogservice,server,55,2,2,2,0
1,frontreco,150,91,redis-cart,-,,1,1,1,0
1,frontreco,150,91,shippingservice,server,61,2,2,2,0
1,frontreco,150,106,adservice,server,65,6,6,6,0
1,frontreco,150,106,cartservice,server,64,2,2,2,0
1,frontreco,150,106,checkoutservice,checkout,60,2,2,2,0
1,frontreco,150,106,currencyservice,server,58,2,2,2,0
1,frontreco,150,106,emailservice,email,64,2,2,2,0
1,frontreco,150,106,frontend,recommendation,53,2,2,2,0
1,frontreco,150,106,frontend,server,56,2,2,2,0
1,frontreco,150,106,paymentservice,payment,65,2,2,2,0
1,frontreco,150,106,productcatalogservice,server,54,2,2,2,0
1,frontreco,150,106,redis-cart,-,,1,1,1,0
1,frontreco,150,106,shippingservice,server,58,2,2,2,0
1,frontreco,150,121,adservice,server,24,6,6,6,0
1,frontreco,150,121,cartservice,server,62,2,2,2,0
1,frontreco,150,121,checkoutservice,checkout,58,2,2,2,0
1,frontreco,150,121,currencyservice,server,58,2,2,2,0
1,frontreco,150,121,emailservice,email,65,2,2,2,0
1,frontreco,150,121,frontend,recommendation,54,2,2,2,0
1,frontreco,150,121,frontend,server,56,2,2,2,0
1,frontreco,150,121,paymentservice,payment,64,2,2,2,0
1,frontreco,150,121,productcatalogservice,server,53,2,2,2,0
1,frontreco,150,121,redis-cart,-,,1,1,1,0
1,frontreco,150,121,shippingservice,server,58,2,2,2,0
1,frontreco,150,137,adservice,server,19,6,6,6,0
1,frontreco,150,137,cartservice,server,61,2,2,2,0
1,frontreco,150,137,checkoutservice,checkout,58,2,2,2,0
1,frontreco,150,137,currencyservice,server,59,2,2,2,0
1,frontreco,150,137,emailservice,email,61,2,2,2,0
1,frontreco,150,137,frontend,recommendation,53,2,2,2,0
1,frontreco,150,137,frontend,server,55,2,2,2,0
1,frontreco,150,137,paymentservice,payment,63,2,2,2,0
1,frontreco,150,137,productcatalogservice,server,52,2,2,2,0
1,frontreco,150,137,redis-cart,-,,1,1,1,0
1,frontreco,150,137,shippingservice,server,58,2,2,2,0
1,frontreco,150,152,adservice,server,17,6,6,6,0
1,frontreco,150,152,cartservice,server,57,2,2,2,0
1,frontreco,150,152,checkoutservice,checkout,59,2,2,2,0
1,frontreco,150,152,currencyservice,server,59,2,2,2,0
1,frontreco,150,152,emailservice,email,64,2,2,2,0
1,frontreco,150,152,frontend,recommendation,53,2,2,2,0
1,frontreco,150,152,frontend,server,58,2,2,2,0
1,frontreco,150,152,paymentservice,payment,63,2,2,2,0
1,frontreco,150,152,productcatalogservice,server,54,2,2,2,0
1,frontreco,150,152,redis-cart,-,,1,1,1,0
1,frontreco,150,152,shippingservice,server,59,2,2,2,0
1,frontreco,150,167,adservice,server,18,6,2,2,0
1,frontreco,150,167,cartservice,server,62,2,2,2,0
1,frontreco,150,167,checkoutservice,checkout,60,2,2,2,0
1,frontreco,150,167,currencyservice,server,59,2,2,2,0
1,frontreco,150,167,emailservice,email,63,2,2,2,0
1,frontreco,150,167,frontend,recommendation,53,2,2,2,0
1,frontreco,150,167,frontend,server,55,2,2,2,0
1,frontreco,150,167,paymentservice,payment,66,2,2,2,0
1,frontreco,150,167,productcatalogservice,server,53,2,2,2,0
1,frontreco,150,167,redis-cart,-,,1,1,1,0
1,frontreco,150,167,shippingservice,server,57,2,2,2,0
1,frontreco,150,182,adservice,server,44,2,2,2,0
1,frontreco,150,182,cartservice,server,59,2,2,2,0
1,frontreco,150,182,checkoutservice,checkout,58,2,2,2,0
1,frontreco,150,182,currencyservice,server,59,2,2,2,0
1,frontreco,150,182,emailservice,email,63,2,2,2,0
1,frontreco,150,182,frontend,recommendation,54,2,2,2,0
1,frontreco,150,182,frontend,server,56,2,2,2,0
1,frontreco,150,182,paymentservice,payment,63,2,2,2,0
1,frontreco,150,182,productcatalogservice,server,53,2,2,2,0
1,frontreco,150,182,redis-cart,-,,1,1,1,0
1,frontreco,150,182,shippingservice,server,58,2,2,2,0
1,frontreco,150,198,adservice,server,44,2,2,2,0
1,frontreco,150,198,cartservice,server,54,2,2,2,0
1,frontreco,150,198,checkoutservice,checkout,57,2,2,2,0
1,frontreco,150,198,currencyservice,server,58,2,2,2,0
1,frontreco,150,198,emailservice,email,62,2,2,2,0
1,frontreco,150,198,frontend,recommendation,53,2,2,2,0
1,frontreco,150,198,frontend,server,55,2,2,2,0
1,frontreco,150,198,paymentservice,payment,63,2,2,2,0
1,frontreco,150,198,productcatalogservice,server,52,2,2,2,0
1,frontreco,150,198,redis-cart,-,,1,1,1,0
1,frontreco,150,198,shippingservice,server,57,2,2,2,0
1,frontreco,150,213,adservice,server,43,2,2,2,0
1,frontreco,150,213,cartservice,server,56,2,2,2,0
1,frontreco,150,213,checkoutservice,checkout,60,2,2,2,0
1,frontreco,150,213,currencyservice,server,59,2,2,2,0
1,frontreco,150,213,emailservice,email,64,2,2,2,0
1,frontreco,150,213,frontend,recommendation,50,2,2,2,0
1,frontreco,150,213,frontend,server,53,2,2,2,0
1,frontreco,150,213,paymentservice,payment,66,2,2,2,0
1,frontreco,150,213,productcatalogservice,server,53,2,2,2,0
1,frontreco,150,213,redis-cart,-,,1,1,1,0
1,frontreco,150,213,shippingservice,server,57,2,2,2,0
1,frontreco,150,228,adservice,server,47,2,2,2,0
1,frontreco,150,228,cartservice,server,53,2,2,2,0
1,frontreco,150,228,checkoutservice,checkout,55,2,2,2,0
1,frontreco,150,228,currencyservice,server,57,2,2,2,0
1,frontreco,150,228,emailservice,email,59,2,2,2,0
1,frontreco,150,228,frontend,recommendation,53,2,2,2,0
1,frontreco,150,228,frontend,server,56,2,2,2,0
1,frontreco,150,228,paymentservice,payment,63,2,2,2,0
1,frontreco,150,228,productcatalogservice,server,48,2,2,2,0
1,frontreco,150,228,redis-cart,-,,1,1,1,0
1,frontreco,150,228,shippingservice,server,56,2,2,2,0
1,frontreco,150,243,adservice,server,46,2,2,2,0
1,frontreco,150,243,cartservice,server,54,2,2,2,0
1,frontreco,150,243,checkoutservice,checkout,60,2,2,2,0
1,frontreco,150,243,currencyservice,server,60,2,2,2,0
1,frontreco,150,243,emailservice,email,61,2,2,2,0
1,frontreco,150,243,frontend,recommendation,52,2,2,2,0
1,frontreco,150,243,frontend,server,55,2,2,2,0
1,frontreco,150,243,paymentservice,payment,64,2,2,2,0
1,frontreco,150,243,productcatalogservice,server,55,2,2,2,0
1,frontreco,150,243,redis-cart,-,,1,1,1,0
1,frontreco,150,243,shippingservice,server,56,2,2,2,0
1,frontreco,150,258,adservice,server,43,2,2,2,0
1,frontreco,150,258,cartservice,server,54,2,2,2,0
1,frontreco,150,258,checkoutservice,checkout,57,2,2,2,0
1,frontreco,150,258,currencyservice,server,58,2,2,2,0
1,frontreco,150,258,emailservice,email,65,2,2,2,0
1,frontreco,150,258,frontend,recommendation,55,2,2,2,0
1,frontreco,150,258,frontend,server,55,2,2,2,0
1,frontreco,150,258,paymentservice,payment,64,2,2,2,0
1,frontreco,150,258,productcatalogservice,server,53,2,2,2,0
1,frontreco,150,258,redis-cart,-,,1,1,1,0
1,frontreco,150,258,shippingservice,server,59,2,2,2,0
1,frontreco,150,273,adservice,server,42,2,2,2,0
1,frontreco,150,273,cartservice,server,59,2,2,2,0
1,frontreco,150,273,checkoutservice,checkout,57,2,2,2,0
1,frontreco,150,273,currencyservice,server,58,2,2,2,0
1,frontreco,150,273,emailservice,email,65,2,2,2,0
1,frontreco,150,273,frontend,recommendation,52,2,2,2,0
1,frontreco,150,273,frontend,server,55,2,2,2,0
1,frontreco,150,273,paymentservice,payment,64,2,2,2,0
1,frontreco,150,273,productcatalogservice,server,53,2,2,2,0
1,frontreco,150,273,redis-cart,-,,1,1,1,0
1,frontreco,150,273,shippingservice,server,58,2,2,2,0
1,frontreco,150,289,adservice,server,44,2,2,2,0
1,frontreco,150,289,cartservice,server,59,2,2,2,0
1,frontreco,150,289,checkoutservice,checkout,58,2,2,2,0
1,frontreco,150,289,currencyservice,server,58,2,2,2,0
1,frontreco,150,289,emailservice,email,64,2,2,2,0
1,frontreco,150,289,frontend,recommendation,54,2,2,2,0
1,frontreco,150,289,frontend,server,53,2,2,2,0
1,frontreco,150,289,paymentservice,payment,62,2,2,2,0
1,frontreco,150,289,productcatalogservice,server,51,2,2,2,0
1,frontreco,150,289,redis-cart,-,,1,1,1,0
1,frontreco,150,289,shippingservice,server,58,2,2,2,0
1,frontreco,150,304,adservice,server,44,2,2,2,0
1,frontreco,150,304,cartservice,server,59,2,2,2,0
1,frontreco,150,304,checkoutservice,checkout,60,2,2,2,0
1,frontreco,150,304,currencyservice,server,58,2,2,2,0
1,frontreco,150,304,emailservice,email,63,2,2,2,0
1,frontreco,150,304,frontend,recommendation,54,2,2,2,0
1,frontreco,150,304,frontend,server,56,2,2,2,0
1,frontreco,150,304,paymentservice,payment,66,2,2,2,0
1,frontreco,150,304,productcatalogservice,server,54,2,2,2,0
1,frontreco,150,304,redis-cart,-,,1,1,1,0
1,frontreco,150,304,shippingservice,server,57,2,2,2,0
1,frontreco,150,319,adservice,server,44,2,2,2,0
1,frontreco,150,319,cartservice,server,59,2,2,2,0
1,frontreco,150,319,checkoutservice,checkout,57,2,2,2,0
1,frontreco,150,319,currencyservice,server,59,2,2,2,0
1,frontreco,150,319,emailservice,email,64,2,2,2,0
1,frontreco,150,319,frontend,recommendation,54,2,2,2,0
1,frontreco,150,319,frontend,server,56,2,2,2,0
1,frontreco,150,319,paymentservice,payment,66,2,2,2,0
1,frontreco,150,319,productcatalogservice,server,50,2,2,2,0
1,frontreco,150,319,redis-cart,-,,1,1,1,0
1,frontreco,150,319,shippingservice,server,58,2,2,2,0
1,frontreco,150,334,adservice,server,48,2,2,2,0
1,frontreco,150,334,cartservice,server,54,2,2,2,0
1,frontreco,150,334,checkoutservice,checkout,57,2,2,2,0
1,frontreco,150,334,currencyservice,server,59,2,2,2,0
1,frontreco,150,334,emailservice,email,63,2,2,2,0
1,frontreco,150,334,frontend,recommendation,53,2,2,2,0
1,frontreco,150,334,frontend,server,56,2,2,2,0
1,frontreco,150,334,paymentservice,payment,63,2,2,2,0
1,frontreco,150,334,productcatalogservice,server,53,2,2,2,0
1,frontreco,150,334,redis-cart,-,,1,1,1,0
1,frontreco,150,334,shippingservice,server,57,2,2,2,0
1,frontreco,150,349,adservice,server,44,2,2,2,0
1,frontreco,150,349,cartservice,server,57,2,2,2,0
1,frontreco,150,349,checkoutservice,checkout,14,2,2,2,0
1,frontreco,150,349,currencyservice,server,13,2,2,2,0
1,frontreco,150,349,emailservice,email,23,2,2,2,0
1,frontreco,150,349,frontend,recommendation,24,2,2,2,0
1,frontreco,150,349,frontend,server,15,2,2,2,0
1,frontreco,150,349,paymentservice,payment,52,2,2,2,0
1,frontreco,150,349,productcatalogservice,server,26,2,2,2,0
1,frontreco,150,349,redis-cart,-,,1,1,1,0
1,frontreco,150,349,shippingservice,server,31,2,2,2,0
1,frontreco,200,0,adservice,server,8,2,2,2,0
1,frontreco,200,0,cartservice,server,12,2,2,2,0
1,frontreco,200,0,checkoutservice,checkout,0,2,2,2,0
1,frontreco,200,0,currencyservice,server,1,2,2,2,0
1,frontreco,200,0,emailservice,email,2,2,2,2,0
1,frontreco,200,0,frontend,recommendation,0,2,2,2,0
1,frontreco,200,0,frontend,server,0,2,2,2,0
1,frontreco,200,0,paymentservice,payment,1,2,2,2,0
1,frontreco,200,0,productcatalogservice,server,0,2,2,2,0
1,frontreco,200,0,redis-cart,-,,1,1,1,0
1,frontreco,200,0,shippingservice,server,0,2,2,2,0
1,frontreco,200,15,adservice,server,5,2,2,2,0
1,frontreco,200,15,cartservice,server,0,2,2,2,0
1,frontreco,200,15,checkoutservice,checkout,15,2,2,2,0
1,frontreco,200,15,currencyservice,server,15,2,2,2,0
1,frontreco,200,15,emailservice,email,2,2,2,2,0
1,frontreco,200,15,frontend,recommendation,11,2,2,2,0
1,frontreco,200,15,frontend,server,13,2,2,2,0
1,frontreco,200,15,paymentservice,payment,1,2,2,2,0
1,frontreco,200,15,productcatalogservice,server,4,2,2,2,0
1,frontreco,200,15,redis-cart,-,,1,1,1,0
1,frontreco,200,15,shippingservice,server,12,2,2,2,0
1,frontreco,200,30,adservice,server,4,2,2,2,0
1,frontreco,200,30,cartservice,server,27,2,2,2,0
1,frontreco,200,30,checkoutservice,checkout,50,2,2,2,0
1,frontreco,200,30,currencyservice,server,69,2,2,2,0
1,frontreco,200,30,emailservice,email,39,2,2,2,0
1,frontreco,200,30,frontend,recommendation,70,2,2,2,0
1,frontreco,200,30,frontend,server,41,2,2,2,0
1,frontreco,200,30,paymentservice,payment,47,2,2,2,0
1,frontreco,200,30,productcatalogservice,server,69,2,2,2,0
1,frontreco,200,30,redis-cart,-,,1,1,1,0
1,frontreco,200,30,shippingservice,server,72,2,2,2,0
1,frontreco,200,45,adservice,server,29,2,1,1,0
1,frontreco,200,45,cartservice,server,91,2,2,2,0
1,frontreco,200,45,checkoutservice,checkout,78,2,2,2,0
1,frontreco,200,45,currencyservice,server,74,2,2,2,0
1,frontreco,200,45,emailservice,email,82,2,2,2,0
1,frontreco,200,45,frontend,recommendation,70,2,2,2,0
1,frontreco,200,45,frontend,server,72,2,2,2,0
1,frontreco,200,45,paymentservice,payment,86,2,2,2,0
1,frontreco,200,45,productcatalogservice,server,69,2,2,2,0
1,frontreco,200,45,redis-cart,-,,1,1,1,0
1,frontreco,200,45,shippingservice,server,76,2,2,2,0
1,frontreco,200,61,adservice,server,111,1,1,1,0
1,frontreco,200,61,cartservice,server,91,2,3,2,0
1,frontreco,200,61,checkoutservice,checkout,78,2,3,3,0
1,frontreco,200,61,currencyservice,server,74,2,2,2,0
1,frontreco,200,61,emailservice,email,83,2,3,3,0
1,frontreco,200,61,frontend,recommendation,70,2,2,2,0
1,frontreco,200,61,frontend,server,73,2,2,2,0
1,frontreco,200,61,paymentservice,payment,85,2,3,3,0
1,frontreco,200,61,productcatalogservice,server,69,2,2,2,0
1,frontreco,200,61,redis-cart,-,,1,1,1,0
1,frontreco,200,61,shippingservice,server,77,2,2,2,0
1,frontreco,200,76,adservice,server,111,1,2,1,0
1,frontreco,200,76,cartservice,server,84,3,3,3,0
1,frontreco,200,76,checkoutservice,checkout,81,3,3,3,0
1,frontreco,200,76,currencyservice,server,75,2,2,2,0
1,frontreco,200,76,emailservice,email,93,3,3,3,0
1,frontreco,200,76,frontend,recommendation,82,2,2,2,0
1,frontreco,200,76,frontend,server,75,2,2,2,0
1,frontreco,200,76,paymentservice,payment,88,3,3,3,0
1,frontreco,200,76,productcatalogservice,server,77,2,2,2,0
1,frontreco,200,76,redis-cart,-,,1,1,1,0
1,frontreco,200,76,shippingservice,server,80,2,3,3,0
1,frontreco,200,91,adservice,server,123,2,2,1,0
1,frontreco,200,91,cartservice,server,82,3,3,3,0
1,frontreco,200,91,checkoutservice,checkout,56,3,3,3,0
1,frontreco,200,91,currencyservice,server,85,2,2,2,0
1,frontreco,200,91,emailservice,email,63,3,3,3,0
1,frontreco,200,91,frontend,recommendation,81,2,3,2,0
1,frontreco,200,91,frontend,server,82,2,3,2,0
1,frontreco,200,91,paymentservice,payment,66,3,3,3,0
1,frontreco,200,91,productcatalogservice,server,76,2,2,2,0
1,frontreco,200,91,redis-cart,-,,1,1,1,0
1,frontreco,200,91,shippingservice,server,55,3,3,3,0
1,frontreco,200,106,adservice,server,133,2,2,2,0
1,frontreco,200,106,cartservice,server,79,3,3,3,0
1,frontreco,200,106,checkoutservice,checkout,53,3,3,3,0
1,frontreco,200,106,currencyservice,server,83,2,3,3,0
1,frontreco,200,106,emailservice,email,59,3,3,3,0
1,frontreco,200,106,frontend,recommendation,72,3,3,3,0
1,frontreco,200,106,frontend,server,76,3,3,3,0
1,frontreco,200,106,paymentservice,payment,60,3,3,3,0
1,frontreco,200,106,productcatalogservice,server,71,2,2,2,0
1,frontreco,200,106,redis-cart,-,,1,1,1,0
1,frontreco,200,106,shippingservice,server,54,3,3,3,0
1,frontreco,200,122,adservice,server,133,2,2,2,0
1,frontreco,200,122,cartservice,server,74,3,3,3,0
1,frontreco,200,122,checkoutservice,checkout,53,3,3,3,0
1,frontreco,200,122,currencyservice,server,78,3,3,3,0
1,frontreco,200,122,emailservice,email,57,3,3,3,0
1,frontreco,200,122,frontend,recommendation,75,3,3,3,0
1,frontreco,200,122,frontend,server,73,3,3,3,0
1,frontreco,200,122,paymentservice,payment,57,3,3,3,0
1,frontreco,200,122,productcatalogservice,server,71,2,2,2,0
1,frontreco,200,122,redis-cart,-,,1,1,1,0
1,frontreco,200,122,shippingservice,server,52,3,3,3,0
1,frontreco,200,137,adservice,server,131,2,2,2,0
1,frontreco,200,137,cartservice,server,50,3,3,3,0
1,frontreco,200,137,checkoutservice,checkout,53,3,3,3,0
1,frontreco,200,137,currencyservice,server,52,3,3,3,0
1,frontreco,200,137,emailservice,email,58,3,3,3,0
1,frontreco,200,137,frontend,recommendation,49,3,3,3,0
1,frontreco,200,137,frontend,server,51,3,3,3,0
1,frontreco,200,137,paymentservice,payment,62,3,3,3,0
1,frontreco,200,137,productcatalogservice,server,71,2,2,2,0
1,frontreco,200,137,redis-cart,-,,1,1,1,0
1,frontreco,200,137,shippingservice,server,54,3,3,3,0
1,frontreco,200,152,adservice,server,60,2,2,2,0
1,frontreco,200,152,cartservice,server,61,3,3,3,0
1,frontreco,200,152,checkoutservice,checkout,52,3,3,3,0
1,frontreco,200,152,currencyservice,server,50,3,3,3,0
1,frontreco,200,152,emailservice,email,57,3,3,3,0
1,frontreco,200,152,frontend,recommendation,49,3,3,3,0
1,frontreco,200,152,frontend,server,49,3,3,3,0
1,frontreco,200,152,paymentservice,payment,59,3,3,3,0
1,frontreco,200,152,productcatalogservice,server,70,2,2,2,0
1,frontreco,200,152,redis-cart,-,,1,1,1,0
1,frontreco,200,152,shippingservice,server,51,3,3,3,0
1,frontreco,200,167,adservice,server,60,2,2,2,0
1,frontreco,200,167,cartservice,server,51,3,3,3,0
1,frontreco,200,167,checkoutservice,checkout,54,3,3,3,0
1,frontreco,200,167,currencyservice,server,52,3,3,3,0
1,frontreco,200,167,emailservice,email,57,3,3,3,0
1,frontreco,200,167,frontend,recommendation,49,3,3,3,0
1,frontreco,200,167,frontend,server,50,3,3,3,0
1,frontreco,200,167,paymentservice,payment,58,3,3,3,0
1,frontreco,200,167,productcatalogservice,server,73,2,2,2,0
1,frontreco,200,167,redis-cart,-,,1,1,1,0
1,frontreco,200,167,shippingservice,server,53,3,3,3,0
1,frontreco,200,182,adservice,server,60,2,2,2,0
1,frontreco,200,182,cartservice,server,54,3,3,3,0
1,frontreco,200,182,checkoutservice,checkout,54,3,3,3,0
1,frontreco,200,182,currencyservice,server,51,3,3,3,0
1,frontreco,200,182,emailservice,email,59,3,3,3,0
1,frontreco,200,182,frontend,recommendation,51,3,3,3,0
1,frontreco,200,182,frontend,server,49,3,3,3,0
1,frontreco,200,182,paymentservice,payment,58,3,3,3,0
1,frontreco,200,182,productcatalogservice,server,73,2,2,2,0
1,frontreco,200,182,redis-cart,-,,1,1,1,0
1,frontreco,200,182,shippingservice,server,54,3,3,3,0
1,frontreco,200,198,adservice,server,63,2,2,2,0
1,frontreco,200,198,cartservice,server,52,3,3,3,0
1,frontreco,200,198,checkoutservice,checkout,53,3,3,3,0
1,frontreco,200,198,currencyservice,server,55,3,3,3,0
1,frontreco,200,198,emailservice,email,59,3,3,3,0
1,frontreco,200,198,frontend,recommendation,49,3,3,3,0
1,frontreco,200,198,frontend,server,52,3,3,3,0
1,frontreco,200,198,paymentservice,payment,60,3,3,3,0
1,frontreco,200,198,productcatalogservice,server,74,2,2,2,0
1,frontreco,200,198,redis-cart,-,,1,1,1,0
1,frontreco,200,198,shippingservice,server,52,3,3,3,0
1,frontreco,200,213,adservice,server,55,2,2,2,0
1,frontreco,200,213,cartservice,server,52,3,3,3,0
1,frontreco,200,213,checkoutservice,checkout,53,3,3,3,0
1,frontreco,200,213,currencyservice,server,52,3,3,3,0
1,frontreco,200,213,emailservice,email,56,3,3,3,0
1,frontreco,200,213,frontend,recommendation,48,3,3,3,0
1,frontreco,200,213,frontend,server,50,3,3,3,0
1,frontreco,200,213,paymentservice,payment,59,3,3,3,0
1,frontreco,200,213,productcatalogservice,server,71,2,2,2,0
1,frontreco,200,213,redis-cart,-,,1,1,1,0
1,frontreco,200,213,shippingservice,server,53,3,3,3,0
1,frontreco,200,228,adservice,server,63,2,2,2,0
1,frontreco,200,228,cartservice,server,51,3,3,3,0
1,frontreco,200,228,checkoutservice,checkout,52,3,3,3,0
1,frontreco,200,228,currencyservice,server,51,3,3,3,0
1,frontreco,200,228,emailservice,email,58,3,3,3,0
1,frontreco,200,228,frontend,recommendation,47,3,3,3,0
1,frontreco,200,228,frontend,server,50,3,3,3,0
1,frontreco,200,228,paymentservice,payment,57,3,3,3,0
1,frontreco,200,228,productcatalogservice,server,70,2,2,2,0
1,frontreco,200,228,redis-cart,-,,1,1,1,0
1,frontreco,200,228,shippingservice,server,53,3,3,3,0
1,frontreco,200,243,adservice,server,62,2,2,2,0
1,frontreco,200,243,cartservice,server,51,3,3,3,0
1,frontreco,200,243,checkoutservice,checkout,51,3,3,3,0
1,frontreco,200,243,currencyservice,server,51,3,3,3,0
1,frontreco,200,243,emailservice,email,57,3,3,3,0
1,frontreco,200,243,frontend,recommendation,50,3,3,3,0
1,frontreco,200,243,frontend,server,49,3,3,3,0
1,frontreco,200,243,paymentservice,payment,56,3,3,3,0
1,frontreco,200,243,productcatalogservice,server,69,2,2,2,0
1,frontreco,200,243,redis-cart,-,,1,1,1,0
1,frontreco,200,243,shippingservice,server,51,3,3,3,0
1,frontreco,200,259,adservice,server,58,2,2,2,0
1,frontreco,200,259,cartservice,server,56,3,3,3,0
1,frontreco,200,259,checkoutservice,checkout,53,3,3,3,0
1,frontreco,200,259,currencyservice,server,51,3,3,3,0
1,frontreco,200,259,emailservice,email,58,3,3,3,0
1,frontreco,200,259,frontend,recommendation,49,3,3,3,0
1,frontreco,200,259,frontend,server,50,3,3,3,0
1,frontreco,200,259,paymentservice,payment,58,3,3,3,0
1,frontreco,200,259,productcatalogservice,server,74,2,2,2,0
1,frontreco,200,259,redis-cart,-,,1,1,1,0
1,frontreco,200,259,shippingservice,server,54,3,3,3,0
1,frontreco,200,274,adservice,server,58,2,2,2,0
1,frontreco,200,274,cartservice,server,50,3,3,3,0
1,frontreco,200,274,checkoutservice,checkout,52,3,3,3,0
1,frontreco,200,274,currencyservice,server,51,3,3,3,0
1,frontreco,200,274,emailservice,email,56,3,3,3,0
1,frontreco,200,274,frontend,recommendation,48,3,3,3,0
1,frontreco,200,274,frontend,server,50,3,3,3,0
1,frontreco,200,274,paymentservice,payment,56,3,3,3,0
1,frontreco,200,274,productcatalogservice,server,70,2,2,2,0
1,frontreco,200,274,redis-cart,-,,1,1,1,0
1,frontreco,200,274,shippingservice,server,54,3,3,3,0
1,frontreco,200,289,adservice,server,60,2,2,2,0
1,frontreco,200,289,cartservice,server,52,3,3,3,0
1,frontreco,200,289,checkoutservice,checkout,53,3,3,3,0
1,frontreco,200,289,currencyservice,server,51,3,3,3,0
1,frontreco,200,289,emailservice,email,57,3,3,3,0
1,frontreco,200,289,frontend,recommendation,50,3,3,3,0
1,frontreco,200,289,frontend,server,50,3,3,3,0
1,frontreco,200,289,paymentservice,payment,57,3,3,3,0
1,frontreco,200,289,productcatalogservice,server,71,2,2,2,0
1,frontreco,200,289,redis-cart,-,,1,1,1,0
1,frontreco,200,289,shippingservice,server,51,3,3,3,0
1,frontreco,200,304,adservice,server,59,2,2,2,0
1,frontreco,200,304,cartservice,server,51,3,3,3,0
1,frontreco,200,304,checkoutservice,checkout,55,3,3,3,0
1,frontreco,200,304,currencyservice,server,54,3,3,3,0
1,frontreco,200,304,emailservice,email,61,3,3,3,0
1,frontreco,200,304,frontend,recommendation,51,3,3,3,0
1,frontreco,200,304,frontend,server,52,3,3,3,0
1,frontreco,200,304,paymentservice,payment,63,3,3,3,0
1,frontreco,200,304,productcatalogservice,server,73,2,2,2,0
1,frontreco,200,304,redis-cart,-,,1,1,1,0
1,frontreco,200,304,shippingservice,server,54,3,3,3,0
1,frontreco,200,319,adservice,server,58,2,2,2,0
1,frontreco,200,319,cartservice,server,51,3,3,3,0
1,frontreco,200,319,checkoutservice,checkout,51,3,3,3,0
1,frontreco,200,319,currencyservice,server,52,3,3,3,0
1,frontreco,200,319,emailservice,email,57,3,3,3,0
1,frontreco,200,319,frontend,recommendation,49,3,3,3,0
1,frontreco,200,319,frontend,server,50,3,3,3,0
1,frontreco,200,319,paymentservice,payment,57,3,3,3,0
1,frontreco,200,319,productcatalogservice,server,73,2,2,2,0
1,frontreco,200,319,redis-cart,-,,1,1,1,0
1,frontreco,200,319,shippingservice,server,52,3,3,3,0
1,frontreco,200,335,adservice,server,57,2,2,2,0
1,frontreco,200,335,cartservice,server,53,3,3,3,0
1,frontreco,200,335,checkoutservice,checkout,53,3,3,3,0
1,frontreco,200,335,currencyservice,server,52,3,3,3,0
1,frontreco,200,335,emailservice,email,58,3,3,3,0
1,frontreco,200,335,frontend,recommendation,48,3,3,3,0
1,frontreco,200,335,frontend,server,49,3,3,3,0
1,frontreco,200,335,paymentservice,payment,59,3,3,3,0
1,frontreco,200,335,productcatalogservice,server,70,2,2,2,0
1,frontreco,200,335,redis-cart,-,,1,1,1,0
1,frontreco,200,335,shippingservice,server,52,3,3,3,0
1,frontreco,200,350,adservice,server,58,2,2,2,0
1,frontreco,200,350,cartservice,server,31,3,3,3,0
1,frontreco,200,350,checkoutservice,checkout,42,3,3,3,0
1,frontreco,200,350,currencyservice,server,45,3,3,3,0
1,frontreco,200,350,emailservice,email,50,3,3,3,0
1,frontreco,200,350,frontend,recommendation,52,3,3,3,0
1,frontreco,200,350,frontend,server,40,3,3,3,0
1,frontreco,200,350,paymentservice,payment,59,3,3,3,0
1,frontreco,200,350,productcatalogservice,server,71,2,2,2,0
1,frontreco,200,350,redis-cart,-,,1,1,1,0
1,frontreco,200,350,shippingservice,server,44,3,3,3,0
1,frontreco,250,0,adservice,server,3,2,2,2,0
1,frontreco,250,0,cartservice,server,0,3,3,3,0
1,frontreco,250,0,checkoutservice,checkout,0,3,3,3,0
1,frontreco,250,0,currencyservice,server,0,3,3,3,0
1,frontreco,250,0,emailservice,email,2,3,3,3,0
1,frontreco,250,0,frontend,recommendation,0,3,3,3,0
1,frontreco,250,0,frontend,server,0,3,3,3,0
1,frontreco,250,0,paymentservice,payment,1,3,3,3,0
1,frontreco,250,0,productcatalogservice,server,0,2,2,2,0
1,frontreco,250,0,redis-cart,-,,1,1,1,0
1,frontreco,250,0,shippingservice,server,0,3,3,3,0
1,frontreco,250,16,adservice,server,39,2,2,2,0
1,frontreco,250,16,cartservice,server,25,3,2,2,0
1,frontreco,250,16,checkoutservice,checkout,5,3,2,2,0
1,frontreco,250,16,currencyservice,server,30,3,2,2,0
1,frontreco,250,16,emailservice,email,45,3,3,3,0
1,frontreco,250,16,frontend,recommendation,11,3,3,3,0
1,frontreco,250,16,frontend,server,20,3,3,3,0
1,frontreco,250,16,paymentservice,payment,44,3,3,3,0
1,frontreco,250,16,productcatalogservice,server,0,2,2,2,0
1,frontreco,250,16,redis-cart,-,,1,1,1,0
1,frontreco,250,16,shippingservice,server,38,3,2,2,0
1,frontreco,250,31,adservice,server,37,2,2,2,0
1,frontreco,250,31,cartservice,server,94,2,2,2,0
1,frontreco,250,31,checkoutservice,checkout,93,2,2,2,0
1,frontreco,250,31,currencyservice,server,93,2,2,2,0
1,frontreco,250,31,emailservice,email,71,3,3,3,0
1,frontreco,250,31,frontend,recommendation,60,3,3,3,0
1,frontreco,250,31,frontend,server,57,3,3,3,0
1,frontreco,250,31,paymentservice,payment,75,3,3,3,0
1,frontreco,250,31,productcatalogservice,server,72,2,2,2,0
1,frontreco,250,31,redis-cart,-,,1,1,1,0
1,frontreco,250,31,shippingservice,server,93,2,2,2,0
1,frontreco,250,46,adservice,server,77,2,2,2,0
1,frontreco,250,46,cartservice,server,93,2,3,2,0
1,frontreco,250,46,checkoutservice,checkout,96,2,3,3,0
1,frontreco,250,46,currencyservice,server,91,2,3,3,0
1,frontreco,250,46,emailservice,email,69,3,3,3,0
1,frontreco,250,46,frontend,recommendation,60,3,3,3,0
1,frontreco,250,46,frontend,server,64,3,3,3,0
1,frontreco,250,46,paymentservice,payment,70,3,3,3,0
1,frontreco,250,46,productcatalogservice,server,81,2,2,2,0
1,frontreco,250,46,redis-cart,-,,1,1,1,0
1,frontreco,250,46,shippingservice,server,94,2,3,2,0
1,frontreco,250,61,adservice,server,82,2,3,2,0
1,frontreco,250,61,cartservice,server,104,3,3,2,0
1,frontreco,250,61,checkoutservice,checkout,63,3,3,3,0
1,frontreco,250,61,currencyservice,server,98,3,3,3,0
1,frontreco,250,61,emailservice,email,83,3,3,3,0
1,frontreco,250,61,frontend,recommendation,74,3,3,3,0
1,frontreco,250,61,frontend,server,64,3,3,3,0
1,frontreco,250,61,paymentservice,payment,77,3,3,3,0
1,frontreco,250,61,productcatalogservice,server,89,2,3,3,0
1,frontreco,250,61,redis-cart,-,,1,1,1,0
1,frontreco,250,61,shippingservice,server,99,3,3,3,0
1,frontreco,250,77,adservice,server,82,3,3,2,0
1,frontreco,250,77,cartservice,server,100,3,3,3,0
1,frontreco,250,77,checkoutservice,checkout,68,3,3,3,0
1,frontreco,250,77,currencyservice,server,68,3,3,3,0
1,frontreco,250,77,emailservice,email,76,3,3,3,0
1,frontreco,250,77,frontend,recommendation,68,3,3,3,0
1,frontreco,250,77,frontend,server,66,3,3,3,0
1,frontreco,250,77,paymentservice,payment,77,3,4,4,0
1,frontreco,250,77,productcatalogservice,server,59,3,3,3,0
1,frontreco,250,77,redis-cart,-,,1,1,1,0
1,frontreco,250,77,shippingservice,server,65,3,3,3,0
1,frontreco,250,92,adservice,server,78,3,3,3,0
1,frontreco,250,92,cartservice,server,95,3,3,3,0
1,frontreco,250,92,checkoutservice,checkout,68,3,3,3,0
1,frontreco,250,92,currencyservice,server,65,3,3,3,0
1,frontreco,250,92,emailservice,email,78,3,3,3,0
1,frontreco,250,92,frontend,recommendation,67,3,3,3,0
1,frontreco,250,92,frontend,server,66,3,3,3,0
1,frontreco,250,92,paymentservice,payment,74,4,4,4,0
1,frontreco,250,92,productcatalogservice,server,59,3,3,3,0
1,frontreco,250,92,redis-cart,-,,1,1,1,0
1,frontreco,250,92,shippingservice,server,66,3,3,3,0
1,frontreco,250,107,adservice,server,78,3,3,3,0
1,frontreco,250,107,cartservice,server,67,3,3,3,0
1,frontreco,250,107,checkoutservice,checkout,65,3,3,3,0
1,frontreco,250,107,currencyservice,server,65,3,3,3,0
1,frontreco,250,107,emailservice,email,76,3,3,3,0
1,frontreco,250,107,frontend,recommendation,69,3,3,3,0
1,frontreco,250,107,frontend,server,64,3,3,3,0
1,frontreco,250,107,paymentservice,payment,57,4,4,4,0
1,frontreco,250,107,productcatalogservice,server,57,3,3,3,0
1,frontreco,250,107,redis-cart,-,,1,1,1,0
1,frontreco,250,107,shippingservice,server,61,3,3,3,0
1,frontreco,250,122,adservice,server,53,3,3,3,0
1,frontreco,250,122,cartservice,server,64,3,3,3,0
1,frontreco,250,122,checkoutservice,checkout,66,3,3,3,0
1,frontreco,250,122,currencyservice,server,64,3,3,3,0
1,frontreco,250,122,emailservice,email,75,3,3,3,0
1,frontreco,250,122,frontend,recommendation,64,3,3,3,0
1,frontreco,250,122,frontend,server,64,3,3,3,0
1,frontreco,250,122,paymentservice,payment,53,4,4,4,0
1,frontreco,250,122,productcatalogservice,server,58,3,3,3,0
1,frontreco,250,122,redis-cart,-,,1,1,1,0
1,frontreco,250,122,shippingservice,server,66,3,3,3,0
1,frontreco,250,138,adservice,server,53,3,3,3,0
1,frontreco,250,138,cartservice,server,73,3,3,3,0
1,frontreco,250,138,checkoutservice,checkout,65,3,3,3,0
1,frontreco,250,138,currencyservice,server,64,3,3,3,0
1,frontreco,250,138,emailservice,email,75,3,3,3,0
1,frontreco,250,138,frontend,recommendation,67,3,3,3,0
1,frontreco,250,138,frontend,server,63,3,3,3,0
1,frontreco,250,138,paymentservice,payment,55,4,4,4,0
1,frontreco,250,138,productcatalogservice,server,58,3,3,3,0
1,frontreco,250,138,redis-cart,-,,1,1,1,0
1,frontreco,250,138,shippingservice,server,66,3,3,3,0
1,frontreco,250,153,adservice,server,52,3,3,3,0
1,frontreco,250,153,cartservice,server,69,3,3,3,0
1,frontreco,250,153,checkoutservice,checkout,65,3,3,3,0
1,frontreco,250,153,currencyservice,server,64,3,3,3,0
1,frontreco,250,153,emailservice,email,77,3,3,3,0
1,frontreco,250,153,frontend,recommendation,66,3,3,3,0
1,frontreco,250,153,frontend,server,66,3,3,3,0
1,frontreco,250,153,paymentservice,payment,55,4,4,4,0
1,frontreco,250,153,productcatalogservice,server,58,3,3,3,0
1,frontreco,250,153,redis-cart,-,,1,1,1,0
1,frontreco,250,153,shippingservice,server,66,3,3,3,0
1,frontreco,250,168,adservice,server,55,3,3,3,0
1,frontreco,250,168,cartservice,server,68,3,3,3,0
1,frontreco,250,168,checkoutservice,checkout,70,3,3,3,0
1,frontreco,250,168,currencyservice,server,65,3,3,3,0
1,frontreco,250,168,emailservice,email,76,3,3,3,0
1,frontreco,250,168,frontend,recommendation,67,3,3,3,0
1,frontreco,250,168,frontend,server,65,3,3,3,0
1,frontreco,250,168,paymentservice,payment,54,4,4,4,0
1,frontreco,250,168,productcatalogservice,server,59,3,3,3,0
1,frontreco,250,168,redis-cart,-,,1,1,1,0
1,frontreco,250,168,shippingservice,server,66,3,3,3,0
1,frontreco,250,184,adservice,server,53,3,3,3,0
1,frontreco,250,184,cartservice,server,71,3,3,3,0
1,frontreco,250,184,checkoutservice,checkout,68,3,3,3,0
1,frontreco,250,184,currencyservice,server,66,3,3,3,0
1,frontreco,250,184,emailservice,email,77,3,3,3,0
1,frontreco,250,184,frontend,recommendation,68,3,3,3,0
1,frontreco,250,184,frontend,server,67,3,3,3,0
1,frontreco,250,184,paymentservice,payment,54,4,4,4,0
1,frontreco,250,184,productcatalogservice,server,61,3,3,3,0
1,frontreco,250,184,redis-cart,-,,1,1,1,0
1,frontreco,250,184,shippingservice,server,66,3,3,3,0
1,frontreco,250,199,adservice,server,53,3,3,3,0
1,frontreco,250,199,cartservice,server,65,3,3,3,0
1,frontreco,250,199,checkoutservice,checkout,64,3,3,3,0
1,frontreco,250,199,currencyservice,server,64,3,3,3,0
1,frontreco,250,199,emailservice,email,79,3,4,3,0
1,frontreco,250,199,frontend,recommendation,69,3,3,3,0
1,frontreco,250,199,frontend,server,66,3,3,3,0
1,frontreco,250,199,paymentservice,payment,56,4,4,4,0
1,frontreco,250,199,productcatalogservice,server,59,3,3,3,0
1,frontreco,250,199,redis-cart,-,,1,1,1,0
1,frontreco,250,199,shippingservice,server,65,3,3,3,0
1,frontreco,250,214,adservice,server,53,3,3,3,0
1,frontreco,250,214,cartservice,server,68,3,3,3,0
1,frontreco,250,214,checkoutservice,checkout,63,3,3,3,0
1,frontreco,250,214,currencyservice,server,64,3,3,3,0
1,frontreco,250,214,emailservice,email,76,4,4,4,0
1,frontreco,250,214,frontend,recommendation,69,3,3,3,0
1,frontreco,250,214,frontend,server,66,3,3,3,0
1,frontreco,250,214,paymentservice,payment,52,4,4,4,0
1,frontreco,250,214,productcatalogservice,server,58,3,3,3,0
1,frontreco,250,214,redis-cart,-,,1,1,1,0
1,frontreco,250,214,shippingservice,server,62,3,3,3,0
1,frontreco,250,229,adservice,server,55,3,3,3,0
1,frontreco,250,229,cartservice,server,68,3,3,3,0
1,frontreco,250,229,checkoutservice,checkout,63,3,3,3,0
1,frontreco,250,229,currencyservice,server,63,3,3,3,0
1,frontreco,250,229,emailservice,email,55,4,4,4,0
1,frontreco,250,229,frontend,recommendation,67,3,3,3,0
1,frontreco,250,229,frontend,server,66,3,3,3,0
1,frontreco,250,229,paymentservice,payment,52,4,4,4,0
1,frontreco,250,229,productcatalogservice,server,56,3,3,3,0
1,frontreco,250,229,redis-cart,-,,1,1,1,0
1,frontreco,250,229,shippingservice,server,64,3,3,3,0
1,frontreco,250,245,adservice,server,55,3,3,3,0
1,frontreco,250,245,cartservice,server,67,3,3,3,0
1,frontreco,250,245,checkoutservice,checkout,67,3,3,3,0
1,frontreco,250,245,currencyservice,server,68,3,3,3,0
1,frontreco,250,245,emailservice,email,59,4,4,4,0
1,frontreco,250,245,frontend,recommendation,70,3,3,3,0
1,frontreco,250,245,frontend,server,63,3,3,3,0
1,frontreco,250,245,paymentservice,payment,56,4,4,4,0
1,frontreco,250,245,productcatalogservice,server,60,3,3,3,0
1,frontreco,250,245,redis-cart,-,,1,1,1,0
1,frontreco,250,245,shippingservice,server,65,3,3,3,0
1,frontreco,250,260,adservice,server,52,3,3,3,0
1,frontreco,250,260,cartservice,server,76,3,3,3,0
1,frontreco,250,260,checkoutservice,checkout,67,3,3,3,0
1,frontreco,250,260,currencyservice,server,66,3,3,3,0
1,frontreco,250,260,emailservice,email,58,4,4,4,0
1,frontreco,250,260,frontend,recommendation,67,3,3,3,0
1,frontreco,250,260,frontend,server,66,3,3,3,0
1,frontreco,250,260,paymentservice,payment,56,4,4,4,0
1,frontreco,250,260,productcatalogservice,server,59,3,3,3,0
1,frontreco,250,260,redis-cart,-,,1,1,1,0
1,frontreco,250,260,shippingservice,server,64,3,3,3,0
1,frontreco,250,275,adservice,server,53,3,3,3,0
1,frontreco,250,275,cartservice,server,69,3,3,3,0
1,frontreco,250,275,checkoutservice,checkout,66,3,3,3,0
1,frontreco,250,275,currencyservice,server,67,3,3,3,0
1,frontreco,250,275,emailservice,email,59,4,4,4,0
1,frontreco,250,275,frontend,recommendation,67,3,3,3,0
1,frontreco,250,275,frontend,server,66,3,3,3,0
1,frontreco,250,275,paymentservice,payment,57,4,4,4,0
1,frontreco,250,275,productcatalogservice,server,58,3,3,3,0
1,frontreco,250,275,redis-cart,-,,1,1,1,0
1,frontreco,250,275,shippingservice,server,68,3,3,3,0
1,frontreco,250,290,adservice,server,54,3,3,3,0
1,frontreco,250,290,cartservice,server,63,3,3,3,0
1,frontreco,250,290,checkoutservice,checkout,65,3,3,3,0
1,frontreco,250,290,currencyservice,server,65,3,3,3,0
1,frontreco,250,290,emailservice,email,58,4,4,4,0
1,frontreco,250,290,frontend,recommendation,65,3,3,3,0
1,frontreco,250,290,frontend,server,64,3,3,3,0
1,frontreco,250,290,paymentservice,payment,58,4,4,4,0
1,frontreco,250,290,productcatalogservice,server,58,3,3,3,0
1,frontreco,250,290,redis-cart,-,,1,1,1,0
1,frontreco,250,290,shippingservice,server,62,3,3,3,0
1,frontreco,250,306,adservice,server,55,3,3,3,0
1,frontreco,250,306,cartservice,server,58,3,3,3,0
1,frontreco,250,306,checkoutservice,checkout,62,3,3,3,0
1,frontreco,250,306,currencyservice,server,59,3,3,3,0
1,frontreco,250,306,emailservice,email,56,4,4,4,0
1,frontreco,250,306,frontend,recommendation,70,3,3,3,0
1,frontreco,250,306,frontend,server,62,3,3,3,0
1,frontreco,250,306,paymentservice,payment,52,4,4,4,0
1,frontreco,250,306,productcatalogservice,server,56,3,3,3,0
1,frontreco,250,306,redis-cart,-,,1,1,1,0
1,frontreco,250,306,shippingservice,server,59,3,3,3,0
1,frontreco,250,321,adservice,server,52,3,3,3,0
1,frontreco,250,321,cartservice,server,60,3,3,3,0
1,frontreco,250,321,checkoutservice,checkout,62,3,3,3,0
1,frontreco,250,321,currencyservice,server,63,3,3,3,0
1,frontreco,250,321,emailservice,email,55,4,4,4,0
1,frontreco,250,321,frontend,recommendation,65,3,3,3,0
1,frontreco,250,321,frontend,server,63,3,3,3,0
1,frontreco,250,321,paymentservice,payment,51,4,4,4,0
1,frontreco,250,321,productcatalogservice,server,55,3,3,3,0
1,frontreco,250,321,redis-cart,-,,1,1,1,0
1,frontreco,250,321,shippingservice,server,63,3,3,3,0
1,frontreco,250,336,adservice,server,52,3,3,3,0
1,frontreco,250,336,cartservice,server,67,3,3,3,0
1,frontreco,250,336,checkoutservice,checkout,65,3,3,3,0
1,frontreco,250,336,currencyservice,server,66,3,3,3,0
1,frontreco,250,336,emailservice,email,57,4,4,4,0
1,frontreco,250,336,frontend,recommendation,64,3,3,3,0
1,frontreco,250,336,frontend,server,62,3,3,3,0
1,frontreco,250,336,paymentservice,payment,55,4,4,4,0
1,frontreco,250,336,productcatalogservice,server,57,3,3,3,0
1,frontreco,250,336,redis-cart,-,,1,1,1,0
1,frontreco,250,336,shippingservice,server,64,3,3,3,0
1,frontreco,250,351,adservice,server,53,3,3,3,0
1,frontreco,250,351,cartservice,server,26,3,3,3,0
1,frontreco,250,351,checkoutservice,checkout,31,3,3,3,0
1,frontreco,250,351,currencyservice,server,45,3,3,3,0
1,frontreco,250,351,emailservice,email,42,4,4,4,0
1,frontreco,250,351,frontend,recommendation,45,3,3,3,0
1,frontreco,250,351,frontend,server,61,3,3,3,0
1,frontreco,250,351,paymentservice,payment,45,4,4,4,0
1,frontreco,250,351,productcatalogservice,server,24,3,3,3,0
1,frontreco,250,351,redis-cart,-,,1,1,1,0
1,frontreco,250,351,shippingservice,server,25,3,3,3,0
1,frontreco,300,0,adservice,server,12,3,3,3,0
1,frontreco,300,0,cartservice,server,0,3,3,3,0
1,frontreco,300,0,checkoutservice,checkout,20,3,3,3,0
1,frontreco,300,0,currencyservice,server,1,3,3,3,0
1,frontreco,300,0,emailservice,email,5,4,4,4,0
1,frontreco,300,0,frontend,recommendation,0,3,3,3,0
1,frontreco,300,0,frontend,server,1,3,3,3,0
1,frontreco,300,0,paymentservice,payment,2,4,4,4,0
1,frontreco,300,0,productcatalogservice,server,0,3,3,3,0
1,frontreco,300,0,redis-cart,-,,1,1,1,0
1,frontreco,300,0,shippingservice,server,19,3,3,3,0
1,frontreco,300,15,adservice,server,4,3,3,3,0
1,frontreco,300,15,cartservice,server,1,3,3,3,0
1,frontreco,300,15,checkoutservice,checkout,3,3,3,3,0
1,frontreco,300,15,currencyservice,server,0,3,3,3,0
1,frontreco,300,15,emailservice,email,5,4,4,4,0
1,frontreco,300,15,frontend,recommendation,0,3,3,3,0
1,frontreco,300,15,frontend,server,1,3,3,3,0
1,frontreco,300,15,paymentservice,payment,2,4,4,4,0
1,frontreco,300,15,productcatalogservice,server,3,3,3,3,0
1,frontreco,300,15,redis-cart,-,,1,1,1,0
1,frontreco,300,15,shippingservice,server,0,3,3,3,0
1,frontreco,300,30,adservice,server,42,3,3,3,0
1,frontreco,300,30,cartservice,server,57,3,3,3,0
1,frontreco,300,30,checkoutservice,checkout,9,3,2,2,0
1,frontreco,300,30,currencyservice,server,60,3,3,3,0
1,frontreco,300,30,emailservice,email,57,4,4,4,0
1,frontreco,300,30,frontend,recommendation,44,3,3,3,0
1,frontreco,300,30,frontend,server,53,3,3,3,0
1,frontreco,300,30,paymentservice,payment,66,4,4,4,0
1,frontreco,300,30,productcatalogservice,server,60,3,3,3,0
1,frontreco,300,30,redis-cart,-,,1,1,1,0
1,frontreco,300,30,shippingservice,server,25,3,2,2,0
1,frontreco,300,46,adservice,server,61,3,3,3,0
1,frontreco,300,46,cartservice,server,77,3,3,3,0
1,frontreco,300,46,checkoutservice,checkout,110,2,2,2,0
1,frontreco,300,46,currencyservice,server,73,3,3,3,0
1,frontreco,300,46,emailservice,email,57,4,4,4,0
1,frontreco,300,46,frontend,recommendation,79,3,3,3,0
1,frontreco,300,46,frontend,server,74,3,3,3,0
1,frontreco,300,46,paymentservice,payment,66,4,4,4,0
1,frontreco,300,46,productcatalogservice,server,63,3,3,3,0
1,frontreco,300,46,redis-cart,-,,1,1,1,0
1,frontreco,300,46,shippingservice,server,110,2,2,2,0
1,frontreco,300,61,adservice,server,68,3,3,3,0
1,frontreco,300,61,cartservice,server,81,3,4,3,0
1,frontreco,300,61,checkoutservice,checkout,117,2,4,4,0
1,frontreco,300,61,currencyservice,server,77,3,3,3,0
1,frontreco,300,61,emailservice,email,73,4,4,4,0
1,frontreco,300,61,frontend,recommendation,91,3,4,3,1
1,frontreco,300,61,frontend,server,76,3,4,3,1
1,frontreco,300,61,paymentservice,payment,67,4,4,4,0
1,frontreco,300,61,productcatalogservice,server,68,3,3,3,0
1,frontreco,300,61,redis-cart,-,,1,1,1,0
1,frontreco,300,61,shippingservice,server,122,2,4,4,0
1,frontreco,300,76,adservice,server,66,3,3,3,0
1,frontreco,300,76,cartservice,server,70,4,4,4,0
1,frontreco,300,76,checkoutservice,checkout,109,4,4,4,0
1,frontreco,300,76,currencyservice,server,71,3,3,3,0
1,frontreco,300,76,emailservice,email,71,4,4,4,0
1,frontreco,300,76,frontend,recommendation,88,4,4,3,1
1,frontreco,300,76,frontend,server,77,4,4,3,1
1,frontreco,300,76,paymentservice,payment,61,4,4,4,0
1,frontreco,300,76,productcatalogservice,server,62,3,3,3,0
1,frontreco,300,76,redis-cart,-,,1,1,1,0
1,frontreco,300,76,shippingservice,server,107,4,4,4,0
1,frontreco,300,92,adservice,server,64,3,3,3,0
1,frontreco,300,92,cartservice,server,73,4,4,4,0
1,frontreco,300,92,checkoutservice,checkout,54,4,4,4,0
1,frontreco,300,92,currencyservice,server,74,3,3,3,0
1,frontreco,300,92,emailservice,email,71,4,4,4,0
1,frontreco,300,92,frontend,recommendation,87,4,4,3,1
1,frontreco,300,92,frontend,server,77,4,4,3,1
1,frontreco,300,92,paymentservice,payment,71,4,4,4,0
1,frontreco,300,92,productcatalogservice,server,66,3,3,3,0
1,frontreco,300,92,redis-cart,-,,1,1,1,0
1,frontreco,300,92,shippingservice,server,57,4,4,4,0
1,frontreco,300,107,adservice,server,64,3,3,3,0
1,frontreco,300,107,cartservice,server,58,4,4,4,0
1,frontreco,300,107,checkoutservice,checkout,59,4,4,4,0
1,frontreco,300,107,currencyservice,server,74,3,3,3,0
1,frontreco,300,107,emailservice,email,71,4,4,4,0
1,frontreco,300,107,frontend,recommendation,85,4,4,3,1
1,frontreco,300,107,frontend,server,73,4,4,3,1
1,frontreco,300,107,paymentservice,payment,61,4,4,4,0
1,frontreco,300,107,productcatalogservice,server,64,3,3,3,0
1,frontreco,300,107,redis-cart,-,,1,1,1,0
1,frontreco,300,107,shippingservice,server,53,4,4,4,0
1,frontreco,300,122,adservice,server,65,3,3,3,0
1,frontreco,300,122,cartservice,server,61,4,4,4,0
1,frontreco,300,122,checkoutservice,checkout,62,4,4,4,0
1,frontreco,300,122,currencyservice,server,76,3,3,3,0
1,frontreco,300,122,emailservice,email,72,4,4,4,0
1,frontreco,300,122,frontend,recommendation,88,4,4,3,1
1,frontreco,300,122,frontend,server,78,4,4,3,1
1,frontreco,300,122,paymentservice,payment,66,4,4,4,0
1,frontreco,300,122,productcatalogservice,server,68,3,3,3,0
1,frontreco,300,122,redis-cart,-,,1,1,1,0
1,frontreco,300,122,shippingservice,server,58,4,4,4,0
1,frontreco,300,137,adservice,server,66,3,3,3,0
1,frontreco,300,137,cartservice,server,54,4,4,4,0
1,frontreco,300,137,checkoutservice,checkout,59,4,4,4,0
1,frontreco,300,137,currencyservice,server,74,3,3,3,0
1,frontreco,300,137,emailservice,email,74,4,4,4,0
1,frontreco,300,137,frontend,recommendation,87,4,4,3,1
1,frontreco,300,137,frontend,server,80,4,4,3,1
1,frontreco,300,137,paymentservice,payment,71,4,4,4,0
1,frontreco,300,137,productcatalogservice,server,70,3,3,3,0
1,frontreco,300,137,redis-cart,-,,1,1,1,0
1,frontreco,300,137,shippingservice,server,59,4,4,4,0
1,frontreco,300,153,adservice,server,66,3,3,3,0
1,frontreco,300,153,cartservice,server,56,4,4,4,0
1,frontreco,300,153,checkoutservice,checkout,56,4,4,4,0
1,frontreco,300,153,currencyservice,server,74,3,3,3,0
1,frontreco,300,153,emailservice,email,73,4,4,4,0
1,frontreco,300,153,frontend,recommendation,87,4,4,3,1
1,frontreco,300,153,frontend,server,77,4,4,3,1
1,frontreco,300,153,paymentservice,payment,64,4,4,4,0
1,frontreco,300,153,productcatalogservice,server,69,3,3,3,0
1,frontreco,300,153,redis-cart,-,,1,1,1,0
1,frontreco,300,153,shippingservice,server,60,4,4,4,0
1,frontreco,300,168,adservice,server,65,3,3,3,0
1,frontreco,300,168,cartservice,server,65,4,4,4,0
1,frontreco,300,168,checkoutservice,checkout,62,4,4,4,0
1,frontreco,300,168,currencyservice,server,75,3,3,3,0
1,frontreco,300,168,emailservice,email,73,4,4,4,0
1,frontreco,300,168,frontend,recommendation,90,4,4,3,1
1,frontreco,300,168,frontend,server,80,4,4,3,1
1,frontreco,300,168,paymentservice,payment,68,4,4,4,0
1,frontreco,300,168,productcatalogservice,server,69,3,3,3,0
1,frontreco,300,168,redis-cart,-,,1,1,1,0
1,frontreco,300,168,shippingservice,server,60,4,4,4,0
1,frontreco,300,183,adservice,server,66,3,3,3,0
1,frontreco,300,183,cartservice,server,56,4,4,4,0
1,frontreco,300,183,checkoutservice,checkout,58,4,4,4,0
1,frontreco,300,183,currencyservice,server,73,3,3,3,0
1,frontreco,300,183,emailservice,email,72,4,4,4,0
1,frontreco,300,183,frontend,recommendation,87,4,4,3,1
1,frontreco,300,183,frontend,server,76,4,4,3,1
1,frontreco,300,183,paymentservice,payment,68,4,4,4,0
1,frontreco,300,183,productcatalogservice,server,68,3,3,3,0
1,frontreco,300,183,redis-cart,-,,1,1,1,0
1,frontreco,300,183,shippingservice,server,57,4,4,4,0
1,frontreco,300,199,adservice,server,65,3,3,3,0
1,frontreco,300,199,cartservice,server,61,4,4,4,0
1,frontreco,300,199,checkoutservice,checkout,58,4,4,4,0
1,frontreco,300,199,currencyservice,server,76,3,3,3,0
1,frontreco,300,199,emailservice,email,75,4,4,4,0
1,frontreco,300,199,frontend,recommendation,89,4,4,3,1
1,frontreco,300,199,frontend,server,78,4,4,3,1
1,frontreco,300,199,paymentservice,payment,66,4,4,4,0
1,frontreco,300,199,productcatalogservice,server,69,3,3,3,0
1,frontreco,300,199,redis-cart,-,,1,1,1,0
1,frontreco,300,199,shippingservice,server,58,4,4,4,0
1,frontreco,300,214,adservice,server,68,3,3,3,0
1,frontreco,300,214,cartservice,server,59,4,4,4,0
1,frontreco,300,214,checkoutservice,checkout,60,4,4,4,0
1,frontreco,300,214,currencyservice,server,73,3,3,3,0
1,frontreco,300,214,emailservice,email,75,4,4,4,0
1,frontreco,300,214,frontend,recommendation,88,4,4,3,1
1,frontreco,300,214,frontend,server,79,4,4,3,1
1,frontreco,300,214,paymentservice,payment,67,4,4,4,0
1,frontreco,300,214,productcatalogservice,server,68,3,3,3,0
1,frontreco,300,214,redis-cart,-,,1,1,1,0
1,frontreco,300,214,shippingservice,server,58,4,4,4,0
1,frontreco,300,229,adservice,server,69,3,3,3,0
1,frontreco,300,229,cartservice,server,63,4,4,4,0
1,frontreco,300,229,checkoutservice,checkout,61,4,4,4,0
1,frontreco,300,229,currencyservice,server,76,3,3,3,0
1,frontreco,300,229,emailservice,email,75,4,4,4,0
1,frontreco,300,229,frontend,recommendation,88,4,4,3,1
1,frontreco,300,229,frontend,server,79,4,4,3,1
1,frontreco,300,229,paymentservice,payment,66,4,4,4,0
1,frontreco,300,229,productcatalogservice,server,69,3,3,3,0
1,frontreco,300,229,redis-cart,-,,1,1,1,0
1,frontreco,300,229,shippingservice,server,59,4,4,4,0
1,frontreco,300,245,adservice,server,65,3,3,3,0
1,frontreco,300,245,cartservice,server,52,4,4,4,0
1,frontreco,300,245,checkoutservice,checkout,58,4,4,4,0
1,frontreco,300,245,currencyservice,server,76,3,3,3,0
1,frontreco,300,245,emailservice,email,73,4,4,4,0
1,frontreco,300,245,frontend,recommendation,87,4,4,3,1
1,frontreco,300,245,frontend,server,76,4,4,3,1
1,frontreco,300,245,paymentservice,payment,63,4,4,4,0
1,frontreco,300,245,productcatalogservice,server,65,3,3,3,0
1,frontreco,300,245,redis-cart,-,,1,1,1,0
1,frontreco,300,245,shippingservice,server,51,4,4,4,0
1,frontreco,300,260,adservice,server,65,3,3,3,0
1,frontreco,300,260,cartservice,server,53,4,4,4,0
1,frontreco,300,260,checkoutservice,checkout,54,4,4,4,0
1,frontreco,300,260,currencyservice,server,71,3,3,3,0
1,frontreco,300,260,emailservice,email,71,4,4,4,0
1,frontreco,300,260,frontend,recommendation,89,4,4,3,1
1,frontreco,300,260,frontend,server,77,4,4,3,1
1,frontreco,300,260,paymentservice,payment,64,4,4,4,0
1,frontreco,300,260,productcatalogservice,server,67,3,3,3,0
1,frontreco,300,260,redis-cart,-,,1,1,1,0
1,frontreco,300,260,shippingservice,server,58,4,4,4,0
1,frontreco,300,275,adservice,server,65,3,3,3,0
1,frontreco,300,275,cartservice,server,64,4,4,4,0
1,frontreco,300,275,checkoutservice,checkout,59,4,4,4,0
1,frontreco,300,275,currencyservice,server,72,3,3,3,0
1,frontreco,300,275,emailservice,email,72,4,4,4,0
1,frontreco,300,275,frontend,recommendation,87,4,4,3,1
1,frontreco,300,275,frontend,server,79,4,4,3,1
1,frontreco,300,275,paymentservice,payment,65,4,4,4,0
1,frontreco,300,275,productcatalogservice,server,69,3,3,3,0
1,frontreco,300,275,redis-cart,-,,1,1,1,0
1,frontreco,300,275,shippingservice,server,59,4,4,4,0
1,frontreco,300,291,adservice,server,64,3,3,3,0
1,frontreco,300,291,cartservice,server,58,4,4,4,0
1,frontreco,300,291,checkoutservice,checkout,59,4,4,4,0
1,frontreco,300,291,currencyservice,server,75,3,3,3,0
1,frontreco,300,291,emailservice,email,75,4,4,4,0
1,frontreco,300,291,frontend,recommendation,88,4,4,3,1
1,frontreco,300,291,frontend,server,78,4,4,3,1
1,frontreco,300,291,paymentservice,payment,71,4,4,4,0
1,frontreco,300,291,productcatalogservice,server,68,3,3,3,0
1,frontreco,300,291,redis-cart,-,,1,1,1,0
1,frontreco,300,291,shippingservice,server,60,4,4,4,0
1,frontreco,300,306,adservice,server,66,3,3,3,0
1,frontreco,300,306,cartservice,server,59,4,4,4,0
1,frontreco,300,306,checkoutservice,checkout,60,4,4,4,0
1,frontreco,300,306,currencyservice,server,75,3,3,3,0
1,frontreco,300,306,emailservice,email,73,4,4,4,0
1,frontreco,300,306,frontend,recommendation,87,4,4,3,1
1,frontreco,300,306,frontend,server,78,4,4,3,1
1,frontreco,300,306,paymentservice,payment,65,4,4,4,0
1,frontreco,300,306,productcatalogservice,server,69,3,3,3,0
1,frontreco,300,306,redis-cart,-,,1,1,1,0
1,frontreco,300,306,shippingservice,server,59,4,4,4,0
1,frontreco,300,321,adservice,server,66,3,3,3,0
1,frontreco,300,321,cartservice,server,61,4,4,4,0
1,frontreco,300,321,checkoutservice,checkout,59,4,4,4,0
1,frontreco,300,321,currencyservice,server,75,3,3,3,0
1,frontreco,300,321,emailservice,email,75,4,4,4,0
1,frontreco,300,321,frontend,recommendation,89,4,4,3,1
1,frontreco,300,321,frontend,server,80,4,4,3,1
1,frontreco,300,321,paymentservice,payment,68,4,4,4,0
1,frontreco,300,321,productcatalogservice,server,66,3,3,3,0
1,frontreco,300,321,redis-cart,-,,1,1,1,0
1,frontreco,300,321,shippingservice,server,59,4,4,4,0
1,frontreco,300,337,adservice,server,67,3,3,3,0
1,frontreco,300,337,cartservice,server,61,4,4,4,0
1,frontreco,300,337,checkoutservice,checkout,61,4,4,4,0
1,frontreco,300,337,currencyservice,server,75,3,3,3,0
1,frontreco,300,337,emailservice,email,74,4,4,4,0
1,frontreco,300,337,frontend,recommendation,86,4,4,3,1
1,frontreco,300,337,frontend,server,80,4,4,3,1
1,frontreco,300,337,paymentservice,payment,71,4,4,4,0
1,frontreco,300,337,productcatalogservice,server,71,3,3,3,0
1,frontreco,300,337,redis-cart,-,,1,1,1,0
1,frontreco,300,337,shippingservice,server,59,4,4,4,0
1,frontreco,300,352,adservice,server,31,3,3,3,0
1,frontreco,300,352,cartservice,server,22,4,4,4,0
1,frontreco,300,352,checkoutservice,checkout,28,4,4,4,0
1,frontreco,300,352,currencyservice,server,28,3,3,3,0
1,frontreco,300,352,emailservice,email,36,4,4,4,0
1,frontreco,300,352,frontend,recommendation,33,4,4,3,1
1,frontreco,300,352,frontend,server,37,4,4,3,1
1,frontreco,300,352,paymentservice,payment,51,4,4,4,0
1,frontreco,300,352,productcatalogservice,server,31,3,3,3,0
1,frontreco,300,352,redis-cart,-,,1,1,1,0
1,frontreco,300,352,shippingservice,server,9,4,4,4,0
1,frontcart,150,0,adservice,server,8,2,2,2,0
1,frontcart,150,0,checkoutservice,checkout,0,2,2,2,0
1,frontcart,150,0,currencyservice,server,0,2,2,2,0
1,frontcart,150,0,emailservice,email,2,2,2,2,0
1,frontcart,150,0,frontend,cartservice,2,2,2,2,0
1,frontcart,150,0,frontend,server,0,2,2,2,0
1,frontcart,150,0,paymentservice,-,,,0,2,0
1,frontcart,150,0,productcatalogservice,-,,,0,2,0
1,frontcart,150,0,recommendationservice,-,,,0,2,0
1,frontcart,150,0,redis-cart,-,,1,1,1,0
1,frontcart,150,0,shippingservice,-,,,0,2,0
1,frontcart,150,15,adservice,server,3,2,2,2,0
1,frontcart,150,15,checkoutservice,checkout,0,2,2,2,0
1,frontcart,150,15,currencyservice,server,0,2,2,2,0
1,frontcart,150,15,emailservice,email,2,2,2,2,0
1,frontcart,150,15,frontend,cartservice,1,2,2,2,0
1,frontcart,150,15,frontend,server,0,2,2,2,0
1,frontcart,150,15,paymentservice,payment,1,2,2,2,0
1,frontcart,150,15,productcatalogservice,server,0,2,2,2,0
1,frontcart,150,15,recommendationservice,server,0,2,2,2,0
1,frontcart,150,15,redis-cart,-,,1,1,1,0
1,frontcart,150,15,shippingservice,server,0,2,2,2,0
1,frontcart,150,31,adservice,server,194,2,2,2,0
1,frontcart,150,31,checkoutservice,checkout,44,2,2,2,0
1,frontcart,150,31,currencyservice,server,33,2,2,2,0
1,frontcart,150,31,emailservice,email,32,2,2,2,0
1,frontcart,150,31,frontend,cartservice,97,2,2,2,0
1,frontcart,150,31,frontend,server,29,2,2,2,0
1,frontcart,150,31,paymentservice,payment,53,2,2,2,0
1,frontcart,150,31,productcatalogservice,server,0,2,2,2,0
1,frontcart,150,31,recommendationservice,server,0,2,2,2,0
1,frontcart,150,31,redis-cart,-,,1,1,1,0
1,frontcart,150,31,shippingservice,server,0,2,2,2,0
1,frontcart,150,46,adservice,server,281,2,6,2,0
1,frontcart,150,46,checkoutservice,checkout,59,2,2,2,0
1,frontcart,150,46,currencyservice,server,57,2,2,2,0
1,frontcart,150,46,emailservice,email,65,2,2,2,0
1,frontcart,150,46,frontend,cartservice,65,2,2,2,0
1,frontcart,150,46,frontend,server,61,2,2,2,0
1,frontcart,150,46,paymentservice,payment,75,2,2,2,0
1,frontcart,150,46,productcatalogservice,server,57,2,2,2,0
1,frontcart,150,46,recommendationservice,server,37,2,2,2,0
1,frontcart,150,46,redis-cart,-,,1,1,1,0
1,frontcart,150,46,shippingservice,server,45,2,2,2,0
1,frontcart,150,61,adservice,server,244,6,7,2,0
1,frontcart,150,61,checkoutservice,checkout,57,2,2,2,0
1,frontcart,150,61,currencyservice,server,55,2,2,2,0
1,frontcart,150,61,emailservice,email,63,2,2,2,0
1,frontcart,150,61,frontend,cartservice,62,2,2,2,0
1,frontcart,150,61,frontend,server,56,2,2,2,0
1,frontcart,150,61,paymentservice,payment,60,2,2,2,0
1,frontcart,150,61,productcatalogservice,server,53,2,2,2,0
1,frontcart,150,61,recommendationservice,server,54,2,2,2,0
1,frontcart,150,61,redis-cart,-,,1,1,1,0
1,frontcart,150,61,shippingservice,server,57,2,2,2,0
1,frontcart,150,76,adservice,server,168,7,7,2,0
1,frontcart,150,76,checkoutservice,checkout,54,2,2,2,0
1,frontcart,150,76,currencyservice,server,55,2,2,2,0
1,frontcart,150,76,emailservice,email,61,2,2,2,0
1,frontcart,150,76,frontend,cartservice,59,2,2,2,0
1,frontcart,150,76,frontend,server,56,2,2,2,0
1,frontcart,150,76,paymentservice,payment,60,2,2,2,0
1,frontcart,150,76,productcatalogservice,server,52,2,2,2,0
1,frontcart,150,76,recommendationservice,server,53,2,2,2,0
1,frontcart,150,76,redis-cart,-,,1,1,1,0
1,frontcart,150,76,shippingservice,server,54,2,2,2,0
1,frontcart,150,91,adservice,server,98,7,7,6,0
1,frontcart,150,91,checkoutservice,checkout,54,2,2,2,0
1,frontcart,150,91,currencyservice,server,55,2,2,2,0
1,frontcart,150,91,emailservice,email,61,2,2,2,0
1,frontcart,150,91,frontend,cartservice,58,2,2,2,0
1,frontcart,150,91,frontend,server,55,2,2,2,0
1,frontcart,150,91,paymentservice,payment,61,2,2,2,0
1,frontcart,150,91,productcatalogservice,server,54,2,2,2,0
1,frontcart,150,91,recommendationservice,server,55,2,2,2,0
1,frontcart,150,91,redis-cart,-,,1,1,1,0
1,frontcart,150,91,shippingservice,server,53,2,2,2,0
1,frontcart,150,107,adservice,server,147,7,7,7,0
1,frontcart,150,107,checkoutservice,checkout,58,2,2,2,0
1,frontcart,150,107,currencyservice,server,54,2,2,2,0
1,frontcart,150,107,emailservice,email,63,2,2,2,0
1,frontcart,150,107,frontend,cartservice,56,2,2,2,0
1,frontcart,150,107,frontend,server,55,2,2,2,0
1,frontcart,150,107,paymentservice,payment,60,2,2,2,0
1,frontcart,150,107,productcatalogservice,server,53,2,2,2,0
1,frontcart,150,107,recommendationservice,server,52,2,2,2,0
1,frontcart,150,107,redis-cart,-,,1,1,1,0
1,frontcart,150,107,shippingservice,server,53,2,2,2,0
1,frontcart,150,122,adservice,server,71,7,7,7,0
1,frontcart,150,122,checkoutservice,checkout,56,2,2,2,0
1,frontcart,150,122,currencyservice,server,56,2,2,2,0
1,frontcart,150,122,emailservice,email,63,2,2,2,0
1,frontcart,150,122,frontend,cartservice,60,2,2,2,0
1,frontcart,150,122,frontend,server,56,2,2,2,0
1,frontcart,150,122,paymentservice,payment,62,2,2,2,0
1,frontcart,150,122,productcatalogservice,server,53,2,2,2,0
1,frontcart,150,122,recommendationservice,server,54,2,2,2,0
1,frontcart,150,122,redis-cart,-,,1,1,1,0
1,frontcart,150,122,shippingservice,server,57,2,2,2,0
1,frontcart,150,137,adservice,server,19,7,7,7,0
1,frontcart,150,137,checkoutservice,checkout,55,2,2,2,0
1,frontcart,150,137,currencyservice,server,53,2,2,2,0
1,frontcart,150,137,emailservice,email,63,2,2,2,0
1,frontcart,150,137,frontend,cartservice,58,2,2,2,0
1,frontcart,150,137,frontend,server,55,2,2,2,0
1,frontcart,150,137,paymentservice,payment,58,2,2,2,0
1,frontcart,150,137,productcatalogservice,server,53,2,2,2,0
1,frontcart,150,137,recommendationservice,server,52,2,2,2,0
1,frontcart,150,137,redis-cart,-,,1,1,1,0
1,frontcart,150,137,shippingservice,server,54,2,2,2,0
1,frontcart,150,152,adservice,server,24,7,7,7,0
1,frontcart,150,152,checkoutservice,checkout,59,2,2,2,0
1,frontcart,150,152,currencyservice,server,57,2,2,2,0
1,frontcart,150,152,emailservice,email,62,2,2,2,0
1,frontcart,150,152,frontend,cartservice,65,2,2,2,0
1,frontcart,150,152,frontend,server,55,2,2,2,0
1,frontcart,150,152,paymentservice,payment,64,2,2,2,0
1,frontcart,150,152,productcatalogservice,server,53,2,2,2,0
1,frontcart,150,152,recommendationservice,server,54,2,2,2,0
1,frontcart,150,152,redis-cart,-,,1,1,1,0
1,frontcart,150,152,shippingservice,server,57,2,2,2,0
1,frontcart,150,167,adservice,server,20,7,7,7,0
1,frontcart,150,167,checkoutservice,checkout,57,2,2,2,0
1,frontcart,150,167,currencyservice,server,55,2,2,2,0
1,frontcart,150,167,emailservice,email,63,2,2,2,0
1,frontcart,150,167,frontend,cartservice,68,2,2,2,0
1,frontcart,150,167,frontend,server,55,2,2,2,0
1,frontcart,150,167,paymentservice,payment,64,2,2,2,0
1,frontcart,150,167,productcatalogservice,server,53,2,2,2,0
1,frontcart,150,167,recommendationservice,server,52,2,2,2,0
1,frontcart,150,167,redis-cart,-,,1,1,1,0
1,frontcart,150,167,shippingservice,server,55,2,2,2,0
1,frontcart,150,183,adservice,server,20,7,3,3,0
1,frontcart,150,183,checkoutservice,checkout,56,2,2,2,0
1,frontcart,150,183,currencyservice,server,54,2,2,2,0
1,frontcart,150,183,emailservice,email,61,2,2,2,0
1,frontcart,150,183,frontend,cartservice,65,2,2,2,0
1,frontcart,150,183,frontend,server,53,2,2,2,0
1,frontcart,150,183,paymentservice,payment,61,2,2,2,0
1,frontcart,150,183,productcatalogservice,server,50,2,2,2,0
1,frontcart,150,183,recommendationservice,server,52,2,2,2,0
1,frontcart,150,183,redis-cart,-,,1,1,1,0
1,frontcart,150,183,shippingservice,server,55,2,2,2,0
1,frontcart,150,198,adservice,server,39,3,3,3,0
1,frontcart,150,198,checkoutservice,checkout,55,2,2,2,0
1,frontcart,150,198,currencyservice,server,55,2,2,2,0
1,frontcart,150,198,emailservice,email,62,2,2,2,0
1,frontcart,150,198,frontend,cartservice,60,2,2,2,0
1,frontcart,150,198,frontend,server,55,2,2,2,0
1,frontcart,150,198,paymentservice,payment,60,2,2,2,0
1,frontcart,150,198,productcatalogservice,server,52,2,2,2,0
1,frontcart,150,198,recommendationservice,server,52,2,2,2,0
1,frontcart,150,198,redis-cart,-,,1,1,1,0
1,frontcart,150,198,shippingservice,server,55,2,2,2,0
1,frontcart,150,213,adservice,server,37,3,2,2,0
1,frontcart,150,213,checkoutservice,checkout,55,2,2,2,0
1,frontcart,150,213,currencyservice,server,54,2,2,2,0
1,frontcart,150,213,emailservice,email,60,2,2,2,0
1,frontcart,150,213,frontend,cartservice,62,2,2,2,0
1,frontcart,150,213,frontend,server,54,2,2,2,0
1,frontcart,150,213,paymentservice,payment,59,2,2,2,0
1,frontcart,150,213,productcatalogservice,server,51,2,2,2,0
1,frontcart,150,213,recommendationservice,server,54,2,2,2,0
1,frontcart,150,213,redis-cart,-,,1,1,1,0
1,frontcart,150,213,shippingservice,server,53,2,2,2,0
1,frontcart,150,228,adservice,server,56,2,2,2,0
1,frontcart,150,228,checkoutservice,checkout,56,2,2,2,0
1,frontcart,150,228,currencyservice,server,54,2,2,2,0
1,frontcart,150,228,emailservice,email,61,2,2,2,0
1,frontcart,150,228,frontend,cartservice,63,2,2,2,0
1,frontcart,150,228,frontend,server,55,2,2,2,0
1,frontcart,150,228,paymentservice,payment,54,2,2,2,0
1,frontcart,150,228,productcatalogservice,server,52,2,2,2,0
1,frontcart,150,228,recommendationservice,server,53,2,2,2,0
1,frontcart,150,228,redis-cart,-,,1,1,1,0
1,frontcart,150,228,shippingservice,server,54,2,2,2,0
1,frontcart,150,243,adservice,server,53,2,2,2,0
1,frontcart,150,243,checkoutservice,checkout,51,2,2,2,0
1,frontcart,150,243,currencyservice,server,51,2,2,2,0
1,frontcart,150,243,emailservice,email,61,2,2,2,0
1,frontcart,150,243,frontend,cartservice,51,2,2,2,0
1,frontcart,150,243,frontend,server,57,2,2,2,0
1,frontcart,150,243,paymentservice,payment,60,2,2,2,0
1,frontcart,150,243,productcatalogservice,server,52,2,2,2,0
1,frontcart,150,243,recommendationservice,server,52,2,2,2,0
1,frontcart,150,243,redis-cart,-,,1,1,1,0
1,frontcart,150,243,shippingservice,server,48,2,2,2,0
1,frontcart,150,259,adservice,server,52,2,2,2,0
1,frontcart,150,259,checkoutservice,checkout,57,2,2,2,0
1,frontcart,150,259,currencyservice,server,55,2,2,2,0
1,frontcart,150,259,emailservice,email,61,2,2,2,0
1,frontcart,150,259,frontend,cartservice,64,2,2,2,0
1,frontcart,150,259,frontend,server,55,2,2,2,0
1,frontcart,150,259,paymentservice,payment,59,2,2,2,0
1,frontcart,150,259,productcatalogservice,server,54,2,2,2,0
1,frontcart,150,259,recommendationservice,server,53,2,2,2,0
1,frontcart,150,259,redis-cart,-,,1,1,1,0
1,frontcart,150,259,shippingservice,server,56,2,2,2,0
1,frontcart,150,274,adservice,server,52,2,2,2,0
1,frontcart,150,274,checkoutservice,checkout,60,2,2,2,0
1,frontcart,150,274,currencyservice,server,58,2,2,2,0
1,frontcart,150,274,emailservice,email,64,2,2,2,0
1,frontcart,150,274,frontend,cartservice,70,2,2,2,0
1,frontcart,150,274,frontend,server,58,2,2,2,0
1,frontcart,150,274,paymentservice,payment,67,2,2,2,0
1,frontcart,150,274,productcatalogservice,server,55,2,2,2,0
1,frontcart,150,274,recommendationservice,server,56,2,2,2,0
1,frontcart,150,274,redis-cart,-,,1,1,1,0
1,frontcart,150,274,shippingservice,server,59,2,2,2,0
1,frontcart,150,289,adservice,server,42,2,2,2,0
1,frontcart,150,289,checkoutservice,checkout,55,2,2,2,0
1,frontcart,150,289,currencyservice,server,54,2,2,2,0
1,frontcart,150,289,emailservice,email,64,2,2,2,0
1,frontcart,150,289,frontend,cartservice,68,2,2,2,0
1,frontcart,150,289,frontend,server,53,2,2,2,0
1,frontcart,150,289,paymentservice,payment,61,2,2,2,0
1,frontcart,150,289,productcatalogservice,server,51,2,2,2,0
1,frontcart,150,289,recommendationservice,server,51,2,2,2,0
1,frontcart,150,289,redis-cart,-,,1,1,1,0
1,frontcart,150,289,shippingservice,server,54,2,2,2,0
1,frontcart,150,304,adservice,server,45,2,2,2,0
1,frontcart,150,304,checkoutservice,checkout,54,2,2,2,0
1,frontcart,150,304,currencyservice,server,54,2,2,2,0
1,frontcart,150,304,emailservice,email,60,2,2,2,0
1,frontcart,150,304,frontend,cartservice,57,2,2,2,0
1,frontcart,150,304,frontend,server,54,2,2,2,0
1,frontcart,150,304,paymentservice,payment,58,2,2,2,0
1,frontcart,150,304,productcatalogservice,server,52,2,2,2,0
1,frontcart,150,304,recommendationservice,server,51,2,2,2,0
1,frontcart,150,304,redis-cart,-,,1,1,1,0
1,frontcart,150,304,shippingservice,server,53,2,2,2,0
1,frontcart,150,319,adservice,server,43,2,2,2,0
1,frontcart,150,319,checkoutservice,checkout,52,2,2,2,0
1,frontcart,150,319,currencyservice,server,54,2,2,2,0
1,frontcart,150,319,emailservice,email,61,2,2,2,0
1,frontcart,150,319,frontend,cartservice,56,2,2,2,0
1,frontcart,150,319,frontend,server,52,2,2,2,0
1,frontcart,150,319,paymentservice,payment,61,2,2,2,0
1,frontcart,150,319,productcatalogservice,server,52,2,2,2,0
1,frontcart,150,319,recommendationservice,server,52,2,2,2,0
1,frontcart,150,319,redis-cart,-,,1,1,1,0
1,frontcart,150,319,shippingservice,server,54,2,2,2,0
1,frontcart,150,334,adservice,server,47,2,2,2,0
1,frontcart,150,334,checkoutservice,checkout,56,2,2,2,0
1,frontcart,150,334,currencyservice,server,53,2,2,2,0
1,frontcart,150,334,emailservice,email,60,2,2,2,0
1,frontcart,150,334,frontend,cartservice,53,2,2,2,0
1,frontcart,150,334,frontend,server,52,2,2,2,0
1,frontcart,150,334,paymentservice,payment,56,2,2,2,0
1,frontcart,150,334,productcatalogservice,server,50,2,2,2,0
1,frontcart,150,334,recommendationservice,server,52,2,2,2,0
1,frontcart,150,334,redis-cart,-,,1,1,1,0
1,frontcart,150,334,shippingservice,server,51,2,2,2,0
1,frontcart,150,350,adservice,server,48,2,2,2,0
1,frontcart,150,350,checkoutservice,checkout,54,2,2,2,0
1,frontcart,150,350,currencyservice,server,53,2,2,2,0
1,frontcart,150,350,emailservice,email,60,2,2,2,0
1,frontcart,150,350,frontend,cartservice,59,2,2,2,0
1,frontcart,150,350,frontend,server,55,2,2,2,0
1,frontcart,150,350,paymentservice,payment,58,2,2,2,0
1,frontcart,150,350,productcatalogservice,server,45,2,2,2,0
1,frontcart,150,350,recommendationservice,server,50,2,2,2,0
1,frontcart,150,350,redis-cart,-,,1,1,1,0
1,frontcart,150,350,shippingservice,server,55,2,2,2,0
1,frontcart,200,0,adservice,server,11,2,2,2,0
1,frontcart,200,0,checkoutservice,checkout,0,2,2,2,0
1,frontcart,200,0,currencyservice,server,38,2,2,2,0
1,frontcart,200,0,emailservice,email,38,2,2,2,0
1,frontcart,200,0,frontend,cartservice,18,2,2,2,0
1,frontcart,200,0,frontend,server,14,2,2,2,0
1,frontcart,200,0,paymentservice,payment,1,2,2,2,0
1,frontcart,200,0,productcatalogservice,server,4,2,2,2,0
1,frontcart,200,0,recommendationservice,server,15,2,2,2,0
1,frontcart,200,0,redis-cart,-,,1,1,1,0
1,frontcart,200,0,shippingservice,server,0,2,2,2,0
1,frontcart,200,15,adservice,server,3,2,2,2,0
1,frontcart,200,15,checkoutservice,checkout,0,2,2,2,0
1,frontcart,200,15,currencyservice,server,0,2,2,2,0
1,frontcart,200,15,emailservice,email,2,2,2,2,0
1,frontcart,200,15,frontend,cartservice,1,2,2,2,0
1,frontcart,200,15,frontend,server,0,2,2,2,0
1,frontcart,200,15,paymentservice,payment,5,2,2,2,0
1,frontcart,200,15,productcatalogservice,server,0,2,2,2,0
1,frontcart,200,15,recommendationservice,server,8,2,2,2,0
1,frontcart,200,15,redis-cart,-,,1,1,1,0
1,frontcart,200,15,shippingservice,server,0,2,2,2,0
1,frontcart,200,30,adservice,server,14,2,2,2,0
1,frontcart,200,30,checkoutservice,checkout,8,2,2,2,0
1,frontcart,200,30,currencyservice,server,11,2,2,2,0
1,frontcart,200,30,emailservice,email,17,2,2,2,0
1,frontcart,200,30,frontend,cartservice,0,2,2,2,0
1,frontcart,200,30,frontend,server,0,2,2,2,0
1,frontcart,200,30,paymentservice,payment,41,2,2,2,0
1,frontcart,200,30,productcatalogservice,server,18,2,2,2,0
1,frontcart,200,30,recommendationservice,server,25,2,2,2,0
1,frontcart,200,30,redis-cart,-,,1,1,1,0
1,frontcart,200,30,shippingservice,server,0,2,2,2,0
1,frontcart,200,46,adservice,server,63,2,2,2,0
1,frontcart,200,46,checkoutservice,checkout,74,2,2,2,0
1,frontcart,200,46,currencyservice,server,69,2,2,2,0
1,frontcart,200,46,emailservice,email,82,2,2,2,0
1,frontcart,200,46,frontend,cartservice,62,2,2,2,0
1,frontcart,200,46,frontend,server,61,2,2,2,0
1,frontcart,200,46,paymentservice,payment,97,2,2,2,0
1,frontcart,200,46,productcatalogservice,server,66,2,2,2,0
1,frontcart,200,46,recommendationservice,server,47,2,2,2,0
1,frontcart,200,46,redis-cart,-,,1,1,1,0
1,frontcart,200,46,shippingservice,server,57,2,2,2,0
1,frontcart,200,61,adservice,server,61,2,2,2,0
1,frontcart,200,61,checkoutservice,checkout,74,2,2,2,0
1,frontcart,200,61,currencyservice,server,71,2,2,2,0
1,frontcart,200,61,emailservice,email,84,2,3,3,0
1,frontcart,200,61,frontend,cartservice,83,2,2,2,0
1,frontcart,200,61,frontend,server,74,2,2,2,0
1,frontcart,200,61,paymentservice,payment,88,2,3,3,0
1,frontcart,200,61,productcatalogservice,server,69,2,2,2,0
1,frontcart,200,61,recommendationservice,server,70,2,2,2,0
1,frontcart,200,61,redis-cart,-,,1,1,1,0
1,frontcart,200,61,shippingservice,server,71,2,2,2,0
1,frontcart,200,76,adservice,server,57,2,2,2,0
1,frontcart,200,76,checkoutservice,checkout,75,2,2,2,0
1,frontcart,200,76,currencyservice,server,70,2,2,2,0
1,frontcart,200,76,emailservice,email,84,3,3,3,0
1,frontcart,200,76,frontend,cartservice,95,2,3,2,0
1,frontcart,200,76,frontend,server,68,2,3,2,0
1,frontcart,200,76,paymentservice,payment,81,3,3,3,0
1,frontcart,200,76,productcatalogservice,server,67,2,2,2,0
1,frontcart,200,76,recommendationservice,server,67,2,2,2,0
1,frontcart,200,76,redis-cart,-,,1,1,1,0
1,frontcart,200,76,shippingservice,server,72,2,2,2,0
1,frontcart,200,91,adservice,server,61,2,2,2,0
1,frontcart,200,91,checkoutservice,checkout,68,2,2,2,0
1,frontcart,200,91,currencyservice,server,70,2,2,2,0
1,frontcart,200,91,emailservice,email,81,3,3,3,0
1,frontcart,200,91,frontend,cartservice,72,3,3,3,0
1,frontcart,200,91,frontend,server,73,3,3,3,0
1,frontcart,200,91,paymentservice,payment,81,3,3,3,0
1,frontcart,200,91,productcatalogservice,server,67,2,2,2,0
1,frontcart,200,91,recommendationservice,server,74,2,2,2,0
1,frontcart,200,91,redis-cart,-,,1,1,1,0
1,frontcart,200,91,shippingservice,server,70,2,2,2,0
1,frontcart,200,106,adservice,server,57,2,2,2,0
1,frontcart,200,106,checkoutservice,checkout,55,2,2,2,0
1,frontcart,200,106,currencyservice,server,64,2,2,2,0
1,frontcart,200,106,emailservice,email,52,3,3,3,0
1,frontcart,200,106,frontend,cartservice,63,3,3,3,0
1,frontcart,200,106,frontend,server,69,3,3,3,0
1,frontcart,200,106,paymentservice,payment,51,3,3,3,0
1,frontcart,200,106,productcatalogservice,server,65,2,2,2,0
1,frontcart,200,106,recommendationservice,server,69,2,2,2,0
1,frontcart,200,106,redis-cart,-,,1,1,1,0
1,frontcart,200,106,shippingservice,server,59,2,2,2,0
1,frontcart,200,122,adservice,server,63,2,2,2,0
1,frontcart,200,122,checkoutservice,checkout,70,2,2,2,0
1,frontcart,200,122,currencyservice,server,68,2,2,2,0
1,frontcart,200,122,emailservice,email,52,3,3,3,0
1,frontcart,200,122,frontend,cartservice,80,3,3,3,0
1,frontcart,200,122,frontend,server,72,3,3,3,0
1,frontcart,200,122,paymentservice,payment,44,3,3,3,0
1,frontcart,200,122,productcatalogservice,server,66,2,2,2,0
1,frontcart,200,122,recommendationservice,server,71,2,2,2,0
1,frontcart,200,122,redis-cart,-,,1,1,1,0
1,frontcart,200,122,shippingservice,server,71,2,2,2,0
1,frontcart,200,137,adservice,server,57,2,2,2,0
1,frontcart,200,137,checkoutservice,checkout,76,2,2,2,0
1,frontcart,200,137,currencyservice,server,71,2,2,2,0
1,frontcart,200,137,emailservice,email,56,3,3,3,0
1,frontcart,200,137,frontend,cartservice,89,3,3,3,0
1,frontcart,200,137,frontend,server,68,3,3,3,0
1,frontcart,200,137,paymentservice,payment,55,3,3,3,0
1,frontcart,200,137,productcatalogservice,server,68,2,2,2,0
1,frontcart,200,137,recommendationservice,server,69,2,2,2,0
1,frontcart,200,137,redis-cart,-,,1,1,1,0
1,frontcart,200,137,shippingservice,server,74,2,2,2,0
1,frontcart,200,152,adservice,server,58,2,2,2,0
1,frontcart,200,152,checkoutservice,checkout,77,2,2,2,0
1,frontcart,200,152,currencyservice,server,73,2,2,2,0
1,frontcart,200,152,emailservice,email,57,3,3,3,0
1,frontcart,200,152,frontend,cartservice,63,3,3,3,0
1,frontcart,200,152,frontend,server,46,3,3,3,0
1,frontcart,200,152,paymentservice,payment,59,3,3,3,0
1,frontcart,200,152,productcatalogservice,server,70,2,2,2,0
1,frontcart,200,152,recommendationservice,server,73,2,2,2,0
1,frontcart,200,152,redis-cart,-,,1,1,1,0
1,frontcart,200,152,shippingservice,server,77,2,2,2,0
1,frontcart,200,167,adservice,server,59,2,2,2,0
1,frontcart,200,167,checkoutservice,checkout,76,2,2,2,0
1,frontcart,200,167,currencyservice,server,72,2,2,2,0
1,frontcart,200,167,emailservice,email,57,3,3,3,0
1,frontcart,200,167,frontend,cartservice,60,3,3,3,0
1,frontcart,200,167,frontend,server,48,3,3,3,0
1,frontcart,200,167,paymentservice,payment,60,3,3,3,0
1,frontcart,200,167,productcatalogservice,server,69,2,2,2,0
1,frontcart,200,167,recommendationservice,server,69,2,2,2,0
1,frontcart,200,167,redis-cart,-,,1,1,1,0
1,frontcart,200,167,shippingservice,server,75,2,2,2,0
1,frontcart,200,183,adservice,server,60,2,2,2,0
1,frontcart,200,183,checkoutservice,checkout,69,2,2,2,0
1,frontcart,200,183,currencyservice,server,72,2,2,2,0
1,frontcart,200,183,emailservice,email,57,3,3,3,0
1,frontcart,200,183,frontend,cartservice,52,3,3,3,0
1,frontcart,200,183,frontend,server,49,3,3,3,0
1,frontcart,200,183,paymentservice,payment,53,3,3,3,0
1,frontcart,200,183,productcatalogservice,server,67,2,2,2,0
1,frontcart,200,183,recommendationservice,server,71,2,2,2,0
1,frontcart,200,183,redis-cart,-,,1,1,1,0
1,frontcart,200,183,shippingservice,server,75,2,2,2,0
1,frontcart,200,198,adservice,server,59,2,2,2,0
1,frontcart,200,198,checkoutservice,checkout,74,2,2,2,0
1,frontcart,200,198,currencyservice,server,65,2,2,2,0
1,frontcart,200,198,emailservice,email,52,3,3,3,0
1,frontcart,200,198,frontend,cartservice,52,3,3,3,0
1,frontcart,200,198,frontend,server,47,3,3,3,0
1,frontcart,200,198,paymentservice,payment,52,3,3,3,0
1,frontcart,200,198,productcatalogservice,server,68,2,2,2,0
1,frontcart,200,198,recommendationservice,server,71,2,2,2,0
1,frontcart,200,198,redis-cart,-,,1,1,1,0
1,frontcart,200,198,shippingservice,server,67,2,2,2,0
1,frontcart,200,213,adservice,server,59,2,2,2,0
1,frontcart,200,213,checkoutservice,checkout,74,2,2,2,0
1,frontcart,200,213,currencyservice,server,70,2,2,2,0
1,frontcart,200,213,emailservice,email,56,3,3,3,0
1,frontcart,200,213,frontend,cartservice,59,3,3,3,0
1,frontcart,200,213,frontend,server,45,3,3,3,0
1,frontcart,200,213,paymentservice,payment,56,3,3,3,0
1,frontcart,200,213,productcatalogservice,server,68,2,2,2,0
1,frontcart,200,213,recommendationservice,server,69,2,2,2,0
1,frontcart,200,213,redis-cart,-,,1,1,1,0
1,frontcart,200,213,shippingservice,server,73,2,2,2,0
1,frontcart,200,228,adservice,server,60,2,2,2,0
1,frontcart,200,228,checkoutservice,checkout,75,2,2,2,0
1,frontcart,200,228,currencyservice,server,69,2,2,2,0
1,frontcart,200,228,emailservice,email,54,3,3,3,0
1,frontcart,200,228,frontend,cartservice,58,3,3,3,0
1,frontcart,200,228,frontend,server,49,3,3,3,0
1,frontcart,200,228,paymentservice,payment,55,3,3,3,0
1,frontcart,200,228,productcatalogservice,server,67,2,2,2,0
1,frontcart,200,228,recommendationservice,server,69,2,2,2,0
1,frontcart,200,228,redis-cart,-,,1,1,1,0
1,frontcart,200,228,shippingservice,server,73,2,2,2,0
1,frontcart,200,243,adservice,server,60,2,2,2,0
1,frontcart,200,243,checkoutservice,checkout,66,2,2,2,0
1,frontcart,200,243,currencyservice,server,65,2,2,2,0
1,frontcart,200,243,emailservice,email,52,3,3,3,0
1,frontcart,200,243,frontend,cartservice,58,3,3,3,0
1,frontcart,200,243,frontend,server,46,3,3,3,0
1,frontcart,200,243,paymentservice,payment,50,3,3,3,0
1,frontcart,200,243,productcatalogservice,server,67,2,2,2,0
1,frontcart,200,243,recommendationservice,server,69,2,2,2,0
1,frontcart,200,243,redis-cart,-,,1,1,1,0
1,frontcart,200,243,shippingservice,server,63,2,2,2,0
1,frontcart,200,259,adservice,server,60,2,2,2,0
1,frontcart,200,259,checkoutservice,checkout,72,2,2,2,0
1,frontcart,200,259,currencyservice,server,70,2,2,2,0
1,frontcart,200,259,emailservice,email,57,3,3,3,0
1,frontcart,200,259,frontend,cartservice,48,3,3,3,0
1,frontcart,200,259,frontend,server,50,3,3,3,0
1,frontcart,200,259,paymentservice,payment,53,3,3,3,0
1,frontcart,200,259,productcatalogservice,server,69,2,2,2,0
1,frontcart,200,259,recommendationservice,server,72,2,2,2,0
1,frontcart,200,259,redis-cart,-,,1,1,1,0
1,frontcart,200,259,shippingservice,server,76,2,2,2,0
1,frontcart,200,274,adservice,server,60,2,2,2,0
1,frontcart,200,274,checkoutservice,checkout,69,2,2,2,0
1,frontcart,200,274,currencyservice,server,67,2,2,2,0
1,frontcart,200,274,emailservice,email,53,3,3,3,0
1,frontcart,200,274,frontend,cartservice,49,3,3,3,0
1,frontcart,200,274,frontend,server,48,3,3,3,0
1,frontcart,200,274,paymentservice,payment,52,3,3,3,0
1,frontcart,200,274,productcatalogservice,server,66,2,2,2,0
1,frontcart,200,274,recommendationservice,server,70,2,2,2,0
1,frontcart,200,274,redis-cart,-,,1,1,1,0
1,frontcart,200,274,shippingservice,server,68,2,2,2,0
1,frontcart,200,289,adservice,server,57,2,2,2,0
1,frontcart,200,289,checkoutservice,checkout,71,2,2,2,0
1,frontcart,200,289,currencyservice,server,69,2,2,2,0
1,frontcart,200,289,emailservice,email,53,3,3,3,0
1,frontcart,200,289,frontend,cartservice,45,3,3,3,0
1,frontcart,200,289,frontend,server,46,3,3,3,0
1,frontcart,200,289,paymentservice,payment,50,3,3,3,0
1,frontcart,200,289,productcatalogservice,server,65,2,2,2,0
1,frontcart,200,289,recommendationservice,server,71,2,2,2,0
1,frontcart,200,289,redis-cart,-,,1,1,1,0
1,frontcart,200,289,shippingservice,server,68,2,2,2,0
1,frontcart,200,304,adservice,server,57,2,2,2,0
1,frontcart,200,304,checkoutservice,checkout,75,2,2,2,0
1,frontcart,200,304,currencyservice,server,73,2,2,2,0
1,frontcart,200,304,emailservice,email,53,3,3,3,0
1,frontcart,200,304,frontend,cartservice,55,3,3,3,0
1,frontcart,200,304,frontend,server,47,3,3,3,0
1,frontcart,200,304,paymentservice,payment,60,3,3,3,0
1,frontcart,200,304,productcatalogservice,server,69,2,2,2,0
1,frontcart,200,304,recommendationservice,server,69,2,2,2,0
1,frontcart,200,304,redis-cart,-,,1,1,1,0
1,frontcart,200,304,shippingservice,server,76,2,2,2,0
1,frontcart,200,319,adservice,server,59,2,2,2,0
1,frontcart,200,319,checkoutservice,checkout,72,2,2,2,0
1,frontcart,200,319,currencyservice,server,73,2,2,2,0
1,frontcart,200,319,emailservice,email,56,3,3,3,0
1,frontcart,200,319,frontend,cartservice,52,3,3,3,0
1,frontcart,200,319,frontend,server,48,3,3,3,0
1,frontcart,200,319,paymentservice,payment,60,3,3,3,0
1,frontcart,200,319,productcatalogservice,server,69,2,2,2,0
1,frontcart,200,319,recommendationservice,server,71,2,2,2,0
1,frontcart,200,319,redis-cart,-,,1,1,1,0
1,frontcart,200,319,shippingservice,server,71,2,2,2,0
1,frontcart,200,335,adservice,server,55,2,2,2,0
1,frontcart,200,335,checkoutservice,checkout,74,2,2,2,0
1,frontcart,200,335,currencyservice,server,69,2,2,2,0
1,frontcart,200,335,emailservice,email,58,3,3,3,0
1,frontcart,200,335,frontend,cartservice,53,3,3,3,0
1,frontcart,200,335,frontend,server,50,3,3,3,0
1,frontcart,200,335,paymentservice,payment,53,3,3,3,0
1,frontcart,200,335,productcatalogservice,server,67,2,2,2,0
1,frontcart,200,335,recommendationservice,server,69,2,2,2,0
1,frontcart,200,335,redis-cart,-,,1,1,1,0
1,frontcart,200,335,shippingservice,server,71,2,2,2,0
1,frontcart,200,350,adservice,server,60,2,2,2,0
1,frontcart,200,350,checkoutservice,checkout,66,2,2,2,0
1,frontcart,200,350,currencyservice,server,66,2,2,2,0
1,frontcart,200,350,emailservice,email,52,3,3,3,0
1,frontcart,200,350,frontend,cartservice,48,3,3,3,0
1,frontcart,200,350,frontend,server,45,3,3,3,0
1,frontcart,200,350,paymentservice,payment,51,3,3,3,0
1,frontcart,200,350,productcatalogservice,server,65,2,2,2,0
1,frontcart,200,350,recommendationservice,server,67,2,2,2,0
1,frontcart,200,350,redis-cart,-,,1,1,1,0
1,frontcart,200,350,shippingservice,server,71,2,2,2,0
1,frontcart,250,0,adservice,server,7,2,2,2,0
1,frontcart,250,0,checkoutservice,checkout,0,2,2,2,0
1,frontcart,250,0,currencyservice,server,0,2,2,2,0
1,frontcart,250,0,emailservice,email,31,3,3,3,0
1,frontcart,250,0,frontend,cartservice,23,3,3,3,0
1,frontcart,250,0,frontend,server,0,3,3,3,0
1,frontcart,250,0,paymentservice,payment,1,3,3,3,0
1,frontcart,250,0,productcatalogservice,server,1,2,2,2,0
1,frontcart,250,0,recommendationservice,server,0,2,2,2,0
1,frontcart,250,0,redis-cart,-,,1,1,1,0
1,frontcart,250,0,shippingservice,server,22,2,2,2,0
1,frontcart,250,16,adservice,server,4,2,2,2,0
1,frontcart,250,16,checkoutservice,checkout,0,2,2,2,0
1,frontcart,250,16,currencyservice,server,0,2,2,2,0
1,frontcart,250,16,emailservice,email,1,3,3,3,0
1,frontcart,250,16,frontend,cartservice,0,3,3,3,0
1,frontcart,250,16,frontend,server,0,3,3,3,0
1,frontcart,250,16,paymentservice,payment,1,3,3,3,0
1,frontcart,250,16,productcatalogservice,server,0,2,2,2,0
1,frontcart,250,16,recommendationservice,server,0,2,2,2,0
1,frontcart,250,16,redis-cart,-,,1,1,1,0
1,frontcart,250,16,shippingservice,server,0,2,2,2,0
1,frontcart,250,31,adservice,server,32,2,2,2,0
1,frontcart,250,31,checkoutservice,checkout,70,2,2,2,0
1,frontcart,250,31,currencyservice,server,27,2,2,2,0
1,frontcart,250,31,emailservice,email,15,3,2,2,0
1,frontcart,250,31,frontend,cartservice,45,3,2,2,0
1,frontcart,250,31,frontend,server,31,3,2,2,0
1,frontcart,250,31,paymentservice,payment,25,3,3,3,0
1,frontcart,250,31,productcatalogservice,server,71,2,2,2,0
1,frontcart,250,31,recommendationservice,server,46,2,2,2,0
1,frontcart,250,31,redis-cart,-,,1,1,1,0
1,frontcart,250,31,shippingservice,server,32,2,2,2,0
1,frontcart,250,46,adservice,server,70,2,2,2,0
1,frontcart,250,46,checkoutservice,checkout,85,2,2,2,0
1,frontcart,250,46,currencyservice,server,81,2,2,2,0
1,frontcart,250,46,emailservice,email,98,2,2,2,0
1,frontcart,250,46,frontend,cartservice,90,2,2,2,0
1,frontcart,250,46,frontend,server,42,2,2,2,0
1,frontcart,250,46,paymentservice,payment,83,3,3,3,0
1,frontcart,250,46,productcatalogservice,server,78,2,2,2,0
1,frontcart,250,46,recommendationservice,server,57,2,2,2,0
1,frontcart,250,46,redis-cart,-,,1,1,1,0
1,frontcart,250,46,shippingservice,server,90,2,2,2,0
1,frontcart,250,61,adservice,server,81,2,2,2,0
1,frontcart,250,61,checkoutservice,checkout,95,2,3,3,0
1,frontcart,250,61,currencyservice,server,86,2,3,3,0
1,frontcart,250,61,emailservice,email,103,2,3,2,0
1,frontcart,250,61,frontend,cartservice,102,2,3,2,0
1,frontcart,250,61,frontend,server,74,2,3,2,0
1,frontcart,250,61,paymentservice,payment,103,3,4,4,0
1,frontcart,250,61,productcatalogservice,server,83,2,3,3,0
1,frontcart,250,61,recommendationservice,server,86,2,2,2,0
1,frontcart,250,61,redis-cart,-,,1,1,1,0
1,frontcart,250,61,shippingservice,server,83,2,3,3,0
1,frontcart,250,77,adservice,server,73,2,2,2,0
1,frontcart,250,77,checkoutservice,checkout,91,3,3,3,0
1,frontcart,250,77,currencyservice,server,84,3,3,3,0
1,frontcart,250,77,emailservice,email,106,3,3,3,0
1,frontcart,250,77,frontend,cartservice,97,3,3,2,0
1,frontcart,250,77,frontend,server,91,3,3,2,0
1,frontcart,250,77,paymentservice,payment,71,4,4,4,0
1,frontcart,250,77,productcatalogservice,server,85,3,3,3,0
1,frontcart,250,77,recommendationservice,server,97,2,3,3,0
1,frontcart,250,77,redis-cart,-,,1,1,1,0
1,frontcart,250,77,shippingservice,server,90,3,3,3,0
1,frontcart,250,92,adservice,server,78,2,2,2,0
1,frontcart,250,92,checkoutservice,checkout,85,3,3,3,0
1,frontcart,250,92,currencyservice,server,55,3,3,3,0
1,frontcart,250,92,emailservice,email,106,3,3,3,0
1,frontcart,250,92,frontend,cartservice,98,3,3,3,0
1,frontcart,250,92,frontend,server,91,3,3,3,0
1,frontcart,250,92,paymentservice,payment,67,4,4,4,0
1,frontcart,250,92,productcatalogservice,server,82,3,3,3,0
1,frontcart,250,92,recommendationservice,server,97,3,3,3,0
1,frontcart,250,92,redis-cart,-,,1,1,1,0
1,frontcart,250,92,shippingservice,server,55,3,3,3,0
1,frontcart,250,107,adservice,server,81,2,3,2,0
1,frontcart,250,107,checkoutservice,checkout,57,3,3,3,0
1,frontcart,250,107,currencyservice,server,54,3,3,3,0
1,frontcart,250,107,emailservice,email,70,3,3,3,0
1,frontcart,250,107,frontend,cartservice,98,3,3,3,0
1,frontcart,250,107,frontend,server,89,3,3,3,0
1,frontcart,250,107,paymentservice,payment,47,4,4,4,0
1,frontcart,250,107,productcatalogservice,server,55,3,3,3,0
1,frontcart,250,107,recommendationservice,server,97,3,3,3,0
1,frontcart,250,107,redis-cart,-,,1,1,1,0
1,frontcart,250,107,shippingservice,server,58,3,3,3,0
1,frontcart,250,122,adservice,server,75,3,3,2,0
1,frontcart,250,122,checkoutservice,checkout,58,3,3,3,0
1,frontcart,250,122,currencyservice,server,52,3,3,3,0
1,frontcart,250,122,emailservice,email,68,3,3,3,0
1,frontcart,250,122,frontend,cartservice,91,3,3,3,0
1,frontcart,250,122,frontend,server,88,3,3,3,0
1,frontcart,250,122,paymentservice,payment,49,4,4,4,0
1,frontcart,250,122,productcatalogservice,server,55,3,3,3,0
1,frontcart,250,122,recommendationservice,server,92,3,3,3,0
1,frontcart,250,122,redis-cart,-,,1,1,1,0
1,frontcart,250,122,shippingservice,server,63,3,3,3,0
1,frontcart,250,137,adservice,server,76,3,3,3,0
1,frontcart,250,137,checkoutservice,checkout,64,3,3,3,0
1,frontcart,250,137,currencyservice,server,56,3,3,3,0
1,frontcart,250,137,emailservice,email,72,3,3,3,0
1,frontcart,250,137,frontend,cartservice,78,3,3,3,0
1,frontcart,250,137,frontend,server,61,3,3,3,0
1,frontcart,250,137,paymentservice,payment,56,4,4,4,0
1,frontcart,250,137,productcatalogservice,server,58,3,3,3,0
1,frontcart,250,137,recommendationservice,server,60,3,3,3,0
1,frontcart,250,137,redis-cart,-,,1,1,1,0
1,frontcart,250,137,shippingservice,server,53,3,3,3,0
1,frontcart,250,153,adservice,server,72,3,3,3,0
1,frontcart,250,153,checkoutservice,checkout,50,3,3,3,0
1,frontcart,250,153,currencyservice,server,53,3,3,3,0
1,frontcart,250,153,emailservice,email,72,3,3,3,0
1,frontcart,250,153,frontend,cartservice,69,3,3,3,0
1,frontcart,250,153,frontend,server,58,3,3,3,0
1,frontcart,250,153,paymentservice,payment,49,4,4,4,0
1,frontcart,250,153,productcatalogservice,server,53,3,3,3,0
1,frontcart,250,153,recommendationservice,server,62,3,3,3,0
1,frontcart,250,153,redis-cart,-,,1,1,1,0
1,frontcart,250,153,shippingservice,server,50,3,3,3,0
1,frontcart,250,168,adservice,server,74,3,3,3,0
1,frontcart,250,168,checkoutservice,checkout,50,3,3,3,0
1,frontcart,250,168,currencyservice,server,45,3,3,3,0
1,frontcart,250,168,emailservice,email,61,3,3,3,0
1,frontcart,250,168,frontend,cartservice,53,3,3,3,0
1,frontcart,250,168,frontend,server,57,3,3,3,0
1,frontcart,250,168,paymentservice,payment,39,4,4,4,0
1,frontcart,250,168,productcatalogservice,server,50,3,3,3,0
1,frontcart,250,168,recommendationservice,server,60,3,3,3,0
1,frontcart,250,168,redis-cart,-,,1,1,1,0
1,frontcart,250,168,shippingservice,server,49,3,3,3,0
1,frontcart,250,183,adservice,server,49,3,3,3,0
1,frontcart,250,183,checkoutservice,checkout,49,3,3,3,0
1,frontcart,250,183,currencyservice,server,50,3,3,3,0
1,frontcart,250,183,emailservice,email,63,3,3,3,0
1,frontcart,250,183,frontend,cartservice,54,3,3,3,0
1,frontcart,250,183,frontend,server,57,3,3,3,0
1,frontcart,250,183,paymentservice,payment,39,4,4,4,0
1,frontcart,250,183,productcatalogservice,server,52,3,3,3,0
1,frontcart,250,183,recommendationservice,server,59,3,3,3,0
1,frontcart,250,183,redis-cart,-,,1,1,1,0
1,frontcart,250,183,shippingservice,server,54,3,3,3,0
1,frontcart,250,198,adservice,server,49,3,3,3,0
1,frontcart,250,198,checkoutservice,checkout,55,3,3,3,0
1,frontcart,250,198,currencyservice,server,52,3,3,3,0
1,frontcart,250,198,emailservice,email,69,3,3,3,0
1,frontcart,250,198,frontend,cartservice,61,3,3,3,0
1,frontcart,250,198,frontend,server,58,3,3,3,0
1,frontcart,250,198,paymentservice,payment,47,4,3,3,0
1,frontcart,250,198,productcatalogservice,server,53,3,3,3,0
1,frontcart,250,198,recommendationservice,server,62,3,3,3,0
1,frontcart,250,198,redis-cart,-,,1,1,1,0
1,frontcart,250,198,shippingservice,server,59,3,3,3,0
1,frontcart,250,214,adservice,server,51,3,3,3,0
1,frontcart,250,214,checkoutservice,checkout,57,3,3,3,0
1,frontcart,250,214,currencyservice,server,56,3,3,3,0
1,frontcart,250,214,emailservice,email,69,3,3,3,0
1,frontcart,250,214,frontend,cartservice,66,3,3,3,0
1,frontcart,250,214,frontend,server,60,3,3,3,0
1,frontcart,250,214,paymentservice,payment,62,3,3,3,0
1,frontcart,250,214,productcatalogservice,server,55,3,3,3,0
1,frontcart,250,214,recommendationservice,server,66,3,3,3,0
1,frontcart,250,214,redis-cart,-,,1,1,1,0
1,frontcart,250,214,shippingservice,server,59,3,3,3,0
1,frontcart,250,229,adservice,server,52,3,3,3,0
1,frontcart,250,229,checkoutservice,checkout,64,3,3,3,0
1,frontcart,250,229,currencyservice,server,55,3,3,3,0
1,frontcart,250,229,emailservice,email,70,3,3,3,0
1,frontcart,250,229,frontend,cartservice,71,3,3,3,0
1,frontcart,250,229,frontend,server,61,3,3,3,0
1,frontcart,250,229,paymentservice,payment,62,3,3,3,0
1,frontcart,250,229,productcatalogservice,server,56,3,3,3,0
1,frontcart,250,229,recommendationservice,server,65,3,3,3,0
1,frontcart,250,229,redis-cart,-,,1,1,1,0
1,frontcart,250,229,shippingservice,server,61,3,3,3,0
1,frontcart,250,244,adservice,server,51,3,3,3,0
1,frontcart,250,244,checkoutservice,checkout,61,3,3,3,0
1,frontcart,250,244,currencyservice,server,57,3,3,3,0
1,frontcart,250,244,emailservice,email,71,3,3,3,0
1,frontcart,250,244,frontend,cartservice,76,3,3,3,0
1,frontcart,250,244,frontend,server,60,3,3,3,0
1,frontcart,250,244,paymentservice,payment,71,3,3,3,0
1,frontcart,250,244,productcatalogservice,server,55,3,3,3,0
1,frontcart,250,244,recommendationservice,server,63,3,3,3,0
1,frontcart,250,244,redis-cart,-,,1,1,1,0
1,frontcart,250,244,shippingservice,server,60,3,3,3,0
1,frontcart,250,259,adservice,server,51,3,3,3,0
1,frontcart,250,259,checkoutservice,checkout,61,3,3,3,0
1,frontcart,250,259,currencyservice,server,56,3,3,3,0
1,frontcart,250,259,emailservice,email,71,3,3,3,0
1,frontcart,250,259,frontend,cartservice,76,3,3,3,0
1,frontcart,250,259,frontend,server,62,3,3,3,0
1,frontcart,250,259,paymentservice,payment,72,3,3,3,0
1,frontcart,250,259,productcatalogservice,server,58,3,3,3,0
1,frontcart,250,259,recommendationservice,server,63,3,3,3,0
1,frontcart,250,259,redis-cart,-,,1,1,1,0
1,frontcart,250,259,shippingservice,server,64,3,3,3,0
1,frontcart,250,275,adservice,server,51,3,3,3,0
1,frontcart,250,275,checkoutservice,checkout,62,3,3,3,0
1,frontcart,250,275,currencyservice,server,56,3,3,3,0
1,frontcart,250,275,emailservice,email,71,3,3,3,0
1,frontcart,250,275,frontend,cartservice,77,3,3,3,0
1,frontcart,250,275,frontend,server,63,3,3,3,0
1,frontcart,250,275,paymentservice,payment,73,3,3,3,0
1,frontcart,250,275,productcatalogservice,server,57,3,3,3,0
1,frontcart,250,275,recommendationservice,server,64,3,3,3,0
1,frontcart,250,275,redis-cart,-,,1,1,1,0
1,frontcart,250,275,shippingservice,server,57,3,3,3,0
1,frontcart,250,290,adservice,server,52,3,3,3,0
1,frontcart,250,290,checkoutservice,checkout,62,3,3,3,0
1,frontcart,250,290,currencyservice,server,56,3,3,3,0
1,frontcart,250,290,emailservice,email,71,3,3,3,0
1,frontcart,250,290,frontend,cartservice,76,3,3,3,0
1,frontcart,250,290,frontend,server,61,3,3,3,0
1,frontcart,250,290,paymentservice,payment,61,3,3,3,0
1,frontcart,250,290,productcatalogservice,server,56,3,3,3,0
1,frontcart,250,290,recommendationservice,server,62,3,3,3,0
1,frontcart,250,290,redis-cart,-,,1,1,1,0
1,frontcart,250,290,shippingservice,server,61,3,3,3,0
1,frontcart,250,305,adservice,server,50,3,3,3,0
1,frontcart,250,305,checkoutservice,checkout,56,3,3,3,0
1,frontcart,250,305,currencyservice,server,54,3,3,3,0
1,frontcart,250,305,emailservice,email,70,3,3,3,0
1,frontcart,250,305,frontend,cartservice,69,3,3,3,0
1,frontcart,250,305,frontend,server,59,3,3,3,0
1,frontcart,250,305,paymentservice,payment,71,3,3,3,0
1,frontcart,250,305,productcatalogservice,server,55,3,3,3,0
1,frontcart,250,305,recommendationservice,server,62,3,3,3,0
1,frontcart,250,305,redis-cart,-,,1,1,1,0
1,frontcart,250,305,shippingservice,server,54,3,3,3,0
1,frontcart,250,320,adservice,server,52,3,3,3,0
1,frontcart,250,320,checkoutservice,checkout,54,3,3,3,0
1,frontcart,250,320,currencyservice,server,52,3,3,3,0
1,frontcart,250,320,emailservice,email,66,3,3,3,0
1,frontcart,250,320,frontend,cartservice,60,3,3,3,0
1,frontcart,250,320,frontend,server,58,3,3,3,0
1,frontcart,250,320,paymentservice,payment,65,3,3,3,0
1,frontcart,250,320,productcatalogservice,server,54,3,3,3,0
1,frontcart,250,320,recommendationservice,server,60,3,3,3,0
1,frontcart,250,320,redis-cart,-,,1,1,1,0
1,frontcart,250,320,shippingservice,server,57,3,3,3,0
1,frontcart,250,336,adservice,server,51,3,3,3,0
1,frontcart,250,336,checkoutservice,checkout,58,3,3,3,0
1,frontcart,250,336,currencyservice,server,53,3,3,3,0
1,frontcart,250,336,emailservice,email,66,3,3,3,0
1,frontcart,250,336,frontend,cartservice,61,3,3,3,0
1,frontcart,250,336,frontend,server,60,3,3,3,0
1,frontcart,250,336,paymentservice,payment,60,3,3,3,0
1,frontcart,250,336,productcatalogservice,server,55,3,3,3,0
1,frontcart,250,336,recommendationservice,server,62,3,3,3,0
1,frontcart,250,336,redis-cart,-,,1,1,1,0
1,frontcart,250,336,shippingservice,server,52,3,3,3,0
1,frontcart,250,351,adservice,server,53,3,3,3,0
1,frontcart,250,351,checkoutservice,checkout,51,3,3,3,0
1,frontcart,250,351,currencyservice,server,51,3,3,3,0
1,frontcart,250,351,emailservice,email,64,3,3,3,0
1,frontcart,250,351,frontend,cartservice,62,3,3,3,0
1,frontcart,250,351,frontend,server,57,3,3,3,0
1,frontcart,250,351,paymentservice,payment,61,3,3,3,0
1,frontcart,250,351,productcatalogservice,server,53,3,3,3,0
1,frontcart,250,351,recommendationservice,server,19,3,3,3,0
1,frontcart,250,351,redis-cart,-,,1,1,1,0
1,frontcart,250,351,shippingservice,server,22,3,3,3,0
1,frontcart,300,1,adservice,server,26,3,3,3,0
1,frontcart,300,1,checkoutservice,checkout,21,3,3,3,0
1,frontcart,300,1,currencyservice,server,35,3,3,3,0
1,frontcart,300,1,emailservice,email,58,3,3,3,0
1,frontcart,300,1,frontend,cartservice,57,3,3,3,0
1,frontcart,300,1,frontend,server,14,3,3,3,0
1,frontcart,300,1,paymentservice,payment,34,3,3,3,0
1,frontcart,300,1,productcatalogservice,server,26,3,3,3,0
1,frontcart,300,1,recommendationservice,server,0,3,3,3,0
1,frontcart,300,1,redis-cart,-,,1,1,1,0
1,frontcart,300,1,shippingservice,server,0,3,3,3,0
1,frontcart,300,16,adservice,server,16,3,3,3,0
1,frontcart,300,16,checkoutservice,checkout,0,3,3,3,0
1,frontcart,300,16,currencyservice,server,0,3,3,3,0
1,frontcart,300,16,emailservice,email,2,3,3,3,0
1,frontcart,300,16,frontend,cartservice,0,3,3,3,0
1,frontcart,300,16,frontend,server,4,3,3,3,0
1,frontcart,300,16,paymentservice,payment,1,3,3,3,0
1,frontcart,300,16,productcatalogservice,server,0,3,3,3,0
1,frontcart,300,16,recommendationservice,server,1,3,3,3,0
1,frontcart,300,16,redis-cart,-,,1,1,1,0
1,frontcart,300,16,shippingservice,server,1,3,3,3,0
1,frontcart,300,31,adservice,server,12,3,3,3,0
1,frontcart,300,31,checkoutservice,checkout,9,3,3,3,0
1,frontcart,300,31,currencyservice,server,0,3,3,3,0
1,frontcart,300,31,emailservice,email,2,3,3,3,0
1,frontcart,300,31,frontend,cartservice,0,3,3,3,0
1,frontcart,300,31,frontend,server,4,3,3,3,0
1,frontcart,300,31,paymentservice,payment,4,3,3,3,0
1,frontcart,300,31,productcatalogservice,server,10,3,3,3,0
1,frontcart,300,31,recommendationservice,server,69,3,3,3,0
1,frontcart,300,31,redis-cart,-,,1,1,1,0
1,frontcart,300,31,shippingservice,server,56,3,3,3,0
1,frontcart,300,46,adservice,server,21,3,2,2,0
1,frontcart,300,46,checkoutservice,checkout,56,3,3,3,0
1,frontcart,300,46,currencyservice,server,61,3,3,3,0
1,frontcart,300,46,emailservice,email,31,3,3,3,0
1,frontcart,300,46,frontend,cartservice,52,3,3,3,0
1,frontcart,300,46,frontend,server,59,3,3,3,0
1,frontcart,300,46,paymentservice,payment,60,3,3,3,0
1,frontcart,300,46,productcatalogservice,server,59,3,3,3,0
1,frontcart,300,46,recommendationservice,server,71,3,3,3,0
1,frontcart,300,46,redis-cart,-,,1,1,1,0
1,frontcart,300,46,shippingservice,server,62,3,3,3,0
1,frontcart,300,62,adservice,server,88,2,2,2,0
1,frontcart,300,62,checkoutservice,checkout,58,3,3,3,0
1,frontcart,300,62,currencyservice,server,67,3,3,3,0
1,frontcart,300,62,emailservice,email,75,3,3,3,0
1,frontcart,300,62,frontend,cartservice,63,3,3,3,0
1,frontcart,300,62,frontend,server,68,3,3,3,0
1,frontcart,300,62,paymentservice,payment,73,3,3,3,0
1,frontcart,300,62,productcatalogservice,server,56,3,3,3,0
1,frontcart,300,62,recommendationservice,server,82,3,3,3,0
1,frontcart,300,62,redis-cart,-,,1,1,1,0
1,frontcart,300,62,shippingservice,server,62,3,3,3,0
1,frontcart,300,77,adservice,server,89,2,3,2,0
1,frontcart,300,77,checkoutservice,checkout,65,3,3,3,0
1,frontcart,300,77,currencyservice,server,67,3,3,3,0
1,frontcart,300,77,emailservice,email,74,3,3,3,0
1,frontcart,300,77,frontend,cartservice,70,3,3,3,0
1,frontcart,300,77,frontend,server,72,3,3,3,0
1,frontcart,300,77,paymentservice,payment,68,3,3,3,0
1,frontcart,300,77,productcatalogservice,server,60,3,3,3,0
1,frontcart,300,77,recommendationservice,server,79,3,4,4,0
1,frontcart,300,77,redis-cart,-,,1,1,1,0
1,frontcart,300,77,shippingservice,server,62,3,3,3,0
1,frontcart,300,92,adservice,server,89,3,3,2,0
1,frontcart,300,92,checkoutservice,checkout,64,3,3,3,0
1,frontcart,300,92,currencyservice,server,71,3,3,3,0
1,frontcart,300,92,emailservice,email,79,3,3,3,0
1,frontcart,300,92,frontend,cartservice,75,3,3,3,0
1,frontcart,300,92,frontend,server,72,3,3,3,0
1,frontcart,300,92,paymentservice,payment,77,3,3,3,0
1,frontcart,300,92,productcatalogservice,server,60,3,3,3,0
1,frontcart,300,92,recommendationservice,server,81,4,4,4,0
1,frontcart,300,92,redis-cart,-,,1,1,1,0
1,frontcart,300,92,shippingservice,server,65,3,3,3,0
1,frontcart,300,108,adservice,server,94,3,3,3,0
1,frontcart,300,108,checkoutservice,checkout,69,3,3,3,0
1,frontcart,300,108,currencyservice,server,69,3,3,3,0
1,frontcart,300,108,emailservice,email,80,3,4,4,0
1,frontcart,300,108,frontend,cartservice,80,3,3,3,0
1,frontcart,300,108,frontend,server,74,3,3,3,0
1,frontcart,300,108,paymentservice,payment,73,3,3,3,0
1,frontcart,300,108,productcatalogservice,server,61,3,3,3,0
1,frontcart,300,108,recommendationservice,server,61,4,4,4,0
1,frontcart,300,108,redis-cart,-,,1,1,1,0
1,frontcart,300,108,shippingservice,server,64,3,3,3,0
1,frontcart,300,123,adservice,server,92,3,3,3,0
1,frontcart,300,123,checkoutservice,checkout,70,3,3,3,0
1,frontcart,300,123,currencyservice,server,73,3,3,3,0
1,frontcart,300,123,emailservice,email,80,4,4,4,0
1,frontcart,300,123,frontend,cartservice,85,3,4,3,1
1,frontcart,300,123,frontend,server,75,3,4,3,1
1,frontcart,300,123,paymentservice,payment,72,3,3,3,0
1,frontcart,300,123,productcatalogservice,server,61,3,3,3,0
1,frontcart,300,123,recommendationservice,server,61,4,4,4,0
1,frontcart,300,123,redis-cart,-,,1,1,1,0
1,frontcart,300,123,shippingservice,server,67,3,3,3,0
1,frontcart,300,138,adservice,server,60,3,3,3,0
1,frontcart,300,138,checkoutservice,checkout,66,3,3,3,0
1,frontcart,300,138,currencyservice,server,68,3,3,3,0
1,frontcart,300,138,emailservice,email,55,4,4,4,0
1,frontcart,300,138,frontend,cartservice,77,4,4,3,1
1,frontcart,300,138,frontend,server,74,4,4,3,1
1,frontcart,300,138,paymentservice,payment,79,3,3,3,0
1,frontcart,300,138,productcatalogservice,server,60,3,3,3,0
1,frontcart,300,138,recommendationservice,server,60,4,4,4,0
1,frontcart,300,138,redis-cart,-,,1,1,1,0
1,frontcart,300,138,shippingservice,server,67,3,3,3,0
1,frontcart,300,153,adservice,server,59,3,3,3,0
1,frontcart,300,153,checkoutservice,checkout,65,3,3,3,0
1,frontcart,300,153,currencyservice,server,69,3,3,3,0
1,frontcart,300,153,emailservice,email,55,4,4,4,0
1,frontcart,300,153,frontend,cartservice,73,4,4,3,1
1,frontcart,300,153,frontend,server,70,4,4,3,1
1,frontcart,300,153,paymentservice,payment,75,3,3,3,0
1,frontcart,300,153,productcatalogservice,server,60,3,3,3,0
1,frontcart,300,153,recommendationservice,server,59,4,4,4,0
1,frontcart,300,153,redis-cart,-,,1,1,1,0
1,frontcart,300,153,shippingservice,server,60,3,3,3,0
1,frontcart,300,169,adservice,server,58,3,3,3,0
1,frontcart,300,169,checkoutservice,checkout,63,3,3,3,0
1,frontcart,300,169,currencyservice,server,68,3,3,3,0
1,frontcart,300,169,emailservice,email,57,4,4,4,0
1,frontcart,300,169,frontend,cartservice,71,4,4,3,1
1,frontcart,300,169,frontend,server,73,4,4,3,1
1,frontcart,300,169,paymentservice,payment,80,3,3,3,0
1,frontcart,300,169,productcatalogservice,server,61,3,3,3,0
1,frontcart,300,169,recommendationservice,server,61,4,4,4,0
1,frontcart,300,169,redis-cart,-,,1,1,1,0
1,frontcart,300,169,shippingservice,server,64,3,3,3,0
1,frontcart,300,184,adservice,server,62,3,3,3,0
1,frontcart,300,184,checkoutservice,checkout,64,3,3,3,0
1,frontcart,300,184,currencyservice,server,65,3,3,3,0
1,frontcart,300,184,emailservice,email,60,4,4,4,0
1,frontcart,300,184,frontend,cartservice,69,4,4,3,1
1,frontcart,300,184,frontend,server,69,4,4,3,1
1,frontcart,300,184,paymentservice,payment,75,3,3,3,0
1,frontcart,300,184,productcatalogservice,server,63,3,3,3,0
1,frontcart,300,184,recommendationservice,server,63,4,4,4,0
1,frontcart,300,184,redis-cart,-,,1,1,1,0
1,frontcart,300,184,shippingservice,server,61,3,3,3,0
1,frontcart,300,199,adservice,server,62,3,3,3,0
1,frontcart,300,199,checkoutservice,checkout,69,3,3,3,0
1,frontcart,300,199,currencyservice,server,73,3,3,3,0
1,frontcart,300,199,emailservice,email,61,4,4,4,0
1,frontcart,300,199,frontend,cartservice,75,4,4,3,1
1,frontcart,300,199,frontend,server,79,4,4,3,1
1,frontcart,300,199,paymentservice,payment,78,3,3,3,0
1,frontcart,300,199,productcatalogservice,server,59,3,3,3,0
1,frontcart,300,199,recommendationservice,server,62,4,4,4,0
1,frontcart,300,199,redis-cart,-,,1,1,1,0
1,frontcart,300,199,shippingservice,server,60,3,3,3,0
1,frontcart,300,215,adservice,server,58,3,3,3,0
1,frontcart,300,215,checkoutservice,checkout,64,3,3,3,0
1,frontcart,300,215,currencyservice,server,67,3,3,3,0
1,frontcart,300,215,emailservice,email,56,4,4,4,0
1,frontcart,300,215,frontend,cartservice,68,4,4,3,1
1,frontcart,300,215,frontend,server,67,4,4,3,1
1,frontcart,300,215,paymentservice,payment,71,3,3,3,0
1,frontcart,300,215,productcatalogservice,server,62,3,3,3,0
1,frontcart,300,215,recommendationservice,server,63,4,4,4,0
1,frontcart,300,215,redis-cart,-,,1,1,1,0
1,frontcart,300,215,shippingservice,server,69,3,3,3,0
1,frontcart,300,230,adservice,server,62,3,3,3,0
1,frontcart,300,230,checkoutservice,checkout,69,3,3,3,0
1,frontcart,300,230,currencyservice,server,69,3,3,3,0
1,frontcart,300,230,emailservice,email,60,4,4,4,0
1,frontcart,300,230,frontend,cartservice,80,4,4,3,1
1,frontcart,300,230,frontend,server,74,4,4,3,1
1,frontcart,300,230,paymentservice,payment,82,3,3,3,0
1,frontcart,300,230,productcatalogservice,server,60,3,3,3,0
1,frontcart,300,230,recommendationservice,server,60,4,4,4,0
1,frontcart,300,230,redis-cart,-,,1,1,1,0
1,frontcart,300,230,shippingservice,server,65,3,3,3,0
1,frontcart,300,245,adservice,server,60,3,3,3,0
1,frontcart,300,245,checkoutservice,checkout,69,3,3,3,0
1,frontcart,300,245,currencyservice,server,70,3,3,3,0
1,frontcart,300,245,emailservice,email,58,4,4,4,0
1,frontcart,300,245,frontend,cartservice,79,4,4,3,1
1,frontcart,300,245,frontend,server,73,4,4,3,1
1,frontcart,300,245,paymentservice,payment,74,3,3,3,0
1,frontcart,300,245,productcatalogservice,server,60,3,3,3,0
1,frontcart,300,245,recommendationservice,server,60,4,4,4,0
1,frontcart,300,245,redis-cart,-,,1,1,1,0
1,frontcart,300,245,shippingservice,server,63,3,3,3,0
1,frontcart,300,261,adservice,server,60,3,3,3,0
1,frontcart,300,261,checkoutservice,checkout,62,3,3,3,0
1,frontcart,300,261,currencyservice,server,68,3,3,3,0
1,frontcart,300,261,emailservice,email,57,4,4,4,0
1,frontcart,300,261,frontend,cartservice,72,4,4,3,1
1,frontcart,300,261,frontend,server,69,4,4,3,1
1,frontcart,300,261,paymentservice,payment,70,3,3,3,0
1,frontcart,300,261,productcatalogservice,server,61,3,3,3,0
1,frontcart,300,261,recommendationservice,server,61,4,4,4,0
1,frontcart,300,261,redis-cart,-,,1,1,1,0
1,frontcart,300,261,shippingservice,server,66,3,3,3,0
1,frontcart,300,276,adservice,server,62,3,3,3,0
1,frontcart,300,276,checkoutservice,checkout,70,3,3,3,0
1,frontcart,300,276,currencyservice,server,69,3,3,3,0
1,frontcart,300,276,emailservice,email,61,4,4,4,0
1,frontcart,300,276,frontend,cartservice,74,4,4,3,1
1,frontcart,300,276,frontend,server,75,4,4,3,1
1,frontcart,300,276,paymentservice,payment,78,3,3,3,0
1,frontcart,300,276,productcatalogservice,server,61,3,3,3,0
1,frontcart,300,276,recommendationservice,server,58,4,4,4,0
1,frontcart,300,276,redis-cart,-,,1,1,1,0
1,frontcart,300,276,shippingservice,server,62,3,3,3,0
1,frontcart,300,291,adservice,server,58,3,3,3,0
1,frontcart,300,291,checkoutservice,checkout,65,3,3,3,0
1,frontcart,300,291,currencyservice,server,70,3,3,3,0
1,frontcart,300,291,emailservice,email,59,4,4,4,0
1,frontcart,300,291,frontend,cartservice,72,4,4,3,1
1,frontcart,300,291,frontend,server,73,4,4,3,1
1,frontcart,300,291,paymentservice,payment,72,3,3,3,0
1,frontcart,300,291,productcatalogservice,server,60,3,3,3,0
1,frontcart,300,291,recommendationservice,server,62,4,4,4,0
1,frontcart,300,291,redis-cart,-,,1,1,1,0
1,frontcart,300,291,shippingservice,server,62,3,3,3,0
1,frontcart,300,306,adservice,server,61,3,3,3,0
1,frontcart,300,306,checkoutservice,checkout,64,3,3,3,0
1,frontcart,300,306,currencyservice,server,68,3,3,3,0
1,frontcart,300,306,emailservice,email,56,4,4,4,0
1,frontcart,300,306,frontend,cartservice,77,4,4,3,1
1,frontcart,300,306,frontend,server,75,4,4,3,1
1,frontcart,300,306,paymentservice,payment,80,3,3,3,0
1,frontcart,300,306,productcatalogservice,server,61,3,3,3,0
1,frontcart,300,306,recommendationservice,server,63,4,4,4,0
1,frontcart,300,306,redis-cart,-,,1,1,1,0
1,frontcart,300,306,shippingservice,server,65,3,3,3,0
1,frontcart,300,322,adservice,server,62,3,3,3,0
1,frontcart,300,322,checkoutservice,checkout,67,3,3,3,0
1,frontcart,300,322,currencyservice,server,70,3,3,3,0
1,frontcart,300,322,emailservice,email,59,4,4,4,0
1,frontcart,300,322,frontend,cartservice,76,4,4,3,1
1,frontcart,300,322,frontend,server,74,4,4,3,1
1,frontcart,300,322,paymentservice,payment,80,3,4,4,0
1,frontcart,300,322,productcatalogservice,server,61,3,3,3,0
1,frontcart,300,322,recommendationservice,server,62,4,4,4,0
1,frontcart,300,322,redis-cart,-,,1,1,1,0
1,frontcart,300,322,shippingservice,server,66,3,3,3,0
1,frontcart,300,337,adservice,server,61,3,3,3,0
1,frontcart,300,337,checkoutservice,checkout,68,3,3,3,0
1,frontcart,300,337,currencyservice,server,70,3,3,3,0
1,frontcart,300,337,emailservice,email,60,4,4,4,0
1,frontcart,300,337,frontend,cartservice,80,4,4,3,1
1,frontcart,300,337,frontend,server,72,4,4,3,1
1,frontcart,300,337,paymentservice,payment,81,4,4,4,0
1,frontcart,300,337,productcatalogservice,server,61,3,3,3,0
1,frontcart,300,337,recommendationservice,server,54,4,4,4,0
1,frontcart,300,337,redis-cart,-,,1,1,1,0
1,frontcart,300,337,shippingservice,server,67,3,3,3,0
1,frontcart,300,352,adservice,server,47,3,3,3,0
1,frontcart,300,352,checkoutservice,checkout,69,3,3,3,0
1,frontcart,300,352,currencyservice,server,59,3,3,3,0
1,frontcart,300,352,emailservice,email,50,4,4,4,0
1,frontcart,300,352,frontend,cartservice,80,4,4,3,1
1,frontcart,300,352,frontend,server,69,4,4,3,1
1,frontcart,300,352,paymentservice,payment,77,4,4,4,0
1,frontcart,300,352,productcatalogservice,server,25,3,3,3,0
1,frontcart,300,352,recommendationservice,server,6,4,4,4,0
1,frontcart,300,352,redis-cart,-,,1,1,1,0
1,frontcart,300,352,shippingservice,server,33,3,3,3,0
2,normal,150,1,adservice,server,5,2,2,2,0
2,normal,150,1,cartservice,server,1,2,2,2,0
2,normal,150,1,checkoutservice,checkout,0,2,2,2,0
2,normal,150,1,currencyservice,server,0,2,2,2,0
2,normal,150,1,emailservice,email,2,2,2,2,0
2,normal,150,1,frontend,-,,,0,2,0
2,normal,150,1,paymentservice,-,,,0,2,0
2,normal,150,1,productcatalogservice,-,,,0,2,0
2,normal,150,1,recommendationservice,-,,,0,2,0
2,normal,150,1,redis-cart,-,,1,1,1,0
2,normal,150,1,shippingservice,-,,,0,2,0
2,normal,150,16,adservice,server,4,2,2,2,0
2,normal,150,16,cartservice,server,5,2,2,2,0
2,normal,150,16,checkoutservice,checkout,31,2,2,2,0
2,normal,150,16,currencyservice,server,14,2,2,2,0
2,normal,150,16,emailservice,email,23,2,2,2,0
2,normal,150,16,frontend,server,34,2,2,2,0
2,normal,150,16,paymentservice,payment,1,2,2,2,0
2,normal,150,16,productcatalogservice,server,0,2,2,2,0
2,normal,150,16,recommendationservice,server,0,2,2,2,0
2,normal,150,16,redis-cart,-,,1,1,1,0
2,normal,150,16,shippingservice,server,0,2,2,2,0
2,normal,150,31,adservice,server,246,2,2,2,0
2,normal,150,31,cartservice,server,78,2,2,2,0
2,normal,150,31,checkoutservice,checkout,43,2,2,2,0
2,normal,150,31,currencyservice,server,65,2,2,2,0
2,normal,150,31,emailservice,email,67,2,2,2,0
2,normal,150,31,frontend,server,58,2,2,2,0
2,normal,150,31,paymentservice,payment,108,2,2,2,0
2,normal,150,31,productcatalogservice,server,32,2,2,2,0
2,normal,150,31,recommendationservice,server,25,2,2,2,0
2,normal,150,31,redis-cart,-,,1,1,1,0
2,normal,150,31,shippingservice,server,5,2,2,2,0
2,normal,150,46,adservice,server,246,2,6,2,0
2,normal,150,46,cartservice,server,61,2,2,2,0
2,normal,150,46,checkoutservice,checkout,59,2,2,2,0
2,normal,150,46,currencyservice,server,58,2,2,2,0
2,normal,150,46,emailservice,email,63,2,2,2,0
2,normal,150,46,frontend,server,56,2,2,2,0
2,normal,150,46,paymentservice,payment,80,2,3,2,1
2,normal,150,46,productcatalogservice,server,53,2,2,2,0
2,normal,150,46,recommendationservice,server,56,2,2,2,0
2,normal,150,46,redis-cart,-,,1,1,1,0
2,normal,150,46,shippingservice,server,54,2,2,2,0
2,normal,150,61,adservice,server,118,6,6,2,0
2,normal,150,61,cartservice,server,57,2,2,2,0
2,normal,150,61,checkoutservice,checkout,55,2,2,2,0
2,normal,150,61,currencyservice,server,58,2,2,2,0
2,normal,150,61,emailservice,email,59,2,2,2,0
2,normal,150,61,frontend,server,55,2,2,2,0
2,normal,150,61,paymentservice,payment,73,3,3,3,0
2,normal,150,61,productcatalogservice,server,52,2,2,2,0
2,normal,150,61,recommendationservice,server,51,2,2,2,0
2,normal,150,61,redis-cart,-,,1,1,1,0
2,normal,150,61,shippingservice,server,57,2,2,2,0
2,normal,150,77,adservice,server,110,6,6,2,0
2,normal,150,77,cartservice,server,54,2,2,2,0
2,normal,150,77,checkoutservice,checkout,56,2,2,2,0
2,normal,150,77,currencyservice,server,57,2,2,2,0
2,normal,150,77,emailservice,email,60,2,2,2,0
2,normal,150,77,frontend,server,55,2,2,2,0
2,normal,150,77,paymentservice,payment,38,3,3,3,0
2,normal,150,77,productcatalogservice,server,52,2,2,2,0
2,normal,150,77,recommendationservice,server,53,2,2,2,0
2,normal,150,77,redis-cart,-,,1,1,1,0
2,normal,150,77,shippingservice,server,54,2,2,2,0
2,normal,150,92,adservice,server,74,6,6,6,0
2,normal,150,92,cartservice,server,60,2,2,2,0
2,normal,150,92,checkoutservice,checkout,58,2,2,2,0
2,normal,150,92,currencyservice,server,58,2,2,2,0
2,normal,150,92,emailservice,email,63,2,2,2,0
2,normal,150,92,frontend,server,55,2,2,2,0
2,normal,150,92,paymentservice,payment,43,3,3,3,0
2,normal,150,92,productcatalogservice,server,52,2,2,2,0
2,normal,150,92,recommendationservice,server,51,2,2,2,0
2,normal,150,92,redis-cart,-,,1,1,1,0
2,normal,150,92,shippingservice,server,57,2,2,2,0
2,normal,150,107,adservice,server,28,6,6,6,0
2,normal,150,107,cartservice,server,59,2,2,2,0
2,normal,150,107,checkoutservice,checkout,54,2,2,2,0
2,normal,150,107,currencyservice,server,54,2,2,2,0
2,normal,150,107,emailservice,email,59,2,2,2,0
2,normal,150,107,frontend,server,54,2,2,2,0
2,normal,150,107,paymentservice,payment,41,3,3,3,0
2,normal,150,107,productcatalogservice,server,51,2,2,2,0
2,normal,150,107,recommendationservice,server,50,2,2,2,0
2,normal,150,107,redis-cart,-,,1,1,1,0
2,normal,150,107,shippingservice,server,53,2,2,2,0
2,normal,150,122,adservice,server,19,6,6,6,0
2,normal,150,122,cartservice,server,55,2,2,2,0
2,normal,150,122,checkoutservice,checkout,54,2,2,2,0
2,normal,150,122,currencyservice,server,57,2,2,2,0
2,normal,150,122,emailservice,email,59,2,2,2,0
2,normal,150,122,frontend,server,53,2,2,2,0
2,normal,150,122,paymentservice,payment,44,3,2,2,0
2,normal,150,122,productcatalogservice,server,51,2,2,2,0
2,normal,150,122,recommendationservice,server,50,2,2,2,0
2,normal,150,122,redis-cart,-,,1,1,1,0
2,normal,150,122,shippingservice,server,54,2,2,2,0
2,normal,150,137,adservice,server,16,6,6,6,0
2,normal,150,137,cartservice,server,67,2,2,2,0
2,normal,150,137,checkoutservice,checkout,55,2,2,2,0
2,normal,150,137,currencyservice,server,59,2,2,2,0
2,normal,150,137,emailservice,email,63,2,2,2,0
2,normal,150,137,frontend,server,54,2,2,2,0
2,normal,150,137,paymentservice,payment,61,2,2,2,0
2,normal,150,137,productcatalogservice,server,52,2,2,2,0
2,normal,150,137,recommendationservice,server,51,2,2,2,0
2,normal,150,137,redis-cart,-,,1,1,1,0
2,normal,150,137,shippingservice,server,56,2,2,2,0
2,normal,150,153,adservice,server,18,6,2,2,0
2,normal,150,153,cartservice,server,59,2,2,2,0
2,normal,150,153,checkoutservice,checkout,55,2,2,2,0
2,normal,150,153,currencyservice,server,57,2,2,2,0
2,normal,150,153,emailservice,email,59,2,2,2,0
2,normal,150,153,frontend,server,53,2,2,2,0
2,normal,150,153,paymentservice,payment,64,2,2,2,0
2,normal,150,153,productcatalogservice,server,52,2,2,2,0
2,normal,150,153,recommendationservice,server,50,2,2,2,0
2,normal,150,153,redis-cart,-,,1,1,1,0
2,normal,150,153,shippingservice,server,56,2,2,2,0
2,normal,150,168,adservice,server,54,2,2,2,0
2,normal,150,168,cartservice,server,58,2,2,2,0
2,normal,150,168,checkoutservice,checkout,56,2,2,2,0
2,normal,150,168,currencyservice,server,57,2,2,2,0
2,normal,150,168,emailservice,email,60,2,2,2,0
2,normal,150,168,frontend,server,54,2,2,2,0
2,normal,150,168,paymentservice,payment,64,2,2,2,0
2,normal,150,168,productcatalogservice,server,51,2,2,2,0
2,normal,150,168,recommendationservice,server,50,2,2,2,0
2,normal,150,168,redis-cart,-,,1,1,1,0
2,normal,150,168,shippingservice,server,53,2,2,2,0
2,normal,150,183,adservice,server,47,2,2,2,0
2,normal,150,183,cartservice,server,59,2,2,2,0
2,normal,150,183,checkoutservice,checkout,57,2,2,2,0
2,normal,150,183,currencyservice,server,58,2,2,2,0
2,normal,150,183,emailservice,email,62,2,2,2,0
2,normal,150,183,frontend,server,52,2,2,2,0
2,normal,150,183,paymentservice,payment,59,2,2,2,0
2,normal,150,183,productcatalogservice,server,54,2,2,2,0
2,normal,150,183,recommendationservice,server,52,2,2,2,0
2,normal,150,183,redis-cart,-,,1,1,1,0
2,normal,150,183,shippingservice,server,57,2,2,2,0
2,normal,150,198,adservice,server,46,2,2,2,0
2,normal,150,198,cartservice,server,58,2,2,2,0
2,normal,150,198,checkoutservice,checkout,58,2,2,2,0
2,normal,150,198,currencyservice,server,58,2,2,2,0
2,normal,150,198,emailservice,email,61,2,2,2,0
2,normal,150,198,frontend,server,56,2,2,2,0
2,normal,150,198,paymentservice,payment,59,2,2,2,0
2,normal,150,198,productcatalogservice,server,52,2,2,2,0
2,normal,150,198,recommendationservice,server,50,2,2,2,0
2,normal,150,198,redis-cart,-,,1,1,1,0
2,normal,150,198,shippingservice,server,54,2,2,2,0
2,normal,150,213,adservice,server,44,2,2,2,0
2,normal,150,213,cartservice,server,56,2,2,2,0
2,normal,150,213,checkoutservice,checkout,53,2,2,2,0
2,normal,150,213,currencyservice,server,56,2,2,2,0
2,normal,150,213,emailservice,email,60,2,2,2,0
2,normal,150,213,frontend,server,56,2,2,2,0
2,normal,150,213,paymentservice,payment,62,2,2,2,0
2,normal,150,213,productcatalogservice,server,52,2,2,2,0
2,normal,150,213,recommendationservice,server,51,2,2,2,0
2,normal,150,213,redis-cart,-,,1,1,1,0
2,normal,150,213,shippingservice,server,56,2,2,2,0
2,normal,150,229,adservice,server,42,2,2,2,0
2,normal,150,229,cartservice,server,59,2,2,2,0
2,normal,150,229,checkoutservice,checkout,57,2,2,2,0
2,normal,150,229,currencyservice,server,60,2,2,2,0
2,normal,150,229,emailservice,email,62,2,2,2,0
2,normal,150,229,frontend,server,53,2,2,2,0
2,normal,150,229,paymentservice,payment,61,2,2,2,0
2,normal,150,229,productcatalogservice,server,52,2,2,2,0
2,normal,150,229,recommendationservice,server,51,2,2,2,0
2,normal,150,229,redis-cart,-,,1,1,1,0
2,normal,150,229,shippingservice,server,57,2,2,2,0
2,normal,150,244,adservice,server,45,2,2,2,0
2,normal,150,244,cartservice,server,58,2,2,2,0
2,normal,150,244,checkoutservice,checkout,57,2,2,2,0
2,normal,150,244,currencyservice,server,58,2,2,2,0
2,normal,150,244,emailservice,email,60,2,2,2,0
2,normal,150,244,frontend,server,53,2,2,2,0
2,normal,150,244,paymentservice,payment,67,2,2,2,0
2,normal,150,244,productcatalogservice,server,52,2,2,2,0
2,normal,150,244,recommendationservice,server,51,2,2,2,0
2,normal,150,244,redis-cart,-,,1,1,1,0
2,normal,150,244,shippingservice,server,53,2,2,2,0
2,normal,150,259,adservice,server,45,2,2,2,0
2,normal,150,259,cartservice,server,59,2,2,2,0
2,normal,150,259,checkoutservice,checkout,57,2,2,2,0
2,normal,150,259,currencyservice,server,59,2,2,2,0
2,normal,150,259,emailservice,email,62,2,2,2,0
2,normal,150,259,frontend,server,56,2,2,2,0
2,normal,150,259,paymentservice,payment,62,2,2,2,0
2,normal,150,259,productcatalogservice,server,53,2,2,2,0
2,normal,150,259,recommendationservice,server,51,2,2,2,0
2,normal,150,259,redis-cart,-,,1,1,1,0
2,normal,150,259,shippingservice,server,57,2,2,2,0
2,normal,150,274,adservice,server,43,2,2,2,0
2,normal,150,274,cartservice,server,66,2,2,2,0
2,normal,150,274,checkoutservice,checkout,58,2,2,2,0
2,normal,150,274,currencyservice,server,57,2,2,2,0
2,normal,150,274,emailservice,email,62,2,2,2,0
2,normal,150,274,frontend,server,56,2,2,2,0
2,normal,150,274,paymentservice,payment,61,2,2,2,0
2,normal,150,274,productcatalogservice,server,53,2,2,2,0
2,normal,150,274,recommendationservice,server,50,2,2,2,0
2,normal,150,274,redis-cart,-,,1,1,1,0
2,normal,150,274,shippingservice,server,59,2,2,2,0
2,normal,150,289,adservice,server,43,2,2,2,0
2,normal,150,289,cartservice,server,57,2,2,2,0
2,normal,150,289,checkoutservice,checkout,57,2,2,2,0
2,normal,150,289,currencyservice,server,58,2,2,2,0
2,normal,150,289,emailservice,email,63,2,2,2,0
2,normal,150,289,frontend,server,54,2,2,2,0
2,normal,150,289,paymentservice,payment,67,2,2,2,0
2,normal,150,289,productcatalogservice,server,52,2,2,2,0
2,normal,150,289,recommendationservice,server,51,2,2,2,0
2,normal,150,289,redis-cart,-,,1,1,1,0
2,normal,150,289,shippingservice,server,56,2,2,2,0
2,normal,150,304,adservice,server,44,2,2,2,0
2,normal,150,304,cartservice,server,60,2,2,2,0
2,normal,150,304,checkoutservice,checkout,59,2,2,2,0
2,normal,150,304,currencyservice,server,58,2,2,2,0
2,normal,150,304,emailservice,email,62,2,2,2,0
2,normal,150,304,frontend,server,55,2,2,2,0
2,normal,150,304,paymentservice,payment,61,2,2,2,0
2,normal,150,304,productcatalogservice,server,52,2,2,2,0
2,normal,150,304,recommendationservice,server,52,2,2,2,0
2,normal,150,304,redis-cart,-,,1,1,1,0
2,normal,150,304,shippingservice,server,57,2,2,2,0
2,normal,150,320,adservice,server,43,2,2,2,0
2,normal,150,320,cartservice,server,56,2,2,2,0
2,normal,150,320,checkoutservice,checkout,57,2,2,2,0
2,normal,150,320,currencyservice,server,56,2,2,2,0
2,normal,150,320,emailservice,email,60,2,2,2,0
2,normal,150,320,frontend,server,54,2,2,2,0
2,normal,150,320,paymentservice,payment,63,2,2,2,0
2,normal,150,320,productcatalogservice,server,54,2,2,2,0
2,normal,150,320,recommendationservice,server,50,2,2,2,0
2,normal,150,320,redis-cart,-,,1,1,1,0
2,normal,150,320,shippingservice,server,54,2,2,2,0
2,normal,150,335,adservice,server,46,2,2,2,0
2,normal,150,335,cartservice,server,62,2,2,2,0
2,normal,150,335,checkoutservice,checkout,52,2,2,2,0
2,normal,150,335,currencyservice,server,58,2,2,2,0
2,normal,150,335,emailservice,email,61,2,2,2,0
2,normal,150,335,frontend,server,58,2,2,2,0
2,normal,150,335,paymentservice,payment,60,2,2,2,0
2,normal,150,335,productcatalogservice,server,52,2,2,2,0
2,normal,150,335,recommendationservice,server,53,2,2,2,0
2,normal,150,335,redis-cart,-,,1,1,1,0
2,normal,150,335,shippingservice,server,56,2,2,2,0
2,normal,150,350,adservice,server,36,2,2,2,0
2,normal,150,350,cartservice,server,25,2,2,2,0
2,normal,150,350,checkoutservice,checkout,40,2,2,2,0
2,normal,150,350,currencyservice,server,41,2,2,2,0
2,normal,150,350,emailservice,email,45,2,2,2,0
2,normal,150,350,frontend,server,31,2,2,2,0
2,normal,150,350,paymentservice,payment,30,2,2,2,0
2,normal,150,350,productcatalogservice,server,26,2,2,2,0
2,normal,150,350,recommendationservice,server,43,2,2,2,0
2,normal,150,350,redis-cart,-,,1,1,1,0
2,normal,150,350,shippingservice,server,42,2,2,2,0
2,normal,200,1,adservice,server,3,2,2,2,0
2,normal,200,1,cartservice,server,0,2,2,2,0
2,normal,200,1,checkoutservice,checkout,0,2,2,2,0
2,normal,200,1,currencyservice,server,0,2,2,2,0
2,normal,200,1,emailservice,email,2,2,2,2,0
2,normal,200,1,frontend,server,8,2,2,2,0
2,normal,200,1,paymentservice,payment,1,2,2,2,0
2,normal,200,1,productcatalogservice,server,24,2,2,2,0
2,normal,200,1,recommendationservice,server,0,2,2,2,0
2,normal,200,1,redis-cart,-,,1,1,1,0
2,normal,200,1,shippingservice,server,9,2,2,2,0
2,normal,200,16,adservice,server,4,2,2,2,0
2,normal,200,16,cartservice,server,0,2,2,2,0
2,normal,200,16,checkoutservice,checkout,7,2,2,2,0
2,normal,200,16,currencyservice,server,2,2,2,2,0
2,normal,200,16,emailservice,email,2,2,2,2,0
2,normal,200,16,frontend,server,0,2,2,2,0
2,normal,200,16,paymentservice,payment,1,2,2,2,0
2,normal,200,16,productcatalogservice,server,4,2,2,2,0
2,normal,200,16,recommendationservice,server,0,2,2,2,0
2,normal,200,16,redis-cart,-,,1,1,1,0
2,normal,200,16,shippingservice,server,3,2,2,2,0
2,normal,200,31,adservice,server,50,2,2,2,0
2,normal,200,31,cartservice,server,37,2,2,2,0
2,normal,200,31,checkoutservice,checkout,67,2,2,2,0
2,normal,200,31,currencyservice,server,10,2,2,2,0
2,normal,200,31,emailservice,email,57,2,2,2,0
2,normal,200,31,frontend,server,40,2,2,2,0
2,normal,200,31,paymentservice,payment,35,2,1,1,0
2,normal,200,31,productcatalogservice,server,63,2,2,2,0
2,normal,200,31,recommendationservice,server,53,2,2,2,0
2,normal,200,31,redis-cart,-,,1,1,1,0
2,normal,200,31,shippingservice,server,29,2,2,2,0
2,normal,200,46,adservice,server,57,2,2,2,0
2,normal,200,46,cartservice,server,96,2,2,2,0
2,normal,200,46,checkoutservice,checkout,78,2,2,2,0
2,normal,200,46,currencyservice,server,73,2,2,2,0
2,normal,200,46,emailservice,email,83,2,2,2,0
2,normal,200,46,frontend,server,61,2,2,2,0
2,normal,200,46,paymentservice,payment,89,1,1,1,0
2,normal,200,46,productcatalogservice,server,70,2,2,2,0
2,normal,200,46,recommendationservice,server,67,2,2,2,0
2,normal,200,46,redis-cart,-,,1,1,1,0
2,normal,200,46,shippingservice,server,76,2,2,2,0
2,normal,200,62,adservice,server,60,2,2,2,0
2,normal,200,62,cartservice,server,98,2,3,2,0
2,normal,200,62,checkoutservice,checkout,78,2,3,3,0
2,normal,200,62,currencyservice,server,79,2,2,2,0
2,normal,200,62,emailservice,email,86,2,3,3,0
2,normal,200,62,frontend,server,74,2,2,2,0
2,normal,200,62,paymentservice,payment,155,1,2,2,0
2,normal,200,62,productcatalogservice,server,73,2,2,2,0
2,normal,200,62,recommendationservice,server,73,2,2,2,0
2,normal,200,62,redis-cart,-,,1,1,1,0
2,normal,200,62,shippingservice,server,77,2,2,2,0
2,normal,200,77,adservice,server,60,2,2,2,0
2,normal,200,77,cartservice,server,89,3,3,3,0
2,normal,200,77,checkoutservice,checkout,70,3,3,3,0
2,normal,200,77,currencyservice,server,78,2,3,3,0
2,normal,200,77,emailservice,email,79,3,3,3,0
2,normal,200,77,frontend,server,76,2,2,2,0
2,normal,200,77,paymentservice,payment,146,2,2,2,0
2,normal,200,77,productcatalogservice,server,68,2,2,2,0
2,normal,200,77,recommendationservice,server,70,2,2,2,0
2,normal,200,77,redis-cart,-,,1,1,1,0
2,normal,200,77,shippingservice,server,73,2,2,2,0
2,normal,200,92,adservice,server,58,2,2,2,0
2,normal,200,92,cartservice,server,81,3,3,3,0
2,normal,200,92,checkoutservice,checkout,50,3,3,3,0
2,normal,200,92,currencyservice,server,76,3,3,3,0
2,normal,200,92,emailservice,email,84,3,3,3,0
2,normal,200,92,frontend,server,69,2,2,2,0
2,normal,200,92,paymentservice,payment,173,2,2,2,0
2,normal,200,92,productcatalogservice,server,69,2,2,2,0
2,normal,200,92,recommendationservice,server,67,2,2,2,0
2,normal,200,92,redis-cart,-,,1,1,1,0
2,normal,200,92,shippingservice,server,70,2,2,2,0
2,normal,200,107,adservice,server,55,2,2,2,0
2,normal,200,107,cartservice,server,48,3,3,3,0
2,normal,200,107,checkoutservice,checkout,47,3,3,3,0
2,normal,200,107,currencyservice,server,50,3,3,3,0
2,normal,200,107,emailservice,email,43,3,3,3,0
2,normal,200,107,frontend,server,72,2,2,2,0
2,normal,200,107,paymentservice,payment,75,2,2,2,0
2,normal,200,107,productcatalogservice,server,67,2,2,2,0
2,normal,200,107,recommendationservice,server,70,2,2,2,0
2,normal,200,107,redis-cart,-,,1,1,1,0
2,normal,200,107,shippingservice,server,66,2,2,2,0
2,normal,200,122,adservice,server,59,2,2,2,0
2,normal,200,122,cartservice,server,48,3,3,3,0
2,normal,200,122,checkoutservice,checkout,48,3,3,3,0
2,normal,200,122,currencyservice,server,49,3,3,3,0
2,normal,200,122,emailservice,email,59,3,3,3,0
2,normal,200,122,frontend,server,67,2,2,2,0
2,normal,200,122,paymentservice,payment,82,2,2,2,0
2,normal,200,122,productcatalogservice,server,68,2,2,2,0
2,normal,200,122,recommendationservice,server,67,2,2,2,0
2,normal,200,122,redis-cart,-,,1,1,1,0
2,normal,200,122,shippingservice,server,74,2,2,2,0
2,normal,200,137,adservice,server,58,2,2,2,0
2,normal,200,137,cartservice,server,61,3,3,3,0
2,normal,200,137,checkoutservice,checkout,49,3,3,3,0
2,normal,200,137,currencyservice,server,52,3,3,3,0
2,normal,200,137,emailservice,email,54,3,3,3,0
2,normal,200,137,frontend,server,74,2,2,2,0
2,normal,200,137,paymentservice,payment,78,2,3,3,0
2,normal,200,137,productcatalogservice,server,70,2,2,2,0
2,normal,200,137,recommendationservice,server,71,2,2,2,0
2,normal,200,137,redis-cart,-,,1,1,1,0
2,normal,200,137,shippingservice,server,75,2,2,2,0
2,normal,200,153,adservice,server,57,2,2,2,0
2,normal,200,153,cartservice,server,58,3,3,3,0
2,normal,200,153,checkoutservice,checkout,51,3,3,3,0
2,normal,200,153,currencyservice,server,52,3,3,3,0
2,normal,200,153,emailservice,email,57,3,3,3,0
2,normal,200,153,frontend,server,71,2,2,2,0
2,normal,200,153,paymentservice,payment,88,3,3,3,0
2,normal,200,153,productcatalogservice,server,70,2,2,2,0
2,normal,200,153,recommendationservice,server,69,2,2,2,0
2,normal,200,153,redis-cart,-,,1,1,1,0
2,normal,200,153,shippingservice,server,73,2,2,2,0
2,normal,200,168,adservice,server,59,2,2,2,0
2,normal,200,168,cartservice,server,52,3,3,3,0
2,normal,200,168,checkoutservice,checkout,52,3,3,3,0
2,normal,200,168,currencyservice,server,49,3,3,3,0
2,normal,200,168,emailservice,email,54,3,3,3,0
2,normal,200,168,frontend,server,72,2,2,2,0
2,normal,200,168,paymentservice,payment,83,3,3,3,0
2,normal,200,168,productcatalogservice,server,67,2,2,2,0
2,normal,200,168,recommendationservice,server,69,2,2,2,0
2,normal,200,168,redis-cart,-,,1,1,1,0
2,normal,200,168,shippingservice,server,73,2,2,2,0
2,normal,200,183,adservice,server,59,2,2,2,0
2,normal,200,183,cartservice,server,51,3,3,3,0
2,normal,200,183,checkoutservice,checkout,46,3,3,3,0
2,normal,200,183,currencyservice,server,48,3,3,3,0
2,normal,200,183,emailservice,email,50,3,3,3,0
2,normal,200,183,frontend,server,72,2,2,2,0
2,normal,200,183,paymentservice,payment,50,3,3,3,0
2,normal,200,183,productcatalogservice,server,67,2,2,2,0
2,normal,200,183,recommendationservice,server,69,2,2,2,0
2,normal,200,183,redis-cart,-,,1,1,1,0
2,normal,200,183,shippingservice,server,71,2,2,2,0
2,normal,200,198,adservice,server,58,2,2,2,0
2,normal,200,198,cartservice,server,50,3,3,3,0
2,normal,200,198,checkoutservice,checkout,48,3,3,3,0
2,normal,200,198,currencyservice,server,48,3,3,3,0
2,normal,200,198,emailservice,email,53,3,3,3,0
2,normal,200,198,frontend,server,69,2,2,2,0
2,normal,200,198,paymentservice,payment,54,3,3,3,0
2,normal,200,198,productcatalogservice,server,68,2,2,2,0
2,normal,200,198,recommendationservice,server,66,2,2,2,0
2,normal,200,198,redis-cart,-,,1,1,1,0
2,normal,200,198,shippingservice,server,69,2,2,2,0
2,normal,200,214,adservice,server,59,2,2,2,0
2,normal,200,214,cartservice,server,53,3,3,3,0
2,normal,200,214,checkoutservice,checkout,47,3,3,3,0
2,normal,200,214,currencyservice,server,51,3,3,3,0
2,normal,200,214,emailservice,email,56,3,3,3,0
2,normal,200,214,frontend,server,73,2,2,2,0
2,normal,200,214,paymentservice,payment,57,3,3,3,0
2,normal,200,214,productcatalogservice,server,70,2,2,2,0
2,normal,200,214,recommendationservice,server,70,2,2,2,0
2,normal,200,214,redis-cart,-,,1,1,1,0
2,normal,200,214,shippingservice,server,74,2,2,2,0
2,normal,200,229,adservice,server,59,2,2,2,0
2,normal,200,229,cartservice,server,62,3,3,3,0
2,normal,200,229,checkoutservice,checkout,51,3,3,3,0
2,normal,200,229,currencyservice,server,52,3,3,3,0
2,normal,200,229,emailservice,email,56,3,3,3,0
2,normal,200,229,frontend,server,76,2,2,2,0
2,normal,200,229,paymentservice,payment,57,3,3,3,0
2,normal,200,229,productcatalogservice,server,72,2,2,2,0
2,normal,200,229,recommendationservice,server,71,2,2,2,0
2,normal,200,229,redis-cart,-,,1,1,1,0
2,normal,200,229,shippingservice,server,77,2,2,2,0
2,normal,200,244,adservice,server,58,2,2,2,0
2,normal,200,244,cartservice,server,64,3,3,3,0
2,normal,200,244,checkoutservice,checkout,52,3,3,3,0
2,normal,200,244,currencyservice,server,52,3,3,3,0
2,normal,200,244,emailservice,email,56,3,3,3,0
2,normal,200,244,frontend,server,73,2,2,2,0
2,normal,200,244,paymentservice,payment,56,3,3,3,0
2,normal,200,244,productcatalogservice,server,70,2,2,2,0
2,normal,200,244,recommendationservice,server,68,2,2,2,0
2,normal,200,244,redis-cart,-,,1,1,1,0
2,normal,200,244,shippingservice,server,73,2,2,2,0
2,normal,200,259,adservice,server,57,2,2,2,0
2,normal,200,259,cartservice,server,62,3,3,3,0
2,normal,200,259,checkoutservice,checkout,51,3,3,3,0
2,normal,200,259,currencyservice,server,52,3,3,3,0
2,normal,200,259,emailservice,email,56,3,3,3,0
2,normal,200,259,frontend,server,70,2,2,2,0
2,normal,200,259,paymentservice,payment,57,3,3,3,0
2,normal,200,259,productcatalogservice,server,70,2,2,2,0
2,normal,200,259,recommendationservice,server,70,2,2,2,0
2,normal,200,259,redis-cart,-,,1,1,1,0
2,normal,200,259,shippingservice,server,77,2,2,2,0
2,normal,200,274,adservice,server,57,2,2,2,0
2,normal,200,274,cartservice,server,56,3,3,3,0
2,normal,200,274,checkoutservice,checkout,51,3,3,3,0
2,normal,200,274,currencyservice,server,51,3,3,3,0
2,normal,200,274,emailservice,email,56,3,3,3,0
2,normal,200,274,frontend,server,73,2,2,2,0
2,normal,200,274,paymentservice,payment,56,3,3,3,0
2,normal,200,274,productcatalogservice,server,70,2,2,2,0
2,normal,200,274,recommendationservice,server,70,2,2,2,0
2,normal,200,274,redis-cart,-,,1,1,1,0
2,normal,200,274,shippingservice,server,75,2,2,2,0
2,normal,200,290,adservice,server,57,2,2,2,0
2,normal,200,290,cartservice,server,52,3,3,3,0
2,normal,200,290,checkoutservice,checkout,47,3,3,3,0
2,normal,200,290,currencyservice,server,50,3,3,3,0
2,normal,200,290,emailservice,email,52,3,3,3,0
2,normal,200,290,frontend,server,68,2,2,2,0
2,normal,200,290,paymentservice,payment,55,3,3,3,0
2,normal,200,290,productcatalogservice,server,68,2,2,2,0
2,normal,200,290,recommendationservice,server,67,2,2,2,0
2,normal,200,290,redis-cart,-,,1,1,1,0
2,normal,200,290,shippingservice,server,69,2,2,2,0
2,normal,200,305,adservice,server,59,2,2,2,0
2,normal,200,305,cartservice,server,54,3,3,3,0
2,normal,200,305,checkoutservice,checkout,50,3,3,3,0
2,normal,200,305,currencyservice,server,48,3,3,3,0
2,normal,200,305,emailservice,email,53,3,3,3,0
2,normal,200,305,frontend,server,69,2,2,2,0
2,normal,200,305,paymentservice,payment,50,3,3,3,0
2,normal,200,305,productcatalogservice,server,65,2,2,2,0
2,normal,200,305,recommendationservice,server,66,2,2,2,0
2,normal,200,305,redis-cart,-,,1,1,1,0
2,normal,200,305,shippingservice,server,71,2,2,2,0
2,normal,200,320,adservice,server,58,2,2,2,0
2,normal,200,320,cartservice,server,56,3,3,3,0
2,normal,200,320,checkoutservice,checkout,50,3,3,3,0
2,normal,200,320,currencyservice,server,50,3,3,3,0
2,normal,200,320,emailservice,email,56,3,3,3,0
2,normal,200,320,frontend,server,73,2,2,2,0
2,normal,200,320,paymentservice,payment,56,3,3,3,0
2,normal,200,320,productcatalogservice,server,69,2,2,2,0
2,normal,200,320,recommendationservice,server,70,2,2,2,0
2,normal,200,320,redis-cart,-,,1,1,1,0
2,normal,200,320,shippingservice,server,77,2,2,2,0
2,normal,200,335,adservice,server,59,2,2,2,0
2,normal,200,335,cartservice,server,54,3,3,3,0
2,normal,200,335,checkoutservice,checkout,49,3,3,3,0
2,normal,200,335,currencyservice,server,49,3,3,3,0
2,normal,200,335,emailservice,email,55,3,3,3,0
2,normal,200,335,frontend,server,71,2,2,2,0
2,normal,200,335,paymentservice,payment,57,3,3,3,0
2,normal,200,335,productcatalogservice,server,69,2,2,2,0
2,normal,200,335,recommendationservice,server,68,2,2,2,0
2,normal,200,335,redis-cart,-,,1,1,1,0
2,normal,200,335,shippingservice,server,72,2,2,2,0
2,normal,200,350,adservice,server,55,2,2,2,0
2,normal,200,350,cartservice,server,49,3,3,3,0
2,normal,200,350,checkoutservice,checkout,44,3,3,3,0
2,normal,200,350,currencyservice,server,49,3,3,3,0
2,normal,200,350,emailservice,email,52,3,3,3,0
2,normal,200,350,frontend,server,69,2,2,2,0
2,normal,200,350,paymentservice,payment,46,3,3,3,0
2,normal,200,350,productcatalogservice,server,66,2,2,2,0
2,normal,200,350,recommendationservice,server,68,2,2,2,0
2,normal,200,350,redis-cart,-,,1,1,1,0
2,normal,200,350,shippingservice,server,69,2,2,2,0
2,normal,250,0,adservice,server,4,2,2,2,0
2,normal,250,0,cartservice,server,0,3,3,3,0
2,normal,250,0,checkoutservice,checkout,0,3,3,3,0
2,normal,250,0,currencyservice,server,8,3,3,3,0
2,normal,250,0,emailservice,email,3,3,3,3,0
2,normal,250,0,frontend,server,0,2,2,2,0
2,normal,250,0,paymentservice,payment,4,3,3,3,0
2,normal,250,0,productcatalogservice,server,0,2,2,2,0
2,normal,250,0,recommendationservice,server,0,2,2,2,0
2,normal,250,0,redis-cart,-,,1,1,1,0
2,normal,250,0,shippingservice,server,0,2,2,2,0
2,normal,250,15,adservice,server,4,2,2,2,0
2,normal,250,15,cartservice,server,4,3,3,3,0
2,normal,250,15,checkoutservice,checkout,2,3,2,2,0
2,normal,250,15,currencyservice,server,10,3,3,3,0
2,normal,250,15,emailservice,email,15,3,3,3,0
2,normal,250,15,frontend,server,0,2,2,2,0
2,normal,250,15,paymentservice,payment,36,3,2,2,0
2,normal,250,15,productcatalogservice,server,13,2,2,2,0
2,normal,250,15,recommendationservice,server,18,2,2,2,0
2,normal,250,15,redis-cart,-,,1,1,1,0
2,normal,250,15,shippingservice,server,2,2,2,2,0
2,normal,250,30,adservice,server,42,2,2,2,0
2,normal,250,30,cartservice,server,57,3,3,3,0
2,normal,250,30,checkoutservice,checkout,69,2,2,2,0
2,normal,250,30,currencyservice,server,61,3,3,3,0
2,normal,250,30,emailservice,email,65,3,3,3,0
2,normal,250,30,frontend,server,73,2,2,2,0
2,normal,250,30,paymentservice,payment,111,2,2,2,0
2,normal,250,30,productcatalogservice,server,83,2,2,2,0
2,normal,250,30,recommendationservice,server,18,2,1,1,0
2,normal,250,30,redis-cart,-,,1,1,1,0
2,normal,250,30,shippingservice,server,55,2,2,2,0
2,normal,250,46,adservice,server,71,2,2,2,0
2,normal,250,46,cartservice,server,63,3,3,3,0
2,normal,250,46,checkoutservice,checkout,91,2,2,2,0
2,normal,250,46,currencyservice,server,60,3,3,3,0
2,normal,250,46,emailservice,email,68,3,3,3,0
2,normal,250,46,frontend,server,88,2,2,2,0
2,normal,250,46,paymentservice,payment,111,2,4,4,0
2,normal,250,46,productcatalogservice,server,83,2,3,3,0
2,normal,250,46,recommendationservice,server,39,1,1,1,0
2,normal,250,46,redis-cart,-,,1,1,1,0
2,normal,250,46,shippingservice,server,89,2,2,2,0
2,normal,250,61,adservice,server,75,2,2,2,0
2,normal,250,61,cartservice,server,66,3,3,3,0
2,normal,250,61,checkoutservice,checkout,85,2,3,3,0
2,normal,250,61,currencyservice,server,59,3,3,3,0
2,normal,250,61,emailservice,email,65,3,3,3,0
2,normal,250,61,frontend,server,90,2,3,2,0
2,normal,250,61,paymentservice,payment,97,4,4,4,0
2,normal,250,61,productcatalogservice,server,84,3,3,3,0
2,normal,250,61,recommendationservice,server,168,1,1,0,0
2,normal,250,61,redis-cart,-,,1,1,1,0
2,normal,250,61,shippingservice,server,84,2,3,3,0
2,normal,250,76,adservice,server,71,2,2,2,0
2,normal,250,76,cartservice,server,68,3,3,3,0
2,normal,250,76,checkoutservice,checkout,60,3,3,3,0
2,normal,250,76,currencyservice,server,59,3,3,3,0
2,normal,250,76,emailservice,email,66,3,3,3,0
2,normal,250,76,frontend,server,89,3,3,3,0
2,normal,250,76,paymentservice,payment,50,4,4,4,0
2,normal,250,76,productcatalogservice,server,56,3,3,3,0
2,normal,250,76,recommendationservice,server,168,1,3,2,0
2,normal,250,76,redis-cart,-,,1,1,1,0
2,normal,250,76,shippingservice,server,87,3,3,3,0
2,normal,250,91,adservice,server,72,2,2,2,0
2,normal,250,91,cartservice,server,61,3,3,3,0
2,normal,250,91,checkoutservice,checkout,90,3,3,3,0
2,normal,250,91,currencyservice,server,58,3,3,3,0
2,normal,250,91,emailservice,email,65,3,3,3,0
2,normal,250,91,frontend,server,88,3,3,3,0
2,normal,250,91,paymentservice,payment,49,4,4,4,0
2,normal,250,91,productcatalogservice,server,55,3,3,3,0
2,normal,250,91,recommendationservice,server,171,3,3,2,0
2,normal,250,91,redis-cart,-,,1,1,1,0
2,normal,250,91,shippingservice,server,57,3,3,3,0
2,normal,250,107,adservice,server,75,2,2,2,0
2,normal,250,107,cartservice,server,60,3,3,3,0
2,normal,250,107,checkoutservice,checkout,59,3,3,3,0
2,normal,250,107,currencyservice,server,64,3,3,3,0
2,normal,250,107,emailservice,email,71,3,3,3,0
2,normal,250,107,frontend,server,66,3,3,3,0
2,normal,250,107,paymentservice,payment,48,4,4,4,0
2,normal,250,107,productcatalogservice,server,60,3,3,3,0
2,normal,250,107,recommendationservice,server,63,3,3,2,0
2,normal,250,107,redis-cart,-,,1,1,1,0
2,normal,250,107,shippingservice,server,63,3,3,3,0
2,normal,250,122,adservice,server,76,2,2,2,0
2,normal,250,122,cartservice,server,63,3,3,3,0
2,normal,250,122,checkoutservice,checkout,65,3,3,3,0
2,normal,250,122,currencyservice,server,65,3,3,3,0
2,normal,250,122,emailservice,email,71,3,3,3,0
2,normal,250,122,frontend,server,66,3,3,3,0
2,normal,250,122,paymentservice,payment,50,4,3,3,0
2,normal,250,122,productcatalogservice,server,63,3,3,3,0
2,normal,250,122,recommendationservice,server,65,3,3,2,0
2,normal,250,122,redis-cart,-,,1,1,1,0
2,normal,250,122,shippingservice,server,63,3,3,3,0
2,normal,250,137,adservice,server,78,2,2,2,0
2,normal,250,137,cartservice,server,67,3,3,3,0
2,normal,250,137,checkoutservice,checkout,61,3,3,3,0
2,normal,250,137,currencyservice,server,67,3,3,3,0
2,normal,250,137,emailservice,email,71,3,3,3,0
2,normal,250,137,frontend,server,68,3,3,3,0
2,normal,250,137,paymentservice,payment,69,3,3,3,0
2,normal,250,137,productcatalogservice,server,62,3,3,3,0
2,normal,250,137,recommendationservice,server,14,3,3,3,0
2,normal,250,137,redis-cart,-,,1,1,1,0
2,normal,250,137,shippingservice,server,62,3,3,3,0
2,normal,250,152,adservice,server,81,2,3,2,0
2,normal,250,152,cartservice,server,51,3,3,3,0
2,normal,250,152,checkoutservice,checkout,63,3,3,3,0
2,normal,250,152,currencyservice,server,64,3,3,3,0
2,normal,250,152,emailservice,email,84,3,3,2,0
2,normal,250,152,frontend,server,70,3,3,3,0
2,normal,250,152,paymentservice,payment,59,3,3,3,0
2,normal,250,152,productcatalogservice,server,61,3,3,3,0
2,normal,250,152,recommendationservice,server,43,3,3,3,0
2,normal,250,152,redis-cart,-,,1,1,1,0
2,normal,250,152,shippingservice,server,59,3,3,3,0
2,normal,250,168,adservice,server,89,3,3,2,0
2,normal,250,168,cartservice,server,49,3,3,3,0
2,normal,250,168,checkoutservice,checkout,55,3,3,3,0
2,normal,250,168,currencyservice,server,59,3,3,3,0
2,normal,250,168,emailservice,email,84,3,4,3,0
2,normal,250,168,frontend,server,67,3,3,3,0
2,normal,250,168,paymentservice,payment,55,3,3,3,0
2,normal,250,168,productcatalogservice,server,56,3,3,3,0
2,normal,250,168,recommendationservice,server,77,3,3,3,0
2,normal,250,168,redis-cart,-,,1,1,1,0
2,normal,250,168,shippingservice,server,60,3,3,3,0
2,normal,250,183,adservice,server,86,3,3,3,0
2,normal,250,183,cartservice,server,56,3,3,3,0
2,normal,250,183,checkoutservice,checkout,58,3,3,3,0
2,normal,250,183,currencyservice,server,57,3,3,3,0
2,normal,250,183,emailservice,email,84,4,4,4,0
2,normal,250,183,frontend,server,65,3,3,3,0
2,normal,250,183,paymentservice,payment,57,3,3,3,0
2,normal,250,183,productcatalogservice,server,53,3,3,3,0
2,normal,250,183,recommendationservice,server,78,3,4,4,0
2,normal,250,183,redis-cart,-,,1,1,1,0
2,normal,250,183,shippingservice,server,58,3,3,3,0
2,normal,250,198,adservice,server,88,3,3,3,0
2,normal,250,198,cartservice,server,56,3,3,3,0
2,normal,250,198,checkoutservice,checkout,54,3,3,3,0
2,normal,250,198,currencyservice,server,56,3,3,3,0
2,normal,250,198,emailservice,email,74,4,4,4,0
2,normal,250,198,frontend,server,66,3,3,3,0
2,normal,250,198,paymentservice,payment,56,3,3,3,0
2,normal,250,198,productcatalogservice,server,53,3,3,3,0
2,normal,250,198,recommendationservice,server,73,4,4,4,0
2,normal,250,198,redis-cart,-,,1,1,1,0
2,normal,250,198,shippingservice,server,58,3,3,3,0
2,normal,250,213,adservice,server,59,3,3,3,0
2,normal,250,213,cartservice,server,54,3,3,3,0
2,normal,250,213,checkoutservice,checkout,58,3,3,3,0
2,normal,250,213,currencyservice,server,59,3,3,3,0
2,normal,250,213,emailservice,email,62,4,4,4,0
2,normal,250,213,frontend,server,68,3,3,3,0
2,normal,250,213,paymentservice,payment,57,3,3,3,0
2,normal,250,213,productcatalogservice,server,52,3,3,3,0
2,normal,250,213,recommendationservice,server,57,4,4,4,0
2,normal,250,213,redis-cart,-,,1,1,1,0
2,normal,250,213,shippingservice,server,59,3,3,3,0
2,normal,250,229,adservice,server,64,3,3,3,0
2,normal,250,229,cartservice,server,53,3,3,3,0
2,normal,250,229,checkoutservice,checkout,54,3,3,3,0
2,normal,250,229,currencyservice,server,57,3,3,3,0
2,normal,250,229,emailservice,email,61,4,4,3,0
2,normal,250,229,frontend,server,67,3,3,3,0
2,normal,250,229,paymentservice,payment,51,3,3,3,0
2,normal,250,229,productcatalogservice,server,52,3,3,3,0
2,normal,250,229,recommendationservice,server,57,4,4,4,0
2,normal,250,229,redis-cart,-,,1,1,1,0
2,normal,250,229,shippingservice,server,57,3,3,3,0
2,normal,250,244,adservice,server,62,3,3,3,0
2,normal,250,244,cartservice,server,55,3,3,3,0
2,normal,250,244,checkoutservice,checkout,55,3,3,3,0
2,normal,250,244,currencyservice,server,58,3,3,3,0
2,normal,250,244,emailservice,email,63,4,4,3,0
2,normal,250,244,frontend,server,68,3,3,3,0
2,normal,250,244,paymentservice,payment,51,3,3,3,0
2,normal,250,244,productcatalogservice,server,53,3,3,3,0
2,normal,250,244,recommendationservice,server,59,4,4,4,0
2,normal,250,244,redis-cart,-,,1,1,1,0
2,normal,250,244,shippingservice,server,60,3,3,3,0
2,normal,250,259,adservice,server,61,3,3,3,0
2,normal,250,259,cartservice,server,52,3,3,3,0
2,normal,250,259,checkoutservice,checkout,53,3,3,3,0
2,normal,250,259,currencyservice,server,56,3,3,3,0
2,normal,250,259,emailservice,email,63,4,4,3,0
2,normal,250,259,frontend,server,67,3,3,3,0
2,normal,250,259,paymentservice,payment,48,3,3,3,0
2,normal,250,259,productcatalogservice,server,53,3,3,3,0
2,normal,250,259,recommendationservice,server,55,4,4,4,0
2,normal,250,259,redis-cart,-,,1,1,1,0
2,normal,250,259,shippingservice,server,56,3,3,3,0
2,normal,250,274,adservice,server,62,3,3,3,0
2,normal,250,274,cartservice,server,53,3,3,3,0
2,normal,250,274,checkoutservice,checkout,54,3,3,3,0
2,normal,250,274,currencyservice,server,60,3,3,3,0
2,normal,250,274,emailservice,email,63,4,4,3,0
2,normal,250,274,frontend,server,68,3,3,3,0
2,normal,250,274,paymentservice,payment,53,3,3,3,0
2,normal,250,274,productcatalogservice,server,54,3,3,3,0
2,normal,250,274,recommendationservice,server,57,4,4,4,0
2,normal,250,274,redis-cart,-,,1,1,1,0
2,normal,250,274,shippingservice,server,57,3,3,3,0
2,normal,250,290,adservice,server,64,3,3,3,0
2,normal,250,290,cartservice,server,45,3,3,3,0
2,normal,250,290,checkoutservice,checkout,55,3,3,3,0
2,normal,250,290,currencyservice,server,55,3,3,3,0
2,normal,250,290,emailservice,email,0,4,4,4,0
2,normal,250,290,frontend,server,69,3,3,3,0
2,normal,250,290,paymentservice,payment,49,3,3,3,0
2,normal,250,290,productcatalogservice,server,53,3,3,3,0
2,normal,250,290,recommendationservice,server,57,4,4,4,0
2,normal,250,290,redis-cart,-,,1,1,1,0
2,normal,250,290,shippingservice,server,55,3,3,3,0
2,normal,250,305,adservice,server,60,3,3,3,0
2,normal,250,305,cartservice,server,55,3,3,3,0
2,normal,250,305,checkoutservice,checkout,49,3,3,3,0
2,normal,250,305,currencyservice,server,56,3,3,3,0
2,normal,250,305,emailservice,email,42,4,4,4,0
2,normal,250,305,frontend,server,68,3,3,3,0
2,normal,250,305,paymentservice,payment,50,3,3,3,0
2,normal,250,305,productcatalogservice,server,54,3,3,3,0
2,normal,250,305,recommendationservice,server,38,4,4,2,0
2,normal,250,305,redis-cart,-,,1,1,1,0
2,normal,250,305,shippingservice,server,57,3,3,3,0
2,normal,250,320,adservice,server,62,3,3,3,0
2,normal,250,320,cartservice,server,58,3,3,3,0
2,normal,250,320,checkoutservice,checkout,55,3,3,3,0
2,normal,250,320,currencyservice,server,59,3,3,3,0
2,normal,250,320,emailservice,email,53,4,4,4,0
2,normal,250,320,frontend,server,67,3,3,3,0
2,normal,250,320,paymentservice,payment,60,3,3,3,0
2,normal,250,320,productcatalogservice,server,54,3,3,3,0
2,normal,250,320,recommendationservice,server,0,4,4,2,0
2,normal,250,320,redis-cart,-,,1,1,1,0
2,normal,250,320,shippingservice,server,60,3,3,3,0
2,normal,250,335,adservice,server,59,3,3,3,0
2,normal,250,335,cartservice,server,53,3,3,3,0
2,normal,250,335,checkoutservice,checkout,54,3,3,3,0
2,normal,250,335,currencyservice,server,59,3,3,3,0
2,normal,250,335,emailservice,email,54,4,4,4,0
2,normal,250,335,frontend,server,69,3,3,3,0
2,normal,250,335,paymentservice,payment,61,3,3,3,0
2,normal,250,335,productcatalogservice,server,54,3,3,3,0
2,normal,250,335,recommendationservice,server,0,4,4,4,0
2,normal,250,335,redis-cart,-,,1,1,1,0
2,normal,250,335,shippingservice,server,61,3,3,3,0
2,normal,250,351,adservice,server,64,3,3,3,0
2,normal,250,351,cartservice,server,57,3,3,3,0
2,normal,250,351,checkoutservice,checkout,55,3,3,3,0
2,normal,250,351,currencyservice,server,55,3,3,3,0
2,normal,250,351,emailservice,email,53,4,4,4,0
2,normal,250,351,frontend,server,68,3,3,3,0
2,normal,250,351,paymentservice,payment,47,3,3,3,0
2,normal,250,351,productcatalogservice,server,49,3,3,3,0
2,normal,250,351,recommendationservice,server,0,4,2,2,0
2,normal,250,351,redis-cart,-,,1,1,1,0
2,normal,250,351,shippingservice,server,62,3,3,3,0
2,normal,300,0,adservice,server,5,3,3,3,0
2,normal,300,0,cartservice,server,0,3,3,3,0
2,normal,300,0,checkoutservice,checkout,10,3,3,3,0
2,normal,300,0,currencyservice,server,17,3,3,3,0
2,normal,300,0,emailservice,email,14,4,4,4,0
2,normal,300,0,frontend,server,10,3,3,3,0
2,normal,300,0,paymentservice,payment,47,3,3,3,0
2,normal,300,0,productcatalogservice,server,0,3,3,3,0
2,normal,300,0,recommendationservice,server,0,2,1,1,0
2,normal,300,0,redis-cart,-,,1,1,1,0
2,normal,300,0,shippingservice,server,9,3,3,3,0
2,normal,300,15,adservice,server,3,3,3,3,0
2,normal,300,15,cartservice,server,0,3,3,3,0
2,normal,300,15,checkoutservice,checkout,0,3,3,3,0
2,normal,300,15,currencyservice,server,0,3,3,3,0
2,normal,300,15,emailservice,email,2,4,4,4,0
2,normal,300,15,frontend,server,0,3,3,3,0
2,normal,300,15,paymentservice,payment,1,3,3,3,0
2,normal,300,15,productcatalogservice,server,0,3,3,3,0
2,normal,300,15,recommendationservice,server,0,1,1,1,0
2,normal,300,15,redis-cart,-,,1,1,1,0
2,normal,300,15,shippingservice,server,1,3,3,3,0
2,normal,300,30,adservice,server,25,3,3,3,0
2,normal,300,30,cartservice,server,9,3,3,3,0
2,normal,300,30,checkoutservice,checkout,5,3,3,3,0
2,normal,300,30,currencyservice,server,40,3,3,3,0
2,normal,300,30,emailservice,email,30,4,4,4,0
2,normal,300,30,frontend,server,17,3,3,3,0
2,normal,300,30,paymentservice,payment,1,3,3,3,0
2,normal,300,30,productcatalogservice,server,28,3,3,3,0
2,normal,300,30,recommendationservice,server,71,1,1,0,0
2,normal,300,30,redis-cart,-,,1,1,1,0
2,normal,300,30,shippingservice,server,31,3,3,3,0
2,normal,300,46,adservice,server,50,3,3,3,0
2,normal,300,46,cartservice,server,54,3,3,3,0
2,normal,300,46,checkoutservice,checkout,55,3,3,3,0
2,normal,300,46,currencyservice,server,62,3,3,3,0
2,normal,300,46,emailservice,email,50,4,3,3,0
2,normal,300,46,frontend,server,58,3,3,3,0
2,normal,300,46,paymentservice,payment,58,3,3,3,0
2,normal,300,46,productcatalogservice,server,55,3,3,3,0
2,normal,300,46,recommendationservice,server,157,1,1,0,0
2,normal,300,46,redis-cart,-,,1,1,1,0
2,normal,300,46,shippingservice,server,57,3,3,3,0
2,normal,300,61,adservice,server,48,3,3,3,0
2,normal,300,61,cartservice,server,60,3,3,3,0
2,normal,300,61,checkoutservice,checkout,57,3,3,3,0
2,normal,300,61,currencyservice,server,65,3,3,3,0
2,normal,300,61,emailservice,email,65,3,3,3,0
2,normal,300,61,frontend,server,62,3,3,3,0
2,normal,300,61,paymentservice,payment,63,3,3,3,0
2,normal,300,61,productcatalogservice,server,57,3,3,3,0
2,normal,300,61,recommendationservice,server,173,1,3,2,0
2,normal,300,61,redis-cart,-,,1,1,1,0
2,normal,300,61,shippingservice,server,58,3,3,3,0
2,normal,300,76,adservice,server,47,3,3,3,0
2,normal,300,76,cartservice,server,65,3,3,3,0
2,normal,300,76,checkoutservice,checkout,56,3,3,3,0
2,normal,300,76,currencyservice,server,65,3,3,3,0
2,normal,300,76,emailservice,email,65,3,3,3,0
2,normal,300,76,frontend,server,62,3,3,3,0
2,normal,300,76,paymentservice,payment,63,3,3,3,0
2,normal,300,76,productcatalogservice,server,57,3,3,3,0
2,normal,300,76,recommendationservice,server,172,3,3,2,0
2,normal,300,76,redis-cart,-,,1,1,1,0
2,normal,300,76,shippingservice,server,55,3,3,3,0
2,normal,300,92,adservice,server,49,3,3,3,0
2,normal,300,92,cartservice,server,75,3,3,3,0
2,normal,300,92,checkoutservice,checkout,60,3,3,3,0
2,normal,300,92,currencyservice,server,67,3,3,3,0
2,normal,300,92,emailservice,email,66,3,3,3,0
2,normal,300,92,frontend,server,62,3,3,3,0
2,normal,300,92,paymentservice,payment,65,3,3,3,0
2,normal,300,92,productcatalogservice,server,57,3,3,3,0
2,normal,300,92,recommendationservice,server,171,3,3,3,0
2,normal,300,92,redis-cart,-,,1,1,1,0
2,normal,300,92,shippingservice,server,59,3,3,3,0
2,normal,300,107,adservice,server,72,3,3,3,0
2,normal,300,107,cartservice,server,76,3,3,3,0
2,normal,300,107,checkoutservice,checkout,78,3,3,3,0
2,normal,300,107,currencyservice,server,66,3,3,3,0
2,normal,300,107,emailservice,email,68,3,3,3,0
2,normal,300,107,frontend,server,63,3,3,3,0
2,normal,300,107,paymentservice,payment,65,3,3,3,0
2,normal,300,107,productcatalogservice,server,58,3,3,3,0
2,normal,300,107,recommendationservice,server,0,3,3,2,0
2,normal,300,107,redis-cart,-,,1,1,1,0
2,normal,300,107,shippingservice,server,59,3,3,3,0
2,normal,300,122,adservice,server,74,3,3,3,0
2,normal,300,122,cartservice,server,85,3,3,3,0
2,normal,300,122,checkoutservice,checkout,81,3,4,3,1
2,normal,300,122,currencyservice,server,91,3,3,3,0
2,normal,300,122,emailservice,email,97,3,3,3,0
2,normal,300,122,frontend,server,72,3,3,3,0
2,normal,300,122,paymentservice,payment,83,3,3,3,0
2,normal,300,122,productcatalogservice,server,60,3,3,3,0
2,normal,300,122,recommendationservice,server,52,3,3,2,0
2,normal,300,122,redis-cart,-,,1,1,1,0
2,normal,300,122,shippingservice,server,67,3,3,3,0
2,normal,300,138,adservice,server,71,3,3,3,0
2,normal,300,138,cartservice,server,76,3,3,3,0
2,normal,300,138,checkoutservice,checkout,81,4,4,4,0
2,normal,300,138,currencyservice,server,87,3,4,3,1
2,normal,300,138,emailservice,email,105,5,5,5,0
2,normal,300,138,frontend,server,82,3,4,3,1
2,normal,300,138,paymentservice,payment,98,3,4,4,0
2,normal,300,138,productcatalogservice,server,75,3,3,3,0
2,normal,300,138,recommendationservice,server,68,3,3,2,0
2,normal,300,138,redis-cart,-,,1,1,1,0
2,normal,300,138,shippingservice,server,79,3,3,3,0
2,normal,300,153,adservice,server,73,3,3,3,0
2,normal,300,153,cartservice,server,88,3,3,3,0
2,normal,300,153,checkoutservice,checkout,62,4,4,4,0
2,normal,300,153,currencyservice,server,88,4,4,4,0
2,normal,300,153,emailservice,email,63,5,5,5,0
2,normal,300,153,frontend,server,83,4,4,3,1
2,normal,300,153,paymentservice,payment,90,4,4,4,0
2,normal,300,153,productcatalogservice,server,75,3,3,3,0
2,normal,300,153,recommendationservice,server,67,3,3,2,0
2,normal,300,153,redis-cart,-,,1,1,1,0
2,normal,300,153,shippingservice,server,83,3,4,4,0
2,normal,300,169,adservice,server,71,3,3,3,0
2,normal,300,169,cartservice,server,84,3,4,3,0
2,normal,300,169,checkoutservice,checkout,64,4,4,4,0
2,normal,300,169,currencyservice,server,87,4,4,4,0
2,normal,300,169,emailservice,email,63,5,5,5,0
2,normal,300,169,frontend,server,86,4,4,3,1
2,normal,300,169,paymentservice,payment,72,4,4,4,0
2,normal,300,169,productcatalogservice,server,76,3,3,3,0
2,normal,300,169,recommendationservice,server,63,3,3,2,0
2,normal,300,169,redis-cart,-,,1,1,1,0
2,normal,300,169,shippingservice,server,82,4,4,4,0
2,normal,300,184,adservice,server,66,3,3,3,0
2,normal,300,184,cartservice,server,67,4,4,3,0
2,normal,300,184,checkoutservice,checkout,55,4,4,4,0
2,normal,300,184,currencyservice,server,63,4,4,4,0
2,normal,300,184,emailservice,email,60,5,5,5,0
2,normal,300,184,frontend,server,78,4,4,3,1
2,normal,300,184,paymentservice,payment,56,4,4,4,0
2,normal,300,184,productcatalogservice,server,72,3,3,3,0
2,normal,300,184,recommendationservice,server,63,3,3,3,0
2,normal,300,184,redis-cart,-,,1,1,1,0
2,normal,300,184,shippingservice,server,61,4,4,4,0
2,normal,300,199,adservice,server,65,3,3,3,0
2,normal,300,199,cartservice,server,73,4,4,4,0
2,normal,300,199,checkoutservice,checkout,58,4,4,4,0
2,normal,300,199,currencyservice,server,61,4,4,4,0
2,normal,300,199,emailservice,email,57,5,5,5,0
2,normal,300,199,frontend,server,75,4,4,3,1
2,normal,300,199,paymentservice,payment,62,4,4,4,0
2,normal,300,199,productcatalogservice,server,74,3,3,3,0
2,normal,300,199,recommendationservice,server,92,3,3,2,0
2,normal,300,199,redis-cart,-,,1,1,1,0
2,normal,300,199,shippingservice,server,53,4,4,4,0
2,normal,300,215,adservice,server,65,3,3,3,0
2,normal,300,215,cartservice,server,72,4,4,4,0
2,normal,300,215,checkoutservice,checkout,55,4,4,4,0
2,normal,300,215,currencyservice,server,63,4,4,4,0
2,normal,300,215,emailservice,email,56,5,5,5,0
2,normal,300,215,frontend,server,84,4,4,3,1
2,normal,300,215,paymentservice,payment,63,4,4,4,0
2,normal,300,215,productcatalogservice,server,75,3,3,3,0
2,normal,300,215,recommendationservice,server,46,3,3,3,0
2,normal,300,215,redis-cart,-,,1,1,1,0
2,normal,300,215,shippingservice,server,59,4,4,4,0
2,normal,300,230,adservice,server,65,3,3,3,0
2,normal,300,230,cartservice,server,56,4,4,4,0
2,normal,300,230,checkoutservice,checkout,55,4,4,4,0
2,normal,300,230,currencyservice,server,63,4,4,4,0
2,normal,300,230,emailservice,email,57,5,5,5,0
2,normal,300,230,frontend,server,82,4,4,3,1
2,normal,300,230,paymentservice,payment,71,4,4,4,0
2,normal,300,230,productcatalogservice,server,77,3,3,3,0
2,normal,300,230,recommendationservice,server,58,3,3,2,0
2,normal,300,230,redis-cart,-,,1,1,1,0
2,normal,300,230,shippingservice,server,60,4,4,4,0
2,normal,300,245,adservice,server,67,3,3,3,0
2,normal,300,245,cartservice,server,61,4,4,4,0
2,normal,300,245,checkoutservice,checkout,64,4,4,4,0
2,normal,300,245,currencyservice,server,67,4,4,4,0
2,normal,300,245,emailservice,email,60,5,5,5,0
2,normal,300,245,frontend,server,82,4,4,3,1
2,normal,300,245,paymentservice,payment,70,4,4,4,0
2,normal,300,245,productcatalogservice,server,78,3,4,3,1
2,normal,300,245,recommendationservice,server,57,3,3,2,0
2,normal,300,245,redis-cart,-,,1,1,1,0
2,normal,300,245,shippingservice,server,62,4,4,4,0
2,normal,300,260,adservice,server,67,3,3,3,0
2,normal,300,260,cartservice,server,59,4,4,4,0
2,normal,300,260,checkoutservice,checkout,59,4,4,4,0
2,normal,300,260,currencyservice,server,67,4,4,4,0
2,normal,300,260,emailservice,email,60,5,5,5,0
2,normal,300,260,frontend,server,81,4,4,3,1
2,normal,300,260,paymentservice,payment,70,4,4,4,0
2,normal,300,260,productcatalogservice,server,76,4,4,3,1
2,normal,300,260,recommendationservice,server,57,3,2,2,0
2,normal,300,260,redis-cart,-,,1,1,1,0
2,normal,300,260,shippingservice,server,59,4,4,4,0
2,normal,300,276,adservice,server,67,3,3,3,0
2,normal,300,276,cartservice,server,53,4,4,4,0
2,normal,300,276,checkoutservice,checkout,58,4,4,4,0
2,normal,300,276,currencyservice,server,67,4,4,4,0
2,normal,300,276,emailservice,email,57,5,5,5,0
2,normal,300,276,frontend,server,83,4,4,3,1
2,normal,300,276,paymentservice,payment,69,4,4,4,0
2,normal,300,276,productcatalogservice,server,76,4,4,4,0
2,normal,300,276,recommendationservice,server,61,2,2,2,0
2,normal,300,276,redis-cart,-,,1,1,1,0
2,normal,300,276,shippingservice,server,61,4,4,4,0
2,normal,300,291,adservice,server,65,3,3,3,0
2,normal,300,291,cartservice,server,56,4,4,4,0
2,normal,300,291,checkoutservice,checkout,58,4,4,4,0
2,normal,300,291,currencyservice,server,65,4,4,4,0
2,normal,300,291,emailservice,email,61,5,5,5,0
2,normal,300,291,frontend,server,80,4,4,3,1
2,normal,300,291,paymentservice,payment,66,4,4,4,0
2,normal,300,291,productcatalogservice,server,75,4,4,4,0
2,normal,300,291,recommendationservice,server,83,2,2,2,0
2,normal,300,291,redis-cart,-,,1,1,1,0
2,normal,300,291,shippingservice,server,58,4,4,4,0
2,normal,300,306,adservice,server,65,3,3,3,0
2,normal,300,306,cartservice,server,54,4,4,4,0
2,normal,300,306,checkoutservice,checkout,56,4,4,4,0
2,normal,300,306,currencyservice,server,65,4,4,4,0
2,normal,300,306,emailservice,email,62,5,5,5,0
2,normal,300,306,frontend,server,79,4,4,3,1
2,normal,300,306,paymentservice,payment,64,4,4,4,0
2,normal,300,306,productcatalogservice,server,55,4,4,4,0
2,normal,300,306,recommendationservice,server,134,2,3,2,1
2,normal,300,306,redis-cart,-,,1,1,1,0
2,normal,300,306,shippingservice,server,58,4,4,4,0
2,normal,300,322,adservice,server,66,3,3,3,0
2,normal,300,322,cartservice,server,58,4,4,4,0
2,normal,300,322,checkoutservice,checkout,61,4,4,4,0
2,normal,300,322,currencyservice,server,62,4,4,4,0
2,normal,300,322,emailservice,email,58,5,5,5,0
2,normal,300,322,frontend,server,82,4,4,3,1
2,normal,300,322,paymentservice,payment,65,4,4,4,0
2,normal,300,322,productcatalogservice,server,56,4,4,4,0
2,normal,300,322,recommendationservice,server,132,3,4,2,2
2,normal,300,322,redis-cart,-,,1,1,1,0
2,normal,300,322,shippingservice,server,58,4,4,4,0
2,normal,300,337,adservice,server,63,3,3,3,0
2,normal,300,337,cartservice,server,51,4,4,4,0
2,normal,300,337,checkoutservice,checkout,55,4,4,4,0
2,normal,300,337,currencyservice,server,63,4,4,4,0
2,normal,300,337,emailservice,email,57,5,5,5,0
2,normal,300,337,frontend,server,78,4,4,3,1
2,normal,300,337,paymentservice,payment,57,4,4,4,0
2,normal,300,337,productcatalogservice,server,55,4,4,4,0
2,normal,300,337,recommendationservice,server,134,4,4,2,2
2,normal,300,337,redis-cart,-,,1,1,1,0
2,normal,300,337,shippingservice,server,57,4,4,4,0
2,normal,300,352,adservice,server,51,3,3,3,0
2,normal,300,352,cartservice,server,23,4,4,4,0
2,normal,300,352,checkoutservice,checkout,52,4,4,4,0
2,normal,300,352,currencyservice,server,30,4,4,4,0
2,normal,300,352,emailservice,email,33,5,5,5,0
2,normal,300,352,frontend,server,41,4,4,3,1
2,normal,300,352,paymentservice,payment,24,4,4,4,0
2,normal,300,352,productcatalogservice,server,29,4,4,4,0
2,normal,300,352,recommendationservice,server,63,4,4,2,2
2,normal,300,352,redis-cart,-,,1,1,1,0
2,normal,300,352,shippingservice,server,49,4,4,4,0
2,frontcatalog,150,0,adservice,server,5,2,2,2,0
2,frontcatalog,150,0,cartservice,server,1,2,2,2,0
2,frontcatalog,150,0,checkoutservice,checkout,0,2,2,2,0
2,frontcatalog,150,0,currencyservice,server,0,2,2,2,0
2,frontcatalog,150,0,emailservice,email,2,2,2,2,0
2,frontcatalog,150,0,frontend,-,,,0,2,0
2,frontcatalog,150,0,paymentservice,-,,,0,2,0
2,frontcatalog,150,0,recommendationservice,-,,,0,2,0
2,frontcatalog,150,0,redis-cart,-,,1,1,1,0
2,frontcatalog,150,0,shippingservice,-,,,0,2,0
2,frontcatalog,150,15,adservice,server,191,2,2,2,0
2,frontcatalog,150,15,cartservice,server,1,2,2,2,0
2,frontcatalog,150,15,checkoutservice,checkout,2,2,2,2,0
2,frontcatalog,150,15,currencyservice,server,12,2,2,2,0
2,frontcatalog,150,15,emailservice,email,2,2,2,2,0
2,frontcatalog,150,15,frontend,productcatalog,9,2,2,2,0
2,frontcatalog,150,15,frontend,server,5,2,2,2,0
2,frontcatalog,150,15,paymentservice,payment,1,2,2,2,0
2,frontcatalog,150,15,recommendationservice,server,0,2,2,2,0
2,frontcatalog,150,15,redis-cart,-,,1,1,1,0
2,frontcatalog,150,15,shippingservice,server,0,2,2,2,0
2,frontcatalog,150,30,adservice,server,297,2,3,2,0
2,frontcatalog,150,30,cartservice,server,92,2,2,2,0
2,frontcatalog,150,30,checkoutservice,checkout,64,2,2,2,0
2,frontcatalog,150,30,currencyservice,server,78,2,2,2,0
2,frontcatalog,150,30,emailservice,email,35,2,2,2,0
2,frontcatalog,150,30,frontend,productcatalog,9,2,2,2,0
2,frontcatalog,150,30,frontend,server,45,2,2,2,0
2,frontcatalog,150,30,paymentservice,payment,22,2,2,2,0
2,frontcatalog,150,30,recommendationservice,server,0,2,2,2,0
2,frontcatalog,150,30,redis-cart,-,,1,1,1,0
2,frontcatalog,150,30,shippingservice,server,9,2,2,2,0
2,frontcatalog,150,46,adservice,server,135,3,4,2,0
2,frontcatalog,150,46,cartservice,server,69,2,2,2,0
2,frontcatalog,150,46,checkoutservice,checkout,62,2,2,2,0
2,frontcatalog,150,46,currencyservice,server,71,2,2,2,0
2,frontcatalog,150,46,emailservice,email,67,2,2,2,0
2,frontcatalog,150,46,frontend,productcatalog,56,2,2,2,0
2,frontcatalog,150,46,frontend,server,58,2,2,2,0
2,frontcatalog,150,46,paymentservice,payment,73,2,2,2,0
2,frontcatalog,150,46,recommendationservice,server,28,2,2,2,0
2,frontcatalog,150,46,redis-cart,-,,1,1,1,0
2,frontcatalog,150,46,shippingservice,server,17,2,2,2,0
2,frontcatalog,150,61,adservice,server,135,4,4,2,0
2,frontcatalog,150,61,cartservice,server,69,2,2,2,0
2,frontcatalog,150,61,checkoutservice,checkout,56,2,2,2,0
2,frontcatalog,150,61,currencyservice,server,64,2,2,2,0
2,frontcatalog,150,61,emailservice,email,65,2,2,2,0
2,frontcatalog,150,61,frontend,productcatalog,52,2,2,2,0
2,frontcatalog,150,61,frontend,server,57,2,2,2,0
2,frontcatalog,150,61,paymentservice,payment,64,2,2,2,0
2,frontcatalog,150,61,recommendationservice,server,55,2,2,2,0
2,frontcatalog,150,61,redis-cart,-,,1,1,1,0
2,frontcatalog,150,61,shippingservice,server,62,2,2,2,0
2,frontcatalog,150,76,adservice,server,110,4,4,3,0
2,frontcatalog,150,76,cartservice,server,62,2,2,2,0
2,frontcatalog,150,76,checkoutservice,checkout,58,2,2,2,0
2,frontcatalog,150,76,currencyservice,server,64,2,2,2,0
2,frontcatalog,150,76,emailservice,email,62,2,2,2,0
2,frontcatalog,150,76,frontend,productcatalog,51,2,2,2,0
2,frontcatalog,150,76,frontend,server,57,2,2,2,0
2,frontcatalog,150,76,paymentservice,payment,64,2,2,2,0
2,frontcatalog,150,76,recommendationservice,server,54,2,2,2,0
2,frontcatalog,150,76,redis-cart,-,,1,1,1,0
2,frontcatalog,150,76,shippingservice,server,59,2,2,2,0
2,frontcatalog,150,91,adservice,server,66,4,4,4,0
2,frontcatalog,150,91,cartservice,server,65,2,2,2,0
2,frontcatalog,150,91,checkoutservice,checkout,57,2,2,2,0
2,frontcatalog,150,91,currencyservice,server,62,2,2,2,0
2,frontcatalog,150,91,emailservice,email,60,2,2,2,0
2,frontcatalog,150,91,frontend,productcatalog,51,2,2,2,0
2,frontcatalog,150,91,frontend,server,55,2,2,2,0
2,frontcatalog,150,91,paymentservice,payment,63,2,2,2,0
2,frontcatalog,150,91,recommendationservice,server,52,2,2,2,0
2,frontcatalog,150,91,redis-cart,-,,1,1,1,0
2,frontcatalog,150,91,shippingservice,server,56,2,2,2,0
2,frontcatalog,150,106,adservice,server,41,4,4,4,0
2,frontcatalog,150,106,cartservice,server,68,2,2,2,0
2,frontcatalog,150,106,checkoutservice,checkout,57,2,2,2,0
2,frontcatalog,150,106,currencyservice,server,64,2,2,2,0
2,frontcatalog,150,106,emailservice,email,62,2,2,2,0
2,frontcatalog,150,106,frontend,productcatalog,50,2,2,2,0
2,frontcatalog,150,106,frontend,server,54,2,2,2,0
2,frontcatalog,150,106,paymentservice,payment,63,2,2,2,0
2,frontcatalog,150,106,recommendationservice,server,52,2,2,2,0
2,frontcatalog,150,106,redis-cart,-,,1,1,1,0
2,frontcatalog,150,106,shippingservice,server,57,2,2,2,0
2,frontcatalog,150,122,adservice,server,25,4,4,4,0
2,frontcatalog,150,122,cartservice,server,68,2,2,2,0
2,frontcatalog,150,122,checkoutservice,checkout,56,2,2,2,0
2,frontcatalog,150,122,currencyservice,server,63,2,2,2,0
2,frontcatalog,150,122,emailservice,email,60,2,2,2,0
2,frontcatalog,150,122,frontend,productcatalog,50,2,2,2,0
2,frontcatalog,150,122,frontend,server,53,2,2,2,0
2,frontcatalog,150,122,paymentservice,payment,67,2,2,2,0
2,frontcatalog,150,122,recommendationservice,server,52,2,2,2,0
2,frontcatalog,150,122,redis-cart,-,,1,1,1,0
2,frontcatalog,150,122,shippingservice,server,53,2,2,2,0
2,frontcatalog,150,137,adservice,server,24,4,4,4,0
2,frontcatalog,150,137,cartservice,server,60,2,2,2,0
2,frontcatalog,150,137,checkoutservice,checkout,54,2,2,2,0
2,frontcatalog,150,137,currencyservice,server,63,2,2,2,0
2,frontcatalog,150,137,emailservice,email,63,2,2,2,0
2,frontcatalog,150,137,frontend,productcatalog,49,2,2,2,0
2,frontcatalog,150,137,frontend,server,54,2,2,2,0
2,frontcatalog,150,137,paymentservice,payment,57,2,2,2,0
2,frontcatalog,150,137,recommendationservice,server,51,2,2,2,0
2,frontcatalog,150,137,redis-cart,-,,1,1,1,0
2,frontcatalog,150,137,shippingservice,server,54,2,2,2,0
2,frontcatalog,150,152,adservice,server,31,4,2,2,0
2,frontcatalog,150,152,cartservice,server,64,2,2,2,0
2,frontcatalog,150,152,checkoutservice,checkout,57,2,2,2,0
2,frontcatalog,150,152,currencyservice,server,62,2,2,2,0
2,frontcatalog,150,152,emailservice,email,59,2,2,2,0
2,frontcatalog,150,152,frontend,productcatalog,50,2,2,2,0
2,frontcatalog,150,152,frontend,server,56,2,2,2,0
2,frontcatalog,150,152,paymentservice,payment,68,2,2,2,0
2,frontcatalog,150,152,recommendationservice,server,51,2,2,2,0
2,frontcatalog,150,152,redis-cart,-,,1,1,1,0
2,frontcatalog,150,152,shippingservice,server,55,2,2,2,0
2,frontcatalog,150,167,adservice,server,59,2,2,2,0
2,frontcatalog,150,167,cartservice,server,69,2,2,2,0
2,frontcatalog,150,167,checkoutservice,checkout,59,2,2,2,0
2,frontcatalog,150,167,currencyservice,server,64,2,2,2,0
2,frontcatalog,150,167,emailservice,email,63,2,2,2,0
2,frontcatalog,150,167,frontend,productcatalog,52,2,2,2,0
2,frontcatalog,150,167,frontend,server,56,2,2,2,0
2,frontcatalog,150,167,paymentservice,payment,69,2,2,2,0
2,frontcatalog,150,167,recommendationservice,server,52,2,2,2,0
2,frontcatalog,150,167,redis-cart,-,,1,1,1,0
2,frontcatalog,150,167,shippingservice,server,57,2,2,2,0
2,frontcatalog,150,182,adservice,server,59,2,2,2,0
2,frontcatalog,150,182,cartservice,server,71,2,2,2,0
2,frontcatalog,150,182,checkoutservice,checkout,59,2,2,2,0
2,frontcatalog,150,182,currencyservice,server,64,2,2,2,0
2,frontcatalog,150,182,emailservice,email,63,2,2,2,0
2,frontcatalog,150,182,frontend,productcatalog,50,2,2,2,0
2,frontcatalog,150,182,frontend,server,54,2,2,2,0
2,frontcatalog,150,182,paymentservice,payment,67,2,2,2,0
2,frontcatalog,150,182,recommendationservice,server,50,2,2,2,0
2,frontcatalog,150,182,redis-cart,-,,1,1,1,0
2,frontcatalog,150,182,shippingservice,server,58,2,2,2,0
2,frontcatalog,150,198,adservice,server,44,2,2,2,0
2,frontcatalog,150,198,cartservice,server,64,2,2,2,0
2,frontcatalog,150,198,checkoutservice,checkout,52,2,2,2,0
2,frontcatalog,150,198,currencyservice,server,62,2,2,2,0
2,frontcatalog,150,198,emailservice,email,61,2,2,2,0
2,frontcatalog,150,198,frontend,productcatalog,49,2,2,2,0
2,frontcatalog,150,198,frontend,server,55,2,2,2,0
2,frontcatalog,150,198,paymentservice,payment,59,2,2,2,0
2,frontcatalog,150,198,recommendationservice,server,53,2,2,2,0
2,frontcatalog,150,198,redis-cart,-,,1,1,1,0
2,frontcatalog,150,198,shippingservice,server,54,2,2,2,0
2,frontcatalog,150,213,adservice,server,46,2,2,2,0
2,frontcatalog,150,213,cartservice,server,63,2,2,2,0
2,frontcatalog,150,213,checkoutservice,checkout,52,2,2,2,0
2,frontcatalog,150,213,currencyservice,server,62,2,2,2,0
2,frontcatalog,150,213,emailservice,email,60,2,2,2,0
2,frontcatalog,150,213,frontend,productcatalog,51,2,2,2,0
2,frontcatalog,150,213,frontend,server,54,2,2,2,0
2,frontcatalog,150,213,paymentservice,payment,95,2,2,2,0
2,frontcatalog,150,213,recommendationservice,server,52,2,2,2,0
2,frontcatalog,150,213,redis-cart,-,,1,1,1,0
2,frontcatalog,150,213,shippingservice,server,58,2,2,2,0
2,frontcatalog,150,228,adservice,server,43,2,2,2,0
2,frontcatalog,150,228,cartservice,server,71,2,2,2,0
2,frontcatalog,150,228,checkoutservice,checkout,59,2,2,2,0
2,frontcatalog,150,228,currencyservice,server,64,2,2,2,0
2,frontcatalog,150,228,emailservice,email,64,2,2,2,0
2,frontcatalog,150,228,frontend,productcatalog,51,2,2,2,0
2,frontcatalog,150,228,frontend,server,56,2,2,2,0
2,frontcatalog,150,228,paymentservice,payment,74,2,2,2,0
2,frontcatalog,150,228,recommendationservice,server,52,2,2,2,0
2,frontcatalog,150,228,redis-cart,-,,1,1,1,0
2,frontcatalog,150,228,shippingservice,server,57,2,2,2,0
2,frontcatalog,150,243,adservice,server,45,2,2,2,0
2,frontcatalog,150,243,cartservice,server,64,2,2,2,0
2,frontcatalog,150,243,checkoutservice,checkout,57,2,2,2,0
2,frontcatalog,150,243,currencyservice,server,62,2,2,2,0
2,frontcatalog,150,243,emailservice,email,59,2,2,2,0
2,frontcatalog,150,243,frontend,productcatalog,51,2,2,2,0
2,frontcatalog,150,243,frontend,server,55,2,2,2,0
2,frontcatalog,150,243,paymentservice,payment,57,2,2,2,0
2,frontcatalog,150,243,recommendationservice,server,51,2,2,2,0
2,frontcatalog,150,243,redis-cart,-,,1,1,1,0
2,frontcatalog,150,243,shippingservice,server,57,2,2,2,0
2,frontcatalog,150,258,adservice,server,44,2,2,2,0
2,frontcatalog,150,258,cartservice,server,63,2,2,2,0
2,frontcatalog,150,258,checkoutservice,checkout,50,2,2,2,0
2,frontcatalog,150,258,currencyservice,server,63,2,2,2,0
2,frontcatalog,150,258,emailservice,email,58,2,2,2,0
2,frontcatalog,150,258,frontend,productcatalog,51,2,2,2,0
2,frontcatalog,150,258,frontend,server,57,2,2,2,0
2,frontcatalog,150,258,paymentservice,payment,63,2,2,2,0
2,frontcatalog,150,258,recommendationservice,server,51,2,2,2,0
2,frontcatalog,150,258,redis-cart,-,,1,1,1,0
2,frontcatalog,150,258,shippingservice,server,53,2,2,2,0
2,frontcatalog,150,273,adservice,server,46,2,2,2,0
2,frontcatalog,150,273,cartservice,server,67,2,2,2,0
2,frontcatalog,150,273,checkoutservice,checkout,57,2,2,2,0
2,frontcatalog,150,273,currencyservice,server,64,2,2,2,0
2,frontcatalog,150,273,emailservice,email,60,2,2,2,0
2,frontcatalog,150,273,frontend,productcatalog,50,2,2,2,0
2,frontcatalog,150,273,frontend,server,54,2,2,2,0
2,frontcatalog,150,273,paymentservice,payment,68,2,2,2,0
2,frontcatalog,150,273,recommendationservice,server,53,2,2,2,0
2,frontcatalog,150,273,redis-cart,-,,1,1,1,0
2,frontcatalog,150,273,shippingservice,server,53,2,2,2,0
2,frontcatalog,150,289,adservice,server,42,2,2,2,0
2,frontcatalog,150,289,cartservice,server,65,2,2,2,0
2,frontcatalog,150,289,checkoutservice,checkout,57,2,2,2,0
2,frontcatalog,150,289,currencyservice,server,64,2,2,2,0
2,frontcatalog,150,289,emailservice,email,61,2,2,2,0
2,frontcatalog,150,289,frontend,productcatalog,50,2,2,2,0
2,frontcatalog,150,289,frontend,server,55,2,2,2,0
2,frontcatalog,150,289,paymentservice,payment,68,2,2,2,0
2,frontcatalog,150,289,recommendationservice,server,51,2,2,2,0
2,frontcatalog,150,289,redis-cart,-,,1,1,1,0
2,frontcatalog,150,289,shippingservice,server,58,2,2,2,0
2,frontcatalog,150,304,adservice,server,42,2,2,2,0
2,frontcatalog,150,304,cartservice,server,66,2,2,2,0
2,frontcatalog,150,304,checkoutservice,checkout,58,2,2,2,0
2,frontcatalog,150,304,currencyservice,server,64,2,2,2,0
2,frontcatalog,150,304,emailservice,email,61,2,2,2,0
2,frontcatalog,150,304,frontend,productcatalog,50,2,2,2,0
2,frontcatalog,150,304,frontend,server,55,2,2,2,0
2,frontcatalog,150,304,paymentservice,payment,67,2,2,2,0
2,frontcatalog,150,304,recommendationservice,server,52,2,2,2,0
2,frontcatalog,150,304,redis-cart,-,,1,1,1,0
2,frontcatalog,150,304,shippingservice,server,57,2,2,2,0
2,frontcatalog,150,319,adservice,server,42,2,2,2,0
2,frontcatalog,150,319,cartservice,server,64,2,2,2,0
2,frontcatalog,150,319,checkoutservice,checkout,53,2,2,2,0
2,frontcatalog,150,319,currencyservice,server,62,2,2,2,0
2,frontcatalog,150,319,emailservice,email,57,2,2,2,0
2,frontcatalog,150,319,frontend,productcatalog,49,2,2,2,0
2,frontcatalog,150,319,frontend,server,53,2,2,2,0
2,frontcatalog,150,319,paymentservice,payment,64,2,2,2,0
2,frontcatalog,150,319,recommendationservice,server,51,2,2,2,0
2,frontcatalog,150,319,redis-cart,-,,1,1,1,0
2,frontcatalog,150,319,shippingservice,server,54,2,2,2,0
2,frontcatalog,150,334,adservice,server,43,2,2,2,0
2,frontcatalog,150,334,cartservice,server,67,2,2,2,0
2,frontcatalog,150,334,checkoutservice,checkout,59,2,2,2,0
2,frontcatalog,150,334,currencyservice,server,63,2,2,2,0
2,frontcatalog,150,334,emailservice,email,61,2,2,2,0
2,frontcatalog,150,334,frontend,productcatalog,48,2,2,2,0
2,frontcatalog,150,334,frontend,server,55,2,2,2,0
2,frontcatalog,150,334,paymentservice,payment,69,2,2,2,0
2,frontcatalog,150,334,recommendationservice,server,51,2,2,2,0
2,frontcatalog,150,334,redis-cart,-,,1,1,1,0
2,frontcatalog,150,334,shippingservice,server,56,2,2,2,0
2,frontcatalog,150,349,adservice,server,45,2,2,2,0
2,frontcatalog,150,349,cartservice,server,66,2,2,2,0
2,frontcatalog,150,349,checkoutservice,checkout,57,2,2,2,0
2,frontcatalog,150,349,currencyservice,server,65,2,2,2,0
2,frontcatalog,150,349,emailservice,email,42,2,2,2,0
2,frontcatalog,150,349,frontend,productcatalog,49,2,2,2,0
2,frontcatalog,150,349,frontend,server,48,2,2,2,0
2,frontcatalog,150,349,paymentservice,payment,67,2,2,2,0
2,frontcatalog,150,349,recommendationservice,server,52,2,2,2,0
2,frontcatalog,150,349,redis-cart,-,,1,1,1,0
2,frontcatalog,150,349,shippingservice,server,46,2,2,2,0
2,frontcatalog,200,0,adservice,server,5,2,2,2,0
2,frontcatalog,200,0,cartservice,server,3,2,2,2,0
2,frontcatalog,200,0,checkoutservice,checkout,24,2,2,2,0
2,frontcatalog,200,0,currencyservice,server,8,2,2,2,0
2,frontcatalog,200,0,emailservice,email,2,2,2,2,0
2,frontcatalog,200,0,frontend,productcatalog,2,2,2,2,0
2,frontcatalog,200,0,frontend,server,22,2,2,2,0
2,frontcatalog,200,0,paymentservice,payment,38,2,2,2,0
2,frontcatalog,200,0,recommendationservice,server,11,2,2,2,0
2,frontcatalog,200,0,redis-cart,-,,1,1,1,0
2,frontcatalog,200,0,shippingservice,server,1,2,2,2,0
2,frontcatalog,200,15,adservice,server,3,2,2,2,0
2,frontcatalog,200,15,cartservice,server,0,2,2,2,0
2,frontcatalog,200,15,checkoutservice,checkout,0,2,2,2,0
2,frontcatalog,200,15,currencyservice,server,3,2,2,2,0
2,frontcatalog,200,15,emailservice,email,2,2,2,2,0
2,frontcatalog,200,15,frontend,productcatalog,2,2,2,2,0
2,frontcatalog,200,15,frontend,server,0,2,2,2,0
2,frontcatalog,200,15,paymentservice,payment,1,2,2,2,0
2,frontcatalog,200,15,recommendationservice,server,0,2,2,2,0
2,frontcatalog,200,15,redis-cart,-,,1,1,1,0
2,frontcatalog,200,15,shippingservice,server,0,2,2,2,0
2,frontcatalog,200,30,adservice,server,9,2,2,2,0
2,frontcatalog,200,30,cartservice,server,14,2,2,2,0
2,frontcatalog,200,30,checkoutservice,checkout,18,2,2,2,0
2,frontcatalog,200,30,currencyservice,server,32,2,2,2,0
2,frontcatalog,200,30,emailservice,email,7,2,2,2,0
2,frontcatalog,200,30,frontend,productcatalog,0,2,2,2,0
2,frontcatalog,200,30,frontend,server,0,2,2,2,0
2,frontcatalog,200,30,paymentservice,payment,58,2,2,2,0
2,frontcatalog,200,30,recommendationservice,server,34,2,2,2,0
2,frontcatalog,200,30,redis-cart,-,,1,1,1,0
2,frontcatalog,200,30,shippingservice,server,32,2,2,2,0
2,frontcatalog,200,46,adservice,server,56,2,2,2,0
2,frontcatalog,200,46,cartservice,server,82,2,2,2,0
2,frontcatalog,200,46,checkoutservice,checkout,72,2,2,2,0
2,frontcatalog,200,46,currencyservice,server,84,2,2,2,0
2,frontcatalog,200,46,emailservice,email,81,2,2,2,0
2,frontcatalog,200,46,frontend,productcatalog,53,2,2,2,0
2,frontcatalog,200,46,frontend,server,64,2,2,2,0
2,frontcatalog,200,46,paymentservice,payment,94,2,2,2,0
2,frontcatalog,200,46,recommendationservice,server,71,2,2,2,0
2,frontcatalog,200,46,redis-cart,-,,1,1,1,0
2,frontcatalog,200,46,shippingservice,server,75,2,2,2,0
2,frontcatalog,200,61,adservice,server,56,2,2,2,0
2,frontcatalog,200,61,cartservice,server,87,2,3,2,0
2,frontcatalog,200,61,checkoutservice,checkout,72,2,2,2,0
2,frontcatalog,200,61,currencyservice,server,78,2,3,3,0
2,frontcatalog,200,61,emailservice,email,77,2,3,3,0
2,frontcatalog,200,61,frontend,productcatalog,63,2,2,2,0
2,frontcatalog,200,61,frontend,server,68,2,2,2,0
2,frontcatalog,200,61,paymentservice,payment,83,2,3,3,0
2,frontcatalog,200,61,recommendationservice,server,69,2,2,2,0
2,frontcatalog,200,61,redis-cart,-,,1,1,1,0
2,frontcatalog,200,61,shippingservice,server,70,2,2,2,0
2,frontcatalog,200,76,adservice,server,57,2,2,2,0
2,frontcatalog,200,76,cartservice,server,93,3,3,3,0
2,frontcatalog,200,76,checkoutservice,checkout,77,2,2,2,0
2,frontcatalog,200,76,currencyservice,server,81,3,3,3,0
2,frontcatalog,200,76,emailservice,email,78,3,3,3,0
2,frontcatalog,200,76,frontend,productcatalog,67,2,2,2,0
2,frontcatalog,200,76,frontend,server,72,2,2,2,0
2,frontcatalog,200,76,paymentservice,payment,85,3,3,3,0
2,frontcatalog,200,76,recommendationservice,server,69,2,2,2,0
2,frontcatalog,200,76,redis-cart,-,,1,1,1,0
2,frontcatalog,200,76,shippingservice,server,76,2,2,2,0
2,frontcatalog,200,91,adservice,server,61,2,2,2,0
2,frontcatalog,200,91,cartservice,server,90,3,3,3,0
2,frontcatalog,200,91,checkoutservice,checkout,73,2,2,2,0
2,frontcatalog,200,91,currencyservice,server,87,3,3,3,0
2,frontcatalog,200,91,emailservice,email,86,3,3,3,0
2,frontcatalog,200,91,frontend,productcatalog,69,2,2,2,0
2,frontcatalog,200,91,frontend,server,76,2,2,2,0
2,frontcatalog,200,91,paymentservice,payment,85,3,3,3,0
2,frontcatalog,200,91,recommendationservice,server,71,2,2,2,0
2,frontcatalog,200,91,redis-cart,-,,1,1,1,0
2,frontcatalog,200,91,shippingservice,server,74,2,2,2,0
2,frontcatalog,200,106,adservice,server,56,2,2,2,0
2,frontcatalog,200,106,cartservice,server,83,3,3,3,0
2,frontcatalog,200,106,checkoutservice,checkout,71,2,2,2,0
2,frontcatalog,200,106,currencyservice,server,55,3,3,3,0
2,frontcatalog,200,106,emailservice,email,50,3,3,3,0
2,frontcatalog,200,106,frontend,productcatalog,66,2,2,2,0
2,frontcatalog,200,106,frontend,server,74,2,2,2,0
2,frontcatalog,200,106,paymentservice,payment,55,3,3,3,0
2,frontcatalog,200,106,recommendationservice,server,70,2,2,2,0
2,frontcatalog,200,106,redis-cart,-,,1,1,1,0
2,frontcatalog,200,106,shippingservice,server,68,2,2,2,0
2,frontcatalog,200,122,adservice,server,56,2,2,2,0
2,frontcatalog,200,122,cartservice,server,54,3,3,3,0
2,frontcatalog,200,122,checkoutservice,checkout,71,2,2,2,0
2,frontcatalog,200,122,currencyservice,server,53,3,3,3,0
2,frontcatalog,200,122,emailservice,email,52,3,3,3,0
2,frontcatalog,200,122,frontend,productcatalog,65,2,2,2,0
2,frontcatalog,200,122,frontend,server,71,2,2,2,0
2,frontcatalog,200,122,paymentservice,payment,57,3,3,3,0
2,frontcatalog,200,122,recommendationservice,server,67,2,2,2,0
2,frontcatalog,200,122,redis-cart,-,,1,1,1,0
2,frontcatalog,200,122,shippingservice,server,77,2,2,2,0
2,frontcatalog,200,137,adservice,server,55,2,2,2,0
2,frontcatalog,200,137,cartservice,server,55,3,3,3,0
2,frontcatalog,200,137,checkoutservice,checkout,75,2,2,2,0
2,frontcatalog,200,137,currencyservice,server,54,3,3,3,0
2,frontcatalog,200,137,emailservice,email,54,3,3,3,0
2,frontcatalog,200,137,frontend,productcatalog,65,2,2,2,0
2,frontcatalog,200,137,frontend,server,71,2,2,2,0
2,frontcatalog,200,137,paymentservice,payment,55,3,3,3,0
2,frontcatalog,200,137,recommendationservice,server,68,2,2,2,0
2,frontcatalog,200,137,redis-cart,-,,1,1,1,0
2,frontcatalog,200,137,shippingservice,server,71,2,2,2,0
2,frontcatalog,200,152,adservice,server,58,2,2,2,0
2,frontcatalog,200,152,cartservice,server,61,3,3,3,0
2,frontcatalog,200,152,checkoutservice,checkout,75,2,2,2,0
2,frontcatalog,200,152,currencyservice,server,55,3,3,3,0
2,frontcatalog,200,152,emailservice,email,56,3,3,3,0
2,frontcatalog,200,152,frontend,productcatalog,67,2,2,2,0
2,frontcatalog,200,152,frontend,server,72,2,2,2,0
2,frontcatalog,200,152,paymentservice,payment,59,3,3,3,0
2,frontcatalog,200,152,recommendationservice,server,69,2,2,2,0
2,frontcatalog,200,152,redis-cart,-,,1,1,1,0
2,frontcatalog,200,152,shippingservice,server,77,2,2,2,0
2,frontcatalog,200,167,adservice,server,57,2,2,2,0
2,frontcatalog,200,167,cartservice,server,58,3,3,3,0
2,frontcatalog,200,167,checkoutservice,checkout,73,2,2,2,0
2,frontcatalog,200,167,currencyservice,server,53,3,3,3,0
2,frontcatalog,200,167,emailservice,email,51,3,3,3,0
2,frontcatalog,200,167,frontend,productcatalog,66,2,2,2,0
2,frontcatalog,200,167,frontend,server,71,2,2,2,0
2,frontcatalog,200,167,paymentservice,payment,55,3,3,3,0
2,frontcatalog,200,167,recommendationservice,server,68,2,2,2,0
2,frontcatalog,200,167,redis-cart,-,,1,1,1,0
2,frontcatalog,200,167,shippingservice,server,71,2,2,2,0
2,frontcatalog,200,182,adservice,server,57,2,2,2,0
2,frontcatalog,200,182,cartservice,server,57,3,3,3,0
2,frontcatalog,200,182,checkoutservice,checkout,71,2,2,2,0
2,frontcatalog,200,182,currencyservice,server,54,3,3,3,0
2,frontcatalog,200,182,emailservice,email,52,3,3,3,0
2,frontcatalog,200,182,frontend,productcatalog,65,2,2,2,0
2,frontcatalog,200,182,frontend,server,72,2,2,2,0
2,frontcatalog,200,182,paymentservice,payment,55,3,3,3,0
2,frontcatalog,200,182,recommendationservice,server,69,2,2,2,0
2,frontcatalog,200,182,redis-cart,-,,1,1,1,0
2,frontcatalog,200,182,shippingservice,server,75,2,2,2,0
2,frontcatalog,200,198,adservice,server,58,2,2,2,0
2,frontcatalog,200,198,cartservice,server,60,3,3,3,0
2,frontcatalog,200,198,checkoutservice,checkout,79,2,2,2,0
2,frontcatalog,200,198,currencyservice,server,56,3,3,3,0
2,frontcatalog,200,198,emailservice,email,54,3,3,3,0
2,frontcatalog,200,198,frontend,productcatalog,68,2,2,2,0
2,frontcatalog,200,198,frontend,server,72,2,2,2,0
2,frontcatalog,200,198,paymentservice,payment,61,3,3,3,0
2,frontcatalog,200,198,recommendationservice,server,70,2,2,2,0
2,frontcatalog,200,198,redis-cart,-,,1,1,1,0
2,frontcatalog,200,198,shippingservice,server,78,2,2,2,0
2,frontcatalog,200,213,adservice,server,58,2,2,2,0
2,frontcatalog,200,213,cartservice,server,57,3,3,3,0
2,frontcatalog,200,213,checkoutservice,checkout,73,2,2,2,0
2,frontcatalog,200,213,currencyservice,server,54,3,3,3,0
2,frontcatalog,200,213,emailservice,email,56,3,3,3,0
2,frontcatalog,200,213,frontend,productcatalog,66,2,2,2,0
2,frontcatalog,200,213,frontend,server,72,2,2,2,0
2,frontcatalog,200,213,paymentservice,payment,61,3,3,3,0
2,frontcatalog,200,213,recommendationservice,server,69,2,2,2,0
2,frontcatalog,200,213,redis-cart,-,,1,1,1,0
2,frontcatalog,200,213,shippingservice,server,72,2,2,2,0
2,frontcatalog,200,228,adservice,server,57,2,2,2,0
2,frontcatalog,200,228,cartservice,server,63,3,3,3,0
2,frontcatalog,200,228,checkoutservice,checkout,68,2,2,2,0
2,frontcatalog,200,228,currencyservice,server,54,3,3,3,0
2,frontcatalog,200,228,emailservice,email,55,3,3,3,0
2,frontcatalog,200,228,frontend,productcatalog,70,2,2,2,0
2,frontcatalog,200,228,frontend,server,75,2,2,2,0
2,frontcatalog,200,228,paymentservice,payment,55,3,3,3,0
2,frontcatalog,200,228,recommendationservice,server,75,2,2,2,0
2,frontcatalog,200,228,redis-cart,-,,1,1,1,0
2,frontcatalog,200,228,shippingservice,server,66,2,2,2,0
2,frontcatalog,200,243,adservice,server,63,2,2,2,0
2,frontcatalog,200,243,cartservice,server,55,3,3,3,0
2,frontcatalog,200,243,checkoutservice,checkout,75,2,2,2,0
2,frontcatalog,200,243,currencyservice,server,54,3,3,3,0
2,frontcatalog,200,243,emailservice,email,51,3,3,3,0
2,frontcatalog,200,243,frontend,productcatalog,67,2,2,2,0
2,frontcatalog,200,243,frontend,server,74,2,2,2,0
2,frontcatalog,200,243,paymentservice,payment,47,3,3,3,0
2,frontcatalog,200,243,recommendationservice,server,69,2,2,2,0
2,frontcatalog,200,243,redis-cart,-,,1,1,1,0
2,frontcatalog,200,243,shippingservice,server,75,2,2,2,0
2,frontcatalog,200,259,adservice,server,57,2,2,2,0
2,frontcatalog,200,259,cartservice,server,62,3,3,3,0
2,frontcatalog,200,259,checkoutservice,checkout,74,2,2,2,0
2,frontcatalog,200,259,currencyservice,server,55,3,3,3,0
2,frontcatalog,200,259,emailservice,email,53,3,3,3,0
2,frontcatalog,200,259,frontend,productcatalog,66,2,2,2,0
2,frontcatalog,200,259,frontend,server,73,2,2,2,0
2,frontcatalog,200,259,paymentservice,payment,60,3,3,3,0
2,frontcatalog,200,259,recommendationservice,server,70,2,2,2,0
2,frontcatalog,200,259,redis-cart,-,,1,1,1,0
2,frontcatalog,200,259,shippingservice,server,74,2,2,2,0
2,frontcatalog,200,274,adservice,server,59,2,2,2,0
2,frontcatalog,200,274,cartservice,server,54,3,3,3,0
2,frontcatalog,200,274,checkoutservice,checkout,66,2,2,2,0
2,frontcatalog,200,274,currencyservice,server,54,3,3,3,0
2,frontcatalog,200,274,emailservice,email,52,3,3,3,0
2,frontcatalog,200,274,frontend,productcatalog,66,2,2,2,0
2,frontcatalog,200,274,frontend,server,73,2,2,2,0
2,frontcatalog,200,274,paymentservice,payment,50,3,3,3,0
2,frontcatalog,200,274,recommendationservice,server,70,2,2,2,0
2,frontcatalog,200,274,redis-cart,-,,1,1,1,0
2,frontcatalog,200,274,shippingservice,server,68,2,2,2,0
2,frontcatalog,200,290,adservice,server,59,2,2,2,0
2,frontcatalog,200,290,cartservice,server,61,3,3,3,0
2,frontcatalog,200,290,checkoutservice,checkout,80,2,2,2,0
2,frontcatalog,200,290,currencyservice,server,56,3,3,3,0
2,frontcatalog,200,290,emailservice,email,57,3,3,3,0
2,frontcatalog,200,290,frontend,productcatalog,70,2,2,2,0
2,frontcatalog,200,290,frontend,server,74,2,2,2,0
2,frontcatalog,200,290,paymentservice,payment,59,3,3,3,0
2,frontcatalog,200,290,recommendationservice,server,70,2,2,2,0
2,frontcatalog,200,290,redis-cart,-,,1,1,1,0
2,frontcatalog,200,290,shippingservice,server,79,2,2,2,0
2,frontcatalog,200,305,adservice,server,59,2,2,2,0
2,frontcatalog,200,305,cartservice,server,50,3,3,3,0
2,frontcatalog,200,305,checkoutservice,checkout,52,2,2,2,0
2,frontcatalog,200,305,currencyservice,server,53,3,3,3,0
2,frontcatalog,200,305,emailservice,email,43,3,3,3,0
2,frontcatalog,200,305,frontend,productcatalog,67,2,2,2,0
2,frontcatalog,200,305,frontend,server,75,2,2,2,0
2,frontcatalog,200,305,paymentservice,payment,45,3,3,3,0
2,frontcatalog,200,305,recommendationservice,server,68,2,2,2,0
2,frontcatalog,200,305,redis-cart,-,,1,1,1,0
2,frontcatalog,200,305,shippingservice,server,54,2,2,2,0
2,frontcatalog,200,320,adservice,server,63,2,2,2,0
2,frontcatalog,200,320,cartservice,server,62,3,3,3,0
2,frontcatalog,200,320,checkoutservice,checkout,76,2,2,2,0
2,frontcatalog,200,320,currencyservice,server,60,3,3,3,0
2,frontcatalog,200,320,emailservice,email,58,3,3,3,0
2,frontcatalog,200,320,frontend,productcatalog,71,2,2,2,0
2,frontcatalog,200,320,frontend,server,77,2,2,2,0
2,frontcatalog,200,320,paymentservice,payment,61,3,3,3,0
2,frontcatalog,200,320,recommendationservice,server,75,2,2,2,0
2,frontcatalog,200,320,redis-cart,-,,1,1,1,0
2,frontcatalog,200,320,shippingservice,server,78,2,2,2,0
2,frontcatalog,200,335,adservice,server,57,2,2,2,0
2,frontcatalog,200,335,cartservice,server,58,3,3,3,0
2,frontcatalog,200,335,checkoutservice,checkout,81,2,2,2,0
2,frontcatalog,200,335,currencyservice,server,60,3,3,3,0
2,frontcatalog,200,335,emailservice,email,62,3,3,3,0
2,frontcatalog,200,335,frontend,productcatalog,70,2,2,2,0
2,frontcatalog,200,335,frontend,server,76,2,2,2,0
2,frontcatalog,200,335,paymentservice,payment,64,3,3,3,0
2,frontcatalog,200,335,recommendationservice,server,77,2,2,2,0
2,frontcatalog,200,335,redis-cart,-,,1,1,1,0
2,frontcatalog,200,335,shippingservice,server,80,2,3,3,0
2,frontcatalog,200,351,adservice,server,57,2,2,2,0
2,frontcatalog,200,351,cartservice,server,60,3,3,3,0
2,frontcatalog,200,351,checkoutservice,checkout,75,2,2,2,0
2,frontcatalog,200,351,currencyservice,server,54,3,3,3,0
2,frontcatalog,200,351,emailservice,email,56,3,3,3,0
2,frontcatalog,200,351,frontend,productcatalog,67,2,2,2,0
2,frontcatalog,200,351,frontend,server,75,2,2,2,0
2,frontcatalog,200,351,paymentservice,payment,58,3,3,3,0
2,frontcatalog,200,351,recommendationservice,server,69,2,2,2,0
2,frontcatalog,200,351,redis-cart,-,,1,1,1,0
2,frontcatalog,200,351,shippingservice,server,74,3,3,3,0
2,frontcatalog,250,1,adservice,server,3,2,2,2,0
2,frontcatalog,250,1,cartservice,server,0,3,3,3,0
2,frontcatalog,250,1,checkoutservice,checkout,0,2,2,2,0
2,frontcatalog,250,1,currencyservice,server,13,3,3,3,0
2,frontcatalog,250,1,emailservice,email,2,3,3,3,0
2,frontcatalog,250,1,frontend,productcatalog,8,2,2,2,0
2,frontcatalog,250,1,frontend,server,0,2,2,2,0
2,frontcatalog,250,1,paymentservice,payment,1,3,3,3,0
2,frontcatalog,250,1,recommendationservice,server,0,2,2,2,0
2,frontcatalog,250,1,redis-cart,-,,1,1,1,0
2,frontcatalog,250,1,shippingservice,server,9,3,3,3,0
2,frontcatalog,250,16,adservice,server,3,2,2,2,0
2,frontcatalog,250,16,cartservice,server,3,3,3,3,0
2,frontcatalog,250,16,checkoutservice,checkout,0,2,2,2,0
2,frontcatalog,250,16,currencyservice,server,0,3,3,3,0
2,frontcatalog,250,16,emailservice,email,8,3,3,3,0
2,frontcatalog,250,16,frontend,productcatalog,8,2,2,2,0
2,frontcatalog,250,16,frontend,server,0,2,2,2,0
2,frontcatalog,250,16,paymentservice,payment,1,3,3,3,0
2,frontcatalog,250,16,recommendationservice,server,0,2,2,2,0
2,frontcatalog,250,16,redis-cart,-,,1,1,1,0
2,frontcatalog,250,16,shippingservice,server,1,3,3,3,0
2,frontcatalog,250,31,adservice,server,15,2,1,1,0
2,frontcatalog,250,31,cartservice,server,61,3,3,3,0
2,frontcatalog,250,31,checkoutservice,checkout,25,2,2,2,0
2,frontcatalog,250,31,currencyservice,server,44,3,3,3,0
2,frontcatalog,250,31,emailservice,email,62,3,3,3,0
2,frontcatalog,250,31,frontend,productcatalog,42,2,2,2,0
2,frontcatalog,250,31,frontend,server,54,2,2,2,0
2,frontcatalog,250,31,paymentservice,payment,45,3,2,2,0
2,frontcatalog,250,31,recommendationservice,server,51,2,2,2,0
2,frontcatalog,250,31,redis-cart,-,,1,1,1,0
2,frontcatalog,250,31,shippingservice,server,22,3,3,3,0
2,frontcatalog,250,46,adservice,server,133,1,1,1,0
2,frontcatalog,250,46,cartservice,server,71,3,3,3,0
2,frontcatalog,250,46,checkoutservice,checkout,80,2,2,2,0
2,frontcatalog,250,46,currencyservice,server,62,3,3,3,0
2,frontcatalog,250,46,emailservice,email,66,3,3,3,0
2,frontcatalog,250,46,frontend,productcatalog,78,2,2,2,0
2,frontcatalog,250,46,frontend,server,87,2,2,2,0
2,frontcatalog,250,46,paymentservice,payment,105,2,2,2,0
2,frontcatalog,250,46,recommendationservice,server,84,2,2,2,0
2,frontcatalog,250,46,redis-cart,-,,1,1,1,0
2,frontcatalog,250,46,shippingservice,server,55,3,3,3,0
2,frontcatalog,250,62,adservice,server,133,1,2,1,0
2,frontcatalog,250,62,cartservice,server,68,3,3,3,0
2,frontcatalog,250,62,checkoutservice,checkout,89,2,3,3,0
2,frontcatalog,250,62,currencyservice,server,65,3,3,3,0
2,frontcatalog,250,62,emailservice,email,66,3,3,3,0
2,frontcatalog,250,62,frontend,productcatalog,80,2,3,2,0
2,frontcatalog,250,62,frontend,server,88,2,3,2,0
2,frontcatalog,250,62,paymentservice,payment,101,2,3,3,0
2,frontcatalog,250,62,recommendationservice,server,85,2,3,2,0
2,frontcatalog,250,62,redis-cart,-,,1,1,1,0
2,frontcatalog,250,62,shippingservice,server,61,3,3,3,0
2,frontcatalog,250,77,adservice,server,134,2,2,1,0
2,frontcatalog,250,77,cartservice,server,69,3,3,3,0
2,frontcatalog,250,77,checkoutservice,checkout,89,3,3,3,0
2,frontcatalog,250,77,currencyservice,server,65,3,3,3,0
2,frontcatalog,250,77,emailservice,email,64,3,3,3,0
2,frontcatalog,250,77,frontend,productcatalog,81,3,3,3,0
2,frontcatalog,250,77,frontend,server,88,3,3,3,0
2,frontcatalog,250,77,paymentservice,payment,102,3,3,3,0
2,frontcatalog,250,77,recommendationservice,server,85,3,3,2,0
2,frontcatalog,250,77,redis-cart,-,,1,1,1,0
2,frontcatalog,250,77,shippingservice,server,59,3,3,3,0
2,frontcatalog,250,92,adservice,server,134,2,2,2,0
2,frontcatalog,250,92,cartservice,server,59,3,3,3,0
2,frontcatalog,250,92,checkoutservice,checkout,48,3,3,3,0
2,frontcatalog,250,92,currencyservice,server,64,3,3,3,0
2,frontcatalog,250,92,emailservice,email,62,3,3,3,0
2,frontcatalog,250,92,frontend,productcatalog,80,3,3,3,0
2,frontcatalog,250,92,frontend,server,88,3,3,3,0
2,frontcatalog,250,92,paymentservice,payment,77,3,3,3,0
2,frontcatalog,250,92,recommendationservice,server,85,3,3,2,0
2,frontcatalog,250,92,redis-cart,-,,1,1,1,0
2,frontcatalog,250,92,shippingservice,server,51,3,3,3,0
2,frontcatalog,250,107,adservice,server,137,2,2,2,0
2,frontcatalog,250,107,cartservice,server,78,3,3,3,0
2,frontcatalog,250,107,checkoutservice,checkout,59,3,3,3,0
2,frontcatalog,250,107,currencyservice,server,62,3,3,3,0
2,frontcatalog,250,107,emailservice,email,62,3,3,3,0
2,frontcatalog,250,107,frontend,productcatalog,81,3,3,3,0
2,frontcatalog,250,107,frontend,server,89,3,3,3,0
2,frontcatalog,250,107,paymentservice,payment,64,3,3,3,0
2,frontcatalog,250,107,recommendationservice,server,57,3,3,2,0
2,frontcatalog,250,107,redis-cart,-,,1,1,1,0
2,frontcatalog,250,107,shippingservice,server,58,3,3,3,0
2,frontcatalog,250,123,adservice,server,136,2,2,2,0
2,frontcatalog,250,123,cartservice,server,63,3,3,3,0
2,frontcatalog,250,123,checkoutservice,checkout,57,3,3,3,0
2,frontcatalog,250,123,currencyservice,server,67,3,3,3,0
2,frontcatalog,250,123,emailservice,email,65,3,3,3,0
2,frontcatalog,250,123,frontend,productcatalog,56,3,3,3,0
2,frontcatalog,250,123,frontend,server,61,3,3,3,0
2,frontcatalog,250,123,paymentservice,payment,63,3,3,3,0
2,frontcatalog,250,123,recommendationservice,server,57,3,3,2,0
2,frontcatalog,250,123,redis-cart,-,,1,1,1,0
2,frontcatalog,250,123,shippingservice,server,55,3,3,3,0
2,frontcatalog,250,138,adservice,server,139,2,2,2,0
2,frontcatalog,250,138,cartservice,server,76,3,3,3,0
2,frontcatalog,250,138,checkoutservice,checkout,56,3,3,3,0
2,frontcatalog,250,138,currencyservice,server,67,3,3,3,0
2,frontcatalog,250,138,emailservice,email,64,3,3,3,0
2,frontcatalog,250,138,frontend,productcatalog,54,3,3,3,0
2,frontcatalog,250,138,frontend,server,60,3,3,3,0
2,frontcatalog,250,138,paymentservice,payment,69,3,3,3,0
2,frontcatalog,250,138,recommendationservice,server,57,3,3,3,0
2,frontcatalog,250,138,redis-cart,-,,1,1,1,0
2,frontcatalog,250,138,shippingservice,server,58,3,3,3,0
2,frontcatalog,250,154,adservice,server,95,2,2,2,0
2,frontcatalog,250,154,cartservice,server,81,3,3,3,0
2,frontcatalog,250,154,checkoutservice,checkout,65,3,3,3,0
2,frontcatalog,250,154,currencyservice,server,73,3,3,3,0
2,frontcatalog,250,154,emailservice,email,73,3,3,3,0
2,frontcatalog,250,154,frontend,productcatalog,62,3,3,3,0
2,frontcatalog,250,154,frontend,server,64,3,3,3,0
2,frontcatalog,250,154,paymentservice,payment,86,3,3,3,0
2,frontcatalog,250,154,recommendationservice,server,54,3,3,3,0
2,frontcatalog,250,154,redis-cart,-,,1,1,1,0
2,frontcatalog,250,154,shippingservice,server,68,3,3,3,0
2,frontcatalog,250,169,adservice,server,92,2,3,2,0
2,frontcatalog,250,169,cartservice,server,73,3,3,3,0
2,frontcatalog,250,169,checkoutservice,checkout,67,3,3,3,0
2,frontcatalog,250,169,currencyservice,server,79,3,3,3,0
2,frontcatalog,250,169,emailservice,email,86,3,3,3,0
2,frontcatalog,250,169,frontend,productcatalog,63,3,3,3,0
2,frontcatalog,250,169,frontend,server,72,3,3,3,0
2,frontcatalog,250,169,paymentservice,payment,91,3,4,4,0
2,frontcatalog,250,169,recommendationservice,server,71,3,3,3,0
2,frontcatalog,250,169,redis-cart,-,,1,1,1,0
2,frontcatalog,250,169,shippingservice,server,75,3,3,3,0
2,frontcatalog,250,184,adservice,server,78,3,3,2,0
2,frontcatalog,250,184,cartservice,server,66,3,3,3,0
2,frontcatalog,250,184,checkoutservice,checkout,59,3,3,3,0
2,frontcatalog,250,184,currencyservice,server,70,3,3,3,0
2,frontcatalog,250,184,emailservice,email,82,3,4,4,0
2,frontcatalog,250,184,frontend,productcatalog,58,3,3,3,0
2,frontcatalog,250,184,frontend,server,63,3,3,3,0
2,frontcatalog,250,184,paymentservice,payment,71,4,4,4,0
2,frontcatalog,250,184,recommendationservice,server,67,3,3,3,0
2,frontcatalog,250,184,redis-cart,-,,1,1,1,0
2,frontcatalog,250,184,shippingservice,server,60,3,3,3,0
2,frontcatalog,250,200,adservice,server,84,3,3,3,0
2,frontcatalog,250,200,cartservice,server,83,3,3,3,0
2,frontcatalog,250,200,checkoutservice,checkout,65,3,3,3,0
2,frontcatalog,250,200,currencyservice,server,77,3,3,3,0
2,frontcatalog,250,200,emailservice,email,73,4,4,4,0
2,frontcatalog,250,200,frontend,productcatalog,60,3,3,3,0
2,frontcatalog,250,200,frontend,server,65,3,3,3,0
2,frontcatalog,250,200,paymentservice,payment,75,4,4,4,0
2,frontcatalog,250,200,recommendationservice,server,71,3,3,3,0
2,frontcatalog,250,200,redis-cart,-,,1,1,1,0
2,frontcatalog,250,200,shippingservice,server,68,3,3,3,0
2,frontcatalog,250,215,adservice,server,85,3,3,3,0
2,frontcatalog,250,215,cartservice,server,78,3,4,3,0
2,frontcatalog,250,215,checkoutservice,checkout,67,3,3,3,0
2,frontcatalog,250,215,currencyservice,server,73,3,3,3,0
2,frontcatalog,250,215,emailservice,email,75,4,4,4,0
2,frontcatalog,250,215,frontend,productcatalog,57,3,3,3,0
2,frontcatalog,250,215,frontend,server,63,3,3,3,0
2,frontcatalog,250,215,paymentservice,payment,61,4,4,4,0
2,frontcatalog,250,215,recommendationservice,server,71,3,3,3,0
2,frontcatalog,250,215,redis-cart,-,,1,1,1,0
2,frontcatalog,250,215,shippingservice,server,65,3,3,3,0
2,frontcatalog,250,230,adservice,server,79,3,3,3,0
2,frontcatalog,250,230,cartservice,server,87,4,4,4,0
2,frontcatalog,250,230,checkoutservice,checkout,67,3,3,3,0
2,frontcatalog,250,230,currencyservice,server,75,3,3,3,0
2,frontcatalog,250,230,emailservice,email,62,4,4,4,0
2,frontcatalog,250,230,frontend,productcatalog,61,3,3,3,0
2,frontcatalog,250,230,frontend,server,65,3,3,3,0
2,frontcatalog,250,230,paymentservice,payment,61,4,4,4,0
2,frontcatalog,250,230,recommendationservice,server,67,3,3,3,0
2,frontcatalog,250,230,redis-cart,-,,1,1,1,0
2,frontcatalog,250,230,shippingservice,server,72,3,3,3,0
2,frontcatalog,250,246,adservice,server,78,3,3,3,0
2,frontcatalog,250,246,cartservice,server,84,4,4,4,0
2,frontcatalog,250,246,checkoutservice,checkout,70,3,3,3,0
2,frontcatalog,250,246,currencyservice,server,74,3,3,3,0
2,frontcatalog,250,246,emailservice,email,62,4,4,4,0
2,frontcatalog,250,246,frontend,productcatalog,60,3,3,3,0
2,frontcatalog,250,246,frontend,server,67,3,3,3,0
2,frontcatalog,250,246,paymentservice,payment,61,4,4,4,0
2,frontcatalog,250,246,recommendationservice,server,69,3,3,3,0
2,frontcatalog,250,246,redis-cart,-,,1,1,1,0
2,frontcatalog,250,246,shippingservice,server,67,3,3,3,0
2,frontcatalog,250,261,adservice,server,55,3,3,3,0
2,frontcatalog,250,261,cartservice,server,75,4,4,4,0
2,frontcatalog,250,261,checkoutservice,checkout,65,3,3,3,0
2,frontcatalog,250,261,currencyservice,server,73,3,3,3,0
2,frontcatalog,250,261,emailservice,email,57,4,4,4,0
2,frontcatalog,250,261,frontend,productcatalog,60,3,3,3,0
2,frontcatalog,250,261,frontend,server,64,3,3,3,0
2,frontcatalog,250,261,paymentservice,payment,55,4,4,4,0
2,frontcatalog,250,261,recommendationservice,server,69,3,3,3,0
2,frontcatalog,250,261,redis-cart,-,,1,1,1,0
2,frontcatalog,250,261,shippingservice,server,66,3,3,3,0
2,frontcatalog,250,276,adservice,server,53,3,3,3,0
2,frontcatalog,250,276,cartservice,server,74,4,4,4,0
2,frontcatalog,250,276,checkoutservice,checkout,66,3,3,3,0
2,frontcatalog,250,276,currencyservice,server,72,3,3,3,0
2,frontcatalog,250,276,emailservice,email,53,4,4,4,0
2,frontcatalog,250,276,frontend,productcatalog,61,3,3,3,0
2,frontcatalog,250,276,frontend,server,64,3,3,3,0
2,frontcatalog,250,276,paymentservice,payment,57,4,4,4,0
2,frontcatalog,250,276,recommendationservice,server,69,3,3,3,0
2,frontcatalog,250,276,redis-cart,-,,1,1,1,0
2,frontcatalog,250,276,shippingservice,server,65,3,3,3,0
2,frontcatalog,250,292,adservice,server,54,3,3,3,0
2,frontcatalog,250,292,cartservice,server,57,4,4,4,0
2,frontcatalog,250,292,checkoutservice,checkout,64,3,3,3,0
2,frontcatalog,250,292,currencyservice,server,73,3,3,3,0
2,frontcatalog,250,292,emailservice,email,61,4,4,4,0
2,frontcatalog,250,292,frontend,productcatalog,61,3,3,3,0
2,frontcatalog,250,292,frontend,server,66,3,3,3,0
2,frontcatalog,250,292,paymentservice,payment,57,4,4,4,0
2,frontcatalog,250,292,recommendationservice,server,69,3,3,3,0
2,frontcatalog,250,292,redis-cart,-,,1,1,1,0
2,frontcatalog,250,292,shippingservice,server,65,3,3,3,0
2,frontcatalog,250,307,adservice,server,55,3,3,3,0
2,frontcatalog,250,307,cartservice,server,54,4,4,4,0
2,frontcatalog,250,307,checkoutservice,checkout,59,3,3,3,0
2,frontcatalog,250,307,currencyservice,server,71,3,3,3,0
2,frontcatalog,250,307,emailservice,email,55,4,4,4,0
2,frontcatalog,250,307,frontend,productcatalog,57,3,3,3,0
2,frontcatalog,250,307,frontend,server,65,3,3,3,0
2,frontcatalog,250,307,paymentservice,payment,56,4,4,4,0
2,frontcatalog,250,307,recommendationservice,server,68,3,3,3,0
2,frontcatalog,250,307,redis-cart,-,,1,1,1,0
2,frontcatalog,250,307,shippingservice,server,59,3,3,3,0
2,frontcatalog,250,322,adservice,server,53,3,3,3,0
2,frontcatalog,250,322,cartservice,server,51,4,4,4,0
2,frontcatalog,250,322,checkoutservice,checkout,59,3,3,3,0
2,frontcatalog,250,322,currencyservice,server,75,3,3,3,0
2,frontcatalog,250,322,emailservice,email,58,4,4,4,0
2,frontcatalog,250,322,frontend,productcatalog,63,3,3,3,0
2,frontcatalog,250,322,frontend,server,65,3,3,3,0
2,frontcatalog,250,322,paymentservice,payment,54,4,4,4,0
2,frontcatalog,250,322,recommendationservice,server,74,3,3,3,0
2,frontcatalog,250,322,redis-cart,-,,1,1,1,0
2,frontcatalog,250,322,shippingservice,server,64,3,3,3,0
2,frontcatalog,250,337,adservice,server,54,3,3,3,0
2,frontcatalog,250,337,cartservice,server,59,4,4,4,0
2,frontcatalog,250,337,checkoutservice,checkout,67,3,3,3,0
2,frontcatalog,250,337,currencyservice,server,73,3,3,3,0
2,frontcatalog,250,337,emailservice,email,59,4,4,4,0
2,frontcatalog,250,337,frontend,productcatalog,60,3,3,3,0
2,frontcatalog,250,337,frontend,server,63,3,3,3,0
2,frontcatalog,250,337,paymentservice,payment,60,4,4,4,0
2,frontcatalog,250,337,recommendationservice,server,69,3,3,3,0
2,frontcatalog,250,337,redis-cart,-,,1,1,1,0
2,frontcatalog,250,337,shippingservice,server,72,3,3,3,0
2,frontcatalog,250,353,adservice,server,54,3,3,3,0
2,frontcatalog,250,353,cartservice,server,59,4,4,4,0
2,frontcatalog,250,353,checkoutservice,checkout,66,3,3,3,0
2,frontcatalog,250,353,currencyservice,server,72,3,3,3,0
2,frontcatalog,250,353,emailservice,email,57,4,4,4,0
2,frontcatalog,250,353,frontend,productcatalog,59,3,3,3,0
2,frontcatalog,250,353,frontend,server,64,3,3,3,0
2,frontcatalog,250,353,paymentservice,payment,61,4,4,4,0
2,frontcatalog,250,353,recommendationservice,server,67,3,3,3,0
2,frontcatalog,250,353,redis-cart,-,,1,1,1,0
2,frontcatalog,250,353,shippingservice,server,72,3,3,3,0
2,frontcatalog,300,1,adservice,server,23,3,3,3,0
2,frontcatalog,300,1,cartservice,server,0,4,4,4,0
2,frontcatalog,300,1,checkoutservice,checkout,0,3,3,3,0
2,frontcatalog,300,1,currencyservice,server,0,3,3,3,0
2,frontcatalog,300,1,emailservice,email,2,4,4,4,0
2,frontcatalog,300,1,frontend,productcatalog,6,3,3,3,0
2,frontcatalog,300,1,frontend,server,0,3,3,3,0
2,frontcatalog,300,1,paymentservice,payment,1,4,4,4,0
2,frontcatalog,300,1,recommendationservice,server,0,3,3,3,0
2,frontcatalog,300,1,redis-cart,-,,1,1,1,0
2,frontcatalog,300,1,shippingservice,server,45,3,3,3,0
2,frontcatalog,300,16,adservice,server,4,3,3,3,0
2,frontcatalog,300,16,cartservice,server,0,4,4,4,0
2,frontcatalog,300,16,checkoutservice,checkout,1,3,3,3,0
2,frontcatalog,300,16,currencyservice,server,9,3,3,3,0
2,frontcatalog,300,16,emailservice,email,12,4,4,4,0
2,frontcatalog,300,16,frontend,productcatalog,0,3,3,3,0
2,frontcatalog,300,16,frontend,server,4,3,3,3,0
2,frontcatalog,300,16,paymentservice,payment,1,4,4,4,0
2,frontcatalog,300,16,recommendationservice,server,9,3,3,3,0
2,frontcatalog,300,16,redis-cart,-,,1,1,1,0
2,frontcatalog,300,16,shippingservice,server,2,3,3,3,0
2,frontcatalog,300,31,adservice,server,43,3,2,2,0
2,frontcatalog,300,31,cartservice,server,42,4,3,3,0
2,frontcatalog,300,31,checkoutservice,checkout,53,3,3,3,0
2,frontcatalog,300,31,currencyservice,server,71,3,3,3,0
2,frontcatalog,300,31,emailservice,email,66,4,4,4,0
2,frontcatalog,300,31,frontend,productcatalog,36,3,3,3,0
2,frontcatalog,300,31,frontend,server,65,3,3,3,0
2,frontcatalog,300,31,paymentservice,payment,49,4,3,3,0
2,frontcatalog,300,31,recommendationservice,server,76,3,3,3,0
2,frontcatalog,300,31,redis-cart,-,,1,1,1,0
2,frontcatalog,300,31,shippingservice,server,34,3,2,2,0
2,frontcatalog,300,47,adservice,server,102,2,2,2,0
2,frontcatalog,300,47,cartservice,server,89,3,3,3,0
2,frontcatalog,300,47,checkoutservice,checkout,78,3,3,3,0
2,frontcatalog,300,47,currencyservice,server,90,3,3,3,0
2,frontcatalog,300,47,emailservice,email,75,4,4,4,0
2,frontcatalog,300,47,frontend,productcatalog,65,3,3,3,0
2,frontcatalog,300,47,frontend,server,80,3,3,3,0
2,frontcatalog,300,47,paymentservice,payment,92,3,3,3,0
2,frontcatalog,300,47,recommendationservice,server,80,3,3,3,0
2,frontcatalog,300,47,redis-cart,-,,1,1,1,0
2,frontcatalog,300,47,shippingservice,server,97,2,2,2,0
2,frontcatalog,300,62,adservice,server,97,2,3,2,0
2,frontcatalog,300,62,cartservice,server,85,3,4,3,0
2,frontcatalog,300,62,checkoutservice,checkout,65,3,3,3,0
2,frontcatalog,300,62,currencyservice,server,89,3,4,4,0
2,frontcatalog,300,62,emailservice,email,68,4,4,4,0
2,frontcatalog,300,62,frontend,productcatalog,71,3,4,3,1
2,frontcatalog,300,62,frontend,server,79,3,4,3,1
2,frontcatalog,300,62,paymentservice,payment,87,3,4,3,1
2,frontcatalog,300,62,recommendationservice,server,89,3,4,3,1
2,frontcatalog,300,62,redis-cart,-,,1,1,1,0
2,frontcatalog,300,62,shippingservice,server,104,2,3,2,1
2,frontcatalog,300,78,adservice,server,102,3,3,2,0
2,frontcatalog,300,78,cartservice,server,94,4,4,3,0
2,frontcatalog,300,78,checkoutservice,checkout,85,3,3,3,0
2,frontcatalog,300,78,currencyservice,server,93,4,4,4,0
2,frontcatalog,300,78,emailservice,email,71,4,4,4,0
2,frontcatalog,300,78,frontend,productcatalog,72,4,4,3,1
2,frontcatalog,300,78,frontend,server,80,4,4,3,1
2,frontcatalog,300,78,paymentservice,payment,91,4,4,4,0
2,frontcatalog,300,78,recommendationservice,server,89,4,4,4,0
2,frontcatalog,300,78,redis-cart,-,,1,1,1,0
2,frontcatalog,300,78,shippingservice,server,125,3,3,2,1
2,frontcatalog,300,93,adservice,server,100,3,3,3,0
2,frontcatalog,300,93,cartservice,server,90,4,4,4,0
2,frontcatalog,300,93,checkoutservice,checkout,74,3,3,3,0
2,frontcatalog,300,93,currencyservice,server,93,4,4,4,0
2,frontcatalog,300,93,emailservice,email,73,4,4,4,0
2,frontcatalog,300,93,frontend,productcatalog,70,4,4,3,1
2,frontcatalog,300,93,frontend,server,79,4,4,3,1
2,frontcatalog,300,93,paymentservice,payment,71,4,4,4,0
2,frontcatalog,300,93,recommendationservice,server,68,4,4,4,0
2,frontcatalog,300,93,redis-cart,-,,1,1,1,0
2,frontcatalog,300,93,shippingservice,server,116,3,4,2,2
2,frontcatalog,300,108,adservice,server,99,3,3,3,0
2,frontcatalog,300,108,cartservice,server,91,4,4,4,0
2,frontcatalog,300,108,checkoutservice,checkout,76,3,3,3,0
2,frontcatalog,300,108,currencyservice,server,69,4,4,4,0
2,frontcatalog,300,108,emailservice,email,78,4,4,4,0
2,frontcatalog,300,108,frontend,productcatalog,73,4,4,3,1
2,frontcatalog,300,108,frontend,server,84,4,4,3,1
2,frontcatalog,300,108,paymentservice,payment,86,4,4,4,0
2,frontcatalog,300,108,recommendationservice,server,69,4,4,4,0
2,frontcatalog,300,108,redis-cart,-,,1,1,1,0
2,frontcatalog,300,108,shippingservice,server,118,4,4,2,2
2,frontcatalog,300,124,adservice,server,99,3,3,3,0
2,frontcatalog,300,124,cartservice,server,85,4,4,4,0
2,frontcatalog,300,124,checkoutservice,checkout,80,3,3,3,0
2,frontcatalog,300,124,currencyservice,server,70,4,4,4,0
2,frontcatalog,300,124,emailservice,email,62,4,4,4,0
2,frontcatalog,300,124,frontend,productcatalog,71,4,4,3,1
2,frontcatalog,300,124,frontend,server,82,4,4,3,1
2,frontcatalog,300,124,paymentservice,payment,72,4,4,4,0
2,frontcatalog,300,124,recommendationservice,server,68,4,4,4,0
2,frontcatalog,300,124,redis-cart,-,,1,1,1,0
2,frontcatalog,300,124,shippingservice,server,113,4,4,2,2
2,frontcatalog,300,139,adservice,server,71,3,3,3,0
2,frontcatalog,300,139,cartservice,server,97,4,4,4,0
2,frontcatalog,300,139,checkoutservice,checkout,75,3,3,3,0
2,frontcatalog,300,139,currencyservice,server,71,4,4,4,0
2,frontcatalog,300,139,emailservice,email,80,4,4,4,0
2,frontcatalog,300,139,frontend,productcatalog,74,4,4,3,1
2,frontcatalog,300,139,frontend,server,82,4,4,3,1
2,frontcatalog,300,139,paymentservice,payment,79,4,4,4,0
2,frontcatalog,300,139,recommendationservice,server,72,4,4,4,0
2,frontcatalog,300,139,redis-cart,-,,1,1,1,0
2,frontcatalog,300,139,shippingservice,server,122,4,4,2,2
2,frontcatalog,300,155,adservice,server,69,3,3,3,0
2,frontcatalog,300,155,cartservice,server,77,4,4,4,0
2,frontcatalog,300,155,checkoutservice,checkout,83,3,3,3,0
2,frontcatalog,300,155,currencyservice,server,71,4,4,4,0
2,frontcatalog,300,155,emailservice,email,76,4,4,4,0
2,frontcatalog,300,155,frontend,productcatalog,73,4,4,3,1
2,frontcatalog,300,155,frontend,server,82,4,4,3,1
2,frontcatalog,300,155,paymentservice,payment,77,4,5,5,0
2,frontcatalog,300,155,recommendationservice,server,68,4,4,4,0
2,frontcatalog,300,155,redis-cart,-,,1,1,1,0
2,frontcatalog,300,155,shippingservice,server,122,4,4,2,2
2,frontcatalog,300,170,adservice,server,69,3,3,3,0
2,frontcatalog,300,170,cartservice,server,70,4,4,4,0
2,frontcatalog,300,170,checkoutservice,checkout,79,3,4,3,1
2,frontcatalog,300,170,currencyservice,server,70,4,4,4,0
2,frontcatalog,300,170,emailservice,email,74,4,4,4,0
2,frontcatalog,300,170,frontend,productcatalog,73,4,4,3,1
2,frontcatalog,300,170,frontend,server,84,4,4,3,1
2,frontcatalog,300,170,paymentservice,payment,77,5,5,5,0
2,frontcatalog,300,170,recommendationservice,server,70,4,4,4,0
2,frontcatalog,300,170,redis-cart,-,,1,1,1,0
2,frontcatalog,300,170,shippingservice,server,122,4,4,2,2
2,frontcatalog,300,185,adservice,server,70,3,3,3,0
2,frontcatalog,300,185,cartservice,server,76,4,4,4,0
2,frontcatalog,300,185,checkoutservice,checkout,85,4,4,3,1
2,frontcatalog,300,185,currencyservice,server,70,4,4,4,0
2,frontcatalog,300,185,emailservice,email,75,4,4,4,0
2,frontcatalog,300,185,frontend,productcatalog,71,4,4,3,1
2,frontcatalog,300,185,frontend,server,82,4,4,3,1
2,frontcatalog,300,185,paymentservice,payment,68,5,5,5,0
2,frontcatalog,300,185,recommendationservice,server,71,4,4,4,0
2,frontcatalog,300,185,redis-cart,-,,1,1,1,0
2,frontcatalog,300,185,shippingservice,server,125,4,4,2,2
2,frontcatalog,300,201,adservice,server,73,3,3,3,0
2,frontcatalog,300,201,cartservice,server,74,4,4,4,0
2,frontcatalog,300,201,checkoutservice,checkout,78,4,4,3,1
2,frontcatalog,300,201,currencyservice,server,72,4,4,4,0
2,frontcatalog,300,201,emailservice,email,78,4,4,4,0
2,frontcatalog,300,201,frontend,productcatalog,73,4,4,3,1
2,frontcatalog,300,201,frontend,server,83,4,4,3,1
2,frontcatalog,300,201,paymentservice,payment,65,5,5,5,0
2,frontcatalog,300,201,recommendationservice,server,70,4,4,4,0
2,frontcatalog,300,201,redis-cart,-,,1,1,1,0
2,frontcatalog,300,201,shippingservice,server,124,4,4,2,2
2,frontcatalog,300,216,adservice,server,67,3,3,3,0
2,frontcatalog,300,216,cartservice,server,68,4,4,4,0
2,frontcatalog,300,216,checkoutservice,checkout,77,4,4,3,1
2,frontcatalog,300,216,currencyservice,server,71,4,4,4,0
2,frontcatalog,300,216,emailservice,email,73,4,4,4,0
2,frontcatalog,300,216,frontend,productcatalog,72,4,4,3,1
2,frontcatalog,300,216,frontend,server,79,4,4,3,1
2,frontcatalog,300,216,paymentservice,payment,59,5,5,5,0
2,frontcatalog,300,216,recommendationservice,server,69,4,4,4,0
2,frontcatalog,300,216,redis-cart,-,,1,1,1,0
2,frontcatalog,300,216,shippingservice,server,117,4,4,2,2
2,frontcatalog,300,232,adservice,server,68,3,3,3,0
2,frontcatalog,300,232,cartservice,server,72,4,4,4,0
2,frontcatalog,300,232,checkoutservice,checkout,81,4,4,3,1
2,frontcatalog,300,232,currencyservice,server,68,4,4,4,0
2,frontcatalog,300,232,emailservice,email,75,4,4,4,0
2,frontcatalog,300,232,frontend,productcatalog,71,4,4,3,1
2,frontcatalog,300,232,frontend,server,83,4,4,3,1
2,frontcatalog,300,232,paymentservice,payment,59,5,5,5,0
2,frontcatalog,300,232,recommendationservice,server,67,4,4,4,0
2,frontcatalog,300,232,redis-cart,-,,1,1,1,0
2,frontcatalog,300,232,shippingservice,server,123,4,4,2,2
2,frontcatalog,300,247,adservice,server,68,3,3,3,0
2,frontcatalog,300,247,cartservice,server,69,4,4,4,0
2,frontcatalog,300,247,checkoutservice,checkout,81,4,4,3,1
2,frontcatalog,300,247,currencyservice,server,71,4,4,4,0
2,frontcatalog,300,247,emailservice,email,74,4,4,4,0
2,frontcatalog,300,247,frontend,productcatalog,73,4,4,3,1
2,frontcatalog,300,247,frontend,server,80,4,4,3,1
2,frontcatalog,300,247,paymentservice,payment,62,5,5,5,0
2,frontcatalog,300,247,recommendationservice,server,69,4,4,4,0
2,frontcatalog,300,247,redis-cart,-,,1,1,1,0
2,frontcatalog,300,247,shippingservice,server,124,4,4,2,2
2,frontcatalog,300,262,adservice,server,69,3,3,3,0
2,frontcatalog,300,262,cartservice,server,71,4,4,4,0
2,frontcatalog,300,262,checkoutservice,checkout,84,4,4,3,1
2,frontcatalog,300,262,currencyservice,server,71,4,4,4,0
2,frontcatalog,300,262,emailservice,email,71,4,4,4,0
2,frontcatalog,300,262,frontend,productcatalog,72,4,4,3,1
2,frontcatalog,300,262,frontend,server,84,4,4,3,1
2,frontcatalog,300,262,paymentservice,payment,57,5,5,5,0
2,frontcatalog,300,262,recommendationservice,server,69,4,4,4,0
2,frontcatalog,300,262,redis-cart,-,,1,1,1,0
2,frontcatalog,300,262,shippingservice,server,121,4,4,2,2
2,frontcatalog,300,278,adservice,server,67,3,3,3,0
2,frontcatalog,300,278,cartservice,server,68,4,4,4,0
2,frontcatalog,300,278,checkoutservice,checkout,78,4,4,3,1
2,frontcatalog,300,278,currencyservice,server,69,4,4,4,0
2,frontcatalog,300,278,emailservice,email,78,4,4,4,0
2,frontcatalog,300,278,frontend,productcatalog,71,4,4,3,1
2,frontcatalog,300,278,frontend,server,83,4,4,3,1
2,frontcatalog,300,278,paymentservice,payment,60,5,5,5,0
2,frontcatalog,300,278,recommendationservice,server,68,4,4,4,0
2,frontcatalog,300,278,redis-cart,-,,1,1,1,0
2,frontcatalog,300,278,shippingservice,server,118,4,4,2,2
2,frontcatalog,300,293,adservice,server,68,3,3,3,0
2,frontcatalog,300,293,cartservice,server,75,4,4,4,0
2,frontcatalog,300,293,checkoutservice,checkout,79,4,4,3,1
2,frontcatalog,300,293,currencyservice,server,70,4,4,4,0
2,frontcatalog,300,293,emailservice,email,72,4,4,4,0
2,frontcatalog,300,293,frontend,productcatalog,71,4,4,3,1
2,frontcatalog,300,293,frontend,server,80,4,4,3,1
2,frontcatalog,300,293,paymentservice,payment,66,5,5,5,0
2,frontcatalog,300,293,recommendationservice,server,68,4,4,4,0
2,frontcatalog,300,293,redis-cart,-,,1,1,1,0
2,frontcatalog,300,293,shippingservice,server,124,4,4,2,2
2,frontcatalog,300,309,adservice,server,68,3,3,3,0
2,frontcatalog,300,309,cartservice,server,69,4,4,4,0
2,frontcatalog,300,309,checkoutservice,checkout,78,4,4,3,1
2,frontcatalog,300,309,currencyservice,server,69,4,4,4,0
2,frontcatalog,300,309,emailservice,email,74,4,4,4,0
2,frontcatalog,300,309,frontend,productcatalog,74,4,4,3,1
2,frontcatalog,300,309,frontend,server,82,4,4,3,1
2,frontcatalog,300,309,paymentservice,payment,63,5,5,5,0
2,frontcatalog,300,309,recommendationservice,server,68,4,4,4,0
2,frontcatalog,300,309,redis-cart,-,,1,1,1,0
2,frontcatalog,300,309,shippingservice,server,116,4,4,2,2
2,frontcatalog,300,324,adservice,server,68,3,3,3,0
2,frontcatalog,300,324,cartservice,server,77,4,4,4,0
2,frontcatalog,300,324,checkoutservice,checkout,87,4,4,3,1
2,frontcatalog,300,324,currencyservice,server,72,4,4,4,0
2,frontcatalog,300,324,emailservice,email,76,4,4,4,0
2,frontcatalog,300,324,frontend,productcatalog,74,4,4,3,1
2,frontcatalog,300,324,frontend,server,84,4,4,3,1
2,frontcatalog,300,324,paymentservice,payment,64,5,5,5,0
2,frontcatalog,300,324,recommendationservice,server,69,4,4,4,0
2,frontcatalog,300,324,redis-cart,-,,1,1,1,0
2,frontcatalog,300,324,shippingservice,server,124,4,4,2,2
2,frontcatalog,300,339,adservice,server,67,3,3,3,0
2,frontcatalog,300,339,cartservice,server,67,4,4,4,0
2,frontcatalog,300,339,checkoutservice,checkout,80,4,4,3,1
2,frontcatalog,300,339,currencyservice,server,70,4,4,4,0
2,frontcatalog,300,339,emailservice,email,75,4,4,4,0
2,frontcatalog,300,339,frontend,productcatalog,72,4,4,3,1
2,frontcatalog,300,339,frontend,server,81,4,4,3,1
2,frontcatalog,300,339,paymentservice,payment,54,5,5,5,0
2,frontcatalog,300,339,recommendationservice,server,69,4,4,4,0
2,frontcatalog,300,339,redis-cart,-,,1,1,1,0
2,frontcatalog,300,339,shippingservice,server,121,4,4,2,2
2,frontcatalog,300,355,adservice,server,54,3,3,3,0
2,frontcatalog,300,355,cartservice,server,71,4,4,4,0
2,frontcatalog,300,355,checkoutservice,checkout,79,4,4,3,1
2,frontcatalog,300,355,currencyservice,server,61,4,4,4,0
2,frontcatalog,300,355,emailservice,email,72,4,4,4,0
2,frontcatalog,300,355,frontend,productcatalog,68,4,4,3,1
2,frontcatalog,300,355,frontend,server,76,4,4,3,1
2,frontcatalog,300,355,paymentservice,payment,59,5,5,5,0
2,frontcatalog,300,355,recommendationservice,server,63,4,4,4,0
2,frontcatalog,300,355,redis-cart,-,,1,1,1,0
2,frontcatalog,300,355,shippingservice,server,118,4,4,2,2
2,frontreco,150,0,adservice,server,4,2,2,2,0
2,frontreco,150,0,cartservice,server,1,2,2,2,0
2,frontreco,150,0,checkoutservice,checkout,0,2,2,2,0
2,frontreco,150,0,currencyservice,server,0,2,2,2,0
2,frontreco,150,0,emailservice,email,2,2,2,2,0
2,frontreco,150,0,frontend,recommendation,0,2,2,2,0
2,frontreco,150,0,frontend,server,0,2,2,2,0
2,frontreco,150,0,paymentservice,payment,1,2,2,2,0
2,frontreco,150,0,productcatalogservice,-,,,0,2,0
2,frontreco,150,0,redis-cart,-,,1,1,1,0
2,frontreco,150,0,shippingservice,-,,,0,2,0
2,frontreco,150,16,adservice,server,113,2,2,2,0
2,frontreco,150,16,cartservice,server,13,2,2,2,0
2,frontreco,150,16,checkoutservice,checkout,0,2,2,2,0
2,frontreco,150,16,currencyservice,server,7,2,2,2,0
2,frontreco,150,16,emailservice,email,2,2,2,2,0
2,frontreco,150,16,frontend,recommendation,6,2,2,2,0
2,frontreco,150,16,frontend,server,1,2,2,2,0
2,frontreco,150,16,paymentservice,payment,11,2,2,2,0
2,frontreco,150,16,productcatalogservice,server,0,2,2,2,0
2,frontreco,150,16,redis-cart,-,,1,1,1,0
2,frontreco,150,16,shippingservice,server,0,2,2,2,0
2,frontreco,150,31,adservice,server,339,2,2,2,0
2,frontreco,150,31,cartservice,server,102,2,2,2,0
2,frontreco,150,31,checkoutservice,checkout,51,2,2,2,0
2,frontreco,150,31,currencyservice,server,70,2,2,2,0
2,frontreco,150,31,emailservice,email,40,2,2,2,0
2,frontreco,150,31,frontend,recommendation,55,2,2,2,0
2,frontreco,150,31,frontend,server,57,2,2,2,0
2,frontreco,150,31,paymentservice,payment,101,2,2,2,0
2,frontreco,150,31,productcatalogservice,server,54,2,2,2,0
2,frontreco,150,31,redis-cart,-,,1,1,1,0
2,frontreco,150,31,shippingservice,server,60,2,2,2,0
2,frontreco,150,46,adservice,server,229,2,6,2,0
2,frontreco,150,46,cartservice,server,68,2,2,2,0
2,frontreco,150,46,checkoutservice,checkout,64,2,2,2,0
2,frontreco,150,46,currencyservice,server,68,2,2,2,0
2,frontreco,150,46,emailservice,email,68,2,2,2,0
2,frontreco,150,46,frontend,recommendation,59,2,2,2,0
2,frontreco,150,46,frontend,server,59,2,2,2,0
2,frontreco,150,46,paymentservice,payment,72,2,2,2,0
2,frontreco,150,46,productcatalogservice,server,54,2,2,2,0
2,frontreco,150,46,redis-cart,-,,1,1,1,0
2,frontreco,150,46,shippingservice,server,63,2,2,2,0
2,frontreco,150,61,adservice,server,178,6,6,2,0
2,frontreco,150,61,cartservice,server,69,2,2,2,0
2,frontreco,150,61,checkoutservice,checkout,58,2,2,2,0
2,frontreco,150,61,currencyservice,server,65,2,2,2,0
2,frontreco,150,61,emailservice,email,65,2,2,2,0
2,frontreco,150,61,frontend,recommendation,56,2,2,2,0
2,frontreco,150,61,frontend,server,59,2,2,2,0
2,frontreco,150,61,paymentservice,payment,64,2,2,2,0
2,frontreco,150,61,productcatalogservice,server,54,2,2,2,0
2,frontreco,150,61,redis-cart,-,,1,1,1,0
2,frontreco,150,61,shippingservice,server,60,2,2,2,0
2,frontreco,150,77,adservice,server,117,6,6,3,0
2,frontreco,150,77,cartservice,server,61,2,2,2,0
2,frontreco,150,77,checkoutservice,checkout,62,2,2,2,0
2,frontreco,150,77,currencyservice,server,63,2,2,2,0
2,frontreco,150,77,emailservice,email,63,2,2,2,0
2,frontreco,150,77,frontend,recommendation,63,2,2,2,0
2,frontreco,150,77,frontend,server,62,2,2,2,0
2,frontreco,150,77,paymentservice,payment,69,2,2,2,0
2,frontreco,150,77,productcatalogservice,server,52,2,2,2,0
2,frontreco,150,77,redis-cart,-,,1,1,1,0
2,frontreco,150,77,shippingservice,server,65,2,2,2,0
2,frontreco,150,92,adservice,server,165,6,6,6,0
2,frontreco,150,92,cartservice,server,64,2,2,2,0
2,frontreco,150,92,checkoutservice,checkout,50,2,2,2,0
2,frontreco,150,92,currencyservice,server,62,2,2,2,0
2,frontreco,150,92,emailservice,email,67,2,2,2,0
2,frontreco,150,92,frontend,recommendation,63,2,2,2,0
2,frontreco,150,92,frontend,server,57,2,2,2,0
2,frontreco,150,92,paymentservice,payment,62,2,2,2,0
2,frontreco,150,92,productcatalogservice,server,58,2,2,2,0
2,frontreco,150,92,redis-cart,-,,1,1,1,0
2,frontreco,150,92,shippingservice,server,56,2,2,2,0
2,frontreco,150,107,adservice,server,150,6,6,6,0
2,frontreco,150,107,cartservice,server,55,2,2,2,0
2,frontreco,150,107,checkoutservice,checkout,62,2,2,2,0
2,frontreco,150,107,currencyservice,server,63,2,2,2,0
2,frontreco,150,107,emailservice,email,61,2,2,2,0
2,frontreco,150,107,frontend,recommendation,59,2,2,2,0
2,frontreco,150,107,frontend,server,61,2,2,2,0
2,frontreco,150,107,paymentservice,payment,60,2,2,2,0
2,frontreco,150,107,productcatalogservice,server,51,2,2,2,0
2,frontreco,150,107,redis-cart,-,,1,1,1,0
2,frontreco,150,107,shippingservice,server,59,2,2,2,0
2,frontreco,150,122,adservice,server,33,6,6,6,0
2,frontreco,150,122,cartservice,server,69,2,2,2,0
2,frontreco,150,122,checkoutservice,checkout,58,2,2,2,0
2,frontreco,150,122,currencyservice,server,62,2,2,2,0
2,frontreco,150,122,emailservice,email,63,2,2,2,0
2,frontreco,150,122,frontend,recommendation,56,2,2,2,0
2,frontreco,150,122,frontend,server,57,2,2,2,0
2,frontreco,150,122,paymentservice,payment,63,2,2,2,0
2,frontreco,150,122,productcatalogservice,server,52,2,2,2,0
2,frontreco,150,122,redis-cart,-,,1,1,1,0
2,frontreco,150,122,shippingservice,server,59,2,2,2,0
2,frontreco,150,138,adservice,server,24,6,6,6,0
2,frontreco,150,138,cartservice,server,61,2,2,2,0
2,frontreco,150,138,checkoutservice,checkout,57,2,2,2,0
2,frontreco,150,138,currencyservice,server,61,2,2,2,0
2,frontreco,150,138,emailservice,email,64,2,2,2,0
2,frontreco,150,138,frontend,recommendation,53,2,2,2,0
2,frontreco,150,138,frontend,server,54,2,2,2,0
2,frontreco,150,138,paymentservice,payment,64,2,2,2,0
2,frontreco,150,138,productcatalogservice,server,50,2,2,2,0
2,frontreco,150,138,redis-cart,-,,1,1,1,0
2,frontreco,150,138,shippingservice,server,59,2,2,2,0
2,frontreco,150,153,adservice,server,22,6,6,6,0
2,frontreco,150,153,cartservice,server,63,2,2,2,0
2,frontreco,150,153,checkoutservice,checkout,60,2,2,2,0
2,frontreco,150,153,currencyservice,server,61,2,2,2,0
2,frontreco,150,153,emailservice,email,62,2,2,2,0
2,frontreco,150,153,frontend,recommendation,54,2,2,2,0
2,frontreco,150,153,frontend,server,54,2,2,2,0
2,frontreco,150,153,paymentservice,payment,62,2,2,2,0
2,frontreco,150,153,productcatalogservice,server,50,2,2,2,0
2,frontreco,150,153,redis-cart,-,,1,1,1,0
2,frontreco,150,153,shippingservice,server,58,2,2,2,0
2,frontreco,150,168,adservice,server,24,6,3,3,0
2,frontreco,150,168,cartservice,server,55,2,2,2,0
2,frontreco,150,168,checkoutservice,checkout,53,2,2,2,0
2,frontreco,150,168,currencyservice,server,66,2,2,2,0
2,frontreco,150,168,emailservice,email,65,2,2,2,0
2,frontreco,150,168,frontend,recommendation,73,2,2,2,0
2,frontreco,150,168,frontend,server,60,2,2,2,0
2,frontreco,150,168,paymentservice,payment,62,2,2,2,0
2,frontreco,150,168,productcatalogservice,server,59,2,2,2,0
2,frontreco,150,168,redis-cart,-,,1,1,1,0
2,frontreco,150,168,shippingservice,server,56,2,2,2,0
2,frontreco,150,183,adservice,server,53,3,3,3,0
2,frontreco,150,183,cartservice,server,62,2,2,2,0
2,frontreco,150,183,checkoutservice,checkout,57,2,2,2,0
2,frontreco,150,183,currencyservice,server,68,2,2,2,0
2,frontreco,150,183,emailservice,email,62,2,2,2,0
2,frontreco,150,183,frontend,recommendation,52,2,2,2,0
2,frontreco,150,183,frontend,server,61,2,2,2,0
2,frontreco,150,183,paymentservice,payment,58,2,2,2,0
2,frontreco,150,183,productcatalogservice,server,59,2,2,2,0
2,frontreco,150,183,redis-cart,-,,1,1,1,0
2,frontreco,150,183,shippingservice,server,53,2,2,2,0
2,frontreco,150,198,adservice,server,44,3,3,3,0
2,frontreco,150,198,cartservice,server,63,2,2,2,0
2,frontreco,150,198,checkoutservice,checkout,56,2,2,2,0
2,frontreco,150,198,currencyservice,server,61,2,2,2,0
2,frontreco,150,198,emailservice,email,63,2,2,2,0
2,frontreco,150,198,frontend,recommendation,55,2,2,2,0
2,frontreco,150,198,frontend,server,57,2,2,2,0
2,frontreco,150,198,paymentservice,payment,63,2,2,2,0
2,frontreco,150,198,productcatalogservice,server,51,2,2,2,0
2,frontreco,150,198,redis-cart,-,,1,1,1,0
2,frontreco,150,198,shippingservice,server,56,2,2,2,0
2,frontreco,150,214,adservice,server,41,3,3,3,0
2,frontreco,150,214,cartservice,server,61,2,2,2,0
2,frontreco,150,214,checkoutservice,checkout,59,2,2,2,0
2,frontreco,150,214,currencyservice,server,62,2,2,2,0
2,frontreco,150,214,emailservice,email,63,2,2,2,0
2,frontreco,150,214,frontend,recommendation,58,2,2,2,0
2,frontreco,150,214,frontend,server,58,2,2,2,0
2,frontreco,150,214,paymentservice,payment,63,2,2,2,0
2,frontreco,150,214,productcatalogservice,server,53,2,2,2,0
2,frontreco,150,214,redis-cart,-,,1,1,1,0
2,frontreco,150,214,shippingservice,server,60,2,2,2,0
2,frontreco,150,229,adservice,server,39,3,3,3,0
2,frontreco,150,229,cartservice,server,64,2,2,2,0
2,frontreco,150,229,checkoutservice,checkout,59,2,2,2,0
2,frontreco,150,229,currencyservice,server,65,2,2,2,0
2,frontreco,150,229,emailservice,email,65,2,2,2,0
2,frontreco,150,229,frontend,recommendation,63,2,2,2,0
2,frontreco,150,229,frontend,server,63,2,2,2,0
2,frontreco,150,229,paymentservice,payment,64,2,2,2,0
2,frontreco,150,229,productcatalogservice,server,57,2,2,2,0
2,frontreco,150,229,redis-cart,-,,1,1,1,0
2,frontreco,150,229,shippingservice,server,59,2,2,2,0
2,frontreco,150,244,adservice,server,34,3,2,2,0
2,frontreco,150,244,cartservice,server,63,2,2,2,0
2,frontreco,150,244,checkoutservice,checkout,57,2,2,2,0
2,frontreco,150,244,currencyservice,server,62,2,2,2,0
2,frontreco,150,244,emailservice,email,64,2,2,2,0
2,frontreco,150,244,frontend,recommendation,52,2,2,2,0
2,frontreco,150,244,frontend,server,53,2,2,2,0
2,frontreco,150,244,paymentservice,payment,59,2,2,2,0
2,frontreco,150,244,productcatalogservice,server,51,2,2,2,0
2,frontreco,150,244,redis-cart,-,,1,1,1,0
2,frontreco,150,244,shippingservice,server,59,2,2,2,0
2,frontreco,150,259,adservice,server,80,2,2,2,0
2,frontreco,150,259,cartservice,server,61,2,2,2,0
2,frontreco,150,259,checkoutservice,checkout,57,2,2,2,0
2,frontreco,150,259,currencyservice,server,61,2,2,2,0
2,frontreco,150,259,emailservice,email,61,2,2,2,0
2,frontreco,150,259,frontend,recommendation,60,2,2,2,0
2,frontreco,150,259,frontend,server,64,2,2,2,0
2,frontreco,150,259,paymentservice,payment,60,2,2,2,0
2,frontreco,150,259,productcatalogservice,server,53,2,2,2,0
2,frontreco,150,259,redis-cart,-,,1,1,1,0
2,frontreco,150,259,shippingservice,server,57,2,2,2,0
2,frontreco,150,275,adservice,server,195,2,3,2,0
2,frontreco,150,275,cartservice,server,62,2,2,2,0
2,frontreco,150,275,checkoutservice,checkout,62,2,2,2,0
2,frontreco,150,275,currencyservice,server,67,2,2,2,0
2,frontreco,150,275,emailservice,email,71,2,2,2,0
2,frontreco,150,275,frontend,recommendation,59,2,2,2,0
2,frontreco,150,275,frontend,server,64,2,2,2,0
2,frontreco,150,275,paymentservice,payment,67,2,2,2,0
2,frontreco,150,275,productcatalogservice,server,54,2,2,2,0
2,frontreco,150,275,redis-cart,-,,1,1,1,0
2,frontreco,150,275,shippingservice,server,63,2,2,2,0
2,frontreco,150,290,adservice,server,178,3,6,2,0
2,frontreco,150,290,cartservice,server,71,2,2,2,0
2,frontreco,150,290,checkoutservice,checkout,60,2,2,2,0
2,frontreco,150,290,currencyservice,server,66,2,2,2,0
2,frontreco,150,290,emailservice,email,68,2,2,2,0
2,frontreco,150,290,frontend,recommendation,59,2,2,2,0
2,frontreco,150,290,frontend,server,60,2,2,2,0
2,frontreco,150,290,paymentservice,payment,70,2,2,2,0
2,frontreco,150,290,productcatalogservice,server,54,2,2,2,0
2,frontreco,150,290,redis-cart,-,,1,1,1,0
2,frontreco,150,290,shippingservice,server,62,2,2,2,0
2,frontreco,150,305,adservice,server,113,6,6,3,0
2,frontreco,150,305,cartservice,server,63,2,2,2,0
2,frontreco,150,305,checkoutservice,checkout,59,2,2,2,0
2,frontreco,150,305,currencyservice,server,62,2,2,2,0
2,frontreco,150,305,emailservice,email,63,2,2,2,0
2,frontreco,150,305,frontend,recommendation,58,2,2,2,0
2,frontreco,150,305,frontend,server,56,2,2,2,0
2,frontreco,150,305,paymentservice,payment,64,2,2,2,0
2,frontreco,150,305,productcatalogservice,server,51,2,2,2,0
2,frontreco,150,305,redis-cart,-,,1,1,1,0
2,frontreco,150,305,shippingservice,server,59,2,2,2,0
2,frontreco,150,320,adservice,server,81,6,6,6,0
2,frontreco,150,320,cartservice,server,69,2,2,2,0
2,frontreco,150,320,checkoutservice,checkout,59,2,2,2,0
2,frontreco,150,320,currencyservice,server,62,2,2,2,0
2,frontreco,150,320,emailservice,email,63,2,2,2,0
2,frontreco,150,320,frontend,recommendation,55,2,2,2,0
2,frontreco,150,320,frontend,server,56,2,2,2,0
2,frontreco,150,320,paymentservice,payment,62,2,2,2,0
2,frontreco,150,320,productcatalogservice,server,54,2,2,2,0
2,frontreco,150,320,redis-cart,-,,1,1,1,0
2,frontreco,150,320,shippingservice,server,58,2,2,2,0
2,frontreco,150,335,adservice,server,94,6,6,6,0
2,frontreco,150,335,cartservice,server,72,2,2,2,0
2,frontreco,150,335,checkoutservice,checkout,59,2,2,2,0
2,frontreco,150,335,currencyservice,server,62,2,2,2,0
2,frontreco,150,335,emailservice,email,66,2,2,2,0
2,frontreco,150,335,frontend,recommendation,57,2,2,2,0
2,frontreco,150,335,frontend,server,57,2,2,2,0
2,frontreco,150,335,paymentservice,payment,63,2,2,2,0
2,frontreco,150,335,productcatalogservice,server,52,2,2,2,0
2,frontreco,150,335,redis-cart,-,,1,1,1,0
2,frontreco,150,335,shippingservice,server,59,2,2,2,0
2,frontreco,150,351,adservice,server,46,6,6,6,0
2,frontreco,150,351,cartservice,server,58,2,2,2,0
2,frontreco,150,351,checkoutservice,checkout,55,2,2,2,0
2,frontreco,150,351,currencyservice,server,50,2,2,2,0
2,frontreco,150,351,emailservice,email,46,2,2,2,0
2,frontreco,150,351,frontend,recommendation,53,2,2,2,0
2,frontreco,150,351,frontend,server,57,2,2,2,0
2,frontreco,150,351,paymentservice,payment,60,2,2,2,0
2,frontreco,150,351,productcatalogservice,server,52,2,2,2,0
2,frontreco,150,351,redis-cart,-,,1,1,1,0
2,frontreco,150,351,shippingservice,server,50,2,2,2,0
2,frontreco,200,1,adservice,server,25,6,6,6,0
2,frontreco,200,1,cartservice,server,0,2,2,2,0
2,frontreco,200,1,checkoutservice,checkout,0,2,2,2,0
2,frontreco,200,1,currencyservice,server,5,2,2,2,0
2,frontreco,200,1,emailservice,email,2,2,2,2,0
2,frontreco,200,1,frontend,recommendation,3,2,2,2,0
2,frontreco,200,1,frontend,server,5,2,2,2,0
2,frontreco,200,1,paymentservice,payment,1,2,2,2,0
2,frontreco,200,1,productcatalogservice,server,16,2,2,2,0
2,frontreco,200,1,redis-cart,-,,1,1,1,0
2,frontreco,200,1,shippingservice,server,9,2,2,2,0
2,frontreco,200,16,adservice,server,4,6,6,6,0
2,frontreco,200,16,cartservice,server,0,2,2,2,0
2,frontreco,200,16,checkoutservice,checkout,0,2,2,2,0
2,frontreco,200,16,currencyservice,server,1,2,2,2,0
2,frontreco,200,16,emailservice,email,2,2,2,2,0
2,frontreco,200,16,frontend,recommendation,0,2,2,2,0
2,frontreco,200,16,frontend,server,0,2,2,2,0
2,frontreco,200,16,paymentservice,payment,1,2,2,2,0
2,frontreco,200,16,productcatalogservice,server,0,2,2,2,0
2,frontreco,200,16,redis-cart,-,,1,1,1,0
2,frontreco,200,16,shippingservice,server,1,2,2,2,0
2,frontreco,200,31,adservice,server,14,6,3,3,0
2,frontreco,200,31,cartservice,server,46,2,2,2,0
2,frontreco,200,31,checkoutservice,checkout,18,2,2,2,0
2,frontreco,200,31,currencyservice,server,1,2,2,2,0
2,frontreco,200,31,emailservice,email,2,2,2,2,0
2,frontreco,200,31,frontend,recommendation,17,2,2,2,0
2,frontreco,200,31,frontend,server,20,2,2,2,0
2,frontreco,200,31,paymentservice,payment,1,2,2,2,0
2,frontreco,200,31,productcatalogservice,server,27,2,2,2,0
2,frontreco,200,31,redis-cart,-,,1,1,1,0
2,frontreco,200,31,shippingservice,server,23,2,2,2,0
2,frontreco,200,46,adservice,server,150,3,3,3,0
2,frontreco,200,46,cartservice,server,89,2,2,2,0
2,frontreco,200,46,checkoutservice,checkout,71,2,2,2,0
2,frontreco,200,46,currencyservice,server,83,2,2,2,0
2,frontreco,200,46,emailservice,email,78,2,2,2,0
2,frontreco,200,46,frontend,recommendation,81,2,2,0,0
2,frontreco,200,46,frontend,server,72,2,2,0,0
2,frontreco,200,46,paymentservice,payment,74,2,2,2,0
2,frontreco,200,46,productcatalogservice,server,67,2,2,2,0
2,frontreco,200,46,redis-cart,-,,1,1,1,0
2,frontreco,200,46,shippingservice,server,72,2,2,2,0
2,frontreco,200,62,adservice,server,87,3,4,3,0
2,frontreco,200,62,cartservice,server,82,2,3,2,0
2,frontreco,200,62,checkoutservice,checkout,68,2,2,2,0
2,frontreco,200,62,currencyservice,server,81,2,3,3,0
2,frontreco,200,62,emailservice,email,85,2,3,3,0
2,frontreco,200,62,frontend,recommendation,98,2,3,2,0
2,frontreco,200,62,frontend,server,88,2,3,2,0
2,frontreco,200,62,paymentservice,payment,75,2,2,2,0
2,frontreco,200,62,productcatalogservice,server,73,2,2,2,0
2,frontreco,200,62,redis-cart,-,,1,1,1,0
2,frontreco,200,62,shippingservice,server,77,2,2,2,0
2,frontreco,200,77,adservice,server,86,4,4,3,0
2,frontreco,200,77,cartservice,server,82,3,3,3,0
2,frontreco,200,77,checkoutservice,checkout,69,2,2,2,0
2,frontreco,200,77,currencyservice,server,85,3,3,3,0
2,frontreco,200,77,emailservice,email,86,3,3,3,0
2,frontreco,200,77,frontend,recommendation,106,3,3,3,0
2,frontreco,200,77,frontend,server,92,3,3,3,0
2,frontreco,200,77,paymentservice,payment,76,2,2,2,0
2,frontreco,200,77,productcatalogservice,server,75,2,2,2,0
2,frontreco,200,77,redis-cart,-,,1,1,1,0
2,frontreco,200,77,shippingservice,server,82,2,3,3,0
2,frontreco,200,92,adservice,server,66,4,4,4,0
2,frontreco,200,92,cartservice,server,96,3,3,3,0
2,frontreco,200,92,checkoutservice,checkout,80,2,2,2,0
2,frontreco,200,92,currencyservice,server,84,3,3,3,0
2,frontreco,200,92,emailservice,email,91,3,3,3,0
2,frontreco,200,92,frontend,recommendation,79,3,3,3,0
2,frontreco,200,92,frontend,server,78,3,3,3,0
2,frontreco,200,92,paymentservice,payment,90,2,2,2,0
2,frontreco,200,92,productcatalogservice,server,67,2,2,2,0
2,frontreco,200,92,redis-cart,-,,1,1,1,0
2,frontreco,200,92,shippingservice,server,87,3,3,3,0
2,frontreco,200,108,adservice,server,50,4,4,4,0
2,frontreco,200,108,cartservice,server,88,3,3,3,0
2,frontreco,200,108,checkoutservice,checkout,73,2,2,2,0
2,frontreco,200,108,currencyservice,server,54,3,3,3,0
2,frontreco,200,108,emailservice,email,58,3,3,3,0
2,frontreco,200,108,frontend,recommendation,78,3,3,3,0
2,frontreco,200,108,frontend,server,76,3,3,3,0
2,frontreco,200,108,paymentservice,payment,90,2,3,3,0
2,frontreco,200,108,productcatalogservice,server,68,2,2,2,0
2,frontreco,200,108,redis-cart,-,,1,1,1,0
2,frontreco,200,108,shippingservice,server,49,3,3,3,0
2,frontreco,200,123,adservice,server,69,4,4,4,0
2,frontreco,200,123,cartservice,server,88,3,3,3,0
2,frontreco,200,123,checkoutservice,checkout,76,2,2,2,0
2,frontreco,200,123,currencyservice,server,56,3,3,3,0
2,frontreco,200,123,emailservice,email,62,3,3,3,0
2,frontreco,200,123,frontend,recommendation,59,3,3,3,0
2,frontreco,200,123,frontend,server,61,3,3,3,0
2,frontreco,200,123,paymentservice,payment,82,3,3,3,0
2,frontreco,200,123,productcatalogservice,server,68,2,2,2,0
2,frontreco,200,123,redis-cart,-,,1,1,1,0
2,frontreco,200,123,shippingservice,server,55,3,3,3,0
2,frontreco,200,138,adservice,server,62,4,4,4,0
2,frontreco,200,138,cartservice,server,63,3,3,3,0
2,frontreco,200,138,checkoutservice,checkout,68,2,2,2,0
2,frontreco,200,138,currencyservice,server,58,3,3,3,0
2,frontreco,200,138,emailservice,email,62,3,3,3,0
2,frontreco,200,138,frontend,recommendation,70,3,3,3,0
2,frontreco,200,138,frontend,server,64,3,3,3,0
2,frontreco,200,138,paymentservice,payment,60,3,3,3,0
2,frontreco,200,138,productcatalogservice,server,75,2,2,2,0
2,frontreco,200,138,redis-cart,-,,1,1,1,0
2,frontreco,200,138,shippingservice,server,54,3,3,3,0
2,frontreco,200,154,adservice,server,79,4,4,4,0
2,frontreco,200,154,cartservice,server,62,3,3,3,0
2,frontreco,200,154,checkoutservice,checkout,73,2,2,2,0
2,frontreco,200,154,currencyservice,server,59,3,3,3,0
2,frontreco,200,154,emailservice,email,63,3,3,3,0
2,frontreco,200,154,frontend,recommendation,73,3,3,2,0
2,frontreco,200,154,frontend,server,62,3,3,2,0
2,frontreco,200,154,paymentservice,payment,59,3,3,3,0
2,frontreco,200,154,productcatalogservice,server,75,2,2,2,0
2,frontreco,200,154,redis-cart,-,,1,1,1,0
2,frontreco,200,154,shippingservice,server,56,3,3,3,0
2,frontreco,200,169,adservice,server,86,4,5,4,0
2,frontreco,200,169,cartservice,server,61,3,3,3,0
2,frontreco,200,169,checkoutservice,checkout,74,2,2,2,0
2,frontreco,200,169,currencyservice,server,63,3,3,3,0
2,frontreco,200,169,emailservice,email,65,3,3,3,0
2,frontreco,200,169,frontend,recommendation,74,3,3,3,0
2,frontreco,200,169,frontend,server,64,3,3,3,0
2,frontreco,200,169,paymentservice,payment,62,3,3,3,0
2,frontreco,200,169,productcatalogservice,server,75,2,2,2,0
2,frontreco,200,169,redis-cart,-,,1,1,1,0
2,frontreco,200,169,shippingservice,server,57,3,3,3,0
2,frontreco,200,184,adservice,server,58,5,5,4,0
2,frontreco,200,184,cartservice,server,57,3,3,3,0
2,frontreco,200,184,checkoutservice,checkout,75,2,2,2,0
2,frontreco,200,184,currencyservice,server,63,3,3,3,0
2,frontreco,200,184,emailservice,email,61,3,3,3,0
2,frontreco,200,184,frontend,recommendation,76,3,3,3,0
2,frontreco,200,184,frontend,server,67,3,3,3,0
2,frontreco,200,184,paymentservice,payment,59,3,3,3,0
2,frontreco,200,184,productcatalogservice,server,75,2,2,2,0
2,frontreco,200,184,redis-cart,-,,1,1,1,0
2,frontreco,200,184,shippingservice,server,60,3,3,3,0
2,frontreco,200,200,adservice,server,57,5,5,5,0
2,frontreco,200,200,cartservice,server,56,3,3,3,0
2,frontreco,200,200,checkoutservice,checkout,74,2,2,2,0
2,frontreco,200,200,currencyservice,server,56,3,3,3,0
2,frontreco,200,200,emailservice,email,62,3,3,3,0
2,frontreco,200,200,frontend,recommendation,65,3,3,3,0
2,frontreco,200,200,frontend,server,58,3,3,3,0
2,frontreco,200,200,paymentservice,payment,66,3,3,3,0
2,frontreco,200,200,productcatalogservice,server,70,2,2,2,0
2,frontreco,200,200,redis-cart,-,,1,1,1,0
2,frontreco,200,200,shippingservice,server,53,3,3,3,0
2,frontreco,200,215,adservice,server,51,5,5,5,0
2,frontreco,200,215,cartservice,server,55,3,3,3,0
2,frontreco,200,215,checkoutservice,checkout,73,2,2,2,0
2,frontreco,200,215,currencyservice,server,61,3,3,3,0
2,frontreco,200,215,emailservice,email,56,3,3,3,0
2,frontreco,200,215,frontend,recommendation,70,3,3,2,0
2,frontreco,200,215,frontend,server,63,3,3,2,0
2,frontreco,200,215,paymentservice,payment,51,3,3,3,0
2,frontreco,200,215,productcatalogservice,server,70,2,2,2,0
2,frontreco,200,215,redis-cart,-,,1,1,1,0
2,frontreco,200,215,shippingservice,server,53,3,3,3,0
2,frontreco,200,230,adservice,server,67,5,5,5,0
2,frontreco,200,230,cartservice,server,62,3,3,3,0
2,frontreco,200,230,checkoutservice,checkout,72,2,2,2,0
2,frontreco,200,230,currencyservice,server,64,3,3,3,0
2,frontreco,200,230,emailservice,email,57,3,3,3,0
2,frontreco,200,230,frontend,recommendation,75,3,3,3,0
2,frontreco,200,230,frontend,server,63,3,3,3,0
2,frontreco,200,230,paymentservice,payment,62,3,3,3,0
2,frontreco,200,230,productcatalogservice,server,75,2,2,2,0
2,frontreco,200,230,redis-cart,-,,1,1,1,0
2,frontreco,200,230,shippingservice,server,59,3,3,3,0
2,frontreco,200,246,adservice,server,51,5,5,5,0
2,frontreco,200,246,cartservice,server,63,3,3,3,0
2,frontreco,200,246,checkoutservice,checkout,80,2,2,2,0
2,frontreco,200,246,currencyservice,server,60,3,3,3,0
2,frontreco,200,246,emailservice,email,62,3,3,3,0
2,frontreco,200,246,frontend,recommendation,73,3,3,2,0
2,frontreco,200,246,frontend,server,63,3,3,2,0
2,frontreco,200,246,paymentservice,payment,54,3,3,3,0
2,frontreco,200,246,productcatalogservice,server,75,2,2,2,0
2,frontreco,200,246,redis-cart,-,,1,1,1,0
2,frontreco,200,246,shippingservice,server,52,3,3,3,0
2,frontreco,200,261,adservice,server,52,5,5,5,0
2,frontreco,200,261,cartservice,server,70,3,3,3,0
2,frontreco,200,261,checkoutservice,checkout,77,2,3,2,1
2,frontreco,200,261,currencyservice,server,65,3,3,3,0
2,frontreco,200,261,emailservice,email,65,3,3,3,0
2,frontreco,200,261,frontend,recommendation,73,3,3,2,0
2,frontreco,200,261,frontend,server,61,3,3,2,0
2,frontreco,200,261,paymentservice,payment,63,3,3,3,0
2,frontreco,200,261,productcatalogservice,server,75,2,2,2,0
2,frontreco,200,261,redis-cart,-,,1,1,1,0
2,frontreco,200,261,shippingservice,server,60,3,3,3,0
2,frontreco,200,276,adservice,server,63,5,5,5,0
2,frontreco,200,276,cartservice,server,62,3,3,3,0
2,frontreco,200,276,checkoutservice,checkout,71,3,3,3,0
2,frontreco,200,276,currencyservice,server,66,3,3,3,0
2,frontreco,200,276,emailservice,email,60,3,3,3,0
2,frontreco,200,276,frontend,recommendation,80,3,3,3,0
2,frontreco,200,276,frontend,server,70,3,3,3,0
2,frontreco,200,276,paymentservice,payment,57,3,3,3,0
2,frontreco,200,276,productcatalogservice,server,76,2,2,2,0
2,frontreco,200,276,redis-cart,-,,1,1,1,0
2,frontreco,200,276,shippingservice,server,59,3,3,3,0
2,frontreco,200,291,adservice,server,45,5,5,5,0
2,frontreco,200,291,cartservice,server,62,3,3,3,0
2,frontreco,200,291,checkoutservice,checkout,52,3,3,3,0
2,frontreco,200,291,currencyservice,server,60,3,3,3,0
2,frontreco,200,291,emailservice,email,70,3,3,3,0
2,frontreco,200,291,frontend,recommendation,74,3,3,3,0
2,frontreco,200,291,frontend,server,71,3,3,3,0
2,frontreco,200,291,paymentservice,payment,56,3,3,3,0
2,frontreco,200,291,productcatalogservice,server,76,2,2,2,0
2,frontreco,200,291,redis-cart,-,,1,1,1,0
2,frontreco,200,291,shippingservice,server,56,3,3,3,0
2,frontreco,200,307,adservice,server,43,5,5,5,0
2,frontreco,200,307,cartservice,server,50,3,3,3,0
2,frontreco,200,307,checkoutservice,checkout,43,3,3,3,0
2,frontreco,200,307,currencyservice,server,60,3,3,3,0
2,frontreco,200,307,emailservice,email,60,3,3,3,0
2,frontreco,200,307,frontend,recommendation,55,3,3,3,0
2,frontreco,200,307,frontend,server,52,3,3,3,0
2,frontreco,200,307,paymentservice,payment,43,3,3,3,0
2,frontreco,200,307,productcatalogservice,server,74,2,2,2,0
2,frontreco,200,307,redis-cart,-,,1,1,1,0
2,frontreco,200,307,shippingservice,server,53,3,3,3,0
2,frontreco,200,322,adservice,server,26,5,5,5,0
2,frontreco,200,322,cartservice,server,65,3,3,3,0
2,frontreco,200,322,checkoutservice,checkout,52,3,3,3,0
2,frontreco,200,322,currencyservice,server,55,3,3,3,0
2,frontreco,200,322,emailservice,email,58,3,3,3,0
2,frontreco,200,322,frontend,recommendation,50,3,3,3,0
2,frontreco,200,322,frontend,server,53,3,3,3,0
2,frontreco,200,322,paymentservice,payment,64,3,3,3,0
2,frontreco,200,322,productcatalogservice,server,67,2,2,2,0
2,frontreco,200,322,redis-cart,-,,1,1,1,0
2,frontreco,200,322,shippingservice,server,54,3,3,3,0
2,frontreco,200,337,adservice,server,25,5,4,4,0
2,frontreco,200,337,cartservice,server,59,3,3,3,0
2,frontreco,200,337,checkoutservice,checkout,50,3,3,3,0
2,frontreco,200,337,currencyservice,server,53,3,3,3,0
2,frontreco,200,337,emailservice,email,56,3,3,3,0
2,frontreco,200,337,frontend,recommendation,47,3,3,3,0
2,frontreco,200,337,frontend,server,45,3,3,3,0
2,frontreco,200,337,paymentservice,payment,56,3,3,3,0
2,frontreco,200,337,productcatalogservice,server,66,2,2,2,0
2,frontreco,200,337,redis-cart,-,,1,1,1,0
2,frontreco,200,337,shippingservice,server,49,3,3,3,0
2,frontreco,200,352,adservice,server,20,4,4,4,0
2,frontreco,200,352,cartservice,server,40,3,3,3,0
2,frontreco,200,352,checkoutservice,checkout,40,3,3,3,0
2,frontreco,200,352,currencyservice,server,43,3,3,3,0
2,frontreco,200,352,emailservice,email,23,3,3,3,0
2,frontreco,200,352,frontend,recommendation,44,3,3,3,0
2,frontreco,200,352,frontend,server,34,3,3,3,0
2,frontreco,200,352,paymentservice,payment,34,3,3,3,0
2,frontreco,200,352,productcatalogservice,server,32,2,2,2,0
2,frontreco,200,352,redis-cart,-,,1,1,1,0
2,frontreco,200,352,shippingservice,server,35,3,3,3,0
2,frontreco,250,1,adservice,server,9,4,2,2,0
2,frontreco,250,1,cartservice,server,8,3,3,3,0
2,frontreco,250,1,checkoutservice,checkout,0,3,3,3,0
2,frontreco,250,1,currencyservice,server,0,3,3,3,0
2,frontreco,250,1,emailservice,email,21,3,3,3,0
2,frontreco,250,1,frontend,recommendation,0,3,3,3,0
2,frontreco,250,1,frontend,server,0,3,3,3,0
2,frontreco,250,1,paymentservice,payment,5,3,3,3,0
2,frontreco,250,1,productcatalogservice,server,0,2,2,2,0
2,frontreco,250,1,redis-cart,-,,1,1,1,0
2,frontreco,250,1,shippingservice,server,3,3,3,3,0
2,frontreco,250,16,adservice,server,3,2,2,2,0
2,frontreco,250,16,cartservice,server,0,3,3,3,0
2,frontreco,250,16,checkoutservice,checkout,0,3,3,3,0
2,frontreco,250,16,currencyservice,server,0,3,3,3,0
2,frontreco,250,16,emailservice,email,2,3,3,3,0
2,frontreco,250,16,frontend,recommendation,0,3,3,3,0
2,frontreco,250,16,frontend,server,0,3,3,3,0
2,frontreco,250,16,paymentservice,payment,1,3,3,3,0
2,frontreco,250,16,productcatalogservice,server,0,2,2,2,0
2,frontreco,250,16,redis-cart,-,,1,1,1,0
2,frontreco,250,16,shippingservice,server,1,3,3,3,0
2,frontreco,250,31,adservice,server,38,2,2,2,0
2,frontreco,250,31,cartservice,server,17,3,2,2,0
2,frontreco,250,31,checkoutservice,checkout,42,3,2,2,0
2,frontreco,250,31,currencyservice,server,57,3,3,3,0
2,frontreco,250,31,emailservice,email,32,3,2,2,0
2,frontreco,250,31,frontend,recommendation,24,3,2,2,0
2,frontreco,250,31,frontend,server,20,3,2,2,0
2,frontreco,250,31,paymentservice,payment,57,3,3,3,0
2,frontreco,250,31,productcatalogservice,server,42,2,2,2,0
2,frontreco,250,31,redis-cart,-,,1,1,1,0
2,frontreco,250,31,shippingservice,server,52,3,3,3,0
2,frontreco,250,46,adservice,server,74,2,2,2,0
2,frontreco,250,46,cartservice,server,84,2,2,2,0
2,frontreco,250,46,checkoutservice,checkout,88,2,2,2,0
2,frontreco,250,46,currencyservice,server,68,3,3,3,0
2,frontreco,250,46,emailservice,email,91,2,2,2,0
2,frontreco,250,46,frontend,recommendation,65,2,2,2,0
2,frontreco,250,46,paymentservice,payment,63,3,3,3,0
2,frontreco,250,46,productcatalogservice,server,77,2,2,2,0
2,frontreco,250,46,redis-cart,-,,1,1,1,0
2,frontreco,250,46,shippingservice,server,61,3,3,3,0
2,frontreco,250,62,adservice,server,86,2,2,2,0
2,frontreco,250,62,cartservice,server,108,2,3,2,0
2,frontreco,250,62,checkoutservice,checkout,98,2,3,3,0
2,frontreco,250,62,currencyservice,server,70,3,3,3,0
2,frontreco,250,62,emailservice,email,96,2,3,2,0
2,frontreco,250,62,frontend,recommendation,85,2,2,2,0
2,frontreco,250,62,paymentservice,payment,70,3,3,3,0
2,frontreco,250,62,productcatalogservice,server,79,2,3,3,0
2,frontreco,250,62,redis-cart,-,,1,1,1,0
2,frontreco,250,62,shippingservice,server,61,3,3,3,0
2,frontreco,250,77,adservice,server,80,2,3,2,0
2,frontreco,250,77,cartservice,server,106,3,3,3,0
2,frontreco,250,77,checkoutservice,checkout,99,3,3,3,0
2,frontreco,250,77,currencyservice,server,70,3,3,3,0
2,frontreco,250,77,emailservice,email,107,3,3,3,0
2,frontreco,250,77,frontend,recommendation,100,2,3,2,0
2,frontreco,250,77,frontend,server,90,2,3,2,0
2,frontreco,250,77,paymentservice,payment,75,3,3,3,0
2,frontreco,250,77,productcatalogservice,server,80,3,3,3,0
2,frontreco,250,77,redis-cart,-,,1,1,1,0
2,frontreco,250,77,shippingservice,server,66,3,3,3,0
2,frontreco,250,92,adservice,server,85,3,3,2,0
2,frontreco,250,92,cartservice,server,106,3,3,3,0
2,frontreco,250,92,checkoutservice,checkout,66,3,3,3,0
2,frontreco,250,92,currencyservice,server,77,3,3,3,0
2,frontreco,250,92,emailservice,email,121,3,3,3,0
2,frontreco,250,92,frontend,recommendation,105,3,3,3,0
2,frontreco,250,92,frontend,server,97,3,3,3,0
2,frontreco,250,92,paymentservice,payment,82,3,3,3,0
2,frontreco,250,92,productcatalogservice,server,81,3,3,3,0
2,frontreco,250,92,redis-cart,-,,1,1,1,0
2,frontreco,250,92,shippingservice,server,69,3,3,3,0
2,frontreco,250,108,adservice,server,78,3,3,3,0
2,frontreco,250,108,cartservice,server,116,3,3,3,0
2,frontreco,250,108,checkoutservice,checkout,71,3,3,3,0
2,frontreco,250,108,currencyservice,server,75,3,3,3,0
2,frontreco,250,108,emailservice,email,79,3,4,4,0
2,frontreco,250,108,frontend,recommendation,101,3,3,3,0
2,frontreco,250,108,frontend,server,94,3,3,3,0
2,frontreco,250,108,paymentservice,payment,76,3,3,3,0
2,frontreco,250,108,productcatalogservice,server,84,3,3,3,0
2,frontreco,250,108,redis-cart,-,,1,1,1,0
2,frontreco,250,108,shippingservice,server,69,3,3,3,0
2,frontreco,250,123,adservice,server,79,3,3,3,0
2,frontreco,250,123,cartservice,server,79,3,4,3,0
2,frontreco,250,123,checkoutservice,checkout,69,3,3,3,0
2,frontreco,250,123,currencyservice,server,74,3,3,3,0
2,frontreco,250,123,emailservice,email,78,4,4,4,0
2,frontreco,250,123,frontend,recommendation,70,3,3,3,0
2,frontreco,250,123,frontend,server,64,3,3,3,0
2,frontreco,250,123,paymentservice,payment,78,3,3,3,0
2,frontreco,250,123,productcatalogservice,server,57,3,3,3,0
2,frontreco,250,123,redis-cart,-,,1,1,1,0
2,frontreco,250,123,shippingservice,server,69,3,3,3,0
2,frontreco,250,138,adservice,server,85,3,3,3,0
2,frontreco,250,138,cartservice,server,91,4,4,4,0
2,frontreco,250,138,checkoutservice,checkout,72,3,3,3,0
2,frontreco,250,138,currencyservice,server,77,3,3,3,0
2,frontreco,250,138,emailservice,email,80,4,4,4,0
2,frontreco,250,138,frontend,recommendation,70,3,3,3,0
2,frontreco,250,138,frontend,server,65,3,3,3,0
2,frontreco,250,138,paymentservice,payment,81,3,4,4,0
2,frontreco,250,138,productcatalogservice,server,57,3,3,3,0
2,frontreco,250,138,redis-cart,-,,1,1,1,0
2,frontreco,250,138,shippingservice,server,71,3,3,3,0
2,frontreco,250,154,adservice,server,53,3,3,3,0
2,frontreco,250,154,cartservice,server,81,4,4,4,0
2,frontreco,250,154,checkoutservice,checkout,64,3,3,3,0
2,frontreco,250,154,currencyservice,server,76,3,3,3,0
2,frontreco,250,154,emailservice,email,60,4,4,4,0
2,frontreco,250,154,frontend,recommendation,69,3,3,3,0
2,frontreco,250,154,frontend,server,65,3,3,3,0
2,frontreco,250,154,paymentservice,payment,81,4,4,4,0
2,frontreco,250,154,productcatalogservice,server,57,3,3,3,0
2,frontreco,250,154,redis-cart,-,,1,1,1,0
2,frontreco,250,154,shippingservice,server,69,3,3,3,0
2,frontreco,250,169,adservice,server,57,3,3,3,0
2,frontreco,250,169,cartservice,server,74,4,4,4,0
2,frontreco,250,169,checkoutservice,checkout,67,3,3,3,0
2,frontreco,250,169,currencyservice,server,74,3,3,3,0
2,frontreco,250,169,emailservice,email,61,4,4,4,0
2,frontreco,250,169,frontend,recommendation,68,3,3,3,0
2,frontreco,250,169,frontend,server,64,3,3,3,0
2,frontreco,250,169,paymentservice,payment,57,4,4,4,0
2,frontreco,250,169,productcatalogservice,server,55,3,3,3,0
2,frontreco,250,169,redis-cart,-,,1,1,1,0
2,frontreco,250,169,shippingservice,server,67,3,3,3,0
2,frontreco,250,184,adservice,server,53,3,3,3,0
2,frontreco,250,184,cartservice,server,52,4,4,4,0
2,frontreco,250,184,checkoutservice,checkout,64,3,3,3,0
2,frontreco,250,184,currencyservice,server,69,3,3,3,0
2,frontreco,250,184,emailservice,email,56,4,4,4,0
2,frontreco,250,184,frontend,recommendation,65,3,3,3,0
2,frontreco,250,184,frontend,server,60,3,3,3,0
2,frontreco,250,184,paymentservice,payment,53,4,4,4,0
2,frontreco,250,184,productcatalogservice,server,52,3,3,3,0
2,frontreco,250,184,redis-cart,-,,1,1,1,0
2,frontreco,250,184,shippingservice,server,63,3,3,3,0
2,frontreco,250,199,adservice,server,53,3,3,3,0
2,frontreco,250,199,cartservice,server,52,4,4,4,0
2,frontreco,250,199,checkoutservice,checkout,65,3,3,3,0
2,frontreco,250,199,currencyservice,server,72,3,3,3,0
2,frontreco,250,199,emailservice,email,56,4,4,4,0
2,frontreco,250,199,frontend,recommendation,68,3,3,3,0
2,frontreco,250,199,frontend,server,63,3,3,3,0
2,frontreco,250,199,paymentservice,payment,53,4,4,4,0
2,frontreco,250,199,productcatalogservice,server,53,3,3,3,0
2,frontreco,250,199,redis-cart,-,,1,1,1,0
2,frontreco,250,199,shippingservice,server,65,3,3,3,0
2,frontreco,250,215,adservice,server,54,3,3,3,0
2,frontreco,250,215,cartservice,server,50,4,4,4,0
2,frontreco,250,215,checkoutservice,checkout,64,3,3,3,0
2,frontreco,250,215,currencyservice,server,71,3,3,3,0
2,frontreco,250,215,emailservice,email,57,4,4,4,0
2,frontreco,250,215,frontend,recommendation,68,3,3,3,0
2,frontreco,250,215,frontend,server,62,3,3,3,0
2,frontreco,250,215,paymentservice,payment,55,4,4,4,0
2,frontreco,250,215,productcatalogservice,server,55,3,3,3,0
2,frontreco,250,215,redis-cart,-,,1,1,1,0
2,frontreco,250,215,shippingservice,server,67,3,3,3,0
2,frontreco,250,230,adservice,server,56,3,3,3,0
2,frontreco,250,230,cartservice,server,54,4,4,4,0
2,frontreco,250,230,checkoutservice,checkout,69,3,3,3,0
2,frontreco,250,230,currencyservice,server,73,3,3,3,0
2,frontreco,250,230,emailservice,email,60,4,4,4,0
2,frontreco,250,230,frontend,recommendation,69,3,3,3,0
2,frontreco,250,230,frontend,server,63,3,3,3,0
2,frontreco,250,230,paymentservice,payment,59,4,4,4,0
2,frontreco,250,230,productcatalogservice,server,55,3,3,3,0
2,frontreco,250,230,redis-cart,-,,1,1,1,0
2,frontreco,250,230,shippingservice,server,66,3,3,3,0
2,frontreco,250,245,adservice,server,51,3,3,3,0
2,frontreco,250,245,cartservice,server,52,4,4,4,0
2,frontreco,250,245,checkoutservice,checkout,66,3,3,3,0
2,frontreco,250,245,currencyservice,server,73,3,3,3,0
2,frontreco,250,245,emailservice,email,57,4,4,4,0
2,frontreco,250,245,frontend,recommendation,66,3,3,3,0
2,frontreco,250,245,frontend,server,60,3,3,3,0
2,frontreco,250,245,paymentservice,payment,61,4,4,4,0
2,frontreco,250,245,productcatalogservice,server,54,3,3,3,0
2,frontreco,250,245,redis-cart,-,,1,1,1,0
2,frontreco,250,245,shippingservice,server,66,3,3,3,0
2,frontreco,250,261,adservice,server,54,3,3,3,0
2,frontreco,250,261,cartservice,server,56,4,4,4,0
2,frontreco,250,261,checkoutservice,checkout,65,3,3,3,0
2,frontreco,250,261,currencyservice,server,73,3,3,3,0
2,frontreco,250,261,emailservice,email,58,4,4,4,0
2,frontreco,250,261,frontend,recommendation,66,3,3,3,0
2,frontreco,250,261,frontend,server,62,3,3,3,0
2,frontreco,250,261,paymentservice,payment,55,4,4,4,0
2,frontreco,250,261,productcatalogservice,server,56,3,3,3,0
2,frontreco,250,261,redis-cart,-,,1,1,1,0
2,frontreco,250,261,shippingservice,server,65,3,3,3,0
2,frontreco,250,276,adservice,server,53,3,3,3,0
2,frontreco,250,276,cartservice,server,56,4,4,4,0
2,frontreco,250,276,checkoutservice,checkout,67,3,3,3,0
2,frontreco,250,276,currencyservice,server,72,3,3,3,0
2,frontreco,250,276,emailservice,email,59,4,4,4,0
2,frontreco,250,276,frontend,recommendation,69,3,3,3,0
2,frontreco,250,276,frontend,server,61,3,3,3,0
2,frontreco,250,276,paymentservice,payment,58,4,4,4,0
2,frontreco,250,276,productcatalogservice,server,54,3,3,3,0
2,frontreco,250,276,redis-cart,-,,1,1,1,0
2,frontreco,250,276,shippingservice,server,67,3,3,3,0
2,frontreco,250,291,adservice,server,57,3,3,3,0
2,frontreco,250,291,cartservice,server,58,4,4,4,0
2,frontreco,250,291,checkoutservice,checkout,68,3,3,3,0
2,frontreco,250,291,currencyservice,server,74,3,3,3,0
2,frontreco,250,291,emailservice,email,59,4,4,4,0
2,frontreco,250,291,frontend,recommendation,69,3,3,3,0
2,frontreco,250,291,frontend,server,64,3,3,3,0
2,frontreco,250,291,paymentservice,payment,58,4,4,4,0
2,frontreco,250,291,productcatalogservice,server,55,3,3,3,0
2,frontreco,250,291,redis-cart,-,,1,1,1,0
2,frontreco,250,291,shippingservice,server,69,3,3,3,0
2,frontreco,250,307,adservice,server,55,3,3,3,0
2,frontreco,250,307,cartservice,server,54,4,4,4,0
2,frontreco,250,307,checkoutservice,checkout,68,3,3,3,0
2,frontreco,250,307,currencyservice,server,76,3,3,3,0
2,frontreco,250,307,emailservice,email,59,4,4,4,0
2,frontreco,250,307,frontend,recommendation,69,3,3,3,0
2,frontreco,250,307,frontend,server,63,3,3,3,0
2,frontreco,250,307,paymentservice,payment,58,4,4,4,0
2,frontreco,250,307,productcatalogservice,server,56,3,3,3,0
2,frontreco,250,307,redis-cart,-,,1,1,1,0
2,frontreco,250,307,shippingservice,server,69,3,3,3,0
2,frontreco,250,322,adservice,server,54,3,3,3,0
2,frontreco,250,322,cartservice,server,55,4,4,4,0
2,frontreco,250,322,checkoutservice,checkout,66,3,3,3,0
2,frontreco,250,322,currencyservice,server,72,3,3,3,0
2,frontreco,250,322,emailservice,email,58,4,4,4,0
2,frontreco,250,322,frontend,recommendation,69,3,3,3,0
2,frontreco,250,322,frontend,server,61,3,3,3,0
2,frontreco,250,322,paymentservice,payment,57,4,4,4,0
2,frontreco,250,322,productcatalogservice,server,55,3,3,3,0
2,frontreco,250,322,redis-cart,-,,1,1,1,0
2,frontreco,250,322,shippingservice,server,66,3,3,3,0
2,frontreco,250,337,adservice,server,55,3,3,3,0
2,frontreco,250,337,cartservice,server,59,4,4,4,0
2,frontreco,250,337,checkoutservice,checkout,66,3,3,3,0
2,frontreco,250,337,currencyservice,server,73,3,3,3,0
2,frontreco,250,337,emailservice,email,62,4,4,4,0
2,frontreco,250,337,frontend,recommendation,68,3,3,3,0
2,frontreco,250,337,frontend,server,67,3,3,3,0
2,frontreco,250,337,paymentservice,payment,58,4,4,4,0
2,frontreco,250,337,productcatalogservice,server,54,3,3,3,0
2,frontreco,250,337,redis-cart,-,,1,1,1,0
2,frontreco,250,337,shippingservice,server,73,3,3,3,0
2,frontreco,250,353,adservice,server,57,3,3,3,0
2,frontreco,250,353,cartservice,server,65,4,4,4,0
2,frontreco,250,353,checkoutservice,checkout,72,3,3,3,0
2,frontreco,250,353,currencyservice,server,79,3,3,3,0
2,frontreco,250,353,emailservice,email,60,4,4,4,0
2,frontreco,250,353,frontend,recommendation,71,3,3,3,0
2,frontreco,250,353,frontend,server,64,3,3,3,0
2,frontreco,250,353,paymentservice,payment,62,4,4,4,0
2,frontreco,250,353,productcatalogservice,server,57,3,3,3,0
2,frontreco,250,353,redis-cart,-,,1,1,1,0
2,frontreco,250,353,shippingservice,server,71,3,3,3,0
2,frontreco,300,0,adservice,server,14,3,3,3,0
2,frontreco,300,0,cartservice,server,7,4,4,4,0
2,frontreco,300,0,checkoutservice,checkout,19,3,3,3,0
2,frontreco,300,0,currencyservice,server,0,3,3,3,0
2,frontreco,300,0,emailservice,email,2,4,4,4,0
2,frontreco,300,0,frontend,recommendation,6,3,3,3,0
2,frontreco,300,0,frontend,server,0,3,3,3,0
2,frontreco,300,0,paymentservice,payment,1,4,4,4,0
2,frontreco,300,0,productcatalogservice,server,0,3,3,3,0
2,frontreco,300,0,redis-cart,-,,1,1,1,0
2,frontreco,300,0,shippingservice,server,0,3,3,3,0
2,frontreco,300,16,adservice,server,4,3,3,3,0
2,frontreco,300,16,cartservice,server,2,4,4,4,0
2,frontreco,300,16,checkoutservice,checkout,0,3,3,3,0
2,frontreco,300,16,currencyservice,server,1,3,3,3,0
2,frontreco,300,16,emailservice,email,4,4,4,4,0
2,frontreco,300,16,frontend,recommendation,2,3,3,3,0
2,frontreco,300,16,frontend,server,0,3,3,3,0
2,frontreco,300,16,paymentservice,payment,1,4,4,4,0
2,frontreco,300,16,productcatalogservice,server,0,3,3,3,0
2,frontreco,300,16,redis-cart,-,,1,1,1,0
2,frontreco,300,16,shippingservice,server,0,3,3,3,0
2,frontreco,300,31,adservice,server,18,3,2,2,0
2,frontreco,300,31,cartservice,server,62,4,4,4,0
2,frontreco,300,31,checkoutservice,checkout,48,3,3,3,0
2,frontreco,300,31,currencyservice,server,64,3,3,3,0
2,frontreco,300,31,emailservice,email,61,4,4,4,0
2,frontreco,300,31,frontend,recommendation,38,3,2,2,0
2,frontreco,300,31,frontend,server,33,3,2,2,0
2,frontreco,300,31,paymentservice,payment,55,4,4,4,0
2,frontreco,300,31,productcatalogservice,server,18,3,1,1,0
2,frontreco,300,31,redis-cart,-,,1,1,1,0
2,frontreco,300,31,shippingservice,server,49,3,3,3,0
2,frontreco,300,47,adservice,server,103,2,2,2,0
2,frontreco,300,47,cartservice,server,62,4,4,4,0
2,frontreco,300,47,checkoutservice,checkout,65,3,3,3,0
2,frontreco,300,47,currencyservice,server,81,3,3,3,0
2,frontreco,300,47,emailservice,email,65,4,4,4,0
2,frontreco,300,47,frontend,recommendation,83,2,2,2,0
2,frontreco,300,47,paymentservice,payment,63,4,4,4,0
2,frontreco,300,47,productcatalogservice,server,148,1,1,1,0
2,frontreco,300,47,redis-cart,-,,1,1,1,0
2,frontreco,300,47,shippingservice,server,71,3,3,3,0
2,frontreco,300,62,adservice,server,93,2,3,2,0
2,frontreco,300,62,cartservice,server,54,4,4,4,0
2,frontreco,300,62,checkoutservice,checkout,68,3,3,3,0
2,frontreco,300,62,currencyservice,server,76,3,3,3,0
2,frontreco,300,62,emailservice,email,59,4,4,4,0
2,frontreco,300,62,frontend,recommendation,96,2,3,0,0
2,frontreco,300,62,paymentservice,payment,56,4,4,4,0
2,frontreco,300,62,productcatalogservice,server,145,1,3,3,0
2,frontreco,300,62,redis-cart,-,,1,1,1,0
2,frontreco,300,62,shippingservice,server,69,3,3,3,0
2,frontreco,300,77,adservice,server,97,3,3,2,0
2,frontreco,300,77,cartservice,server,66,4,4,4,0
2,frontreco,300,77,checkoutservice,checkout,67,3,3,3,0
2,frontreco,300,77,currencyservice,server,79,3,3,3,0
2,frontreco,300,77,emailservice,email,58,4,4,4,0
2,frontreco,300,77,frontend,recommendation,112,3,3,1,0
2,frontreco,300,77,frontend,server,102,3,3,1,0
2,frontreco,300,77,paymentservice,payment,55,4,4,4,0
2,frontreco,300,77,productcatalogservice,server,145,3,3,3,0
2,frontreco,300,77,redis-cart,-,,1,1,1,0
2,frontreco,300,77,shippingservice,server,73,3,3,3,0
2,frontreco,300,93,adservice,server,101,3,3,3,0
2,frontreco,300,93,cartservice,server,67,4,4,4,0
2,frontreco,300,93,checkoutservice,checkout,69,3,3,3,0
2,frontreco,300,93,currencyservice,server,82,3,4,4,0
2,frontreco,300,93,emailservice,email,62,4,4,4,0
2,frontreco,300,93,frontend,recommendation,120,3,3,0,0
2,frontreco,300,93,frontend,server,100,3,3,0,0
2,frontreco,300,93,paymentservice,payment,67,4,4,4,0
2,frontreco,300,93,productcatalogservice,server,74,3,3,3,0
2,frontreco,300,93,redis-cart,-,,1,1,1,0
2,frontreco,300,93,shippingservice,server,72,3,3,3,0
2,frontreco,300,108,adservice,server,93,3,3,3,0
2,frontreco,300,108,cartservice,server,53,4,4,4,0
2,frontreco,300,108,checkoutservice,checkout,57,3,3,3,0
2,frontreco,300,108,currencyservice,server,76,4,4,4,0
2,frontreco,300,108,emailservice,email,60,4,4,4,0
2,frontreco,300,108,frontend,recommendation,96,3,3,0,0
2,frontreco,300,108,frontend,server,87,3,3,0,0
2,frontreco,300,108,paymentservice,payment,48,4,4,4,0
2,frontreco,300,108,productcatalogservice,server,49,3,3,3,0
2,frontreco,300,108,redis-cart,-,,1,1,1,0
2,frontreco,300,108,shippingservice,server,67,3,3,3,0
2,frontreco,300,123,adservice,server,107,3,3,3,0
2,frontreco,300,123,cartservice,server,51,4,4,4,0
2,frontreco,300,123,checkoutservice,checkout,56,3,3,3,0
2,frontreco,300,123,currencyservice,server,73,4,4,4,0
2,frontreco,300,123,emailservice,email,54,4,4,4,0
2,frontreco,300,123,frontend,recommendation,96,3,3,0,0
2,frontreco,300,123,frontend,server,74,3,3,0,0
2,frontreco,300,123,paymentservice,payment,46,4,4,4,0
2,frontreco,300,123,productcatalogservice,server,50,3,3,3,0
2,frontreco,300,123,redis-cart,-,,1,1,1,0
2,frontreco,300,123,shippingservice,server,66,3,3,3,0
2,frontreco,300,139,adservice,server,70,3,3,3,0
2,frontreco,300,139,cartservice,server,52,4,4,4,0
2,frontreco,300,139,checkoutservice,checkout,54,3,3,3,0
2,frontreco,300,139,currencyservice,server,53,4,4,4,0
2,frontreco,300,139,emailservice,email,48,4,4,4,0
2,frontreco,300,139,frontend,recommendation,89,3,3,0,0
2,frontreco,300,139,frontend,server,71,3,3,0,0
2,frontreco,300,139,paymentservice,payment,41,4,4,4,0
2,frontreco,300,139,productcatalogservice,server,50,3,3,3,0
2,frontreco,300,139,redis-cart,-,,1,1,1,0
2,frontreco,300,139,shippingservice,server,63,3,3,3,0
2,frontreco,300,154,adservice,server,69,3,3,3,0
2,frontreco,300,154,cartservice,server,45,4,4,4,0
2,frontreco,300,154,checkoutservice,checkout,55,3,3,3,0
2,frontreco,300,154,currencyservice,server,53,4,4,4,0
2,frontreco,300,154,emailservice,email,47,4,4,4,0
2,frontreco,300,154,frontend,recommendation,90,3,3,3,0
2,frontreco,300,154,frontend,server,71,3,3,3,0
2,frontreco,300,154,paymentservice,payment,44,4,3,3,0
2,frontreco,300,154,productcatalogservice,server,50,3,3,3,0
2,frontreco,300,154,redis-cart,-,,1,1,1,0
2,frontreco,300,154,shippingservice,server,62,3,3,3,0
2,frontreco,300,170,adservice,server,75,3,3,3,0
2,frontreco,300,170,cartservice,server,49,4,3,3,0
2,frontreco,300,170,checkoutservice,checkout,57,3,3,3,0
2,frontreco,300,170,currencyservice,server,55,4,4,4,0
2,frontreco,300,170,emailservice,email,53,4,4,4,0
2,frontreco,300,170,frontend,-,,3,3,3,0
2,frontreco,300,170,paymentservice,payment,58,3,3,3,0
2,frontreco,300,170,productcatalogservice,server,50,3,3,3,0
2,frontreco,300,170,redis-cart,-,,1,1,1,0
2,frontreco,300,170,shippingservice,server,65,3,3,3,0
2,frontreco,300,185,adservice,server,67,3,3,3,0
2,frontreco,300,185,cartservice,server,58,3,3,3,0
2,frontreco,300,185,checkoutservice,checkout,82,3,3,3,0
2,frontreco,300,185,currencyservice,server,63,4,4,4,0
2,frontreco,300,185,emailservice,email,95,4,4,4,0
2,frontreco,300,185,frontend,recommendation,121,3,4,3,1
2,frontreco,300,185,frontend,server,82,3,4,3,1
2,frontreco,300,185,paymentservice,payment,104,3,3,3,0
2,frontreco,300,185,productcatalogservice,server,61,3,3,3,0
2,frontreco,300,185,redis-cart,-,,1,1,1,0
2,frontreco,300,185,shippingservice,server,80,3,3,3,0
2,frontreco,300,200,adservice,server,73,3,3,3,0
2,frontreco,300,200,cartservice,server,82,3,3,3,0
2,frontreco,300,200,checkoutservice,checkout,77,3,4,4,0
2,frontreco,300,200,currencyservice,server,65,4,4,4,0
2,frontreco,300,200,emailservice,email,75,4,4,4,0
2,frontreco,300,200,frontend,recommendation,94,4,4,3,1
2,frontreco,300,200,frontend,server,84,4,4,3,1
2,frontreco,300,200,paymentservice,payment,95,3,5,4,0
2,frontreco,300,200,productcatalogservice,server,60,3,3,3,0
2,frontreco,300,200,redis-cart,-,,1,1,1,0
2,frontreco,300,200,shippingservice,server,80,3,4,4,0
2,frontreco,300,215,adservice,server,72,3,3,3,0
2,frontreco,300,215,cartservice,server,84,3,4,3,0
2,frontreco,300,215,checkoutservice,checkout,69,4,4,4,0
2,frontreco,300,215,currencyservice,server,62,4,4,4,0
2,frontreco,300,215,emailservice,email,71,4,4,4,0
2,frontreco,300,215,frontend,recommendation,93,4,4,3,1
2,frontreco,300,215,frontend,server,73,4,4,3,1
2,frontreco,300,215,paymentservice,payment,86,5,5,5,0
2,frontreco,300,215,productcatalogservice,server,61,3,3,3,0
2,frontreco,300,215,redis-cart,-,,1,1,1,0
2,frontreco,300,215,shippingservice,server,78,4,4,4,0
2,frontreco,300,231,adservice,server,71,3,3,3,0
2,frontreco,300,231,cartservice,server,88,4,4,4,0
2,frontreco,300,231,checkoutservice,checkout,76,4,4,4,0
2,frontreco,300,231,currencyservice,server,63,4,4,4,0
2,frontreco,300,231,emailservice,email,75,4,4,4,0
2,frontreco,300,231,frontend,recommendation,92,4,4,3,1
2,frontreco,300,231,frontend,server,75,4,4,3,1
2,frontreco,300,231,paymentservice,payment,87,5,5,5,0
2,frontreco,300,231,productcatalogservice,server,61,3,3,3,0
2,frontreco,300,231,redis-cart,-,,1,1,1,0
2,frontreco,300,231,shippingservice,server,60,4,4,4,0
2,frontreco,300,246,adservice,server,68,3,3,3,0
2,frontreco,300,246,cartservice,server,76,4,4,4,0
2,frontreco,300,246,checkoutservice,checkout,55,4,4,4,0
2,frontreco,300,246,currencyservice,server,61,4,4,4,0
2,frontreco,300,246,emailservice,email,67,4,4,4,0
2,frontreco,300,246,frontend,recommendation,86,4,4,3,1
2,frontreco,300,246,frontend,server,72,4,4,3,1
2,frontreco,300,246,paymentservice,payment,49,5,5,5,0
2,frontreco,300,246,productcatalogservice,server,62,3,3,3,0
2,frontreco,300,246,redis-cart,-,,1,1,1,0
2,frontreco,300,246,shippingservice,server,56,4,4,4,0
2,frontreco,300,262,adservice,server,63,3,3,3,0
2,frontreco,300,262,cartservice,server,84,4,4,4,0
2,frontreco,300,262,checkoutservice,checkout,57,4,4,4,0
2,frontreco,300,262,currencyservice,server,62,4,4,4,0
2,frontreco,300,262,emailservice,email,72,4,4,4,0
2,frontreco,300,262,frontend,recommendation,87,4,4,3,1
2,frontreco,300,262,frontend,server,77,4,4,3,1
2,frontreco,300,262,paymentservice,payment,55,5,5,5,0
2,frontreco,300,262,productcatalogservice,server,62,3,3,3,0
2,frontreco,300,262,redis-cart,-,,1,1,1,0
2,frontreco,300,262,shippingservice,server,58,4,4,4,0
2,frontreco,300,277,adservice,server,66,3,3,3,0
2,frontreco,300,277,cartservice,server,61,4,4,4,0
2,frontreco,300,277,checkoutservice,checkout,56,4,4,4,0
2,frontreco,300,277,currencyservice,server,61,4,4,4,0
2,frontreco,300,277,emailservice,email,69,4,4,4,0
2,frontreco,300,277,frontend,recommendation,84,4,4,3,1
2,frontreco,300,277,frontend,server,71,4,4,3,1
2,frontreco,300,277,paymentservice,payment,51,5,5,5,0
2,frontreco,300,277,productcatalogservice,server,61,3,3,3,0
2,frontreco,300,277,redis-cart,-,,1,1,1,0
2,frontreco,300,277,shippingservice,server,56,4,4,4,0
2,frontreco,300,293,adservice,server,64,3,3,3,0
2,frontreco,300,293,cartservice,server,59,4,4,4,0
2,frontreco,300,293,checkoutservice,checkout,55,4,4,4,0
2,frontreco,300,293,currencyservice,server,60,4,4,4,0
2,frontreco,300,293,emailservice,email,73,4,4,4,0
2,frontreco,300,293,frontend,recommendation,86,4,4,3,1
2,frontreco,300,293,frontend,server,73,4,4,3,1
2,frontreco,300,293,paymentservice,payment,52,5,4,4,0
2,frontreco,300,293,productcatalogservice,server,62,3,3,3,0
2,frontreco,300,293,redis-cart,-,,1,1,1,0
2,frontreco,300,293,shippingservice,server,55,4,4,4,0
2,frontreco,300,308,adservice,server,67,3,3,3,0
2,frontreco,300,308,cartservice,server,66,4,4,4,0
2,frontreco,300,308,checkoutservice,checkout,57,4,4,4,0
2,frontreco,300,308,currencyservice,server,63,4,4,4,0
2,frontreco,300,308,emailservice,email,75,4,4,4,0
2,frontreco,300,308,frontend,recommendation,91,4,4,3,1
2,frontreco,300,308,frontend,server,74,4,4,3,1
2,frontreco,300,308,paymentservice,payment,67,4,4,4,0
2,frontreco,300,308,productcatalogservice,server,61,3,3,3,0
2,frontreco,300,308,redis-cart,-,,1,1,1,0
2,frontreco,300,308,shippingservice,server,56,4,4,4,0
2,frontreco,300,323,adservice,server,68,3,3,3,0
2,frontreco,300,323,cartservice,server,72,4,4,4,0
2,frontreco,300,323,checkoutservice,checkout,56,4,4,4,0
2,frontreco,300,323,currencyservice,server,63,4,4,4,0
2,frontreco,300,323,emailservice,email,73,4,4,4,0
2,frontreco,300,323,frontend,recommendation,91,4,4,3,1
2,frontreco,300,323,frontend,server,72,4,4,3,1
2,frontreco,300,323,paymentservice,payment,70,4,4,4,0
2,frontreco,300,323,productcatalogservice,server,62,3,3,3,0
2,frontreco,300,323,redis-cart,-,,1,1,1,0
2,frontreco,300,323,shippingservice,server,59,4,4,4,0
2,frontreco,300,339,adservice,server,66,3,3,3,0
2,frontreco,300,339,cartservice,server,65,4,4,4,0
2,frontreco,300,339,checkoutservice,checkout,56,4,4,4,0
2,frontreco,300,339,currencyservice,server,62,4,4,4,0
2,frontreco,300,339,emailservice,email,73,4,4,4,0
2,frontreco,300,339,frontend,recommendation,91,4,4,3,1
2,frontreco,300,339,frontend,server,73,4,4,3,1
2,frontreco,300,339,paymentservice,payment,67,4,4,4,0
2,frontreco,300,339,productcatalogservice,server,61,3,3,3,0
2,frontreco,300,339,redis-cart,-,,1,1,1,0
2,frontreco,300,339,shippingservice,server,58,4,4,4,0
2,frontreco,300,354,adservice,server,63,3,3,3,0
2,frontreco,300,354,cartservice,server,63,4,4,4,0
2,frontreco,300,354,checkoutservice,checkout,58,4,4,4,0
2,frontreco,300,354,currencyservice,server,61,4,4,4,0
2,frontreco,300,354,emailservice,email,64,4,4,4,0
2,frontreco,300,354,frontend,recommendation,84,4,4,3,1
2,frontreco,300,354,frontend,server,67,4,4,3,1
2,frontreco,300,354,paymentservice,payment,61,4,4,4,0
2,frontreco,300,354,productcatalogservice,server,57,3,3,3,0
2,frontreco,300,354,redis-cart,-,,1,1,1,0
2,frontreco,300,354,shippingservice,server,53,4,4,4,0
2,frontcart,150,0,adservice,server,4,2,2,2,0
2,frontcart,150,0,checkoutservice,checkout,0,2,2,2,0
2,frontcart,150,0,currencyservice,server,0,2,2,2,0
2,frontcart,150,0,emailservice,email,2,2,2,2,0
2,frontcart,150,0,frontend,cartservice,1,2,2,2,0
2,frontcart,150,0,frontend,server,0,2,2,2,0
2,frontcart,150,0,paymentservice,payment,1,2,2,2,0
2,frontcart,150,0,productcatalogservice,server,0,2,2,2,0
2,frontcart,150,0,recommendationservice,-,,,0,2,0
2,frontcart,150,0,redis-cart,-,,1,1,1,0
2,frontcart,150,0,shippingservice,-,,,0,2,0
2,frontcart,150,15,adservice,server,5,2,2,2,0
2,frontcart,150,15,checkoutservice,checkout,0,2,2,2,0
2,frontcart,150,15,currencyservice,server,56,2,2,2,0
2,frontcart,150,15,emailservice,email,35,2,2,2,0
2,frontcart,150,15,frontend,cartservice,62,2,2,2,0
2,frontcart,150,15,frontend,server,36,2,2,2,0
2,frontcart,150,15,paymentservice,payment,49,2,2,2,0
2,frontcart,150,15,productcatalogservice,server,0,2,2,2,0
2,frontcart,150,15,recommendationservice,server,0,2,2,2,0
2,frontcart,150,15,redis-cart,-,,1,1,1,0
2,frontcart,150,15,shippingservice,server,0,2,2,2,0
2,frontcart,150,31,adservice,server,234,2,2,2,0
2,frontcart,150,31,checkoutservice,checkout,17,2,2,2,0
2,frontcart,150,31,currencyservice,server,66,2,2,2,0
2,frontcart,150,31,emailservice,email,67,2,2,2,0
2,frontcart,150,31,frontend,cartservice,82,2,2,2,0
2,frontcart,150,31,frontend,server,60,2,2,2,0
2,frontcart,150,31,paymentservice,payment,49,2,2,2,0
2,frontcart,150,31,productcatalogservice,server,49,2,2,2,0
2,frontcart,150,31,recommendationservice,server,45,2,2,2,0
2,frontcart,150,31,redis-cart,-,,1,1,1,0
2,frontcart,150,31,shippingservice,server,30,2,2,2,0
2,frontcart,150,46,adservice,server,221,2,6,2,0
2,frontcart,150,46,checkoutservice,checkout,62,2,2,2,0
2,frontcart,150,46,currencyservice,server,63,2,2,2,0
2,frontcart,150,46,emailservice,email,65,2,2,2,0
2,frontcart,150,46,frontend,cartservice,64,2,2,2,0
2,frontcart,150,46,frontend,server,59,2,2,2,0
2,frontcart,150,46,paymentservice,payment,73,2,2,2,0
2,frontcart,150,46,productcatalogservice,server,54,2,2,2,0
2,frontcart,150,46,recommendationservice,server,55,2,2,2,0
2,frontcart,150,46,redis-cart,-,,1,1,1,0
2,frontcart,150,46,shippingservice,server,61,2,2,2,0
2,frontcart,150,61,adservice,server,123,6,6,2,0
2,frontcart,150,61,checkoutservice,checkout,58,2,2,2,0
2,frontcart,150,61,currencyservice,server,63,2,2,2,0
2,frontcart,150,61,emailservice,email,65,2,2,2,0
2,frontcart,150,61,frontend,cartservice,71,2,2,2,0
2,frontcart,150,61,frontend,server,57,2,2,2,0
2,frontcart,150,61,paymentservice,payment,63,2,2,2,0
2,frontcart,150,61,productcatalogservice,server,53,2,2,2,0
2,frontcart,150,61,recommendationservice,server,55,2,2,2,0
2,frontcart,150,61,redis-cart,-,,1,1,1,0
2,frontcart,150,61,shippingservice,server,61,2,2,2,0
2,frontcart,150,76,adservice,server,111,6,6,2,0
2,frontcart,150,76,checkoutservice,checkout,61,2,2,2,0
2,frontcart,150,76,currencyservice,server,65,2,2,2,0
2,frontcart,150,76,emailservice,email,60,2,2,2,0
2,frontcart,150,76,frontend,cartservice,63,2,2,2,0
2,frontcart,150,76,frontend,server,55,2,2,2,0
2,frontcart,150,76,paymentservice,payment,66,2,2,2,0
2,frontcart,150,76,productcatalogservice,server,51,2,2,2,0
2,frontcart,150,76,recommendationservice,server,52,2,2,2,0
2,frontcart,150,76,redis-cart,-,,1,1,1,0
2,frontcart,150,76,shippingservice,server,59,2,2,2,0
2,frontcart,150,91,adservice,server,71,6,6,6,0
2,frontcart,150,91,checkoutservice,checkout,61,2,2,2,0
2,frontcart,150,91,currencyservice,server,61,2,2,2,0
2,frontcart,150,91,emailservice,email,68,2,2,2,0
2,frontcart,150,91,frontend,cartservice,70,2,2,2,0
2,frontcart,150,91,frontend,server,60,2,2,2,0
2,frontcart,150,91,paymentservice,payment,67,2,2,2,0
2,frontcart,150,91,productcatalogservice,server,52,2,2,2,0
2,frontcart,150,91,recommendationservice,server,55,2,2,2,0
2,frontcart,150,91,redis-cart,-,,1,1,1,0
2,frontcart,150,91,shippingservice,server,59,2,2,2,0
2,frontcart,150,107,adservice,server,92,6,6,6,0
2,frontcart,150,107,checkoutservice,checkout,61,2,2,2,0
2,frontcart,150,107,currencyservice,server,62,2,2,2,0
2,frontcart,150,107,emailservice,email,68,2,2,2,0
2,frontcart,150,107,frontend,cartservice,60,2,2,2,0
2,frontcart,150,107,frontend,server,58,2,2,2,0
2,frontcart,150,107,paymentservice,payment,64,2,2,2,0
2,frontcart,150,107,productcatalogservice,server,52,2,2,2,0
2,frontcart,150,107,recommendationservice,server,53,2,2,2,0
2,frontcart,150,107,redis-cart,-,,1,1,1,0
2,frontcart,150,107,shippingservice,server,57,2,2,2,0
2,frontcart,150,122,adservice,server,22,6,6,6,0
2,frontcart,150,122,checkoutservice,checkout,58,2,2,2,0
2,frontcart,150,122,currencyservice,server,60,2,2,2,0
2,frontcart,150,122,emailservice,email,64,2,2,2,0
2,frontcart,150,122,frontend,cartservice,57,2,2,2,0
2,frontcart,150,122,frontend,server,55,2,2,2,0
2,frontcart,150,122,paymentservice,payment,59,2,2,2,0
2,frontcart,150,122,productcatalogservice,server,53,2,2,2,0
2,frontcart,150,122,recommendationservice,server,52,2,2,2,0
2,frontcart,150,122,redis-cart,-,,1,1,1,0
2,frontcart,150,122,shippingservice,server,58,2,2,2,0
2,frontcart,150,137,adservice,server,17,6,6,6,0
2,frontcart,150,137,checkoutservice,checkout,55,2,2,2,0
2,frontcart,150,137,currencyservice,server,67,2,2,2,0
2,frontcart,150,137,emailservice,email,65,2,2,2,0
2,frontcart,150,137,frontend,cartservice,68,2,2,2,0
2,frontcart,150,137,frontend,server,62,2,2,2,0
2,frontcart,150,137,paymentservice,payment,66,2,2,2,0
2,frontcart,150,137,productcatalogservice,server,57,2,2,2,0
2,frontcart,150,137,recommendationservice,server,59,2,2,2,0
2,frontcart,150,137,redis-cart,-,,1,1,1,0
2,frontcart,150,137,shippingservice,server,63,2,2,2,0
2,frontcart,150,152,adservice,server,19,6,6,6,0
2,frontcart,150,152,checkoutservice,checkout,64,2,2,2,0
2,frontcart,150,152,currencyservice,server,61,2,2,2,0
2,frontcart,150,152,emailservice,email,63,2,2,2,0
2,frontcart,150,152,frontend,cartservice,68,2,2,2,0
2,frontcart,150,152,frontend,server,52,2,2,2,0
2,frontcart,150,152,paymentservice,payment,63,2,2,2,0
2,frontcart,150,152,productcatalogservice,server,50,2,2,2,0
2,frontcart,150,152,recommendationservice,server,51,2,2,2,0
2,frontcart,150,152,redis-cart,-,,1,1,1,0
2,frontcart,150,152,shippingservice,server,58,2,2,2,0
2,frontcart,150,168,adservice,server,17,6,2,2,0
2,frontcart,150,168,checkoutservice,checkout,58,2,2,2,0
2,frontcart,150,168,currencyservice,server,59,2,2,2,0
2,frontcart,150,168,emailservice,email,61,2,2,2,0
2,frontcart,150,168,frontend,cartservice,62,2,2,2,0
2,frontcart,150,168,frontend,server,51,2,2,2,0
2,frontcart,150,168,paymentservice,payment,64,2,2,2,0
2,frontcart,150,168,productcatalogservice,server,50,2,2,2,0
2,frontcart,150,168,recommendationservice,server,51,2,2,2,0
2,frontcart,150,168,redis-cart,-,,1,1,1,0
2,frontcart,150,168,shippingservice,server,58,2,2,2,0
2,frontcart,150,183,adservice,server,43,2,2,2,0
2,frontcart,150,183,checkoutservice,checkout,57,2,2,2,0
2,frontcart,150,183,currencyservice,server,61,2,2,2,0
2,frontcart,150,183,emailservice,email,60,2,2,2,0
2,frontcart,150,183,frontend,cartservice,62,2,2,2,0
2,frontcart,150,183,frontend,server,51,2,2,2,0
2,frontcart,150,183,paymentservice,payment,63,2,2,2,0
2,frontcart,150,183,productcatalogservice,server,49,2,2,2,0
2,frontcart,150,183,recommendationservice,server,51,2,2,2,0
2,frontcart,150,183,redis-cart,-,,1,1,1,0
2,frontcart,150,183,shippingservice,server,56,2,2,2,0
2,frontcart,150,198,adservice,server,45,2,2,2,0
2,frontcart,150,198,checkoutservice,checkout,54,2,2,2,0
2,frontcart,150,198,currencyservice,server,61,2,2,2,0
2,frontcart,150,198,emailservice,email,61,2,2,2,0
2,frontcart,150,198,frontend,cartservice,59,2,2,2,0
2,frontcart,150,198,frontend,server,56,2,2,2,0
2,frontcart,150,198,paymentservice,payment,59,2,2,2,0
2,frontcart,150,198,productcatalogservice,server,50,2,2,2,0
2,frontcart,150,198,recommendationservice,server,53,2,2,2,0
2,frontcart,150,198,redis-cart,-,,1,1,1,0
2,frontcart,150,198,shippingservice,server,56,2,2,2,0
2,frontcart,150,213,adservice,server,44,2,2,2,0
2,frontcart,150,213,checkoutservice,checkout,57,2,2,2,0
2,frontcart,150,213,currencyservice,server,64,2,2,2,0
2,frontcart,150,213,emailservice,email,62,2,2,2,0
2,frontcart,150,213,frontend,cartservice,57,2,2,2,0
2,frontcart,150,213,frontend,server,59,2,2,2,0
2,frontcart,150,213,paymentservice,payment,59,2,2,2,0
2,frontcart,150,213,productcatalogservice,server,54,2,2,2,0
2,frontcart,150,213,recommendationservice,server,56,2,2,2,0
2,frontcart,150,213,redis-cart,-,,1,1,1,0
2,frontcart,150,213,shippingservice,server,57,2,2,2,0
2,frontcart,150,229,adservice,server,47,2,2,2,0
2,frontcart,150,229,checkoutservice,checkout,61,2,2,2,0
2,frontcart,150,229,currencyservice,server,63,2,2,2,0
2,frontcart,150,229,emailservice,email,67,2,2,2,0
2,frontcart,150,229,frontend,cartservice,60,2,2,2,0
2,frontcart,150,229,frontend,server,60,2,2,2,0
2,frontcart,150,229,paymentservice,payment,63,2,2,2,0
2,frontcart,150,229,productcatalogservice,server,54,2,2,2,0
2,frontcart,150,229,recommendationservice,server,56,2,2,2,0
2,frontcart,150,229,redis-cart,-,,1,1,1,0
2,frontcart,150,229,shippingservice,server,63,2,2,2,0
2,frontcart,150,244,adservice,server,55,2,2,2,0
2,frontcart,150,244,checkoutservice,checkout,58,2,2,2,0
2,frontcart,150,244,currencyservice,server,65,2,2,2,0
2,frontcart,150,244,emailservice,email,65,2,2,2,0
2,frontcart,150,244,frontend,cartservice,59,2,2,2,0
2,frontcart,150,244,frontend,server,60,2,2,2,0
2,frontcart,150,244,paymentservice,payment,63,2,2,2,0
2,frontcart,150,244,productcatalogservice,server,52,2,2,2,0
2,frontcart,150,244,recommendationservice,server,56,2,2,2,0
2,frontcart,150,244,redis-cart,-,,1,1,1,0
2,frontcart,150,244,shippingservice,server,59,2,2,2,0
2,frontcart,150,259,adservice,server,45,2,2,2,0
2,frontcart,150,259,checkoutservice,checkout,58,2,2,2,0
2,frontcart,150,259,currencyservice,server,61,2,2,2,0
2,frontcart,150,259,emailservice,email,63,2,2,2,0
2,frontcart,150,259,frontend,cartservice,59,2,2,2,0
2,frontcart,150,259,frontend,server,54,2,2,2,0
2,frontcart,150,259,paymentservice,payment,64,2,2,2,0
2,frontcart,150,259,productcatalogservice,server,52,2,2,2,0
2,frontcart,150,259,recommendationservice,server,53,2,2,2,0
2,frontcart,150,259,redis-cart,-,,1,1,1,0
2,frontcart,150,259,shippingservice,server,57,2,2,2,0
2,frontcart,150,274,adservice,server,45,2,2,2,0
2,frontcart,150,274,checkoutservice,checkout,54,2,2,2,0
2,frontcart,150,274,currencyservice,server,62,2,2,2,0
2,frontcart,150,274,emailservice,email,63,2,2,2,0
2,frontcart,150,274,frontend,cartservice,58,2,2,2,0
2,frontcart,150,274,frontend,server,57,2,2,2,0
2,frontcart,150,274,paymentservice,payment,62,2,2,2,0
2,frontcart,150,274,productcatalogservice,server,53,2,2,2,0
2,frontcart,150,274,recommendationservice,server,54,2,2,2,0
2,frontcart,150,274,redis-cart,-,,1,1,1,0
2,frontcart,150,274,shippingservice,server,58,2,2,2,0
2,frontcart,150,289,adservice,server,49,2,2,2,0
2,frontcart,150,289,checkoutservice,checkout,54,2,2,2,0
2,frontcart,150,289,currencyservice,server,63,2,2,2,0
2,frontcart,150,289,emailservice,email,65,2,2,2,0
2,frontcart,150,289,frontend,cartservice,56,2,2,2,0
2,frontcart,150,289,frontend,server,62,2,2,2,0
2,frontcart,150,289,paymentservice,payment,61,2,2,2,0
2,frontcart,150,289,productcatalogservice,server,54,2,2,2,0
2,frontcart,150,289,recommendationservice,server,56,2,2,2,0
2,frontcart,150,289,redis-cart,-,,1,1,1,0
2,frontcart,150,289,shippingservice,server,58,2,2,2,0
2,frontcart,150,305,adservice,server,48,2,2,2,0
2,frontcart,150,305,checkoutservice,checkout,59,2,2,2,0
2,frontcart,150,305,currencyservice,server,60,2,2,2,0
2,frontcart,150,305,emailservice,email,61,2,2,2,0
2,frontcart,150,305,frontend,cartservice,60,2,2,2,0
2,frontcart,150,305,frontend,server,53,2,2,2,0
2,frontcart,150,305,paymentservice,payment,63,2,2,2,0
2,frontcart,150,305,productcatalogservice,server,50,2,2,2,0
2,frontcart,150,305,recommendationservice,server,52,2,2,2,0
2,frontcart,150,305,redis-cart,-,,1,1,1,0
2,frontcart,150,305,shippingservice,server,58,2,2,2,0
2,frontcart,150,320,adservice,server,45,2,2,2,0
2,frontcart,150,320,checkoutservice,checkout,58,2,2,2,0
2,frontcart,150,320,currencyservice,server,61,2,2,2,0
2,frontcart,150,320,emailservice,email,63,2,2,2,0
2,frontcart,150,320,frontend,cartservice,58,2,2,2,0
2,frontcart,150,320,frontend,server,60,2,2,2,0
2,frontcart,150,320,paymentservice,payment,58,2,2,2,0
2,frontcart,150,320,productcatalogservice,server,53,2,2,2,0
2,frontcart,150,320,recommendationservice,server,57,2,2,2,0
2,frontcart,150,320,redis-cart,-,,1,1,1,0
2,frontcart,150,320,shippingservice,server,59,2,2,2,0
2,frontcart,150,335,adservice,server,47,2,2,2,0
2,frontcart,150,335,checkoutservice,checkout,56,2,2,2,0
2,frontcart,150,335,currencyservice,server,63,2,2,2,0
2,frontcart,150,335,emailservice,email,64,2,2,2,0
2,frontcart,150,335,frontend,cartservice,64,2,2,2,0
2,frontcart,150,335,frontend,server,59,2,2,2,0
2,frontcart,150,335,paymentservice,payment,63,2,2,2,0
2,frontcart,150,335,productcatalogservice,server,54,2,2,2,0
2,frontcart,150,335,recommendationservice,server,53,2,2,2,0
2,frontcart,150,335,redis-cart,-,,1,1,1,0
2,frontcart,150,335,shippingservice,server,56,2,2,2,0
2,frontcart,150,350,adservice,server,47,2,2,2,0
2,frontcart,150,350,checkoutservice,checkout,18,2,2,2,0
2,frontcart,150,350,currencyservice,server,42,2,2,2,0
2,frontcart,150,350,emailservice,email,15,2,2,2,0
2,frontcart,150,350,frontend,cartservice,28,2,2,2,0
2,frontcart,150,350,frontend,server,35,2,2,2,0
2,frontcart,150,350,paymentservice,payment,3,2,2,2,0
2,frontcart,150,350,productcatalogservice,server,27,2,2,2,0
2,frontcart,150,350,recommendationservice,server,5,2,2,2,0
2,frontcart,150,350,redis-cart,-,,1,1,1,0
2,frontcart,150,350,shippingservice,server,42,2,2,2,0
2,frontcart,200,0,adservice,server,8,2,2,2,0
2,frontcart,200,0,checkoutservice,checkout,0,2,2,2,0
2,frontcart,200,0,currencyservice,server,1,2,2,2,0
2,frontcart,200,0,emailservice,email,16,2,2,2,0
2,frontcart,200,0,frontend,cartservice,18,2,2,2,0
2,frontcart,200,0,frontend,server,2,2,2,2,0
2,frontcart,200,0,paymentservice,payment,3,2,2,2,0
2,frontcart,200,0,productcatalogservice,server,0,2,2,2,0
2,frontcart,200,0,recommendationservice,server,5,2,2,2,0
2,frontcart,200,0,redis-cart,-,,1,1,1,0
2,frontcart,200,0,shippingservice,server,0,2,2,2,0
2,frontcart,200,15,adservice,server,9,2,2,2,0
2,frontcart,200,15,checkoutservice,checkout,12,2,2,2,0
2,frontcart,200,15,currencyservice,server,0,2,2,2,0
2,frontcart,200,15,emailservice,email,2,2,2,2,0
2,frontcart,200,15,frontend,cartservice,0,2,2,2,0
2,frontcart,200,15,frontend,server,11,2,2,2,0
2,frontcart,200,15,paymentservice,payment,10,2,2,2,0
2,frontcart,200,15,productcatalogservice,server,0,2,2,2,0
2,frontcart,200,15,recommendationservice,server,0,2,2,2,0
2,frontcart,200,15,redis-cart,-,,1,1,1,0
2,frontcart,200,15,shippingservice,server,1,2,2,2,0
2,frontcart,200,31,adservice,server,3,2,2,2,0
2,frontcart,200,31,checkoutservice,checkout,72,2,2,2,0
2,frontcart,200,31,currencyservice,server,73,2,2,2,0
2,frontcart,200,31,emailservice,email,37,2,2,2,0
2,frontcart,200,31,frontend,cartservice,60,2,2,2,0
2,frontcart,200,31,frontend,server,47,2,2,2,0
2,frontcart,200,31,paymentservice,payment,76,2,2,2,0
2,frontcart,200,31,productcatalogservice,server,35,2,1,1,0
2,frontcart,200,31,recommendationservice,server,25,2,1,1,0
2,frontcart,200,31,redis-cart,-,,1,1,1,0
2,frontcart,200,31,shippingservice,server,48,2,2,2,0
2,frontcart,200,46,adservice,server,31,2,1,1,0
2,frontcart,200,46,checkoutservice,checkout,78,2,2,2,0
2,frontcart,200,46,currencyservice,server,83,2,2,2,0
2,frontcart,200,46,emailservice,email,89,2,2,2,0
2,frontcart,200,46,frontend,cartservice,82,2,2,2,0
2,frontcart,200,46,frontend,server,84,2,2,2,0
2,frontcart,200,46,paymentservice,payment,73,2,2,2,0
2,frontcart,200,46,productcatalogservice,server,81,1,1,1,0
2,frontcart,200,46,recommendationservice,server,153,1,1,1,0
2,frontcart,200,46,redis-cart,-,,1,1,1,0
2,frontcart,200,46,shippingservice,server,77,2,2,2,0
2,frontcart,200,61,adservice,server,2,1,1,1,0
2,frontcart,200,61,checkoutservice,checkout,73,2,2,2,0
2,frontcart,200,61,currencyservice,server,85,2,3,3,0
2,frontcart,200,61,emailservice,email,89,2,3,3,0
2,frontcart,200,61,frontend,cartservice,81,2,3,2,0
2,frontcart,200,61,frontend,server,85,2,3,2,0
2,frontcart,200,61,paymentservice,payment,73,2,2,2,0
2,frontcart,200,61,productcatalogservice,server,146,1,2,2,0
2,frontcart,200,61,recommendationservice,server,155,1,3,3,0
2,frontcart,200,61,redis-cart,-,,1,1,1,0
2,frontcart,200,61,shippingservice,server,77,2,3,3,0
2,frontcart,200,76,adservice,server,247,1,1,1,0
2,frontcart,200,76,checkoutservice,checkout,73,2,2,2,0
2,frontcart,200,76,currencyservice,server,79,3,3,3,0
2,frontcart,200,76,emailservice,email,84,3,3,3,0
2,frontcart,200,76,frontend,cartservice,79,3,3,3,0
2,frontcart,200,76,frontend,server,76,3,3,3,0
2,frontcart,200,76,paymentservice,payment,81,2,2,2,0
2,frontcart,200,76,productcatalogservice,server,131,2,2,2,0
2,frontcart,200,76,recommendationservice,server,146,3,3,3,0
2,frontcart,200,76,redis-cart,-,,1,1,1,0
2,frontcart,200,76,shippingservice,server,76,3,3,3,0
2,frontcart,200,92,adservice,server,333,1,4,1,0
2,frontcart,200,92,checkoutservice,checkout,71,2,2,2,0
2,frontcart,200,92,currencyservice,server,55,3,3,3,0
2,frontcart,200,92,emailservice,email,83,3,3,3,0
2,frontcart,200,92,frontend,cartservice,86,3,3,3,0
2,frontcart,200,92,frontend,server,74,3,3,3,0
2,frontcart,200,92,paymentservice,payment,80,2,3,3,0
2,frontcart,200,92,productcatalogservice,server,136,2,2,2,0
2,frontcart,200,92,recommendationservice,server,46,3,3,3,0
2,frontcart,200,92,redis-cart,-,,1,1,1,0
2,frontcart,200,92,shippingservice,server,51,3,3,3,0
2,frontcart,200,107,adservice,server,181,4,4,1,0
2,frontcart,200,107,checkoutservice,checkout,73,2,2,2,0
2,frontcart,200,107,currencyservice,server,54,3,3,3,0
2,frontcart,200,107,emailservice,email,54,3,3,3,0
2,frontcart,200,107,frontend,cartservice,85,3,3,3,0
2,frontcart,200,107,frontend,server,76,3,3,3,0
2,frontcart,200,107,paymentservice,payment,85,3,3,3,0
2,frontcart,200,107,productcatalogservice,server,68,2,2,2,0
2,frontcart,200,107,recommendationservice,server,48,3,3,3,0
2,frontcart,200,107,redis-cart,-,,1,1,1,0
2,frontcart,200,107,shippingservice,server,50,3,3,3,0
2,frontcart,200,122,adservice,server,156,4,4,4,0
2,frontcart,200,122,checkoutservice,checkout,78,2,2,2,0
2,frontcart,200,122,currencyservice,server,54,3,3,3,0
2,frontcart,200,122,emailservice,email,58,3,3,3,0
2,frontcart,200,122,frontend,cartservice,87,3,3,3,0
2,frontcart,200,122,frontend,server,80,3,3,3,0
2,frontcart,200,122,paymentservice,payment,48,3,3,3,0
2,frontcart,200,122,productcatalogservice,server,68,2,2,2,0
2,frontcart,200,122,recommendationservice,server,50,3,3,3,0
2,frontcart,200,122,redis-cart,-,,1,1,1,0
2,frontcart,200,122,shippingservice,server,51,3,3,3,0
2,frontcart,200,137,adservice,server,144,4,4,4,0
2,frontcart,200,137,checkoutservice,checkout,81,2,3,3,0
2,frontcart,200,137,currencyservice,server,57,3,3,3,0
2,frontcart,200,137,emailservice,email,60,3,3,3,0
2,frontcart,200,137,frontend,cartservice,64,3,3,3,0
2,frontcart,200,137,frontend,server,50,3,3,3,0
2,frontcart,200,137,paymentservice,payment,59,3,3,3,0
2,frontcart,200,137,productcatalogservice,server,70,2,2,2,0
2,frontcart,200,137,recommendationservice,server,51,3,3,3,0
2,frontcart,200,137,redis-cart,-,,1,1,1,0
2,frontcart,200,137,shippingservice,server,54,3,3,3,0
2,frontcart,200,153,adservice,server,45,4,4,4,0
2,frontcart,200,153,checkoutservice,checkout,81,3,3,3,0
2,frontcart,200,153,currencyservice,server,57,3,3,3,0
2,frontcart,200,153,emailservice,email,57,3,3,3,0
2,frontcart,200,153,frontend,cartservice,61,3,3,3,0
2,frontcart,200,153,frontend,server,50,3,3,3,0
2,frontcart,200,153,paymentservice,payment,57,3,3,3,0
2,frontcart,200,153,productcatalogservice,server,68,2,2,2,0
2,frontcart,200,153,recommendationservice,server,48,3,3,3,0
2,frontcart,200,153,redis-cart,-,,1,1,1,0
2,frontcart,200,153,shippingservice,server,54,3,3,3,0
2,frontcart,200,168,adservice,server,34,4,4,4,0
2,frontcart,200,168,checkoutservice,checkout,50,3,3,3,0
2,frontcart,200,168,currencyservice,server,56,3,3,3,0
2,frontcart,200,168,emailservice,email,56,3,3,3,0
2,frontcart,200,168,frontend,cartservice,56,3,3,3,0
2,frontcart,200,168,frontend,server,51,3,3,3,0
2,frontcart,200,168,paymentservice,payment,58,3,3,3,0
2,frontcart,200,168,productcatalogservice,server,68,2,2,2,0
2,frontcart,200,168,recommendationservice,server,48,3,3,3,0
2,frontcart,200,168,redis-cart,-,,1,1,1,0
2,frontcart,200,168,shippingservice,server,54,3,3,3,0
2,frontcart,200,183,adservice,server,32,4,4,4,0
2,frontcart,200,183,checkoutservice,checkout,51,3,3,3,0
2,frontcart,200,183,currencyservice,server,55,3,3,3,0
2,frontcart,200,183,emailservice,email,57,3,3,3,0
2,frontcart,200,183,frontend,cartservice,62,3,3,3,0
2,frontcart,200,183,frontend,server,50,3,3,3,0
2,frontcart,200,183,paymentservice,payment,57,3,3,3,0
2,frontcart,200,183,productcatalogservice,server,68,2,2,2,0
2,frontcart,200,183,recommendationservice,server,46,3,3,3,0
2,frontcart,200,183,redis-cart,-,,1,1,1,0
2,frontcart,200,183,shippingservice,server,52,3,3,3,0
2,frontcart,200,199,adservice,server,42,4,3,3,0
2,frontcart,200,199,checkoutservice,checkout,51,3,3,3,0
2,frontcart,200,199,currencyservice,server,54,3,3,3,0
2,frontcart,200,199,emailservice,email,57,3,3,3,0
2,frontcart,200,199,frontend,cartservice,57,3,3,3,0
2,frontcart,200,199,frontend,server,49,3,3,3,0
2,frontcart,200,199,paymentservice,payment,57,3,3,3,0
2,frontcart,200,199,productcatalogservice,server,67,2,2,2,0
2,frontcart,200,199,recommendationservice,server,46,3,3,3,0
2,frontcart,200,199,redis-cart,-,,1,1,1,0
2,frontcart,200,199,shippingservice,server,53,3,3,3,0
2,frontcart,200,214,adservice,server,54,3,3,3,0
2,frontcart,200,214,checkoutservice,checkout,52,3,3,3,0
2,frontcart,200,214,currencyservice,server,55,3,3,3,0
2,frontcart,200,214,emailservice,email,57,3,3,3,0
2,frontcart,200,214,frontend,cartservice,57,3,3,3,0
2,frontcart,200,214,frontend,server,51,3,3,3,0
2,frontcart,200,214,paymentservice,payment,59,3,3,3,0
2,frontcart,200,214,productcatalogservice,server,69,2,2,2,0
2,frontcart,200,214,recommendationservice,server,47,3,3,3,0
2,frontcart,200,214,redis-cart,-,,1,1,1,0
2,frontcart,200,214,shippingservice,server,54,3,3,3,0
2,frontcart,200,229,adservice,server,43,3,3,3,0
2,frontcart,200,229,checkoutservice,checkout,52,3,3,3,0
2,frontcart,200,229,currencyservice,server,54,3,3,3,0
2,frontcart,200,229,emailservice,email,57,3,3,3,0
2,frontcart,200,229,frontend,cartservice,57,3,3,3,0
2,frontcart,200,229,frontend,server,48,3,3,3,0
2,frontcart,200,229,paymentservice,payment,56,3,3,3,0
2,frontcart,200,229,productcatalogservice,server,68,2,2,2,0
2,frontcart,200,229,recommendationservice,server,46,3,3,3,0
2,frontcart,200,229,redis-cart,-,,1,1,1,0
2,frontcart,200,229,shippingservice,server,51,3,3,3,0
2,frontcart,200,244,adservice,server,43,3,3,3,0
2,frontcart,200,244,checkoutservice,checkout,52,3,3,3,0
2,frontcart,200,244,currencyservice,server,54,3,3,3,0
2,frontcart,200,244,emailservice,email,56,3,3,3,0
2,frontcart,200,244,frontend,cartservice,54,3,3,3,0
2,frontcart,200,244,frontend,server,53,3,3,3,0
2,frontcart,200,244,paymentservice,payment,51,3,3,3,0
2,frontcart,200,244,productcatalogservice,server,68,2,2,2,0
2,frontcart,200,244,recommendationservice,server,49,3,3,3,0
2,frontcart,200,244,redis-cart,-,,1,1,1,0
2,frontcart,200,244,shippingservice,server,54,3,3,3,0
2,frontcart,200,260,adservice,server,43,3,2,2,0
2,frontcart,200,260,checkoutservice,checkout,50,3,3,3,0
2,frontcart,200,260,currencyservice,server,54,3,3,3,0
2,frontcart,200,260,emailservice,email,57,3,3,3,0
2,frontcart,200,260,frontend,cartservice,61,3,3,3,0
2,frontcart,200,260,frontend,server,55,3,3,3,0
2,frontcart,200,260,paymentservice,payment,55,3,3,3,0
2,frontcart,200,260,productcatalogservice,server,69,2,2,2,0
2,frontcart,200,260,recommendationservice,server,49,3,3,3,0
2,frontcart,200,260,redis-cart,-,,1,1,1,0
2,frontcart,200,260,shippingservice,server,52,3,3,3,0
2,frontcart,200,275,adservice,server,57,2,2,2,0
2,frontcart,200,275,checkoutservice,checkout,50,3,3,3,0
2,frontcart,200,275,currencyservice,server,54,3,3,3,0
2,frontcart,200,275,emailservice,email,56,3,3,3,0
2,frontcart,200,275,frontend,cartservice,54,3,3,3,0
2,frontcart,200,275,frontend,server,52,3,3,3,0
2,frontcart,200,275,paymentservice,payment,53,3,3,3,0
2,frontcart,200,275,productcatalogservice,server,65,2,2,2,0
2,frontcart,200,275,recommendationservice,server,46,3,3,3,0
2,frontcart,200,275,redis-cart,-,,1,1,1,0
2,frontcart,200,275,shippingservice,server,49,3,3,3,0
2,frontcart,200,290,adservice,server,64,2,2,2,0
2,frontcart,200,290,checkoutservice,checkout,50,3,3,3,0
2,frontcart,200,290,currencyservice,server,54,3,3,3,0
2,frontcart,200,290,emailservice,email,54,3,3,3,0
2,frontcart,200,290,frontend,cartservice,55,3,3,3,0
2,frontcart,200,290,frontend,server,55,3,3,3,0
2,frontcart,200,290,paymentservice,payment,59,3,3,3,0
2,frontcart,200,290,productcatalogservice,server,71,2,2,2,0
2,frontcart,200,290,recommendationservice,server,51,3,3,3,0
2,frontcart,200,290,redis-cart,-,,1,1,1,0
2,frontcart,200,290,shippingservice,server,54,3,3,3,0
2,frontcart,200,305,adservice,server,66,2,2,2,0
2,frontcart,200,305,checkoutservice,checkout,49,3,3,3,0
2,frontcart,200,305,currencyservice,server,57,3,3,3,0
2,frontcart,200,305,emailservice,email,56,3,3,3,0
2,frontcart,200,305,frontend,cartservice,62,3,3,3,0
2,frontcart,200,305,frontend,server,54,3,3,3,0
2,frontcart,200,305,paymentservice,payment,54,3,3,3,0
2,frontcart,200,305,productcatalogservice,server,68,2,2,2,0
2,frontcart,200,305,recommendationservice,server,46,3,3,3,0
2,frontcart,200,305,redis-cart,-,,1,1,1,0
2,frontcart,200,305,shippingservice,server,51,3,3,3,0
2,frontcart,200,321,adservice,server,68,2,2,2,0
2,frontcart,200,321,checkoutservice,checkout,52,3,3,3,0
2,frontcart,200,321,currencyservice,server,56,3,3,3,0
2,frontcart,200,321,emailservice,email,60,3,3,3,0
2,frontcart,200,321,frontend,cartservice,54,3,3,3,0
2,frontcart,200,321,frontend,server,57,3,3,3,0
2,frontcart,200,321,paymentservice,payment,53,3,3,3,0
2,frontcart,200,321,productcatalogservice,server,71,2,2,2,0
2,frontcart,200,321,recommendationservice,server,51,3,3,3,0
2,frontcart,200,321,redis-cart,-,,1,1,1,0
2,frontcart,200,321,shippingservice,server,55,3,3,3,0
2,frontcart,200,336,adservice,server,63,2,2,2,0
2,frontcart,200,336,checkoutservice,checkout,49,3,3,3,0
2,frontcart,200,336,currencyservice,server,53,3,3,3,0
2,frontcart,200,336,emailservice,email,52,3,3,3,0
2,frontcart,200,336,frontend,cartservice,59,3,3,3,0
2,frontcart,200,336,frontend,server,49,3,3,3,0
2,frontcart,200,336,paymentservice,payment,56,3,3,3,0
2,frontcart,200,336,productcatalogservice,server,66,2,2,2,0
2,frontcart,200,336,recommendationservice,server,52,3,3,3,0
2,frontcart,200,336,redis-cart,-,,1,1,1,0
2,frontcart,200,336,shippingservice,server,52,3,3,3,0
2,frontcart,200,351,adservice,server,21,2,2,2,0
2,frontcart,200,351,checkoutservice,checkout,2,3,3,3,0
2,frontcart,200,351,currencyservice,server,8,3,3,3,0
2,frontcart,200,351,emailservice,email,2,3,3,3,0
2,frontcart,200,351,frontend,cartservice,10,3,3,3,0
2,frontcart,200,351,frontend,server,33,3,3,3,0
2,frontcart,200,351,paymentservice,payment,6,3,3,3,0
2,frontcart,200,351,productcatalogservice,server,4,2,2,2,0
2,frontcart,200,351,recommendationservice,server,6,3,3,3,0
2,frontcart,200,351,redis-cart,-,,1,1,1,0
2,frontcart,200,351,shippingservice,server,52,3,3,3,0
2,frontcart,250,0,adservice,server,5,2,2,2,0
2,frontcart,250,0,checkoutservice,checkout,0,3,3,3,0
2,frontcart,250,0,currencyservice,server,0,3,3,3,0
2,frontcart,250,0,emailservice,email,2,3,3,3,0
2,frontcart,250,0,frontend,cartservice,0,3,3,3,0
2,frontcart,250,0,frontend,server,0,3,3,3,0
2,frontcart,250,0,paymentservice,payment,1,3,3,3,0
2,frontcart,250,0,productcatalogservice,server,4,2,2,2,0
2,frontcart,250,0,recommendationservice,server,0,3,3,3,0
2,frontcart,250,0,redis-cart,-,,1,1,1,0
2,frontcart,250,0,shippingservice,server,1,3,3,3,0
2,frontcart,250,15,adservice,server,3,2,2,2,0
2,frontcart,250,15,checkoutservice,checkout,23,3,3,3,0
2,frontcart,250,15,currencyservice,server,0,3,3,3,0
2,frontcart,250,15,emailservice,email,27,3,3,3,0
2,frontcart,250,15,frontend,cartservice,34,3,3,3,0
2,frontcart,250,15,frontend,server,7,3,3,3,0
2,frontcart,250,15,paymentservice,payment,11,3,3,3,0
2,frontcart,250,15,productcatalogservice,server,0,2,2,2,0
2,frontcart,250,15,recommendationservice,server,0,3,3,3,0
2,frontcart,250,15,redis-cart,-,,1,1,1,0
2,frontcart,250,15,shippingservice,server,1,3,3,3,0
2,frontcart,250,30,adservice,server,52,2,2,2,0
2,frontcart,250,30,checkoutservice,checkout,54,3,3,3,0
2,frontcart,250,30,currencyservice,server,48,3,3,3,0
2,frontcart,250,30,emailservice,email,61,3,3,3,0
2,frontcart,250,30,frontend,cartservice,77,3,3,3,0
2,frontcart,250,30,frontend,server,49,3,3,3,0
2,frontcart,250,30,paymentservice,payment,81,3,3,3,0
2,frontcart,250,30,productcatalogservice,server,59,2,2,2,0
2,frontcart,250,30,recommendationservice,server,53,3,3,2,0
2,frontcart,250,30,redis-cart,-,,1,1,1,0
2,frontcart,250,30,shippingservice,server,45,3,2,2,0
2,frontcart,250,46,adservice,server,68,2,2,2,0
2,frontcart,250,46,checkoutservice,checkout,54,3,3,3,0
2,frontcart,250,46,currencyservice,server,59,3,3,3,0
2,frontcart,250,46,emailservice,email,62,3,3,3,0
2,frontcart,250,46,frontend,cartservice,74,3,3,3,0
2,frontcart,250,46,frontend,server,60,3,3,3,0
2,frontcart,250,46,paymentservice,payment,63,3,3,3,0
2,frontcart,250,46,productcatalogservice,server,75,2,2,2,0
2,frontcart,250,46,recommendationservice,server,53,3,3,2,0
2,frontcart,250,46,redis-cart,-,,1,1,1,0
2,frontcart,250,46,shippingservice,server,83,2,2,2,0
2,frontcart,250,61,adservice,server,75,2,2,2,0
2,frontcart,250,61,checkoutservice,checkout,54,3,3,3,0
2,frontcart,250,61,currencyservice,server,61,3,3,3,0
2,frontcart,250,61,emailservice,email,62,3,3,3,0
2,frontcart,250,61,frontend,cartservice,74,3,3,3,0
2,frontcart,250,61,frontend,server,60,3,3,3,0
2,frontcart,250,61,paymentservice,payment,61,3,3,3,0
2,frontcart,250,61,productcatalogservice,server,75,2,2,2,0
2,frontcart,250,61,recommendationservice,server,53,3,3,2,0
2,frontcart,250,61,redis-cart,-,,1,1,1,0
2,frontcart,250,61,shippingservice,server,86,2,3,3,0
2,frontcart,250,76,adservice,server,68,2,2,2,0
2,frontcart,250,76,checkoutservice,checkout,50,3,3,3,0
2,frontcart,250,76,currencyservice,server,60,3,3,3,0
2,frontcart,250,76,emailservice,email,61,3,3,3,0
2,frontcart,250,76,frontend,cartservice,68,3,3,3,0
2,frontcart,250,76,frontend,server,60,3,3,3,0
2,frontcart,250,76,paymentservice,payment,58,3,3,3,0
2,frontcart,250,76,productcatalogservice,server,75,2,2,2,0
2,frontcart,250,76,recommendationservice,server,53,3,3,2,0
2,frontcart,250,76,redis-cart,-,,1,1,1,0
2,frontcart,250,76,shippingservice,server,51,3,3,3,0
2,frontcart,250,92,adservice,server,70,2,2,2,0
2,frontcart,250,92,checkoutservice,checkout,49,3,3,3,0
2,frontcart,250,92,currencyservice,server,58,3,3,3,0
2,frontcart,250,92,emailservice,email,55,3,3,3,0
2,frontcart,250,92,frontend,cartservice,53,3,3,3,0
2,frontcart,250,92,frontend,server,59,3,3,3,0
2,frontcart,250,92,paymentservice,payment,53,3,3,3,0
2,frontcart,250,92,productcatalogservice,server,74,2,2,2,0
2,frontcart,250,92,recommendationservice,server,53,3,3,3,0
2,frontcart,250,92,redis-cart,-,,1,1,1,0
2,frontcart,250,92,shippingservice,server,55,3,3,3,0
2,frontcart,250,107,adservice,server,71,2,2,2,0
2,frontcart,250,107,checkoutservice,checkout,56,3,3,3,0
2,frontcart,250,107,currencyservice,server,59,3,3,3,0
2,frontcart,250,107,emailservice,email,61,3,3,3,0
2,frontcart,250,107,frontend,cartservice,62,3,3,3,0
2,frontcart,250,107,frontend,server,60,3,3,3,0
2,frontcart,250,107,paymentservice,payment,60,3,3,3,0
2,frontcart,250,107,productcatalogservice,server,74,2,2,2,0
2,frontcart,250,107,recommendationservice,server,23,3,3,2,0
2,frontcart,250,107,redis-cart,-,,1,1,1,0
2,frontcart,250,107,shippingservice,server,54,3,3,3,0
2,frontcart,250,122,adservice,server,73,2,2,2,0
2,frontcart,250,122,checkoutservice,checkout,55,3,3,3,0
2,frontcart,250,122,currencyservice,server,65,3,3,3,0
2,frontcart,250,122,emailservice,email,69,3,3,3,0
2,frontcart,250,122,frontend,cartservice,59,3,3,3,0
2,frontcart,250,122,frontend,server,62,3,3,3,0
2,frontcart,250,122,paymentservice,payment,56,3,3,3,0
2,frontcart,250,122,productcatalogservice,server,82,2,2,2,0
2,frontcart,250,122,recommendationservice,server,59,3,3,2,0
2,frontcart,250,122,redis-cart,-,,1,1,1,0
2,frontcart,250,122,shippingservice,server,56,3,3,3,0
2,frontcart,250,137,adservice,server,73,2,2,2,0
2,frontcart,250,137,checkoutservice,checkout,59,3,3,3,0
2,frontcart,250,137,currencyservice,server,65,3,3,3,0
2,frontcart,250,137,emailservice,email,65,3,3,3,0
2,frontcart,250,137,frontend,cartservice,78,3,3,3,0
2,frontcart,250,137,frontend,server,63,3,3,3,0
2,frontcart,250,137,paymentservice,payment,67,3,3,3,0
2,frontcart,250,137,productcatalogservice,server,85,2,3,3,0
2,frontcart,250,137,recommendationservice,server,57,3,3,2,0
2,frontcart,250,137,redis-cart,-,,1,1,1,0
2,frontcart,250,137,shippingservice,server,61,3,3,3,0
2,frontcart,250,153,adservice,server,74,2,2,2,0
2,frontcart,250,153,checkoutservice,checkout,59,3,3,3,0
2,frontcart,250,153,currencyservice,server,64,3,3,3,0
2,frontcart,250,153,emailservice,email,67,3,3,3,0
2,frontcart,250,153,frontend,cartservice,75,3,3,3,0
2,frontcart,250,153,frontend,server,61,3,3,3,0
2,frontcart,250,153,paymentservice,payment,68,3,3,3,0
2,frontcart,250,153,productcatalogservice,server,84,3,3,3,0
2,frontcart,250,153,recommendationservice,server,57,3,3,2,0
2,frontcart,250,153,redis-cart,-,,1,1,1,0
2,frontcart,250,153,shippingservice,server,61,3,3,3,0
2,frontcart,250,168,adservice,server,69,2,2,2,0
2,frontcart,250,168,checkoutservice,checkout,59,3,3,3,0
2,frontcart,250,168,currencyservice,server,63,3,3,3,0
2,frontcart,250,168,emailservice,email,68,3,3,3,0
2,frontcart,250,168,frontend,cartservice,65,3,3,3,0
2,frontcart,250,168,frontend,server,63,3,3,3,0
2,frontcart,250,168,paymentservice,payment,62,3,3,3,0
2,frontcart,250,168,productcatalogservice,server,84,3,3,3,0
2,frontcart,250,168,recommendationservice,server,57,3,3,3,0
2,frontcart,250,168,redis-cart,-,,1,1,1,0
2,frontcart,250,168,shippingservice,server,59,3,3,3,0
2,frontcart,250,183,adservice,server,71,2,2,2,0
2,frontcart,250,183,checkoutservice,checkout,53,3,3,3,0
2,frontcart,250,183,currencyservice,server,62,3,3,3,0
2,frontcart,250,183,emailservice,email,63,3,3,3,0
2,frontcart,250,183,frontend,cartservice,65,3,3,3,0
2,frontcart,250,183,frontend,server,62,3,3,3,0
2,frontcart,250,183,paymentservice,payment,61,3,3,3,0
2,frontcart,250,183,productcatalogservice,server,56,3,3,3,0
2,frontcart,250,183,recommendationservice,server,35,3,3,2,0
2,frontcart,250,183,redis-cart,-,,1,1,1,0
2,frontcart,250,183,shippingservice,server,54,3,3,3,0
2,frontcart,250,199,adservice,server,83,2,2,2,0
2,frontcart,250,199,checkoutservice,checkout,58,3,3,3,0
2,frontcart,250,199,currencyservice,server,65,3,3,3,0
2,frontcart,250,199,emailservice,email,70,3,3,3,0
2,frontcart,250,199,frontend,cartservice,66,3,3,3,0
2,frontcart,250,199,frontend,server,68,3,3,3,0
2,frontcart,250,199,paymentservice,payment,66,3,3,3,0
2,frontcart,250,199,productcatalogservice,server,57,3,3,3,0
2,frontcart,250,199,recommendationservice,server,23,3,3,3,0
2,frontcart,250,199,redis-cart,-,,1,1,1,0
2,frontcart,250,199,shippingservice,server,60,3,3,3,0
2,frontcart,250,214,adservice,server,83,2,3,2,0
2,frontcart,250,214,checkoutservice,checkout,56,3,3,3,0
2,frontcart,250,214,currencyservice,server,64,3,3,3,0
2,frontcart,250,214,emailservice,email,77,3,3,3,0
2,frontcart,250,214,frontend,cartservice,68,3,3,3,0
2,frontcart,250,214,frontend,server,71,3,3,3,0
2,frontcart,250,214,paymentservice,payment,66,3,3,3,0
2,frontcart,250,214,productcatalogservice,server,54,3,3,3,0
2,frontcart,250,214,recommendationservice,server,74,3,3,3,0
2,frontcart,250,214,redis-cart,-,,1,1,1,0
2,frontcart,250,214,shippingservice,server,62,3,3,3,0
2,frontcart,250,229,adservice,server,82,3,3,2,0
2,frontcart,250,229,checkoutservice,checkout,57,3,3,3,0
2,frontcart,250,229,currencyservice,server,64,3,3,3,0
2,frontcart,250,229,emailservice,email,75,3,3,3,0
2,frontcart,250,229,frontend,cartservice,72,3,3,3,0
2,frontcart,250,229,frontend,server,65,3,3,3,0
2,frontcart,250,229,paymentservice,payment,66,3,3,3,0
2,frontcart,250,229,productcatalogservice,server,54,3,3,3,0
2,frontcart,250,229,recommendationservice,server,70,3,3,3,0
2,frontcart,250,229,redis-cart,-,,1,1,1,0
2,frontcart,250,229,shippingservice,server,62,3,3,3,0
2,frontcart,250,245,adservice,server,86,3,3,3,0
2,frontcart,250,245,checkoutservice,checkout,57,3,3,3,0
2,frontcart,250,245,currencyservice,server,63,3,3,3,0
2,frontcart,250,245,emailservice,email,66,3,3,3,0
2,frontcart,250,245,frontend,cartservice,65,3,3,3,0
2,frontcart,250,245,frontend,server,68,3,3,3,0
2,frontcart,250,245,paymentservice,payment,65,3,3,3,0
2,frontcart,250,245,productcatalogservice,server,53,3,3,3,0
2,frontcart,250,245,recommendationservice,server,71,3,3,3,0
2,frontcart,250,245,redis-cart,-,,1,1,1,0
2,frontcart,250,245,shippingservice,server,61,3,3,3,0
2,frontcart,250,260,adservice,server,80,3,3,3,0
2,frontcart,250,260,checkoutservice,checkout,54,3,3,3,0
2,frontcart,250,260,currencyservice,server,62,3,3,3,0
2,frontcart,250,260,emailservice,email,66,3,3,3,0
2,frontcart,250,260,frontend,cartservice,63,3,3,3,0
2,frontcart,250,260,frontend,server,62,3,3,3,0
2,frontcart,250,260,paymentservice,payment,63,3,3,3,0
2,frontcart,250,260,productcatalogservice,server,53,3,3,3,0
2,frontcart,250,260,recommendationservice,server,70,3,3,3,0
2,frontcart,250,260,redis-cart,-,,1,1,1,0
2,frontcart,250,260,shippingservice,server,58,3,3,3,0
2,frontcart,250,275,adservice,server,54,3,3,3,0
2,frontcart,250,275,checkoutservice,checkout,54,3,3,3,0
2,frontcart,250,275,currencyservice,server,61,3,3,3,0
2,frontcart,250,275,emailservice,email,62,3,3,3,0
2,frontcart,250,275,frontend,cartservice,58,3,3,3,0
2,frontcart,250,275,frontend,server,64,3,3,3,0
2,frontcart,250,275,paymentservice,payment,54,3,3,3,0
2,frontcart,250,275,productcatalogservice,server,53,3,3,3,0
2,frontcart,250,275,recommendationservice,server,66,3,3,3,0
2,frontcart,250,275,redis-cart,-,,1,1,1,0
2,frontcart,250,275,shippingservice,server,55,3,3,3,0
2,frontcart,250,290,adservice,server,54,3,3,3,0
2,frontcart,250,290,checkoutservice,checkout,47,3,3,3,0
2,frontcart,250,290,currencyservice,server,60,3,3,3,0
2,frontcart,250,290,emailservice,email,62,3,3,3,0
2,frontcart,250,290,frontend,cartservice,56,3,3,3,0
2,frontcart,250,290,frontend,server,65,3,3,3,0
2,frontcart,250,290,paymentservice,payment,53,3,3,3,0
2,frontcart,250,290,productcatalogservice,server,53,3,3,3,0
2,frontcart,250,290,recommendationservice,server,67,3,3,3,0
2,frontcart,250,290,redis-cart,-,,1,1,1,0
2,frontcart,250,290,shippingservice,server,55,3,3,3,0
2,frontcart,250,306,adservice,server,56,3,3,3,0
2,frontcart,250,306,checkoutservice,checkout,54,3,3,3,0
2,frontcart,250,306,currencyservice,server,61,3,3,3,0
2,frontcart,250,306,emailservice,email,66,3,3,3,0
2,frontcart,250,306,frontend,cartservice,65,3,3,3,0
2,frontcart,250,306,frontend,server,66,3,3,3,0
2,frontcart,250,306,paymentservice,payment,65,3,3,3,0
2,frontcart,250,306,productcatalogservice,server,54,3,3,3,0
2,frontcart,250,306,recommendationservice,server,70,3,3,3,0
2,frontcart,250,306,redis-cart,-,,1,1,1,0
2,frontcart,250,306,shippingservice,server,58,3,3,3,0
2,frontcart,250,321,adservice,server,57,3,3,3,0
2,frontcart,250,321,checkoutservice,checkout,53,3,3,3,0
2,frontcart,250,321,currencyservice,server,62,3,3,3,0
2,frontcart,250,321,emailservice,email,64,3,3,3,0
2,frontcart,250,321,frontend,cartservice,69,3,3,3,0
2,frontcart,250,321,frontend,server,67,3,3,3,0
2,frontcart,250,321,paymentservice,payment,59,3,3,3,0
2,frontcart,250,321,productcatalogservice,server,54,3,3,3,0
2,frontcart,250,321,recommendationservice,server,68,3,3,3,0
2,frontcart,250,321,redis-cart,-,,1,1,1,0
2,frontcart,250,321,shippingservice,server,61,3,3,3,0
2,frontcart,250,337,adservice,server,61,3,3,3,0
2,frontcart,250,337,checkoutservice,checkout,56,3,3,3,0
2,frontcart,250,337,currencyservice,server,64,3,3,3,0
2,frontcart,250,337,emailservice,email,71,3,3,3,0
2,frontcart,250,337,frontend,cartservice,72,3,3,3,0
2,frontcart,250,337,frontend,server,70,3,3,3,0
2,frontcart,250,337,paymentservice,payment,61,3,3,3,0
2,frontcart,250,337,productcatalogservice,server,54,3,3,3,0
2,frontcart,250,337,recommendationservice,server,70,3,3,3,0
2,frontcart,250,337,redis-cart,-,,1,1,1,0
2,frontcart,250,337,shippingservice,server,60,3,3,3,0
2,frontcart,250,352,adservice,server,60,3,3,3,0
2,frontcart,250,352,checkoutservice,checkout,43,3,3,3,0
2,frontcart,250,352,currencyservice,server,53,3,3,3,0
2,frontcart,250,352,emailservice,email,76,3,3,3,0
2,frontcart,250,352,frontend,cartservice,57,3,3,3,0
2,frontcart,250,352,frontend,server,63,3,3,3,0
2,frontcart,250,352,paymentservice,payment,66,3,3,3,0
2,frontcart,250,352,productcatalogservice,server,41,3,3,3,0
2,frontcart,250,352,recommendationservice,server,67,3,3,3,0
2,frontcart,250,352,redis-cart,-,,1,1,1,0
2,frontcart,250,352,shippingservice,server,36,3,3,3,0
2,frontcart,300,0,adservice,server,4,3,3,3,0
2,frontcart,300,0,checkoutservice,checkout,0,3,3,3,0
2,frontcart,300,0,currencyservice,server,0,3,3,3,0
2,frontcart,300,0,emailservice,email,2,3,3,3,0
2,frontcart,300,0,frontend,cartservice,0,3,3,3,0
2,frontcart,300,0,frontend,server,5,3,3,3,0
2,frontcart,300,0,paymentservice,payment,1,3,3,3,0
2,frontcart,300,0,productcatalogservice,server,0,3,3,3,0
2,frontcart,300,0,recommendationservice,server,0,3,3,3,0
2,frontcart,300,0,redis-cart,-,,1,1,1,0
2,frontcart,300,0,shippingservice,server,1,3,3,3,0
2,frontcart,300,15,adservice,server,7,3,3,3,0
2,frontcart,300,15,checkoutservice,checkout,28,3,2,2,0
2,frontcart,300,15,currencyservice,server,14,3,3,3,0
2,frontcart,300,15,emailservice,email,23,3,3,3,0
2,frontcart,300,15,frontend,cartservice,27,3,3,3,0
2,frontcart,300,15,frontend,server,27,3,3,3,0
2,frontcart,300,15,paymentservice,payment,63,3,3,3,0
2,frontcart,300,15,productcatalogservice,server,33,3,2,2,0
2,frontcart,300,15,recommendationservice,server,33,3,3,3,0
2,frontcart,300,15,redis-cart,-,,1,1,1,0
2,frontcart,300,15,shippingservice,server,23,3,2,2,0
2,frontcart,300,31,adservice,server,59,3,3,3,0
2,frontcart,300,31,checkoutservice,checkout,88,2,2,2,0
2,frontcart,300,31,currencyservice,server,68,3,3,3,0
2,frontcart,300,31,emailservice,email,79,3,3,3,0
2,frontcart,300,31,frontend,cartservice,63,3,3,3,0
2,frontcart,300,31,frontend,server,72,3,3,3,0
2,frontcart,300,31,paymentservice,payment,69,3,3,3,0
2,frontcart,300,31,productcatalogservice,server,80,2,2,2,0
2,frontcart,300,31,recommendationservice,server,81,3,3,3,0
2,frontcart,300,31,redis-cart,-,,1,1,1,0
2,frontcart,300,31,shippingservice,server,89,2,2,2,0
2,frontcart,300,46,adservice,server,62,3,3,3,0
2,frontcart,300,46,checkoutservice,checkout,87,2,3,3,0
2,frontcart,300,46,currencyservice,server,68,3,3,3,0
2,frontcart,300,46,emailservice,email,77,3,4,3,0
2,frontcart,300,46,frontend,cartservice,78,3,3,3,0
2,frontcart,300,46,frontend,server,73,3,3,3,0
2,frontcart,300,46,paymentservice,payment,68,3,3,3,0
2,frontcart,300,46,productcatalogservice,server,84,2,3,3,0
2,frontcart,300,46,recommendationservice,server,79,3,4,3,0
2,frontcart,300,46,redis-cart,-,,1,1,1,0
2,frontcart,300,46,shippingservice,server,101,2,3,3,0
2,frontcart,300,61,adservice,server,62,3,3,3,0
2,frontcart,300,61,checkoutservice,checkout,88,3,3,3,0
2,frontcart,300,61,currencyservice,server,68,3,3,3,0
2,frontcart,300,61,emailservice,email,75,4,4,4,0
2,frontcart,300,61,frontend,cartservice,81,3,4,3,1
2,frontcart,300,61,frontend,server,77,3,4,3,1
2,frontcart,300,61,paymentservice,payment,73,3,3,3,0
2,frontcart,300,61,productcatalogservice,server,57,3,3,3,0
2,frontcart,300,61,recommendationservice,server,83,4,4,4,0
2,frontcart,300,61,redis-cart,-,,1,1,1,0
2,frontcart,300,61,shippingservice,server,98,3,3,3,0
2,frontcart,300,77,adservice,server,65,3,3,3,0
2,frontcart,300,77,checkoutservice,checkout,62,3,3,3,0
2,frontcart,300,77,currencyservice,server,70,3,3,3,0
2,frontcart,300,77,emailservice,email,59,4,4,4,0
2,frontcart,300,77,frontend,cartservice,82,4,4,3,1
2,frontcart,300,77,frontend,server,73,4,4,3,1
2,frontcart,300,77,paymentservice,payment,77,3,3,3,0
2,frontcart,300,77,productcatalogservice,server,56,3,3,3,0
2,frontcart,300,77,recommendationservice,server,88,4,4,4,0
2,frontcart,300,77,redis-cart,-,,1,1,1,0
2,frontcart,300,77,shippingservice,server,66,3,3,3,0
2,frontcart,300,92,adservice,server,62,3,3,3,0
2,frontcart,300,92,checkoutservice,checkout,57,3,3,3,0
2,frontcart,300,92,currencyservice,server,69,3,3,3,0
2,frontcart,300,92,emailservice,email,55,4,4,4,0
2,frontcart,300,92,frontend,cartservice,76,4,4,3,1
2,frontcart,300,92,frontend,server,74,4,4,3,1
2,frontcart,300,92,paymentservice,payment,67,3,3,3,0
2,frontcart,300,92,productcatalogservice,server,56,3,3,3,0
2,frontcart,300,92,recommendationservice,server,60,4,4,4,0
2,frontcart,300,92,redis-cart,-,,1,1,1,0
2,frontcart,300,92,shippingservice,server,65,3,3,3,0
2,frontcart,300,107,adservice,server,63,3,3,3,0
2,frontcart,300,107,checkoutservice,checkout,55,3,3,3,0
2,frontcart,300,107,currencyservice,server,67,3,3,3,0
2,frontcart,300,107,emailservice,email,57,4,4,4,0
2,frontcart,300,107,frontend,cartservice,74,4,4,3,1
2,frontcart,300,107,frontend,server,74,4,4,3,1
2,frontcart,300,107,paymentservice,payment,66,3,3,3,0
2,frontcart,300,107,productcatalogservice,server,56,3,3,3,0
2,frontcart,300,107,recommendationservice,server,61,4,4,4,0
2,frontcart,300,107,redis-cart,-,,1,1,1,0
2,frontcart,300,107,shippingservice,server,63,3,3,3,0
2,frontcart,300,123,adservice,server,62,3,3,3,0
2,frontcart,300,123,checkoutservice,checkout,59,3,3,3,0
2,frontcart,300,123,currencyservice,server,66,3,3,3,0
2,frontcart,300,123,emailservice,email,55,4,4,4,0
2,frontcart,300,123,frontend,cartservice,70,4,4,3,1
2,frontcart,300,123,frontend,server,73,4,4,3,1
2,frontcart,300,123,paymentservice,payment,60,3,3,3,0
2,frontcart,300,123,productcatalogservice,server,55,3,3,3,0
2,frontcart,300,123,recommendationservice,server,60,4,4,4,0
2,frontcart,300,123,redis-cart,-,,1,1,1,0
2,frontcart,300,123,shippingservice,server,62,3,3,3,0
2,frontcart,300,138,adservice,server,62,3,3,3,0
2,frontcart,300,138,checkoutservice,checkout,56,3,3,3,0
2,frontcart,300,138,currencyservice,server,67,3,3,3,0
2,frontcart,300,138,emailservice,email,56,4,4,4,0
2,frontcart,300,138,frontend,cartservice,74,4,4,3,1
2,frontcart,300,138,frontend,server,73,4,4,3,1
2,frontcart,300,138,paymentservice,payment,69,3,3,3,0
2,frontcart,300,138,productcatalogservice,server,56,3,3,3,0
2,frontcart,300,138,recommendationservice,server,61,4,4,4,0
2,frontcart,300,138,redis-cart,-,,1,1,1,0
2,frontcart,300,138,shippingservice,server,63,3,3,3,0
2,frontcart,300,153,adservice,server,63,3,3,3,0
2,frontcart,300,153,checkoutservice,checkout,54,3,3,3,0
2,frontcart,300,153,currencyservice,server,65,3,3,3,0
2,frontcart,300,153,emailservice,email,63,4,4,4,0
2,frontcart,300,153,frontend,cartservice,68,4,4,3,1
2,frontcart,300,153,frontend,server,75,4,4,3,1
2,frontcart,300,153,paymentservice,payment,59,3,3,3,0
2,frontcart,300,153,productcatalogservice,server,56,3,3,3,0
2,frontcart,300,153,recommendationservice,server,61,4,4,4,0
2,frontcart,300,153,redis-cart,-,,1,1,1,0
2,frontcart,300,153,shippingservice,server,60,3,3,3,0
2,frontcart,300,169,adservice,server,61,3,3,3,0
2,frontcart,300,169,checkoutservice,checkout,57,3,3,3,0
2,frontcart,300,169,currencyservice,server,68,3,3,3,0
2,frontcart,300,169,emailservice,email,63,4,4,4,0
2,frontcart,300,169,frontend,cartservice,75,4,4,3,1
2,frontcart,300,169,frontend,server,73,4,4,3,1
2,frontcart,300,169,paymentservice,payment,67,3,3,3,0
2,frontcart,300,169,productcatalogservice,server,55,3,3,3,0
2,frontcart,300,169,recommendationservice,server,61,4,4,4,0
2,frontcart,300,169,redis-cart,-,,1,1,1,0
2,frontcart,300,169,shippingservice,server,62,3,3,3,0
2,frontcart,300,184,adservice,server,60,3,3,3,0
2,frontcart,300,184,checkoutservice,checkout,56,3,3,3,0
2,frontcart,300,184,currencyservice,server,65,3,3,3,0
2,frontcart,300,184,emailservice,email,55,4,4,4,0
2,frontcart,300,184,frontend,cartservice,71,4,4,3,1
2,frontcart,300,184,frontend,server,72,4,4,3,1
2,frontcart,300,184,paymentservice,payment,60,3,3,3,0
2,frontcart,300,184,productcatalogservice,server,56,3,3,3,0
2,frontcart,300,184,recommendationservice,server,59,4,4,4,0
2,frontcart,300,184,redis-cart,-,,1,1,1,0
2,frontcart,300,184,shippingservice,server,62,3,3,3,0
2,frontcart,300,199,adservice,server,60,3,3,3,0
2,frontcart,300,199,checkoutservice,checkout,54,3,3,3,0
2,frontcart,300,199,currencyservice,server,64,3,3,3,0
2,frontcart,300,199,emailservice,email,51,4,4,4,0
2,frontcart,300,199,frontend,cartservice,66,4,4,3,1
2,frontcart,300,199,frontend,server,72,4,4,3,1
2,frontcart,300,199,paymentservice,payment,61,3,3,3,0
2,frontcart,300,199,productcatalogservice,server,56,3,3,3,0
2,frontcart,300,199,recommendationservice,server,59,4,4,4,0
2,frontcart,300,199,redis-cart,-,,1,1,1,0
2,frontcart,300,199,shippingservice,server,62,3,3,3,0
2,frontcart,300,215,adservice,server,61,3,3,3,0
2,frontcart,300,215,checkoutservice,checkout,55,3,3,3,0
2,frontcart,300,215,currencyservice,server,67,3,3,3,0
2,frontcart,300,215,emailservice,email,54,4,4,4,0
2,frontcart,300,215,frontend,cartservice,73,4,4,3,1
2,frontcart,300,215,frontend,server,74,4,4,3,1
2,frontcart,300,215,paymentservice,payment,62,3,3,3,0
2,frontcart,300,215,productcatalogservice,server,56,3,3,3,0
2,frontcart,300,215,recommendationservice,server,63,4,4,4,0
2,frontcart,300,215,redis-cart,-,,1,1,1,0
2,frontcart,300,215,shippingservice,server,60,3,3,3,0
2,frontcart,300,230,adservice,server,63,3,3,3,0
2,frontcart,300,230,checkoutservice,checkout,58,3,3,3,0
2,frontcart,300,230,currencyservice,server,66,3,3,3,0
2,frontcart,300,230,emailservice,email,54,4,4,4,0
2,frontcart,300,230,frontend,cartservice,65,4,4,3,1
2,frontcart,300,230,frontend,server,73,4,4,3,1
2,frontcart,300,230,paymentservice,payment,66,3,3,3,0
2,frontcart,300,230,productcatalogservice,server,56,3,3,3,0
2,frontcart,300,230,recommendationservice,server,62,4,4,4,0
2,frontcart,300,230,redis-cart,-,,1,1,1,0
2,frontcart,300,230,shippingservice,server,63,3,3,3,0
2,frontcart,300,245,adservice,server,60,3,3,3,0
2,frontcart,300,245,checkoutservice,checkout,54,3,3,3,0
2,frontcart,300,245,currencyservice,server,64,3,3,3,0
2,frontcart,300,245,emailservice,email,52,4,4,4,0
2,frontcart,300,245,frontend,cartservice,70,4,4,3,1
2,frontcart,300,245,frontend,server,74,4,4,3,1
2,frontcart,300,245,paymentservice,payment,61,3,3,3,0
2,frontcart,300,245,productcatalogservice,server,55,3,3,3,0
2,frontcart,300,245,recommendationservice,server,61,4,4,4,0
2,frontcart,300,245,redis-cart,-,,1,1,1,0
2,frontcart,300,245,shippingservice,server,62,3,3,3,0
2,frontcart,300,261,adservice,server,59,3,3,3,0
2,frontcart,300,261,checkoutservice,checkout,57,3,3,3,0
2,frontcart,300,261,currencyservice,server,66,3,3,3,0
2,frontcart,300,261,emailservice,email,53,4,4,4,0
2,frontcart,300,261,frontend,cartservice,67,4,4,3,1
2,frontcart,300,261,frontend,server,71,4,4,3,1
2,frontcart,300,261,paymentservice,payment,72,3,3,3,0
2,frontcart,300,261,productcatalogservice,server,55,3,3,3,0
2,frontcart,300,261,recommendationservice,server,60,4,4,4,0
2,frontcart,300,261,redis-cart,-,,1,1,1,0
2,frontcart,300,261,shippingservice,server,62,3,3,3,0
2,frontcart,300,276,adservice,server,61,3,3,3,0
2,frontcart,300,276,checkoutservice,checkout,55,3,3,3,0
2,frontcart,300,276,currencyservice,server,63,3,3,3,0
2,frontcart,300,276,emailservice,email,53,4,4,4,0
2,frontcart,300,276,frontend,cartservice,65,4,4,3,1
2,frontcart,300,276,frontend,server,73,4,4,3,1
2,frontcart,300,276,paymentservice,payment,64,3,3,3,0
2,frontcart,300,276,productcatalogservice,server,56,3,3,3,0
2,frontcart,300,276,recommendationservice,server,60,4,4,4,0
2,frontcart,300,276,redis-cart,-,,1,1,1,0
2,frontcart,300,276,shippingservice,server,61,3,3,3,0
2,frontcart,300,292,adservice,server,60,3,3,3,0
2,frontcart,300,292,checkoutservice,checkout,54,3,3,3,0
2,frontcart,300,292,currencyservice,server,67,3,3,3,0
2,frontcart,300,292,emailservice,email,53,4,4,4,0
2,frontcart,300,292,frontend,cartservice,64,4,4,3,1
2,frontcart,300,292,frontend,server,76,4,4,3,1
2,frontcart,300,292,paymentservice,payment,59,3,3,3,0
2,frontcart,300,292,productcatalogservice,server,56,3,3,3,0
2,frontcart,300,292,recommendationservice,server,63,4,4,4,0
2,frontcart,300,292,redis-cart,-,,1,1,1,0
2,frontcart,300,292,shippingservice,server,59,3,3,3,0
2,frontcart,300,307,adservice,server,60,3,3,3,0
2,frontcart,300,307,checkoutservice,checkout,59,3,3,3,0
2,frontcart,300,307,currencyservice,server,68,3,3,3,0
2,frontcart,300,307,emailservice,email,53,4,4,4,0
2,frontcart,300,307,frontend,cartservice,66,4,4,3,1
2,frontcart,300,307,frontend,server,74,4,4,3,1
2,frontcart,300,307,paymentservice,payment,68,3,3,3,0
2,frontcart,300,307,productcatalogservice,server,56,3,3,3,0
2,frontcart,300,307,recommendationservice,server,63,4,4,4,0
2,frontcart,300,307,redis-cart,-,,1,1,1,0
2,frontcart,300,307,shippingservice,server,64,3,3,3,0
2,frontcart,300,322,adservice,server,63,3,3,3,0
2,frontcart,300,322,checkoutservice,checkout,52,3,3,3,0
2,frontcart,300,322,currencyservice,server,65,3,3,3,0
2,frontcart,300,322,emailservice,email,56,4,4,4,0
2,frontcart,300,322,frontend,cartservice,68,4,4,3,1
2,frontcart,300,322,frontend,server,74,4,4,3,1
2,frontcart,300,322,paymentservice,payment,55,3,3,3,0
2,frontcart,300,322,productcatalogservice,server,56,3,3,3,0
2,frontcart,300,322,recommendationservice,server,63,4,4,4,0
2,frontcart,300,322,redis-cart,-,,1,1,1,0
2,frontcart,300,322,shippingservice,server,61,3,3,3,0
2,frontcart,300,338,adservice,server,61,3,3,3,0
2,frontcart,300,338,checkoutservice,checkout,58,3,3,3,0
2,frontcart,300,338,currencyservice,server,67,3,3,3,0
2,frontcart,300,338,emailservice,email,55,4,4,4,0
2,frontcart,300,338,frontend,cartservice,59,4,4,3,1
2,frontcart,300,338,frontend,server,73,4,4,3,1
2,frontcart,300,338,paymentservice,payment,66,3,3,3,0
2,frontcart,300,338,productcatalogservice,server,56,3,3,3,0
2,frontcart,300,338,recommendationservice,server,62,4,4,4,0
2,frontcart,300,338,redis-cart,-,,1,1,1,0
2,frontcart,300,338,shippingservice,server,62,3,3,3,0
2,frontcart,300,353,adservice,server,33,3,3,3,0
2,frontcart,300,353,checkoutservice,checkout,23,3,3,3,0
2,frontcart,300,353,currencyservice,server,46,3,3,3,0
2,frontcart,300,353,emailservice,email,22,4,4,4,0
2,frontcart,300,353,frontend,cartservice,56,4,4,3,1
2,frontcart,300,353,frontend,server,54,4,4,3,1
2,frontcart,300,353,paymentservice,payment,42,3,3,3,0
2,frontcart,300,353,productcatalogservice,server,53,3,3,3,0
2,frontcart,300,353,recommendationservice,server,39,4,4,4,0
2,frontcart,300,353,redis-cart,-,,1,1,1,0
2,frontcart,300,353,shippingservice,server,52,3,3,3,0
