cycle,arm,target_rate,t_rel,deploy,container,hpa_util_pct,current_replicas,desired_replicas,ready_replicas,pending_pods
1,normal,200,0,adservice,-,,1,0,1,0
1,normal,200,0,cartservice,-,,1,0,1,0
1,normal,200,0,checkoutservice,checkout,0,1,1,1,0
1,normal,200,0,currencyservice,server,0,1,1,1,0
1,normal,200,0,emailservice,email,1,1,1,1,0
1,normal,200,0,frontend,-,,,0,1,0
1,normal,200,0,paymentservice,-,,,0,1,0
1,normal,200,0,productcatalogservice,-,,,0,1,0
1,normal,200,0,recommendationservice,-,,,0,1,0
1,normal,200,0,redis-cart,-,,1,1,1,0
1,normal,200,0,shippingservice,-,,,0,1,0
1,normal,200,15,adservice,-,,1,0,1,0
1,normal,200,15,cartservice,-,,1,0,1,0
1,normal,200,15,checkoutservice,checkout,0,1,1,1,0
1,normal,200,15,currencyservice,server,0,1,1,1,0
1,normal,200,15,emailservice,email,1,1,1,1,0
1,normal,200,15,frontend,server,0,1,1,1,0
1,normal,200,15,paymentservice,payment,3,1,1,1,0
1,normal,200,15,productcatalogservice,server,0,1,1,1,0
1,normal,200,15,recommendationservice,server,0,1,1,1,0
1,normal,200,15,redis-cart,-,,1,1,1,0
1,normal,200,15,shippingservice,server,0,1,1,1,0
1,normal,200,31,adservice,server,111,1,2,1,1
1,normal,200,31,cartservice,server,27,1,1,1,0
1,normal,200,31,checkoutservice,checkout,17,1,1,1,0
1,normal,200,31,currencyservice,server,39,1,1,1,0
1,normal,200,31,emailservice,email,91,1,2,1,1
1,normal,200,31,frontend,server,48,1,1,1,0
1,normal,200,31,paymentservice,payment,52,1,1,1,0
1,normal,200,31,productcatalogservice,server,0,1,1,1,0
1,normal,200,31,recommendationservice,server,0,1,1,1,0
1,normal,200,31,redis-cart,-,,1,1,1,0
1,normal,200,31,shippingservice,server,0,1,1,1,0
1,normal,200,46,adservice,server,134,2,2,1,0
1,normal,200,46,cartservice,server,103,1,2,1,0
1,normal,200,46,checkoutservice,checkout,54,1,1,1,0
1,normal,200,46,currencyservice,server,84,1,2,1,0
1,normal,200,46,emailservice,email,97,2,2,2,0
1,normal,200,46,frontend,server,148,1,3,1,2
1,normal,200,46,paymentservice,payment,67,1,1,1,0
1,normal,200,46,productcatalogservice,server,146,2,2,2,0
1,normal,200,46,recommendationservice,server,71,1,1,1,1
1,normal,200,46,redis-cart,-,,1,1,1,0
1,normal,200,46,shippingservice,server,22,1,1,1,0
1,normal,200,61,adservice,server,85,2,2,1,0
1,normal,200,61,cartservice,server,94,2,2,1,0
1,normal,200,61,checkoutservice,checkout,59,1,1,1,0
1,normal,200,61,currencyservice,server,78,2,2,2,0
1,normal,200,61,emailservice,email,97,2,2,2,0
1,normal,200,61,frontend,server,153,3,3,3,0
1,normal,200,61,paymentservice,payment,45,1,1,1,0
1,normal,200,61,productcatalogservice,server,144,2,2,2,0
1,normal,200,61,recommendationservice,server,89,2,2,2,0
1,normal,200,61,redis-cart,-,,1,1,1,0
1,normal,200,61,shippingservice,server,58,1,1,1,0
1,normal,200,76,adservice,server,50,2,2,2,0
1,normal,200,76,cartservice,server,68,2,2,2,0
1,normal,200,76,checkoutservice,checkout,46,1,1,1,0
1,normal,200,76,currencyservice,server,78,2,2,2,0
1,normal,200,76,emailservice,email,42,2,2,2,0
1,normal,200,76,frontend,server,148,3,3,3,0
1,normal,200,76,paymentservice,payment,43,1,1,1,0
1,normal,200,76,productcatalogservice,server,63,2,2,2,0
1,normal,200,76,recommendationservice,server,92,2,2,2,0
1,normal,200,76,redis-cart,-,,1,1,1,0
1,normal,200,76,shippingservice,server,47,1,1,1,0
1,normal,200,91,adservice,server,38,2,2,2,0
1,normal,200,91,cartservice,server,73,2,2,2,0
1,normal,200,91,checkoutservice,checkout,51,1,1,1,0
1,normal,200,91,currencyservice,server,37,2,2,2,0
1,normal,200,91,emailservice,email,41,2,2,2,0
1,normal,200,91,frontend,server,74,3,3,3,0
1,normal,200,91,paymentservice,payment,54,1,1,1,0
1,normal,200,91,productcatalogservice,server,69,2,2,2,0
1,normal,200,91,recommendationservice,server,44,2,2,2,0
1,normal,200,91,redis-cart,-,,1,1,1,0
1,normal,200,91,shippingservice,server,50,1,1,1,0
1,normal,200,107,adservice,server,31,2,2,2,0
1,normal,200,107,cartservice,server,59,2,2,2,0
1,normal,200,107,checkoutservice,checkout,48,1,1,1,0
1,normal,200,107,currencyservice,server,37,2,2,2,0
1,normal,200,107,emailservice,email,43,2,2,2,0
1,normal,200,107,frontend,server,49,3,3,3,0
1,normal,200,107,paymentservice,payment,32,1,1,1,0
1,normal,200,107,productcatalogservice,server,61,2,2,2,0
1,normal,200,107,recommendationservice,server,44,2,2,2,0
1,normal,200,107,redis-cart,-,,1,1,1,0
1,normal,200,107,shippingservice,server,46,1,1,1,0
1,normal,200,122,adservice,server,18,2,2,2,0
1,normal,200,122,cartservice,server,37,2,2,2,0
1,normal,200,122,checkoutservice,checkout,48,1,1,1,0
1,normal,200,122,currencyservice,server,32,2,2,2,0
1,normal,200,122,emailservice,email,42,2,2,2,0
1,normal,200,122,frontend,server,53,3,3,3,0
1,normal,200,122,paymentservice,payment,32,1,1,1,0
1,normal,200,122,productcatalogservice,server,66,2,2,2,0
1,normal,200,122,recommendationservice,server,46,2,2,2,0
1,normal,200,122,redis-cart,-,,1,1,1,0
1,normal,200,122,shippingservice,server,43,1,1,1,0
1,normal,200,137,adservice,server,16,2,2,2,0
1,normal,200,137,cartservice,server,39,2,2,2,0
1,normal,200,137,checkoutservice,checkout,48,1,1,1,0
1,normal,200,137,currencyservice,server,34,2,2,2,0
1,normal,200,137,emailservice,email,42,2,2,2,0
1,normal,200,137,frontend,server,53,3,3,3,0
1,normal,200,137,paymentservice,payment,35,1,1,1,0
1,normal,200,137,productcatalogservice,server,65,2,2,2,0
1,normal,200,137,recommendationservice,server,47,2,2,2,0
1,normal,200,137,redis-cart,-,,1,1,1,0
1,normal,200,137,shippingservice,server,45,1,1,1,0
1,normal,200,152,adservice,server,16,2,2,2,0
1,normal,200,152,cartservice,server,36,2,2,2,0
1,normal,200,152,checkoutservice,checkout,50,1,1,1,0
1,normal,200,152,currencyservice,server,33,2,2,2,0
1,normal,200,152,emailservice,email,41,2,2,2,0
1,normal,200,152,frontend,server,53,3,3,3,0
1,normal,200,152,paymentservice,payment,33,1,1,1,0
1,normal,200,152,productcatalogservice,server,67,2,2,2,0
1,normal,200,152,recommendationservice,server,47,2,2,2,0
1,normal,200,152,redis-cart,-,,1,1,1,0
1,normal,200,152,shippingservice,server,43,1,1,1,0
1,normal,200,167,adservice,server,15,2,2,2,0
1,normal,200,167,cartservice,server,25,2,2,2,0
1,normal,200,167,checkoutservice,checkout,39,1,1,1,0
1,normal,200,167,currencyservice,server,30,2,2,2,0
1,normal,200,167,emailservice,email,29,2,2,2,0
1,normal,200,167,frontend,server,53,3,3,3,0
1,normal,200,167,paymentservice,payment,33,1,1,1,0
1,normal,200,167,productcatalogservice,server,56,2,2,2,0
1,normal,200,167,recommendationservice,server,44,2,2,2,0
1,normal,200,167,redis-cart,-,,1,1,1,0
1,normal,200,167,shippingservice,server,38,1,1,1,0
1,normal,200,183,adservice,server,14,2,2,2,0
1,normal,200,183,cartservice,server,29,2,2,2,0
1,normal,200,183,checkoutservice,checkout,44,1,1,1,0
1,normal,200,183,currencyservice,server,29,2,2,2,0
1,normal,200,183,emailservice,email,33,2,2,2,0
1,normal,200,183,frontend,server,50,3,3,3,0
1,normal,200,183,paymentservice,payment,25,1,1,1,0
1,normal,200,183,productcatalogservice,server,62,2,2,2,0
1,normal,200,183,recommendationservice,server,46,2,2,2,0
1,normal,200,183,redis-cart,-,,1,1,1,0
1,normal,200,183,shippingservice,server,38,1,1,1,0
1,normal,200,198,adservice,server,16,2,2,2,0
1,normal,200,198,cartservice,server,29,2,2,2,0
1,normal,200,198,checkoutservice,checkout,44,1,1,1,0
1,normal,200,198,currencyservice,server,29,2,2,2,0
1,normal,200,198,emailservice,email,37,2,2,2,0
1,normal,200,198,frontend,server,52,3,3,3,0
1,normal,200,198,paymentservice,payment,25,1,1,1,0
1,normal,200,198,productcatalogservice,server,62,2,2,2,0
1,normal,200,198,recommendationservice,server,46,2,2,2,0
1,normal,200,198,redis-cart,-,,1,1,1,0
1,normal,200,198,shippingservice,server,43,1,1,1,0
1,normal,200,213,adservice,server,16,2,2,2,0
1,normal,200,213,cartservice,server,33,2,2,2,0
1,normal,200,213,checkoutservice,checkout,48,1,1,1,0
1,normal,200,213,currencyservice,server,31,2,2,2,0
1,normal,200,213,emailservice,email,35,2,2,2,0
1,normal,200,213,frontend,server,53,3,3,3,0
1,normal,200,213,paymentservice,payment,29,1,1,1,0
1,normal,200,213,productcatalogservice,server,63,2,2,2,0
1,normal,200,213,recommendationservice,server,47,2,2,2,0
1,normal,200,213,redis-cart,-,,1,1,1,0
1,normal,200,213,shippingservice,server,41,1,1,1,0
1,normal,200,228,adservice,server,16,2,2,2,0
1,normal,200,228,cartservice,server,30,2,2,2,0
1,normal,200,228,checkoutservice,checkout,44,1,1,1,0
1,normal,200,228,currencyservice,server,31,2,2,2,0
1,normal,200,228,emailservice,email,36,2,2,2,0
1,normal,200,228,frontend,server,50,3,3,3,0
1,normal,200,228,paymentservice,payment,28,1,1,1,0
1,normal,200,228,productcatalogservice,server,63,2,2,2,0
1,normal,200,228,recommendationservice,server,47,2,2,2,0
1,normal,200,228,redis-cart,-,,1,1,1,0
1,normal,200,228,shippingservice,server,41,1,1,1,0
1,normal,200,243,adservice,server,16,2,2,2,0
1,normal,200,243,cartservice,server,29,2,2,2,0
1,normal,200,243,checkoutservice,checkout,44,1,1,1,0
1,normal,200,243,currencyservice,server,31,2,2,2,0
1,normal,200,243,emailservice,email,38,2,2,2,0
1,normal,200,243,frontend,server,51,3,3,3,0
1,normal,200,243,paymentservice,payment,29,1,1,1,0
1,normal,200,243,productcatalogservice,server,61,2,2,2,0
1,normal,200,243,recommendationservice,server,45,2,2,2,0
1,normal,200,243,redis-cart,-,,1,1,1,0
1,normal,200,243,shippingservice,server,39,1,1,1,0
1,normal,200,259,adservice,server,16,2,2,2,0
1,normal,200,259,cartservice,server,34,2,2,2,0
1,normal,200,259,checkoutservice,checkout,49,1,1,1,0
1,normal,200,259,currencyservice,server,31,2,2,2,0
1,normal,200,259,emailservice,email,41,2,2,2,0
1,normal,200,259,frontend,server,53,3,3,3,0
1,normal,200,259,paymentservice,payment,30,1,1,1,0
1,normal,200,259,productcatalogservice,server,63,2,2,2,0
1,normal,200,259,recommendationservice,server,45,2,2,2,0
1,normal,200,259,redis-cart,-,,1,1,1,0
1,normal,200,259,shippingservice,server,45,1,1,1,0
1,normal,200,274,adservice,server,16,2,2,2,0
1,normal,200,274,cartservice,server,36,2,2,2,0
1,normal,200,274,checkoutservice,checkout,47,1,1,1,0
1,normal,200,274,currencyservice,server,32,2,2,2,0
1,normal,200,274,emailservice,email,38,2,2,2,0
1,normal,200,274,frontend,server,52,3,3,3,0
1,normal,200,274,paymentservice,payment,28,1,1,1,0
1,normal,200,274,productcatalogservice,server,66,2,2,2,0
1,normal,200,274,recommendationservice,server,47,2,2,2,0
1,normal,200,274,redis-cart,-,,1,1,1,0
1,normal,200,274,shippingservice,server,42,1,1,1,0
1,normal,200,289,adservice,server,15,2,2,2,0
1,normal,200,289,cartservice,server,36,2,2,2,0
1,normal,200,289,checkoutservice,checkout,64,1,1,1,0
1,normal,200,289,currencyservice,server,45,2,2,2,0
1,normal,200,289,emailservice,email,38,2,2,2,0
1,normal,200,289,frontend,server,49,3,3,3,0
1,normal,200,289,paymentservice,payment,59,1,1,1,0
1,normal,200,289,productcatalogservice,server,69,2,2,2,0
1,normal,200,289,recommendationservice,server,46,2,2,2,0
1,normal,200,289,redis-cart,-,,1,1,1,0
1,normal,200,289,shippingservice,server,49,1,1,1,0
1,normal,200,304,adservice,server,15,2,2,2,0
1,normal,200,304,cartservice,server,43,2,2,2,0
1,normal,200,304,checkoutservice,checkout,45,1,1,1,0
1,normal,200,304,currencyservice,server,34,2,2,2,0
1,normal,200,304,emailservice,email,49,2,2,2,0
1,normal,200,304,frontend,server,51,3,3,3,0
1,normal,200,304,paymentservice,payment,38,1,1,1,0
1,normal,200,304,productcatalogservice,server,66,2,2,2,0
1,normal,200,304,recommendationservice,server,42,2,2,2,0
1,normal,200,304,redis-cart,-,,1,1,1,0
1,normal,200,304,shippingservice,server,55,1,1,1,0
1,normal,200,319,adservice,server,16,2,2,2,0
1,normal,200,319,cartservice,server,38,2,2,2,0
1,normal,200,319,checkoutservice,checkout,42,1,1,1,0
1,normal,200,319,currencyservice,server,30,2,2,2,0
1,normal,200,319,emailservice,email,38,2,2,2,0
1,normal,200,319,frontend,server,53,3,3,3,0
1,normal,200,319,paymentservice,payment,22,1,1,1,0
1,normal,200,319,productcatalogservice,server,63,2,2,2,0
1,normal,200,319,recommendationservice,server,46,2,2,2,0
1,normal,200,319,redis-cart,-,,1,1,1,0
1,normal,200,319,shippingservice,server,41,1,1,1,0
1,normal,200,335,adservice,server,16,2,2,2,0
1,normal,200,335,cartservice,server,31,2,2,2,0
1,normal,200,335,checkoutservice,checkout,42,1,1,1,0
1,normal,200,335,currencyservice,server,29,2,2,2,0
1,normal,200,335,emailservice,email,33,2,2,2,0
1,normal,200,335,frontend,server,52,3,3,3,0
1,normal,200,335,paymentservice,payment,26,1,1,1,0
1,normal,200,335,productcatalogservice,server,59,2,2,2,0
1,normal,200,335,recommendationservice,server,44,2,2,2,0
1,normal,200,335,redis-cart,-,,1,1,1,0
1,normal,200,335,shippingservice,server,41,1,1,1,0
1,normal,200,350,adservice,server,15,2,2,2,0
1,normal,200,350,cartservice,server,33,2,2,2,0
1,normal,200,350,checkoutservice,checkout,44,1,1,1,0
1,normal,200,350,currencyservice,server,30,2,2,2,0
1,normal,200,350,emailservice,email,40,2,2,2,0
1,normal,200,350,frontend,server,53,3,3,3,0
1,normal,200,350,paymentservice,payment,26,1,1,1,0
1,normal,200,350,productcatalogservice,server,61,2,2,2,0
1,normal,200,350,recommendationservice,server,47,2,2,2,0
1,normal,200,350,redis-cart,-,,1,1,1,0
1,normal,200,350,shippingservice,server,39,1,1,1,0
1,normal,200,365,adservice,server,16,2,1,1,0
1,normal,200,365,cartservice,server,33,2,2,2,0
1,normal,200,365,checkoutservice,checkout,45,1,1,1,0
1,normal,200,365,currencyservice,server,32,2,2,2,0
1,normal,200,365,emailservice,email,39,2,2,2,0
1,normal,200,365,frontend,server,53,3,3,3,0
1,normal,200,365,paymentservice,payment,29,1,1,1,0
1,normal,200,365,productcatalogservice,server,61,2,2,2,0
1,normal,200,365,recommendationservice,server,47,2,2,2,0
1,normal,200,365,redis-cart,-,,1,1,1,0
1,normal,200,365,shippingservice,server,39,1,1,1,0
1,normal,200,380,adservice,server,29,1,1,1,0
1,normal,200,380,cartservice,server,32,2,2,2,0
1,normal,200,380,checkoutservice,checkout,45,1,1,1,0
1,normal,200,380,currencyservice,server,31,2,2,2,0
1,normal,200,380,emailservice,email,39,2,2,2,0
1,normal,200,380,frontend,server,50,3,3,3,0
1,normal,200,380,paymentservice,payment,46,1,1,1,0
1,normal,200,380,productcatalogservice,server,62,2,2,2,0
1,normal,200,380,recommendationservice,server,45,2,2,2,0
1,normal,200,380,redis-cart,-,,1,1,1,0
1,normal,200,380,shippingservice,server,42,1,1,1,0
1,normal,200,395,adservice,server,29,1,1,1,0
1,normal,200,395,cartservice,server,27,2,2,2,0
1,normal,200,395,checkoutservice,checkout,45,1,1,1,0
1,normal,200,395,currencyservice,server,30,2,2,2,0
1,normal,200,395,emailservice,email,40,2,2,2,0
1,normal,200,395,frontend,server,50,3,3,3,0
1,normal,200,395,paymentservice,payment,42,1,1,1,0
1,normal,200,395,productcatalogservice,server,60,2,2,2,0
1,normal,200,395,recommendationservice,server,45,2,2,2,0
1,normal,200,395,redis-cart,-,,1,1,1,0
1,normal,200,395,shippingservice,server,40,1,1,1,0
1,normal,200,411,adservice,server,29,1,1,1,0
1,normal,200,411,cartservice,server,26,2,2,2,0
1,normal,200,411,checkoutservice,checkout,46,1,1,1,0
1,normal,200,411,currencyservice,server,30,2,2,2,0
1,normal,200,411,emailservice,email,43,2,2,2,0
1,normal,200,411,frontend,server,51,3,3,3,0
1,normal,200,411,paymentservice,payment,27,1,1,1,0
1,normal,200,411,productcatalogservice,server,59,2,2,2,0
1,normal,200,411,recommendationservice,server,44,2,2,2,0
1,normal,200,411,redis-cart,-,,1,1,1,0
1,normal,200,411,shippingservice,server,39,1,1,1,0
1,normal,200,426,adservice,server,30,1,1,1,0
1,normal,200,426,cartservice,server,31,2,2,2,0
1,normal,200,426,checkoutservice,checkout,46,1,1,1,0
1,normal,200,426,currencyservice,server,31,2,2,2,0
1,normal,200,426,emailservice,email,40,2,2,2,0
1,normal,200,426,frontend,server,53,3,3,3,0
1,normal,200,426,paymentservice,payment,27,1,1,1,0
1,normal,200,426,productcatalogservice,server,59,2,2,2,0
1,normal,200,426,recommendationservice,server,46,2,2,2,0
1,normal,200,426,redis-cart,-,,1,1,1,0
1,normal,200,426,shippingservice,server,39,1,1,1,0
1,normal,200,441,adservice,server,29,1,1,1,0
1,normal,200,441,cartservice,server,37,2,2,2,0
1,normal,200,441,checkoutservice,checkout,48,1,1,1,0
1,normal,200,441,currencyservice,server,32,2,2,2,0
1,normal,200,441,emailservice,email,40,2,2,2,0
1,normal,200,441,frontend,server,53,3,3,3,0
1,normal,200,441,paymentservice,payment,32,1,1,1,0
1,normal,200,441,productcatalogservice,server,61,2,2,2,0
1,normal,200,441,recommendationservice,server,47,2,2,2,0
1,normal,200,441,redis-cart,-,,1,1,1,0
1,normal,200,441,shippingservice,server,42,1,1,1,0
1,frontcatalog,200,0,adservice,-,,1,0,1,0
1,frontcatalog,200,0,cartservice,-,,1,0,1,0
1,frontcatalog,200,0,checkoutservice,checkout,0,1,1,1,0
1,frontcatalog,200,0,currencyservice,server,0,1,1,1,0
1,frontcatalog,200,0,emailservice,email,1,1,1,1,0
1,frontcatalog,200,0,frontend,-,,,0,1,0
1,frontcatalog,200,0,paymentservice,-,,,0,1,0
1,frontcatalog,200,0,recommendationservice,-,,,0,1,0
1,frontcatalog,200,0,redis-cart,-,,1,1,1,0
1,frontcatalog,200,0,shippingservice,-,,,0,1,0
1,frontcatalog,200,16,adservice,-,,1,0,1,0
1,frontcatalog,200,16,cartservice,server,1,1,1,1,0
1,frontcatalog,200,16,checkoutservice,checkout,0,1,1,1,0
1,frontcatalog,200,16,currencyservice,server,23,1,1,1,0
1,frontcatalog,200,16,emailservice,email,16,1,1,1,0
1,frontcatalog,200,16,frontend,productcatalog,0,1,1,1,0
1,frontcatalog,200,16,frontend,server,0,1,1,1,0
1,frontcatalog,200,16,paymentservice,payment,1,1,1,1,0
1,frontcatalog,200,16,recommendationservice,server,0,1,1,1,0
1,frontcatalog,200,16,redis-cart,-,,1,1,1,0
1,frontcatalog,200,16,shippingservice,server,0,1,1,1,0
1,frontcatalog,200,31,adservice,server,98,1,2,1,1
1,frontcatalog,200,31,cartservice,server,77,1,2,1,1
1,frontcatalog,200,31,checkoutservice,checkout,29,1,1,1,0
1,frontcatalog,200,31,currencyservice,server,76,1,1,1,0
1,frontcatalog,200,31,emailservice,email,16,1,1,1,0
1,frontcatalog,200,31,frontend,productcatalog,64,1,2,1,1
1,frontcatalog,200,31,frontend,server,105,1,2,1,1
1,frontcatalog,200,31,paymentservice,payment,13,1,1,1,0
1,frontcatalog,200,31,recommendationservice,server,25,1,1,1,0
1,frontcatalog,200,31,redis-cart,-,,1,1,1,0
1,frontcatalog,200,31,shippingservice,server,0,1,1,1,0
1,frontcatalog,200,46,adservice,server,108,2,2,1,0
1,frontcatalog,200,46,cartservice,server,88,2,2,1,0
1,frontcatalog,200,46,checkoutservice,checkout,61,1,1,1,0
1,frontcatalog,200,46,currencyservice,server,92,1,2,1,1
1,frontcatalog,200,46,emailservice,email,92,1,2,1,1
1,frontcatalog,200,46,frontend,productcatalog,131,2,2,2,0
1,frontcatalog,200,46,frontend,server,150,2,2,2,0
1,frontcatalog,200,46,paymentservice,payment,69,1,1,1,0
1,frontcatalog,200,46,recommendationservice,server,87,1,2,2,0
1,frontcatalog,200,46,redis-cart,-,,1,1,1,0
1,frontcatalog,200,46,shippingservice,server,20,1,1,1,0
1,frontcatalog,200,61,adservice,server,76,2,2,1,0
1,frontcatalog,200,61,cartservice,server,69,2,2,2,0
1,frontcatalog,200,61,checkoutservice,checkout,48,1,1,1,0
1,frontcatalog,200,61,currencyservice,server,68,2,2,2,0
1,frontcatalog,200,61,emailservice,email,100,2,2,2,0
1,frontcatalog,200,61,frontend,productcatalog,131,2,2,2,0
1,frontcatalog,200,61,frontend,server,148,2,2,2,0
1,frontcatalog,200,61,paymentservice,payment,67,1,1,1,0
1,frontcatalog,200,61,recommendationservice,server,86,2,2,2,0
1,frontcatalog,200,61,redis-cart,-,,1,1,1,0
1,frontcatalog,200,61,shippingservice,server,52,1,1,1,0
1,frontcatalog,200,76,adservice,server,45,2,2,2,0
1,frontcatalog,200,76,cartservice,server,61,2,2,2,0
1,frontcatalog,200,76,checkoutservice,checkout,48,1,1,1,0
1,frontcatalog,200,76,currencyservice,server,60,2,2,2,0
1,frontcatalog,200,76,emailservice,email,63,2,2,2,0
1,frontcatalog,200,76,frontend,productcatalog,122,2,3,2,1
1,frontcatalog,200,76,frontend,server,159,2,3,2,1
1,frontcatalog,200,76,paymentservice,payment,25,1,1,1,0
1,frontcatalog,200,76,recommendationservice,server,45,2,2,2,0
1,frontcatalog,200,76,redis-cart,-,,1,1,1,0
1,frontcatalog,200,76,shippingservice,server,39,1,1,1,0
1,frontcatalog,200,92,adservice,server,43,2,2,2,0
1,frontcatalog,200,92,cartservice,server,30,2,2,2,0
1,frontcatalog,200,92,checkoutservice,checkout,46,1,1,1,0
1,frontcatalog,200,92,currencyservice,server,32,2,2,2,0
1,frontcatalog,200,92,emailservice,email,76,2,2,2,0
1,frontcatalog,200,92,frontend,productcatalog,62,3,3,3,0
1,frontcatalog,200,92,frontend,server,79,3,3,3,0
1,frontcatalog,200,92,paymentservice,payment,32,1,1,1,0
1,frontcatalog,200,92,recommendationservice,server,44,2,2,2,0
1,frontcatalog,200,92,redis-cart,-,,1,1,1,0
1,frontcatalog,200,92,shippingservice,server,40,1,1,1,0
1,frontcatalog,200,107,adservice,server,16,2,2,2,0
1,frontcatalog,200,107,cartservice,server,25,2,2,2,0
1,frontcatalog,200,107,checkoutservice,checkout,42,1,1,1,0
1,frontcatalog,200,107,currencyservice,server,28,2,2,2,0
1,frontcatalog,200,107,emailservice,email,31,2,2,2,0
1,frontcatalog,200,107,frontend,productcatalog,54,3,3,3,0
1,frontcatalog,200,107,frontend,server,79,3,3,3,0
1,frontcatalog,200,107,paymentservice,payment,22,1,1,1,0
1,frontcatalog,200,107,recommendationservice,server,44,2,2,2,0
1,frontcatalog,200,107,redis-cart,-,,1,1,1,0
1,frontcatalog,200,107,shippingservice,server,37,1,1,1,0
1,frontcatalog,200,122,adservice,server,18,2,2,2,0
1,frontcatalog,200,122,cartservice,server,40,2,2,2,0
1,frontcatalog,200,122,checkoutservice,checkout,48,1,1,1,0
1,frontcatalog,200,122,currencyservice,server,29,2,2,2,0
1,frontcatalog,200,122,emailservice,email,42,2,2,2,0
1,frontcatalog,200,122,frontend,productcatalog,44,3,3,3,0
1,frontcatalog,200,122,frontend,server,53,3,3,3,0
1,frontcatalog,200,122,paymentservice,payment,22,1,1,1,0
1,frontcatalog,200,122,recommendationservice,server,45,2,2,2,0
1,frontcatalog,200,122,redis-cart,-,,1,1,1,0
1,frontcatalog,200,122,shippingservice,server,48,1,1,1,0
1,frontcatalog,200,137,adservice,server,16,2,2,2,0
1,frontcatalog,200,137,cartservice,server,29,2,2,2,0
1,frontcatalog,200,137,checkoutservice,checkout,44,1,1,1,0
1,frontcatalog,200,137,currencyservice,server,37,2,2,2,0
1,frontcatalog,200,137,emailservice,email,35,2,2,2,0
1,frontcatalog,200,137,frontend,productcatalog,38,3,3,3,0
1,frontcatalog,200,137,frontend,server,49,3,3,3,0
1,frontcatalog,200,137,paymentservice,payment,46,1,1,1,0
1,frontcatalog,200,137,recommendationservice,server,43,2,2,2,0
1,frontcatalog,200,137,redis-cart,-,,1,1,1,0
1,frontcatalog,200,137,shippingservice,server,38,1,1,1,0
1,frontcatalog,200,152,adservice,server,18,2,2,2,0
1,frontcatalog,200,152,cartservice,server,22,2,2,2,0
1,frontcatalog,200,152,checkoutservice,checkout,41,1,1,1,0
1,frontcatalog,200,152,currencyservice,server,27,2,2,2,0
1,frontcatalog,200,152,emailservice,email,36,2,2,2,0
1,frontcatalog,200,152,frontend,productcatalog,38,3,3,3,0
1,frontcatalog,200,152,frontend,server,52,3,3,3,0
1,frontcatalog,200,152,paymentservice,payment,23,1,1,1,0
1,frontcatalog,200,152,recommendationservice,server,45,2,2,2,0
1,frontcatalog,200,152,redis-cart,-,,1,1,1,0
1,frontcatalog,200,152,shippingservice,server,39,1,1,1,0
1,frontcatalog,200,168,adservice,server,26,2,2,2,0
1,frontcatalog,200,168,cartservice,server,58,2,2,2,0
1,frontcatalog,200,168,checkoutservice,checkout,53,1,1,1,0
1,frontcatalog,200,168,currencyservice,server,37,2,2,2,0
1,frontcatalog,200,168,emailservice,email,46,2,2,2,0
1,frontcatalog,200,168,frontend,productcatalog,43,3,3,3,0
1,frontcatalog,200,168,frontend,server,53,3,3,3,0
1,frontcatalog,200,168,paymentservice,payment,46,1,1,1,0
1,frontcatalog,200,168,recommendationservice,server,45,2,2,2,0
1,frontcatalog,200,168,redis-cart,-,,1,1,1,0
1,frontcatalog,200,168,shippingservice,server,54,1,1,1,0
1,frontcatalog,200,183,adservice,server,20,2,2,2,0
1,frontcatalog,200,183,cartservice,server,52,2,2,2,0
1,frontcatalog,200,183,checkoutservice,checkout,53,1,1,1,0
1,frontcatalog,200,183,currencyservice,server,46,2,2,2,0
1,frontcatalog,200,183,emailservice,email,48,2,2,2,0
1,frontcatalog,200,183,frontend,productcatalog,46,3,3,3,0
1,frontcatalog,200,183,frontend,server,50,3,3,3,0
1,frontcatalog,200,183,paymentservice,payment,63,1,1,1,0
1,frontcatalog,200,183,recommendationservice,server,43,2,2,2,0
1,frontcatalog,200,183,redis-cart,-,,1,1,1,0
1,frontcatalog,200,183,shippingservice,server,58,1,1,1,0
1,frontcatalog,200,198,adservice,server,19,2,2,2,0
1,frontcatalog,200,198,cartservice,server,51,2,2,2,0
1,frontcatalog,200,198,checkoutservice,checkout,58,1,1,1,0
1,frontcatalog,200,198,currencyservice,server,46,2,2,2,0
1,frontcatalog,200,198,emailservice,email,50,2,2,2,0
1,frontcatalog,200,198,frontend,productcatalog,46,3,3,3,0
1,frontcatalog,200,198,frontend,server,49,3,3,3,0
1,frontcatalog,200,198,paymentservice,payment,68,1,1,1,0
1,frontcatalog,200,198,recommendationservice,server,43,2,2,2,0
1,frontcatalog,200,198,redis-cart,-,,1,1,1,0
1,frontcatalog,200,198,shippingservice,server,61,1,1,1,0
1,frontcatalog,200,213,adservice,server,22,2,2,2,0
1,frontcatalog,200,213,cartservice,server,44,2,2,2,0
1,frontcatalog,200,213,checkoutservice,checkout,58,1,1,1,0
1,frontcatalog,200,213,currencyservice,server,45,2,2,2,0
1,frontcatalog,200,213,emailservice,email,49,2,2,2,0
1,frontcatalog,200,213,frontend,productcatalog,45,3,3,3,0
1,frontcatalog,200,213,frontend,server,49,3,3,3,0
1,frontcatalog,200,213,paymentservice,payment,68,1,1,1,0
1,frontcatalog,200,213,recommendationservice,server,42,2,2,2,0
1,frontcatalog,200,213,redis-cart,-,,1,1,1,0
1,frontcatalog,200,213,shippingservice,server,58,1,1,1,0
1,frontcatalog,200,228,adservice,server,20,2,2,2,0
1,frontcatalog,200,228,cartservice,server,49,2,2,2,0
1,frontcatalog,200,228,checkoutservice,checkout,59,1,1,1,0
1,frontcatalog,200,228,currencyservice,server,47,2,2,2,0
1,frontcatalog,200,228,emailservice,email,50,2,2,2,0
1,frontcatalog,200,228,frontend,productcatalog,46,3,3,3,0
1,frontcatalog,200,228,frontend,server,49,3,3,3,0
1,frontcatalog,200,228,paymentservice,payment,69,1,1,1,0
1,frontcatalog,200,228,recommendationservice,server,43,2,2,2,0
1,frontcatalog,200,228,redis-cart,-,,1,1,1,0
1,frontcatalog,200,228,shippingservice,server,60,1,1,1,0
1,frontcatalog,200,244,adservice,server,20,2,2,2,0
1,frontcatalog,200,244,cartservice,server,50,2,2,2,0
1,frontcatalog,200,244,checkoutservice,checkout,58,1,1,1,0
1,frontcatalog,200,244,currencyservice,server,47,2,2,2,0
1,frontcatalog,200,244,emailservice,email,50,2,2,2,0
1,frontcatalog,200,244,frontend,productcatalog,47,3,3,3,0
1,frontcatalog,200,244,frontend,server,49,3,3,3,0
1,frontcatalog,200,244,paymentservice,payment,71,1,1,1,0
1,frontcatalog,200,244,recommendationservice,server,42,2,2,2,0
1,frontcatalog,200,244,redis-cart,-,,1,1,1,0
1,frontcatalog,200,244,shippingservice,server,62,1,1,1,0
1,frontcatalog,200,259,adservice,server,16,2,2,2,0
1,frontcatalog,200,259,cartservice,server,48,2,2,2,0
1,frontcatalog,200,259,checkoutservice,checkout,60,1,1,1,0
1,frontcatalog,200,259,currencyservice,server,46,2,2,2,0
1,frontcatalog,200,259,emailservice,email,51,2,2,2,0
1,frontcatalog,200,259,frontend,productcatalog,47,3,3,3,0
1,frontcatalog,200,259,frontend,server,49,3,3,3,0
1,frontcatalog,200,259,paymentservice,payment,67,1,1,1,0
1,frontcatalog,200,259,recommendationservice,server,44,2,2,2,0
1,frontcatalog,200,259,redis-cart,-,,1,1,1,0
1,frontcatalog,200,259,shippingservice,server,59,1,1,1,0
1,frontcatalog,200,274,adservice,server,21,2,2,2,0
1,frontcatalog,200,274,cartservice,server,44,2,2,2,0
1,frontcatalog,200,274,checkoutservice,checkout,58,1,1,1,0
1,frontcatalog,200,274,currencyservice,server,43,2,2,2,0
1,frontcatalog,200,274,emailservice,email,48,2,2,2,0
1,frontcatalog,200,274,frontend,productcatalog,46,3,3,3,0
1,frontcatalog,200,274,frontend,server,49,3,3,3,0
1,frontcatalog,200,274,paymentservice,payment,67,1,1,1,0
1,frontcatalog,200,274,recommendationservice,server,43,2,2,2,0
1,frontcatalog,200,274,redis-cart,-,,1,1,1,0
1,frontcatalog,200,274,shippingservice,server,57,1,1,1,0
1,frontcatalog,200,289,adservice,server,18,2,2,2,0
1,frontcatalog,200,289,cartservice,server,44,2,2,2,0
1,frontcatalog,200,289,checkoutservice,checkout,61,1,1,1,0
1,frontcatalog,200,289,currencyservice,server,47,2,2,2,0
1,frontcatalog,200,289,emailservice,email,49,2,2,2,0
1,frontcatalog,200,289,frontend,productcatalog,47,3,3,3,0
1,frontcatalog,200,289,frontend,server,49,3,3,3,0
1,frontcatalog,200,289,paymentservice,payment,64,1,1,1,0
1,frontcatalog,200,289,recommendationservice,server,44,2,2,2,0
1,frontcatalog,200,289,redis-cart,-,,1,1,1,0
1,frontcatalog,200,289,shippingservice,server,57,1,1,1,0
1,frontcatalog,200,304,adservice,server,16,2,2,2,0
1,frontcatalog,200,304,cartservice,server,48,2,2,2,0
1,frontcatalog,200,304,checkoutservice,checkout,60,1,1,1,0
1,frontcatalog,200,304,currencyservice,server,47,2,2,2,0
1,frontcatalog,200,304,emailservice,email,50,2,2,2,0
1,frontcatalog,200,304,frontend,productcatalog,45,3,3,3,0
1,frontcatalog,200,304,frontend,server,49,3,3,3,0
1,frontcatalog,200,304,paymentservice,payment,71,1,1,1,0
1,frontcatalog,200,304,recommendationservice,server,43,2,2,2,0
1,frontcatalog,200,304,redis-cart,-,,1,1,1,0
1,frontcatalog,200,304,shippingservice,server,62,1,1,1,0
1,frontcatalog,200,319,adservice,server,18,2,2,2,0
1,frontcatalog,200,319,cartservice,server,49,2,2,2,0
1,frontcatalog,200,319,checkoutservice,checkout,57,1,1,1,0
1,frontcatalog,200,319,currencyservice,server,46,2,2,2,0
1,frontcatalog,200,319,emailservice,email,50,2,2,2,0
1,frontcatalog,200,319,frontend,productcatalog,48,3,3,3,0
1,frontcatalog,200,319,frontend,server,49,3,3,3,0
1,frontcatalog,200,319,paymentservice,payment,69,1,1,1,0
1,frontcatalog,200,319,recommendationservice,server,43,2,2,2,0
1,frontcatalog,200,319,redis-cart,-,,1,1,1,0
1,frontcatalog,200,319,shippingservice,server,62,1,1,1,0
1,frontcatalog,200,335,adservice,server,15,2,2,2,0
1,frontcatalog,200,335,cartservice,server,47,2,2,2,0
1,frontcatalog,200,335,checkoutservice,checkout,60,1,1,1,0
1,frontcatalog,200,335,currencyservice,server,45,2,2,2,0
1,frontcatalog,200,335,emailservice,email,49,2,2,2,0
1,frontcatalog,200,335,frontend,productcatalog,45,3,3,3,0
1,frontcatalog,200,335,frontend,server,50,3,3,3,0
1,frontcatalog,200,335,paymentservice,payment,63,1,1,1,0
1,frontcatalog,200,335,recommendationservice,server,41,2,2,2,0
1,frontcatalog,200,335,redis-cart,-,,1,1,1,0
1,frontcatalog,200,335,shippingservice,server,60,1,1,1,0
1,frontcatalog,200,350,adservice,server,16,2,2,2,0
1,frontcatalog,200,350,cartservice,server,51,2,2,2,0
1,frontcatalog,200,350,checkoutservice,checkout,61,1,1,1,0
1,frontcatalog,200,350,currencyservice,server,46,2,2,2,0
1,frontcatalog,200,350,emailservice,email,50,2,2,2,0
1,frontcatalog,200,350,frontend,productcatalog,47,3,3,3,0
1,frontcatalog,200,350,frontend,server,50,3,3,3,0
1,frontcatalog,200,350,paymentservice,payment,69,1,1,1,0
1,frontcatalog,200,350,recommendationservice,server,45,2,2,2,0
1,frontcatalog,200,350,redis-cart,-,,1,1,1,0
1,frontcatalog,200,350,shippingservice,server,58,1,1,1,0
1,frontcatalog,200,365,adservice,server,15,2,1,1,0
1,frontcatalog,200,365,cartservice,server,47,2,2,2,0
1,frontcatalog,200,365,checkoutservice,checkout,58,1,1,1,0
1,frontcatalog,200,365,currencyservice,server,45,2,2,2,0
1,frontcatalog,200,365,emailservice,email,50,2,2,2,0
1,frontcatalog,200,365,frontend,productcatalog,47,3,3,3,0
1,frontcatalog,200,365,frontend,server,50,3,3,3,0
1,frontcatalog,200,365,paymentservice,payment,65,1,1,1,0
1,frontcatalog,200,365,recommendationservice,server,43,2,2,2,0
1,frontcatalog,200,365,redis-cart,-,,1,1,1,0
1,frontcatalog,200,365,shippingservice,server,62,1,1,1,0
1,frontcatalog,200,380,adservice,server,4,1,1,1,0
1,frontcatalog,200,380,cartservice,server,48,2,2,2,0
1,frontcatalog,200,380,checkoutservice,checkout,61,1,1,1,0
1,frontcatalog,200,380,currencyservice,server,46,2,2,2,0
1,frontcatalog,200,380,emailservice,email,49,2,2,2,0
1,frontcatalog,200,380,frontend,productcatalog,46,3,3,3,0
1,frontcatalog,200,380,frontend,server,49,3,3,3,0
1,frontcatalog,200,380,paymentservice,payment,67,1,1,1,0
1,frontcatalog,200,380,recommendationservice,server,43,2,2,2,0
1,frontcatalog,200,380,redis-cart,-,,1,1,1,0
1,frontcatalog,200,380,shippingservice,server,59,1,1,1,0
1,frontcatalog,200,395,adservice,server,97,1,2,1,0
1,frontcatalog,200,395,cartservice,server,46,2,2,2,0
1,frontcatalog,200,395,checkoutservice,checkout,58,1,1,1,0
1,frontcatalog,200,395,currencyservice,server,46,2,2,2,0
1,frontcatalog,200,395,emailservice,email,49,2,2,2,0
1,frontcatalog,200,395,frontend,productcatalog,46,3,3,3,0
1,frontcatalog,200,395,frontend,server,50,3,3,3,0
1,frontcatalog,200,395,paymentservice,payment,66,1,1,1,0
1,frontcatalog,200,395,recommendationservice,server,44,2,2,2,0
1,frontcatalog,200,395,redis-cart,-,,1,1,1,0
1,frontcatalog,200,395,shippingservice,server,60,1,1,1,0
1,frontcatalog,200,411,adservice,server,51,2,2,1,0
1,frontcatalog,200,411,cartservice,server,49,2,2,2,0
1,frontcatalog,200,411,checkoutservice,checkout,58,1,1,1,0
1,frontcatalog,200,411,currencyservice,server,45,2,2,2,0
1,frontcatalog,200,411,emailservice,email,47,2,2,2,0
1,frontcatalog,200,411,frontend,productcatalog,47,3,3,3,0
1,frontcatalog,200,411,frontend,server,50,3,3,3,0
1,frontcatalog,200,411,paymentservice,payment,64,1,1,1,0
1,frontcatalog,200,411,recommendationservice,server,41,2,2,2,0
1,frontcatalog,200,411,redis-cart,-,,1,1,1,0
1,frontcatalog,200,411,shippingservice,server,57,1,1,1,0
1,frontcatalog,200,426,adservice,server,51,2,2,2,0
1,frontcatalog,200,426,cartservice,server,49,2,2,2,0
1,frontcatalog,200,426,checkoutservice,checkout,57,1,1,1,0
1,frontcatalog,200,426,currencyservice,server,46,2,2,2,0
1,frontcatalog,200,426,emailservice,email,46,2,2,2,0
1,frontcatalog,200,426,frontend,productcatalog,46,3,3,3,0
1,frontcatalog,200,426,frontend,server,49,3,3,3,0
1,frontcatalog,200,426,paymentservice,payment,64,1,1,1,0
1,frontcatalog,200,426,recommendationservice,server,45,2,2,2,0
1,frontcatalog,200,426,redis-cart,-,,1,1,1,0
1,frontcatalog,200,426,shippingservice,server,63,1,1,1,0
1,frontcatalog,200,441,adservice,server,39,2,2,2,0
1,frontcatalog,200,441,cartservice,server,54,2,2,2,0
1,frontcatalog,200,441,checkoutservice,checkout,61,1,1,1,0
1,frontcatalog,200,441,currencyservice,server,46,2,2,2,0
1,frontcatalog,200,441,emailservice,email,39,2,2,2,0
1,frontcatalog,200,441,frontend,productcatalog,42,3,3,3,0
1,frontcatalog,200,441,frontend,server,49,3,3,3,0
1,frontcatalog,200,441,paymentservice,payment,71,1,1,1,0
1,frontcatalog,200,441,recommendationservice,server,42,2,2,2,0
1,frontcatalog,200,441,redis-cart,-,,1,1,1,0
1,frontcatalog,200,441,shippingservice,server,61,1,1,1,0
1,frontreco,200,1,adservice,-,,1,0,1,0
1,frontreco,200,1,cartservice,-,,1,0,1,0
1,frontreco,200,1,checkoutservice,checkout,0,1,1,1,0
1,frontreco,200,1,currencyservice,server,0,1,1,1,0
1,frontreco,200,1,emailservice,-,,,0,1,0
1,frontreco,200,1,frontend,-,,,0,1,0
1,frontreco,200,1,paymentservice,-,,,0,1,0
1,frontreco,200,1,productcatalogservice,-,,,0,1,0
1,frontreco,200,1,redis-cart,-,,1,1,1,0
1,frontreco,200,1,shippingservice,-,,,0,1,0
1,frontreco,200,16,adservice,-,,1,0,1,0
1,frontreco,200,16,cartservice,server,7,1,1,1,0
1,frontreco,200,16,checkoutservice,checkout,4,1,1,1,0
1,frontreco,200,16,currencyservice,server,0,1,1,1,0
1,frontreco,200,16,emailservice,email,40,1,1,1,0
1,frontreco,200,16,frontend,recommendation,0,1,1,1,0
1,frontreco,200,16,frontend,server,0,1,1,1,0
1,frontreco,200,16,paymentservice,payment,1,1,1,1,0
1,frontreco,200,16,productcatalogservice,server,0,1,1,1,0
1,frontreco,200,16,redis-cart,-,,1,1,1,0
1,frontreco,200,16,shippingservice,server,0,1,1,1,0
1,frontreco,200,31,adservice,server,143,1,3,1,1
1,frontreco,200,31,cartservice,server,99,1,2,1,1
1,frontreco,200,31,checkoutservice,checkout,45,1,1,1,0
1,frontreco,200,31,currencyservice,server,75,1,1,1,0
1,frontreco,200,31,emailservice,email,40,1,1,1,0
1,frontreco,200,31,frontend,recommendation,88,1,3,1,2
1,frontreco,200,31,frontend,server,155,1,3,1,2
1,frontreco,200,31,paymentservice,payment,1,1,1,1,0
1,frontreco,200,31,productcatalogservice,server,67,1,1,1,0
1,frontreco,200,31,redis-cart,-,,1,1,1,0
1,frontreco,200,31,shippingservice,server,0,1,1,1,0
1,frontreco,200,46,adservice,server,102,3,3,1,0
1,frontreco,200,46,cartservice,server,51,2,2,1,0
1,frontreco,200,46,checkoutservice,checkout,39,1,1,1,0
1,frontreco,200,46,currencyservice,server,65,1,1,1,0
1,frontreco,200,46,emailservice,email,68,1,1,1,0
1,frontreco,200,46,frontend,recommendation,87,3,3,3,0
1,frontreco,200,46,frontend,server,149,3,3,3,0
1,frontreco,200,46,paymentservice,payment,31,1,1,1,0
1,frontreco,200,46,productcatalogservice,server,67,1,1,1,0
1,frontreco,200,46,redis-cart,-,,1,1,1,0
1,frontreco,200,46,shippingservice,server,40,1,1,1,0
1,frontreco,200,61,adservice,server,102,3,3,1,0
1,frontreco,200,61,cartservice,server,72,2,2,2,0
1,frontreco,200,61,checkoutservice,checkout,47,1,1,1,0
1,frontreco,200,61,currencyservice,server,61,1,1,1,0
1,frontreco,200,61,emailservice,email,77,1,2,1,1
1,frontreco,200,61,frontend,recommendation,94,3,3,3,0
1,frontreco,200,61,frontend,server,156,3,3,3,0
1,frontreco,200,61,paymentservice,payment,40,1,1,1,0
1,frontreco,200,61,productcatalogservice,server,126,2,2,2,0
1,frontreco,200,61,redis-cart,-,,1,1,1,0
1,frontreco,200,61,shippingservice,server,38,1,1,1,0
1,frontreco,200,77,adservice,server,54,3,3,3,0
1,frontreco,200,77,cartservice,server,58,2,2,2,0
1,frontreco,200,77,checkoutservice,checkout,41,1,1,1,0
1,frontreco,200,77,currencyservice,server,59,1,1,1,0
1,frontreco,200,77,emailservice,email,60,2,2,2,0
1,frontreco,200,77,frontend,recommendation,44,3,3,3,0
1,frontreco,200,77,frontend,server,77,3,3,3,0
1,frontreco,200,77,paymentservice,payment,27,1,1,1,0
1,frontreco,200,77,productcatalogservice,server,61,2,2,2,0
1,frontreco,200,77,redis-cart,-,,1,1,1,0
1,frontreco,200,77,shippingservice,server,40,1,1,1,0
1,frontreco,200,92,adservice,server,13,3,3,3,0
1,frontreco,200,92,cartservice,server,32,2,2,2,0
1,frontreco,200,92,checkoutservice,checkout,42,1,1,1,0
1,frontreco,200,92,currencyservice,server,57,1,1,1,0
1,frontreco,200,92,emailservice,email,67,2,2,2,0
1,frontreco,200,92,frontend,recommendation,31,3,3,3,0
1,frontreco,200,92,frontend,server,52,3,3,3,0
1,frontreco,200,92,paymentservice,payment,28,1,1,1,0
1,frontreco,200,92,productcatalogservice,server,61,2,2,2,0
1,frontreco,200,92,redis-cart,-,,1,1,1,0
1,frontreco,200,92,shippingservice,server,40,1,1,1,0
1,frontreco,200,107,adservice,server,11,3,3,3,0
1,frontreco,200,107,cartservice,server,32,2,2,2,0
1,frontreco,200,107,checkoutservice,checkout,42,1,1,1,0
1,frontreco,200,107,currencyservice,server,56,1,1,1,0
1,frontreco,200,107,emailservice,email,31,2,2,2,0
1,frontreco,200,107,frontend,recommendation,30,3,3,3,0
1,frontreco,200,107,frontend,server,53,3,3,3,0
1,frontreco,200,107,paymentservice,payment,23,1,1,1,0
1,frontreco,200,107,productcatalogservice,server,59,2,2,2,0
1,frontreco,200,107,redis-cart,-,,1,1,1,0
1,frontreco,200,107,shippingservice,server,36,1,1,1,0
1,frontreco,200,122,adservice,server,11,3,3,3,0
1,frontreco,200,122,cartservice,server,33,2,2,2,0
1,frontreco,200,122,checkoutservice,checkout,41,1,1,1,0
1,frontreco,200,122,currencyservice,server,53,1,1,1,0
1,frontreco,200,122,emailservice,email,30,2,2,2,0
1,frontreco,200,122,frontend,recommendation,30,3,3,3,0
1,frontreco,200,122,frontend,server,53,3,3,3,0
1,frontreco,200,122,paymentservice,payment,21,1,1,1,0
1,frontreco,200,122,productcatalogservice,server,59,2,2,2,0
1,frontreco,200,122,redis-cart,-,,1,1,1,0
1,frontreco,200,122,shippingservice,server,35,1,1,1,0
1,frontreco,200,137,adservice,server,10,3,3,3,0
1,frontreco,200,137,cartservice,server,27,2,2,2,0
1,frontreco,200,137,checkoutservice,checkout,42,1,1,1,0
1,frontreco,200,137,currencyservice,server,53,1,1,1,0
1,frontreco,200,137,emailservice,email,30,2,2,2,0
1,frontreco,200,137,frontend,recommendation,30,3,3,3,0
1,frontreco,200,137,frontend,server,53,3,3,3,0
1,frontreco,200,137,paymentservice,payment,23,1,1,1,0
1,frontreco,200,137,productcatalogservice,server,58,2,2,2,0
1,frontreco,200,137,redis-cart,-,,1,1,1,0
1,frontreco,200,137,shippingservice,server,39,1,1,1,0
1,frontreco,200,153,adservice,server,9,3,3,3,0
1,frontreco,200,153,cartservice,server,26,2,2,2,0
1,frontreco,200,153,checkoutservice,checkout,41,1,1,1,0
1,frontreco,200,153,currencyservice,server,56,1,1,1,0
1,frontreco,200,153,emailservice,email,32,2,2,2,0
1,frontreco,200,153,frontend,recommendation,30,3,3,3,0
1,frontreco,200,153,frontend,server,53,3,3,3,0
1,frontreco,200,153,paymentservice,payment,23,1,1,1,0
1,frontreco,200,153,productcatalogservice,server,57,2,2,2,0
1,frontreco,200,153,redis-cart,-,,1,1,1,0
1,frontreco,200,153,shippingservice,server,35,1,1,1,0
1,frontreco,200,168,adservice,server,10,3,3,3,0
1,frontreco,200,168,cartservice,server,29,2,2,2,0
1,frontreco,200,168,checkoutservice,checkout,40,1,1,1,0
1,frontreco,200,168,currencyservice,server,56,1,1,1,0
1,frontreco,200,168,emailservice,email,30,2,2,2,0
1,frontreco,200,168,frontend,recommendation,29,3,3,3,0
1,frontreco,200,168,frontend,server,51,3,3,3,0
1,frontreco,200,168,paymentservice,payment,20,1,1,1,0
1,frontreco,200,168,productcatalogservice,server,57,2,2,2,0
1,frontreco,200,168,redis-cart,-,,1,1,1,0
1,frontreco,200,168,shippingservice,server,37,1,1,1,0
1,frontreco,200,183,adservice,server,10,3,3,3,0
1,frontreco,200,183,cartservice,server,24,2,2,2,0
1,frontreco,200,183,checkoutservice,checkout,40,1,1,1,0
1,frontreco,200,183,currencyservice,server,55,1,1,1,0
1,frontreco,200,183,emailservice,email,30,2,2,2,0
1,frontreco,200,183,frontend,recommendation,31,3,3,3,0
1,frontreco,200,183,frontend,server,52,3,3,3,0
1,frontreco,200,183,paymentservice,payment,20,1,1,1,0
1,frontreco,200,183,productcatalogservice,server,55,2,2,2,0
1,frontreco,200,183,redis-cart,-,,1,1,1,0
1,frontreco,200,183,shippingservice,server,36,1,1,1,0
1,frontreco,200,198,adservice,server,10,3,3,3,0
1,frontreco,200,198,cartservice,server,24,2,2,2,0
1,frontreco,200,198,checkoutservice,checkout,41,1,1,1,0
1,frontreco,200,198,currencyservice,server,53,1,1,1,0
1,frontreco,200,198,emailservice,email,31,2,2,2,0
1,frontreco,200,198,frontend,recommendation,30,3,3,3,0
1,frontreco,200,198,frontend,server,53,3,3,3,0
1,frontreco,200,198,paymentservice,payment,21,1,1,1,0
1,frontreco,200,198,productcatalogservice,server,55,2,2,2,0
1,frontreco,200,198,redis-cart,-,,1,1,1,0
1,frontreco,200,198,shippingservice,server,35,1,1,1,0
1,frontreco,200,213,adservice,server,10,3,3,3,0
1,frontreco,200,213,cartservice,server,25,2,2,2,0
1,frontreco,200,213,checkoutservice,checkout,42,1,1,1,0
1,frontreco,200,213,currencyservice,server,54,1,1,1,0
1,frontreco,200,213,emailservice,email,32,2,2,2,0
1,frontreco,200,213,frontend,recommendation,30,3,3,3,0
1,frontreco,200,213,frontend,server,52,3,3,3,0
1,frontreco,200,213,paymentservice,payment,20,1,1,1,0
1,frontreco,200,213,productcatalogservice,server,58,2,2,2,0
1,frontreco,200,213,redis-cart,-,,1,1,1,0
1,frontreco,200,213,shippingservice,server,37,1,1,1,0
1,frontreco,200,229,adservice,server,10,3,3,3,0
1,frontreco,200,229,cartservice,server,25,2,2,2,0
1,frontreco,200,229,checkoutservice,checkout,37,1,1,1,0
1,frontreco,200,229,currencyservice,server,57,1,1,1,0
1,frontreco,200,229,emailservice,email,29,2,2,2,0
1,frontreco,200,229,frontend,recommendation,29,3,3,3,0
1,frontreco,200,229,frontend,server,52,3,3,3,0
1,frontreco,200,229,paymentservice,payment,24,1,1,1,0
1,frontreco,200,229,productcatalogservice,server,59,2,2,2,0
1,frontreco,200,229,redis-cart,-,,1,1,1,0
1,frontreco,200,229,shippingservice,server,36,1,1,1,0
1,frontreco,200,244,adservice,server,10,3,3,3,0
1,frontreco,200,244,cartservice,server,28,2,2,2,0
1,frontreco,200,244,checkoutservice,checkout,43,1,1,1,0
1,frontreco,200,244,currencyservice,server,55,1,1,1,0
1,frontreco,200,244,emailservice,email,31,2,2,2,0
1,frontreco,200,244,frontend,recommendation,30,3,3,3,0
1,frontreco,200,244,frontend,server,52,3,3,3,0
1,frontreco,200,244,paymentservice,payment,20,1,1,1,0
1,frontreco,200,244,productcatalogservice,server,55,2,2,2,0
1,frontreco,200,244,redis-cart,-,,1,1,1,0
1,frontreco,200,244,shippingservice,server,37,1,1,1,0
1,frontreco,200,259,adservice,server,10,3,3,3,0
1,frontreco,200,259,cartservice,server,27,2,2,2,0
1,frontreco,200,259,checkoutservice,checkout,43,1,1,1,0
1,frontreco,200,259,currencyservice,server,53,1,1,1,0
1,frontreco,200,259,emailservice,email,30,2,2,2,0
1,frontreco,200,259,frontend,recommendation,30,3,3,3,0
1,frontreco,200,259,frontend,server,52,3,3,3,0
1,frontreco,200,259,paymentservice,payment,19,1,1,1,0
1,frontreco,200,259,productcatalogservice,server,55,2,2,2,0
1,frontreco,200,259,redis-cart,-,,1,1,1,0
1,frontreco,200,259,shippingservice,server,34,1,1,1,0
1,frontreco,200,274,adservice,server,10,3,3,3,0
1,frontreco,200,274,cartservice,server,26,2,2,2,0
1,frontreco,200,274,checkoutservice,checkout,39,1,1,1,0
1,frontreco,200,274,currencyservice,server,54,1,1,1,0
1,frontreco,200,274,emailservice,email,30,2,2,2,0
1,frontreco,200,274,frontend,recommendation,30,3,3,3,0
1,frontreco,200,274,frontend,server,53,3,3,3,0
1,frontreco,200,274,paymentservice,payment,22,1,1,1,0
1,frontreco,200,274,productcatalogservice,server,58,2,2,2,0
1,frontreco,200,274,redis-cart,-,,1,1,1,0
1,frontreco,200,274,shippingservice,server,37,1,1,1,0
1,frontreco,200,289,adservice,server,10,3,3,3,0
1,frontreco,200,289,cartservice,server,27,2,2,2,0
1,frontreco,200,289,checkoutservice,checkout,41,1,1,1,0
1,frontreco,200,289,currencyservice,server,56,1,1,1,0
1,frontreco,200,289,emailservice,email,32,2,2,2,0
1,frontreco,200,289,frontend,recommendation,30,3,3,3,0
1,frontreco,200,289,frontend,server,53,3,3,3,0
1,frontreco,200,289,paymentservice,payment,23,1,1,1,0
1,frontreco,200,289,productcatalogservice,server,58,2,2,2,0
1,frontreco,200,289,redis-cart,-,,1,1,1,0
1,frontreco,200,289,shippingservice,server,40,1,1,1,0
1,frontreco,200,305,adservice,server,10,3,3,3,0
1,frontreco,200,305,cartservice,server,31,2,2,2,0
1,frontreco,200,305,checkoutservice,checkout,44,1,1,1,0
1,frontreco,200,305,currencyservice,server,62,1,1,1,0
1,frontreco,200,305,emailservice,email,32,2,2,2,0
1,frontreco,200,305,frontend,recommendation,31,3,3,3,0
1,frontreco,200,305,frontend,server,51,3,3,3,0
1,frontreco,200,305,paymentservice,payment,39,1,1,1,0
1,frontreco,200,305,productcatalogservice,server,59,2,2,2,0
1,frontreco,200,305,redis-cart,-,,1,1,1,0
1,frontreco,200,305,shippingservice,server,40,1,1,1,0
1,frontreco,200,320,adservice,server,10,3,3,3,0
1,frontreco,200,320,cartservice,server,26,2,2,2,0
1,frontreco,200,320,checkoutservice,checkout,40,1,1,1,0
1,frontreco,200,320,currencyservice,server,62,1,1,1,0
1,frontreco,200,320,emailservice,email,35,2,2,2,0
1,frontreco,200,320,frontend,recommendation,29,3,3,3,0
1,frontreco,200,320,frontend,server,52,3,3,3,0
1,frontreco,200,320,paymentservice,payment,24,1,1,1,0
1,frontreco,200,320,productcatalogservice,server,62,2,2,2,0
1,frontreco,200,320,redis-cart,-,,1,1,1,0
1,frontreco,200,320,shippingservice,server,41,1,1,1,0
1,frontreco,200,335,adservice,server,10,3,3,3,0
1,frontreco,200,335,cartservice,server,27,2,2,2,0
1,frontreco,200,335,checkoutservice,checkout,40,1,1,1,0
1,frontreco,200,335,currencyservice,server,56,1,1,1,0
1,frontreco,200,335,emailservice,email,31,2,2,2,0
1,frontreco,200,335,frontend,recommendation,30,3,3,3,0
1,frontreco,200,335,frontend,server,52,3,3,3,0
1,frontreco,200,335,paymentservice,payment,25,1,1,1,0
1,frontreco,200,335,productcatalogservice,server,58,2,2,2,0
1,frontreco,200,335,redis-cart,-,,1,1,1,0
1,frontreco,200,335,shippingservice,server,38,1,1,1,0
1,frontreco,200,350,adservice,server,9,3,3,3,0
1,frontreco,200,350,cartservice,server,24,2,2,2,0
1,frontreco,200,350,checkoutservice,checkout,43,1,1,1,0
1,frontreco,200,350,currencyservice,server,57,1,1,1,0
1,frontreco,200,350,emailservice,email,30,2,2,2,0
1,frontreco,200,350,frontend,recommendation,29,3,3,3,0
1,frontreco,200,350,frontend,server,51,3,3,3,0
1,frontreco,200,350,paymentservice,payment,22,1,1,1,0
1,frontreco,200,350,productcatalogservice,server,57,2,2,2,0
1,frontreco,200,350,redis-cart,-,,1,1,1,0
1,frontreco,200,350,shippingservice,server,36,1,1,1,0
1,frontreco,200,365,adservice,server,9,3,1,1,0
1,frontreco,200,365,cartservice,server,37,2,2,2,0
1,frontreco,200,365,checkoutservice,checkout,41,1,1,1,0
1,frontreco,200,365,currencyservice,server,58,1,1,1,0
1,frontreco,200,365,emailservice,email,34,2,2,2,0
1,frontreco,200,365,frontend,recommendation,31,3,3,3,0
1,frontreco,200,365,frontend,server,52,3,3,3,0
1,frontreco,200,365,paymentservice,payment,28,1,1,1,0
1,frontreco,200,365,productcatalogservice,server,62,2,2,2,0
1,frontreco,200,365,redis-cart,-,,1,1,1,0
1,frontreco,200,365,shippingservice,server,40,1,1,1,0
1,frontreco,200,380,adservice,server,0,1,1,1,0
1,frontreco,200,380,cartservice,server,35,2,2,2,0
1,frontreco,200,380,checkoutservice,checkout,41,1,1,1,0
1,frontreco,200,380,currencyservice,server,59,1,1,1,0
1,frontreco,200,380,emailservice,email,35,2,2,2,0
1,frontreco,200,380,frontend,recommendation,31,3,3,3,0
1,frontreco,200,380,frontend,server,53,3,3,3,0
1,frontreco,200,380,paymentservice,payment,34,1,1,1,0
1,frontreco,200,380,productcatalogservice,server,66,2,2,2,0
1,frontreco,200,380,redis-cart,-,,1,1,1,0
1,frontreco,200,380,shippingservice,server,45,1,1,1,0
1,frontreco,200,396,adservice,server,131,1,2,1,0
1,frontreco,200,396,cartservice,server,39,2,2,2,0
1,frontreco,200,396,checkoutservice,checkout,49,1,1,1,0
1,frontreco,200,396,currencyservice,server,76,1,1,1,0
1,frontreco,200,396,emailservice,email,45,2,2,2,0
1,frontreco,200,396,frontend,recommendation,29,3,3,3,0
1,frontreco,200,396,frontend,server,52,3,3,3,0
1,frontreco,200,396,paymentservice,payment,57,1,1,1,0
1,frontreco,200,396,productcatalogservice,server,68,2,2,2,0
1,frontreco,200,396,redis-cart,-,,1,1,1,0
1,frontreco,200,396,shippingservice,server,48,1,1,1,0
1,frontreco,200,411,adservice,server,93,2,2,1,0
1,frontreco,200,411,cartservice,server,41,2,2,2,0
1,frontreco,200,411,checkoutservice,checkout,58,1,1,1,0
1,frontreco,200,411,currencyservice,server,88,1,2,2,0
1,frontreco,200,411,emailservice,email,48,2,2,2,0
1,frontreco,200,411,frontend,recommendation,28,3,3,3,0
1,frontreco,200,411,frontend,server,49,3,3,3,0
1,frontreco,200,411,paymentservice,payment,57,1,1,1,0
1,frontreco,200,411,productcatalogservice,server,71,2,2,2,0
1,frontreco,200,411,redis-cart,-,,1,1,1,0
1,frontreco,200,411,shippingservice,server,58,1,1,1,0
1,frontreco,200,426,adservice,server,48,2,2,2,0
1,frontreco,200,426,cartservice,server,39,2,2,2,0
1,frontreco,200,426,checkoutservice,checkout,50,1,1,1,0
1,frontreco,200,426,currencyservice,server,75,2,2,2,0
1,frontreco,200,426,emailservice,email,34,2,2,2,0
1,frontreco,200,426,frontend,recommendation,29,3,3,3,0
1,frontreco,200,426,frontend,server,49,3,3,3,0
1,frontreco,200,426,paymentservice,payment,67,1,1,1,0
1,frontreco,200,426,productcatalogservice,server,62,2,2,2,0
1,frontreco,200,426,redis-cart,-,,1,1,1,0
1,frontreco,200,426,shippingservice,server,38,1,1,1,0
1,frontreco,200,441,adservice,server,48,2,2,2,0
1,frontreco,200,441,cartservice,server,16,2,2,2,0
1,frontreco,200,441,checkoutservice,checkout,40,1,1,1,0
1,frontreco,200,441,currencyservice,server,44,2,2,2,0
1,frontreco,200,441,emailservice,email,19,2,2,2,0
1,frontreco,200,441,frontend,recommendation,29,3,3,3,0
1,frontreco,200,441,frontend,server,30,3,3,3,0
1,frontreco,200,441,paymentservice,payment,26,1,1,1,0
1,frontreco,200,441,productcatalogservice,server,48,2,2,2,0
1,frontreco,200,441,redis-cart,-,,1,1,1,0
1,frontreco,200,441,shippingservice,server,25,1,1,1,0
1,frontcart,200,0,adservice,-,,1,0,1,0
1,frontcart,200,0,checkoutservice,checkout,0,1,1,1,0
1,frontcart,200,0,currencyservice,server,0,1,1,1,0
1,frontcart,200,0,emailservice,email,1,1,1,1,0
1,frontcart,200,0,frontend,-,,1,0,1,0
1,frontcart,200,0,paymentservice,-,,,0,1,0
1,frontcart,200,0,productcatalogservice,-,,,0,1,0
1,frontcart,200,0,recommendationservice,-,,,0,1,0
1,frontcart,200,0,redis-cart,-,,1,1,1,0
1,frontcart,200,0,shippingservice,-,,,0,1,0
1,frontcart,200,15,adservice,server,38,1,1,1,0
1,frontcart,200,15,checkoutservice,checkout,0,1,1,1,0
1,frontcart,200,15,currencyservice,server,0,1,1,1,0
1,frontcart,200,15,emailservice,email,52,1,1,1,0
1,frontcart,200,15,frontend,cartservice,47,1,1,1,0
1,frontcart,200,15,frontend,server,3,1,1,1,0
1,frontcart,200,15,paymentservice,payment,2,1,1,1,0
1,frontcart,200,15,productcatalogservice,server,0,1,1,1,0
1,frontcart,200,15,recommendationservice,server,0,1,1,1,0
1,frontcart,200,15,redis-cart,-,,1,1,1,0
1,frontcart,200,15,shippingservice,server,0,1,1,1,0
1,frontcart,200,31,adservice,server,166,1,3,1,2
1,frontcart,200,31,checkoutservice,checkout,33,1,1,1,0
1,frontcart,200,31,currencyservice,server,73,1,1,1,0
1,frontcart,200,31,emailservice,email,70,1,1,1,0
1,frontcart,200,31,frontend,cartservice,96,1,3,1,2
1,frontcart,200,31,frontend,server,152,1,3,1,2
1,frontcart,200,31,paymentservice,payment,57,1,1,1,0
1,frontcart,200,31,productcatalogservice,server,51,1,1,1,0
1,frontcart,200,31,recommendationservice,server,70,1,1,1,0
1,frontcart,200,31,redis-cart,-,,1,1,1,0
1,frontcart,200,31,shippingservice,server,17,1,1,1,0
1,frontcart,200,46,adservice,server,132,3,3,1,0
1,frontcart,200,46,checkoutservice,checkout,40,1,1,1,0
1,frontcart,200,46,currencyservice,server,64,1,1,1,0
1,frontcart,200,46,emailservice,email,85,1,2,1,1
1,frontcart,200,46,frontend,cartservice,63,3,3,1,0
1,frontcart,200,46,frontend,server,156,3,3,1,0
1,frontcart,200,46,paymentservice,payment,23,1,1,1,0
1,frontcart,200,46,productcatalogservice,server,127,2,2,2,0
1,frontcart,200,46,recommendationservice,server,70,1,1,1,0
1,frontcart,200,46,redis-cart,-,,1,1,1,0
1,frontcart,200,46,shippingservice,server,38,1,1,1,0
1,frontcart,200,61,adservice,server,87,3,3,1,0
1,frontcart,200,61,checkoutservice,checkout,46,1,1,1,0
1,frontcart,200,61,currencyservice,server,64,1,1,1,0
1,frontcart,200,61,emailservice,email,72,2,2,2,0
1,frontcart,200,61,frontend,cartservice,64,3,3,3,0
1,frontcart,200,61,frontend,server,152,3,3,3,0
1,frontcart,200,61,paymentservice,payment,38,1,1,1,0
1,frontcart,200,61,productcatalogservice,server,61,2,2,2,0
1,frontcart,200,61,recommendationservice,server,92,2,2,2,0
1,frontcart,200,61,redis-cart,-,,1,1,1,0
1,frontcart,200,61,shippingservice,server,42,1,1,1,0
1,frontcart,200,76,adservice,server,47,3,3,3,0
1,frontcart,200,76,checkoutservice,checkout,44,1,1,1,0
1,frontcart,200,76,currencyservice,server,61,1,1,1,0
1,frontcart,200,76,emailservice,email,36,2,2,2,0
1,frontcart,200,76,frontend,cartservice,54,3,3,3,0
1,frontcart,200,76,frontend,server,152,3,3,3,0
1,frontcart,200,76,paymentservice,payment,27,1,1,1,0
1,frontcart,200,76,productcatalogservice,server,62,2,2,2,0
1,frontcart,200,76,recommendationservice,server,90,2,2,2,0
1,frontcart,200,76,redis-cart,-,,1,1,1,0
1,frontcart,200,76,shippingservice,server,39,1,1,1,0
1,frontcart,200,91,adservice,server,17,3,3,3,0
1,frontcart,200,91,checkoutservice,checkout,43,1,1,1,0
1,frontcart,200,91,currencyservice,server,61,1,1,1,0
1,frontcart,200,91,emailservice,email,34,2,2,2,0
1,frontcart,200,91,frontend,cartservice,18,3,3,3,0
1,frontcart,200,91,frontend,server,53,3,3,3,0
1,frontcart,200,91,paymentservice,payment,20,1,1,1,0
1,frontcart,200,91,productcatalogservice,server,57,2,2,2,0
1,frontcart,200,91,recommendationservice,server,44,2,2,2,0
1,frontcart,200,91,redis-cart,-,,1,1,1,0
1,frontcart,200,91,shippingservice,server,36,1,1,1,0
1,frontcart,200,107,adservice,server,14,3,3,3,0
1,frontcart,200,107,checkoutservice,checkout,42,1,1,1,0
1,frontcart,200,107,currencyservice,server,53,1,1,1,0
1,frontcart,200,107,emailservice,email,30,2,2,2,0
1,frontcart,200,107,frontend,cartservice,18,3,3,3,0
1,frontcart,200,107,frontend,server,53,3,3,3,0
1,frontcart,200,107,paymentservice,payment,22,1,1,1,0
1,frontcart,200,107,productcatalogservice,server,54,2,2,2,0
1,frontcart,200,107,recommendationservice,server,44,2,2,2,0
1,frontcart,200,107,redis-cart,-,,1,1,1,0
1,frontcart,200,107,shippingservice,server,36,1,1,1,0
1,frontcart,200,122,adservice,server,11,3,3,3,0
1,frontcart,200,122,checkoutservice,checkout,43,1,1,1,0
1,frontcart,200,122,currencyservice,server,54,1,1,1,0
1,frontcart,200,122,emailservice,email,31,2,2,2,0
1,frontcart,200,122,frontend,cartservice,19,3,3,3,0
1,frontcart,200,122,frontend,server,53,3,3,3,0
1,frontcart,200,122,paymentservice,payment,19,1,1,1,0
1,frontcart,200,122,productcatalogservice,server,56,2,2,2,0
1,frontcart,200,122,recommendationservice,server,45,2,2,2,0
1,frontcart,200,122,redis-cart,-,,1,1,1,0
1,frontcart,200,122,shippingservice,server,37,1,1,1,0
1,frontcart,200,137,adservice,server,11,3,3,3,0
1,frontcart,200,137,checkoutservice,checkout,51,1,1,1,0
1,frontcart,200,137,currencyservice,server,71,1,1,1,0
1,frontcart,200,137,emailservice,email,44,2,2,2,0
1,frontcart,200,137,frontend,cartservice,22,3,3,3,0
1,frontcart,200,137,frontend,server,52,3,3,3,0
1,frontcart,200,137,paymentservice,payment,38,1,1,1,0
1,frontcart,200,137,productcatalogservice,server,62,2,2,2,0
1,frontcart,200,137,recommendationservice,server,46,2,2,2,0
1,frontcart,200,137,redis-cart,-,,1,1,1,0
1,frontcart,200,137,shippingservice,server,42,1,1,1,0
1,frontcart,200,152,adservice,server,10,3,3,3,0
1,frontcart,200,152,checkoutservice,checkout,40,1,1,1,0
1,frontcart,200,152,currencyservice,server,70,1,1,1,0
1,frontcart,200,152,emailservice,email,35,2,2,2,0
1,frontcart,200,152,frontend,cartservice,27,3,3,3,0
1,frontcart,200,152,frontend,server,51,3,3,3,0
1,frontcart,200,152,paymentservice,payment,33,1,1,1,0
1,frontcart,200,152,productcatalogservice,server,62,2,2,2,0
1,frontcart,200,152,recommendationservice,server,44,2,2,2,0
1,frontcart,200,152,redis-cart,-,,1,1,1,0
1,frontcart,200,152,shippingservice,server,42,1,1,1,0
1,frontcart,200,167,adservice,server,10,3,3,3,0
1,frontcart,200,167,checkoutservice,checkout,41,1,1,1,0
1,frontcart,200,167,currencyservice,server,68,1,1,1,0
1,frontcart,200,167,emailservice,email,38,2,2,2,0
1,frontcart,200,167,frontend,cartservice,32,3,3,3,0
1,frontcart,200,167,frontend,server,51,3,3,3,0
1,frontcart,200,167,paymentservice,payment,39,1,1,1,0
1,frontcart,200,167,productcatalogservice,server,72,2,2,2,0
1,frontcart,200,167,recommendationservice,server,41,2,2,2,0
1,frontcart,200,167,redis-cart,-,,1,1,1,0
1,frontcart,200,167,shippingservice,server,50,1,1,1,0
1,frontcart,200,183,adservice,server,11,3,3,3,0
1,frontcart,200,183,checkoutservice,checkout,45,1,1,1,0
1,frontcart,200,183,currencyservice,server,67,1,1,1,0
1,frontcart,200,183,emailservice,email,36,2,2,2,0
1,frontcart,200,183,frontend,cartservice,19,3,3,3,0
1,frontcart,200,183,frontend,server,54,3,3,3,0
1,frontcart,200,183,paymentservice,payment,33,1,1,1,0
1,frontcart,200,183,productcatalogservice,server,63,2,2,2,0
1,frontcart,200,183,recommendationservice,server,47,2,2,2,0
1,frontcart,200,183,redis-cart,-,,1,1,1,0
1,frontcart,200,183,shippingservice,server,41,1,1,1,0
1,frontcart,200,198,adservice,server,11,3,3,3,0
1,frontcart,200,198,checkoutservice,checkout,47,1,1,1,0
1,frontcart,200,198,currencyservice,server,70,1,1,1,0
1,frontcart,200,198,emailservice,email,40,2,2,2,0
1,frontcart,200,198,frontend,cartservice,23,3,3,3,0
1,frontcart,200,198,frontend,server,54,3,3,3,0
1,frontcart,200,198,paymentservice,payment,36,1,1,1,0
1,frontcart,200,198,productcatalogservice,server,71,2,2,2,0
1,frontcart,200,198,recommendationservice,server,47,2,2,2,0
1,frontcart,200,198,redis-cart,-,,1,1,1,0
1,frontcart,200,198,shippingservice,server,41,1,1,1,0
1,frontcart,200,213,adservice,server,10,3,3,3,0
1,frontcart,200,213,checkoutservice,checkout,43,1,1,1,0
1,frontcart,200,213,currencyservice,server,68,1,1,1,0
1,frontcart,200,213,emailservice,email,34,2,2,2,0
1,frontcart,200,213,frontend,cartservice,20,3,3,3,0
1,frontcart,200,213,frontend,server,55,3,3,3,0
1,frontcart,200,213,paymentservice,payment,36,1,1,1,0
1,frontcart,200,213,productcatalogservice,server,67,2,2,2,0
1,frontcart,200,213,recommendationservice,server,45,2,2,2,0
1,frontcart,200,213,redis-cart,-,,1,1,1,0
1,frontcart,200,213,shippingservice,server,45,1,1,1,0
1,frontcart,200,228,adservice,server,10,3,3,3,0
1,frontcart,200,228,checkoutservice,checkout,51,1,1,1,0
1,frontcart,200,228,currencyservice,server,76,1,1,1,0
1,frontcart,200,228,emailservice,email,42,2,2,2,0
1,frontcart,200,228,frontend,cartservice,26,3,3,3,0
1,frontcart,200,228,frontend,server,53,3,3,3,0
1,frontcart,200,228,paymentservice,payment,43,1,1,1,0
1,frontcart,200,228,productcatalogservice,server,68,2,2,2,0
1,frontcart,200,228,recommendationservice,server,45,2,2,2,0
1,frontcart,200,228,redis-cart,-,,1,1,1,0
1,frontcart,200,228,shippingservice,server,47,1,1,1,0
1,frontcart,200,243,adservice,server,10,3,3,3,0
1,frontcart,200,243,checkoutservice,checkout,52,1,1,1,0
1,frontcart,200,243,currencyservice,server,82,1,2,2,0
1,frontcart,200,243,emailservice,email,48,2,2,2,0
1,frontcart,200,243,frontend,cartservice,34,3,3,3,0
1,frontcart,200,243,frontend,server,49,3,3,3,0
1,frontcart,200,243,paymentservice,payment,65,1,1,1,0
1,frontcart,200,243,productcatalogservice,server,73,2,2,2,0
1,frontcart,200,243,recommendationservice,server,44,2,2,2,0
1,frontcart,200,243,redis-cart,-,,1,1,1,0
1,frontcart,200,243,shippingservice,server,58,1,1,1,0
1,frontcart,200,259,adservice,server,8,3,3,3,0
1,frontcart,200,259,checkoutservice,checkout,57,1,1,1,0
1,frontcart,200,259,currencyservice,server,85,2,2,2,0
1,frontcart,200,259,emailservice,email,45,2,2,2,0
1,frontcart,200,259,frontend,cartservice,32,3,3,3,0
1,frontcart,200,259,frontend,server,50,3,3,3,0
1,frontcart,200,259,paymentservice,payment,59,1,1,1,0
1,frontcart,200,259,productcatalogservice,server,70,2,2,2,0
1,frontcart,200,259,recommendationservice,server,44,2,2,2,0
1,frontcart,200,259,redis-cart,-,,1,1,1,0
1,frontcart,200,259,shippingservice,server,55,1,1,1,0
1,frontcart,200,274,adservice,server,12,3,3,3,0
1,frontcart,200,274,checkoutservice,checkout,48,1,1,1,0
1,frontcart,200,274,currencyservice,server,35,2,2,2,0
1,frontcart,200,274,emailservice,email,38,2,2,2,0
1,frontcart,200,274,frontend,cartservice,27,3,3,3,0
1,frontcart,200,274,frontend,server,54,3,3,3,0
1,frontcart,200,274,paymentservice,payment,41,1,1,1,0
1,frontcart,200,274,productcatalogservice,server,69,2,2,2,0
1,frontcart,200,274,recommendationservice,server,45,2,2,2,0
1,frontcart,200,274,redis-cart,-,,1,1,1,0
1,frontcart,200,274,shippingservice,server,49,1,1,1,0
1,frontcart,200,289,adservice,server,10,3,3,3,0
1,frontcart,200,289,checkoutservice,checkout,44,1,1,1,0
1,frontcart,200,289,currencyservice,server,40,2,2,2,0
1,frontcart,200,289,emailservice,email,44,2,2,2,0
1,frontcart,200,289,frontend,cartservice,25,3,3,3,0
1,frontcart,200,289,frontend,server,54,3,3,3,0
1,frontcart,200,289,paymentservice,payment,39,1,1,1,0
1,frontcart,200,289,productcatalogservice,server,69,2,2,2,0
1,frontcart,200,289,recommendationservice,server,46,2,2,2,0
1,frontcart,200,289,redis-cart,-,,1,1,1,0
1,frontcart,200,289,shippingservice,server,46,1,1,1,0
1,frontcart,200,304,adservice,server,9,3,3,3,0
1,frontcart,200,304,checkoutservice,checkout,50,1,1,1,0
1,frontcart,200,304,currencyservice,server,33,2,2,2,0
1,frontcart,200,304,emailservice,email,35,2,2,2,0
1,frontcart,200,304,frontend,cartservice,20,3,3,3,0
1,frontcart,200,304,frontend,server,49,3,3,3,0
1,frontcart,200,304,paymentservice,payment,47,1,1,1,0
1,frontcart,200,304,productcatalogservice,server,69,2,2,2,0
1,frontcart,200,304,recommendationservice,server,44,2,2,2,0
1,frontcart,200,304,redis-cart,-,,1,1,1,0
1,frontcart,200,304,shippingservice,server,45,1,1,1,0
1,frontcart,200,319,adservice,server,10,3,3,3,0
1,frontcart,200,319,checkoutservice,checkout,45,1,1,1,0
1,frontcart,200,319,currencyservice,server,33,2,2,2,0
1,frontcart,200,319,emailservice,email,42,2,2,2,0
1,frontcart,200,319,frontend,cartservice,26,3,3,3,0
1,frontcart,200,319,frontend,server,57,3,3,3,0
1,frontcart,200,319,paymentservice,payment,32,1,1,1,0
1,frontcart,200,319,productcatalogservice,server,68,2,2,2,0
1,frontcart,200,319,recommendationservice,server,45,2,2,2,0
1,frontcart,200,319,redis-cart,-,,1,1,1,0
1,frontcart,200,319,shippingservice,server,52,1,1,1,0
1,frontcart,200,335,adservice,server,10,3,3,3,0
1,frontcart,200,335,checkoutservice,checkout,53,1,1,1,0
1,frontcart,200,335,currencyservice,server,38,2,2,2,0
1,frontcart,200,335,emailservice,email,38,2,2,2,0
1,frontcart,200,335,frontend,cartservice,24,3,3,3,0
1,frontcart,200,335,frontend,server,51,3,3,3,0
1,frontcart,200,335,paymentservice,payment,59,1,1,1,0
1,frontcart,200,335,productcatalogservice,server,69,2,2,2,0
1,frontcart,200,335,recommendationservice,server,44,2,2,2,0
1,frontcart,200,335,redis-cart,-,,1,1,1,0
1,frontcart,200,335,shippingservice,server,43,1,1,1,0
1,frontcart,200,350,adservice,server,10,3,3,3,0
1,frontcart,200,350,checkoutservice,checkout,46,1,1,1,0
1,frontcart,200,350,currencyservice,server,31,2,2,2,0
1,frontcart,200,350,emailservice,email,32,2,2,2,0
1,frontcart,200,350,frontend,cartservice,22,3,3,3,0
1,frontcart,200,350,frontend,server,55,3,3,3,0
1,frontcart,200,350,paymentservice,payment,32,1,1,1,0
1,frontcart,200,350,productcatalogservice,server,64,2,2,2,0
1,frontcart,200,350,recommendationservice,server,44,2,2,2,0
1,frontcart,200,350,redis-cart,-,,1,1,1,0
1,frontcart,200,350,shippingservice,server,43,1,1,1,0
1,frontcart,200,365,adservice,server,9,3,1,1,0
1,frontcart,200,365,checkoutservice,checkout,42,1,1,1,0
1,frontcart,200,365,currencyservice,server,31,2,2,2,0
1,frontcart,200,365,emailservice,email,37,2,2,2,0
1,frontcart,200,365,frontend,cartservice,18,3,3,3,0
1,frontcart,200,365,frontend,server,54,3,3,3,0
1,frontcart,200,365,paymentservice,payment,27,1,1,1,0
1,frontcart,200,365,productcatalogservice,server,58,2,2,2,0
1,frontcart,200,365,recommendationservice,server,45,2,2,2,0
1,frontcart,200,365,redis-cart,-,,1,1,1,0
1,frontcart,200,365,shippingservice,server,40,1,1,1,0
1,frontcart,200,380,adservice,server,38,1,1,1,0
1,frontcart,200,380,checkoutservice,checkout,45,1,1,1,0
1,frontcart,200,380,currencyservice,server,31,2,2,2,0
1,frontcart,200,380,emailservice,email,35,2,2,2,0
1,frontcart,200,380,frontend,cartservice,21,3,3,3,0
1,frontcart,200,380,frontend,server,52,3,3,3,0
1,frontcart,200,380,paymentservice,payment,40,1,1,1,0
1,frontcart,200,380,productcatalogservice,server,64,2,2,2,0
1,frontcart,200,380,recommendationservice,server,45,2,2,2,0
1,frontcart,200,380,redis-cart,-,,1,1,1,0
1,frontcart,200,380,shippingservice,server,40,1,1,1,0
1,frontcart,200,395,adservice,server,144,1,3,1,0
1,frontcart,200,395,checkoutservice,checkout,51,1,1,1,0
1,frontcart,200,395,currencyservice,server,39,2,2,2,0
1,frontcart,200,395,emailservice,email,47,2,2,2,0
1,frontcart,200,395,frontend,cartservice,27,3,3,3,0
1,frontcart,200,395,frontend,server,53,3,3,3,0
1,frontcart,200,395,paymentservice,payment,55,1,1,1,0
1,frontcart,200,395,productcatalogservice,server,75,2,2,2,0
1,frontcart,200,395,recommendationservice,server,46,2,2,2,0
1,frontcart,200,395,redis-cart,-,,1,1,1,0
1,frontcart,200,395,shippingservice,server,50,1,1,1,0
1,frontcart,200,410,adservice,server,92,3,3,1,0
1,frontcart,200,410,checkoutservice,checkout,55,1,1,1,0
1,frontcart,200,410,currencyservice,server,39,2,2,2,0
1,frontcart,200,410,emailservice,email,47,2,2,2,0
1,frontcart,200,410,frontend,cartservice,30,3,3,3,0
1,frontcart,200,410,frontend,server,50,3,3,3,0
1,frontcart,200,410,paymentservice,payment,61,1,1,1,0
1,frontcart,200,410,productcatalogservice,server,70,2,2,2,0
1,frontcart,200,410,recommendationservice,server,43,2,2,2,0
1,frontcart,200,410,redis-cart,-,,1,1,1,0
1,frontcart,200,410,shippingservice,server,53,1,1,1,0
1,frontcart,200,426,adservice,server,92,3,3,3,0
1,frontcart,200,426,checkoutservice,checkout,55,1,1,1,0
1,frontcart,200,426,currencyservice,server,42,2,2,2,0
1,frontcart,200,426,emailservice,email,41,2,2,2,0
1,frontcart,200,426,frontend,cartservice,30,3,3,3,0
1,frontcart,200,426,frontend,server,53,3,3,3,0
1,frontcart,200,426,paymentservice,payment,42,1,1,1,0
1,frontcart,200,426,productcatalogservice,server,68,2,2,2,0
1,frontcart,200,426,recommendationservice,server,45,2,2,2,0
1,frontcart,200,426,redis-cart,-,,1,1,1,0
1,frontcart,200,426,shippingservice,server,51,1,1,1,0
1,frontcart,200,441,adservice,server,35,3,3,3,0
1,frontcart,200,441,checkoutservice,checkout,40,1,1,1,0
1,frontcart,200,441,currencyservice,server,31,2,2,2,0
1,frontcart,200,441,emailservice,email,21,2,2,2,0
1,frontcart,200,441,frontend,cartservice,16,3,3,3,0
1,frontcart,200,441,frontend,server,23,3,3,3,0
1,frontcart,200,441,paymentservice,payment,21,1,1,1,0
1,frontcart,200,441,productcatalogservice,server,20,2,2,2,0
1,frontcart,200,441,recommendationservice,server,45,2,2,2,0
1,frontcart,200,441,redis-cart,-,,1,1,1,0
1,frontcart,200,441,shippingservice,server,34,1,1,1,0
2,normal,200,0,adservice,-,,1,0,1,0
2,normal,200,0,cartservice,server,1,1,1,1,0
2,normal,200,0,checkoutservice,checkout,0,1,1,1,0
2,normal,200,0,currencyservice,server,0,1,1,1,0
2,normal,200,0,emailservice,email,1,1,1,1,0
2,normal,200,0,frontend,server,0,1,1,1,0
2,normal,200,0,paymentservice,-,,,0,1,0
2,normal,200,0,productcatalogservice,-,,,0,1,0
2,normal,200,0,recommendationservice,-,,,0,1,0
2,normal,200,0,redis-cart,-,,1,1,1,0
2,normal,200,0,shippingservice,-,,,0,1,0
2,normal,200,15,adservice,-,,1,0,1,0
2,normal,200,15,cartservice,server,58,1,1,1,0
2,normal,200,15,checkoutservice,checkout,2,1,1,1,0
2,normal,200,15,currencyservice,server,47,1,1,1,0
2,normal,200,15,emailservice,email,26,1,1,1,0
2,normal,200,15,frontend,server,44,1,1,1,0
2,normal,200,15,paymentservice,payment,0,1,1,1,0
2,normal,200,15,productcatalogservice,server,0,1,1,1,0
2,normal,200,15,recommendationservice,server,0,1,1,1,0
2,normal,200,15,redis-cart,-,,1,1,1,0
2,normal,200,15,shippingservice,server,0,1,1,1,0
2,normal,200,30,adservice,server,141,1,3,1,0
2,normal,200,30,cartservice,server,91,1,2,1,0
2,normal,200,30,checkoutservice,checkout,47,1,1,1,0
2,normal,200,30,currencyservice,server,71,1,1,1,0
2,normal,200,30,emailservice,email,26,1,1,1,0
2,normal,200,30,frontend,server,153,1,3,1,2
2,normal,200,30,paymentservice,payment,58,1,1,1,0
2,normal,200,30,productcatalogservice,server,0,1,1,1,0
2,normal,200,30,recommendationservice,server,0,1,1,1,0
2,normal,200,30,redis-cart,-,,1,1,1,0
2,normal,200,30,shippingservice,server,24,1,1,1,0
2,normal,200,46,adservice,server,101,3,3,1,0
2,normal,200,46,cartservice,server,91,2,2,1,0
2,normal,200,46,checkoutservice,checkout,55,1,1,1,0
2,normal,200,46,currencyservice,server,87,1,2,1,0
2,normal,200,46,emailservice,email,90,1,2,1,1
2,normal,200,46,frontend,server,151,3,3,3,0
2,normal,200,46,paymentservice,payment,64,1,1,1,0
2,normal,200,46,productcatalogservice,server,140,2,2,2,0
2,normal,200,46,recommendationservice,server,77,1,2,2,0
2,normal,200,46,redis-cart,-,,1,1,1,0
2,normal,200,46,shippingservice,server,24,1,1,1,0
2,normal,200,61,adservice,server,101,3,3,1,0
2,normal,200,61,cartservice,server,81,2,2,2,0
2,normal,200,61,checkoutservice,checkout,55,1,1,1,0
2,normal,200,61,currencyservice,server,77,2,2,2,0
2,normal,200,61,emailservice,email,90,2,2,2,0
2,normal,200,61,frontend,server,150,3,3,3,0
2,normal,200,61,paymentservice,payment,58,1,1,1,0
2,normal,200,61,productcatalogservice,server,134,2,2,2,0
2,normal,200,61,recommendationservice,server,89,2,2,2,0
2,normal,200,61,redis-cart,-,,1,1,1,0
2,normal,200,61,shippingservice,server,51,1,1,1,0
2,normal,200,76,adservice,server,45,3,3,3,0
2,normal,200,76,cartservice,server,78,2,2,2,0
2,normal,200,76,checkoutservice,checkout,51,1,1,1,0
2,normal,200,76,currencyservice,server,36,2,2,2,0
2,normal,200,76,emailservice,email,86,2,2,2,0
2,normal,200,76,frontend,server,50,3,3,3,0
2,normal,200,76,paymentservice,payment,35,1,1,1,0
2,normal,200,76,productcatalogservice,server,69,2,2,2,0
2,normal,200,76,recommendationservice,server,45,2,2,2,0
2,normal,200,76,redis-cart,-,,1,1,1,0
2,normal,200,76,shippingservice,server,49,1,1,1,0
2,normal,200,91,adservice,server,40,3,3,3,0
2,normal,200,91,cartservice,server,40,2,2,2,0
2,normal,200,91,checkoutservice,checkout,48,1,1,1,0
2,normal,200,91,currencyservice,server,32,2,2,2,0
2,normal,200,91,emailservice,email,40,2,2,2,0
2,normal,200,91,frontend,server,53,3,3,3,0
2,normal,200,91,paymentservice,payment,27,1,1,1,0
2,normal,200,91,productcatalogservice,server,69,2,2,2,0
2,normal,200,91,recommendationservice,server,46,2,2,2,0
2,normal,200,91,redis-cart,-,,1,1,1,0
2,normal,200,91,shippingservice,server,43,1,1,1,0
2,normal,200,107,adservice,server,14,3,3,3,0
2,normal,200,107,cartservice,server,44,2,2,2,0
2,normal,200,107,checkoutservice,checkout,47,1,1,1,0
2,normal,200,107,currencyservice,server,33,2,2,2,0
2,normal,200,107,emailservice,email,40,2,2,2,0
2,normal,200,107,frontend,server,53,3,3,3,0
2,normal,200,107,paymentservice,payment,27,1,1,1,0
2,normal,200,107,productcatalogservice,server,63,2,2,2,0
2,normal,200,107,recommendationservice,server,48,2,2,2,0
2,normal,200,107,redis-cart,-,,1,1,1,0
2,normal,200,107,shippingservice,server,44,1,1,1,0
2,normal,200,122,adservice,server,11,3,3,3,0
2,normal,200,122,cartservice,server,43,2,2,2,0
2,normal,200,122,checkoutservice,checkout,47,1,1,1,0
2,normal,200,122,currencyservice,server,31,2,2,2,0
2,normal,200,122,emailservice,email,38,2,2,2,0
2,normal,200,122,frontend,server,53,3,3,3,0
2,normal,200,122,paymentservice,payment,31,1,1,1,0
2,normal,200,122,productcatalogservice,server,65,2,2,2,0
2,normal,200,122,recommendationservice,server,46,2,2,2,0
2,normal,200,122,redis-cart,-,,1,1,1,0
2,normal,200,122,shippingservice,server,42,1,1,1,0
2,normal,200,137,adservice,server,11,3,3,3,0
2,normal,200,137,cartservice,server,44,2,2,2,0
2,normal,200,137,checkoutservice,checkout,48,1,1,1,0
2,normal,200,137,currencyservice,server,32,2,2,2,0
2,normal,200,137,emailservice,email,38,2,2,2,0
2,normal,200,137,frontend,server,53,3,3,3,0
2,normal,200,137,paymentservice,payment,34,1,1,1,0
2,normal,200,137,productcatalogservice,server,65,2,2,2,0
2,normal,200,137,recommendationservice,server,46,2,2,2,0
2,normal,200,137,redis-cart,-,,1,1,1,0
2,normal,200,137,shippingservice,server,44,1,1,1,0
2,normal,200,152,adservice,server,11,3,3,3,0
2,normal,200,152,cartservice,server,44,2,2,2,0
2,normal,200,152,checkoutservice,checkout,48,1,1,1,0
2,normal,200,152,currencyservice,server,31,2,2,2,0
2,normal,200,152,emailservice,email,41,2,2,2,0
2,normal,200,152,frontend,server,53,3,3,3,0
2,normal,200,152,paymentservice,payment,32,1,1,1,0
2,normal,200,152,productcatalogservice,server,65,2,2,2,0
2,normal,200,152,recommendationservice,server,48,2,2,2,0
2,normal,200,152,redis-cart,-,,1,1,1,0
2,normal,200,152,shippingservice,server,44,1,1,1,0
2,normal,200,167,adservice,server,12,3,3,3,0
2,normal,200,167,cartservice,server,44,2,2,2,0
2,normal,200,167,checkoutservice,checkout,47,1,1,1,0
2,normal,200,167,currencyservice,server,33,2,2,2,0
2,normal,200,167,emailservice,email,39,2,2,2,0
2,normal,200,167,frontend,server,53,3,3,3,0
2,normal,200,167,paymentservice,payment,32,1,1,1,0
2,normal,200,167,productcatalogservice,server,66,2,2,2,0
2,normal,200,167,recommendationservice,server,47,2,2,2,0
2,normal,200,167,redis-cart,-,,1,1,1,0
2,normal,200,167,shippingservice,server,42,1,1,1,0
2,normal,200,183,adservice,server,12,3,3,3,0
2,normal,200,183,cartservice,server,44,2,2,2,0
2,normal,200,183,checkoutservice,checkout,47,1,1,1,0
2,normal,200,183,currencyservice,server,33,2,2,2,0
2,normal,200,183,emailservice,email,38,2,2,2,0
2,normal,200,183,frontend,server,53,3,3,3,0
2,normal,200,183,paymentservice,payment,31,1,1,1,0
2,normal,200,183,productcatalogservice,server,64,2,2,2,0
2,normal,200,183,recommendationservice,server,47,2,2,2,0
2,normal,200,183,redis-cart,-,,1,1,1,0
2,normal,200,183,shippingservice,server,45,1,1,1,0
2,normal,200,198,adservice,server,12,3,3,3,0
2,normal,200,198,cartservice,server,43,2,2,2,0
2,normal,200,198,checkoutservice,checkout,48,1,1,1,0
2,normal,200,198,currencyservice,server,33,2,2,2,0
2,normal,200,198,emailservice,email,38,2,2,2,0
2,normal,200,198,frontend,server,53,3,3,3,0
2,normal,200,198,paymentservice,payment,32,1,1,1,0
2,normal,200,198,productcatalogservice,server,62,2,2,2,0
2,normal,200,198,recommendationservice,server,47,2,2,2,0
2,normal,200,198,redis-cart,-,,1,1,1,0
2,normal,200,198,shippingservice,server,42,1,1,1,0
2,normal,200,213,adservice,server,11,3,3,3,0
2,normal,200,213,cartservice,server,43,2,2,2,0
2,normal,200,213,checkoutservice,checkout,48,1,1,1,0
2,normal,200,213,currencyservice,server,32,2,2,2,0
2,normal,200,213,emailservice,email,41,2,2,2,0
2,normal,200,213,frontend,server,52,3,3,3,0
2,normal,200,213,paymentservice,payment,31,1,1,1,0
2,normal,200,213,productcatalogservice,server,64,2,2,2,0
2,normal,200,213,recommendationservice,server,47,2,2,2,0
2,normal,200,213,redis-cart,-,,1,1,1,0
2,normal,200,213,shippingservice,server,42,1,1,1,0
2,normal,200,228,adservice,server,11,3,3,3,0
2,normal,200,228,cartservice,server,43,2,2,2,0
2,normal,200,228,checkoutservice,checkout,47,1,1,1,0
2,normal,200,228,currencyservice,server,30,2,2,2,0
2,normal,200,228,emailservice,email,38,2,2,2,0
2,normal,200,228,frontend,server,53,3,3,3,0
2,normal,200,228,paymentservice,payment,30,1,1,1,0
2,normal,200,228,productcatalogservice,server,63,2,2,2,0
2,normal,200,228,recommendationservice,server,46,2,2,2,0
2,normal,200,228,redis-cart,-,,1,1,1,0
2,normal,200,228,shippingservice,server,43,1,1,1,0
2,normal,200,243,adservice,server,12,3,3,3,0
2,normal,200,243,cartservice,server,42,2,2,2,0
2,normal,200,243,checkoutservice,checkout,47,1,1,1,0
2,normal,200,243,currencyservice,server,32,2,2,2,0
2,normal,200,243,emailservice,email,36,2,2,2,0
2,normal,200,243,frontend,server,53,3,3,3,0
2,normal,200,243,paymentservice,payment,30,1,1,1,0
2,normal,200,243,productcatalogservice,server,62,2,2,2,0
2,normal,200,243,recommendationservice,server,47,2,2,2,0
2,normal,200,243,redis-cart,-,,1,1,1,0
2,normal,200,243,shippingservice,server,42,1,1,1,0
2,normal,200,259,adservice,server,11,3,3,3,0
2,normal,200,259,cartservice,server,42,2,2,2,0
2,normal,200,259,checkoutservice,checkout,47,1,1,1,0
2,normal,200,259,currencyservice,server,34,2,2,2,0
2,normal,200,259,emailservice,email,38,2,2,2,0
2,normal,200,259,frontend,server,53,3,3,3,0
2,normal,200,259,paymentservice,payment,31,1,1,1,0
2,normal,200,259,productcatalogservice,server,64,2,2,2,0
2,normal,200,259,recommendationservice,server,47,2,2,2,0
2,normal,200,259,redis-cart,-,,1,1,1,0
2,normal,200,259,shippingservice,server,40,1,1,1,0
2,normal,200,274,adservice,server,11,3,3,3,0
2,normal,200,274,cartservice,server,42,2,2,2,0
2,normal,200,274,checkoutservice,checkout,47,1,1,1,0
2,normal,200,274,currencyservice,server,30,2,2,2,0
2,normal,200,274,emailservice,email,40,2,2,2,0
2,normal,200,274,frontend,server,53,3,3,3,0
2,normal,200,274,paymentservice,payment,31,1,1,1,0
2,normal,200,274,productcatalogservice,server,62,2,2,2,0
2,normal,200,274,recommendationservice,server,47,2,2,2,0
2,normal,200,274,redis-cart,-,,1,1,1,0
2,normal,200,274,shippingservice,server,46,1,1,1,0
2,normal,200,289,adservice,server,10,3,3,3,0
2,normal,200,289,cartservice,server,42,2,2,2,0
2,normal,200,289,checkoutservice,checkout,47,1,1,1,0
2,normal,200,289,currencyservice,server,33,2,2,2,0
2,normal,200,289,emailservice,email,38,2,2,2,0
2,normal,200,289,frontend,server,53,3,3,3,0
2,normal,200,289,paymentservice,payment,28,1,1,1,0
2,normal,200,289,productcatalogservice,server,62,2,2,2,0
2,normal,200,289,recommendationservice,server,46,2,2,2,0
2,normal,200,289,redis-cart,-,,1,1,1,0
2,normal,200,289,shippingservice,server,42,1,1,1,0
2,normal,200,304,adservice,server,10,3,3,3,0
2,normal,200,304,cartservice,server,37,2,2,2,0
2,normal,200,304,checkoutservice,checkout,46,1,1,1,0
2,normal,200,304,currencyservice,server,32,2,2,2,0
2,normal,200,304,emailservice,email,39,2,2,2,0
2,normal,200,304,frontend,server,51,3,3,3,0
2,normal,200,304,paymentservice,payment,35,1,1,1,0
2,normal,200,304,productcatalogservice,server,63,2,2,2,0
2,normal,200,304,recommendationservice,server,48,2,2,2,0
2,normal,200,304,redis-cart,-,,1,1,1,0
2,normal,200,304,shippingservice,server,41,1,1,1,0
2,normal,200,319,adservice,server,10,3,3,3,0
2,normal,200,319,cartservice,server,45,2,2,2,0
2,normal,200,319,checkoutservice,checkout,58,1,1,1,0
2,normal,200,319,currencyservice,server,43,2,2,2,0
2,normal,200,319,emailservice,email,46,2,2,2,0
2,normal,200,319,frontend,server,49,3,3,3,0
2,normal,200,319,paymentservice,payment,73,1,1,1,0
2,normal,200,319,productcatalogservice,server,69,2,2,2,0
2,normal,200,319,recommendationservice,server,43,2,2,2,0
2,normal,200,319,redis-cart,-,,1,1,1,0
2,normal,200,319,shippingservice,server,58,1,1,1,0
2,normal,200,335,adservice,server,10,3,3,3,0
2,normal,200,335,cartservice,server,42,2,2,2,0
2,normal,200,335,checkoutservice,checkout,62,1,1,1,0
2,normal,200,335,currencyservice,server,42,2,2,2,0
2,normal,200,335,emailservice,email,50,2,2,2,0
2,normal,200,335,frontend,server,51,3,3,3,0
2,normal,200,335,paymentservice,payment,54,1,1,1,0
2,normal,200,335,productcatalogservice,server,72,2,2,2,0
2,normal,200,335,recommendationservice,server,44,2,2,2,0
2,normal,200,335,redis-cart,-,,1,1,1,0
2,normal,200,335,shippingservice,server,48,1,1,1,0
2,normal,200,350,adservice,server,9,3,3,3,0
2,normal,200,350,cartservice,server,27,2,2,2,0
2,normal,200,350,checkoutservice,checkout,43,1,1,1,0
2,normal,200,350,currencyservice,server,31,2,2,2,0
2,normal,200,350,emailservice,email,38,2,2,2,0
2,normal,200,350,frontend,server,50,3,3,3,0
2,normal,200,350,paymentservice,payment,25,1,1,1,0
2,normal,200,350,productcatalogservice,server,62,2,2,2,0
2,normal,200,350,recommendationservice,server,44,2,2,2,0
2,normal,200,350,redis-cart,-,,1,1,1,0
2,normal,200,350,shippingservice,server,41,1,1,1,0
2,normal,200,365,adservice,server,10,3,1,1,0
2,normal,200,365,cartservice,server,25,2,2,2,0
2,normal,200,365,checkoutservice,checkout,44,1,1,1,0
2,normal,200,365,currencyservice,server,29,2,2,2,0
2,normal,200,365,emailservice,email,36,2,2,2,0
2,normal,200,365,frontend,server,50,3,3,3,0
2,normal,200,365,paymentservice,payment,29,1,1,1,0
2,normal,200,365,productcatalogservice,server,62,2,2,2,0
2,normal,200,365,recommendationservice,server,46,2,2,2,0
2,normal,200,365,redis-cart,-,,1,1,1,0
2,normal,200,365,shippingservice,server,36,1,1,1,0
2,normal,200,380,adservice,server,46,1,1,1,0
2,normal,200,380,cartservice,server,34,2,2,2,0
2,normal,200,380,checkoutservice,checkout,49,1,1,1,0
2,normal,200,380,currencyservice,server,36,2,2,2,0
2,normal,200,380,emailservice,email,36,2,2,2,0
2,normal,200,380,frontend,server,50,3,3,3,0
2,normal,200,380,paymentservice,payment,29,1,1,1,0
2,normal,200,380,productcatalogservice,server,60,2,2,2,0
2,normal,200,380,recommendationservice,server,47,2,2,2,0
2,normal,200,380,redis-cart,-,,1,1,1,0
2,normal,200,380,shippingservice,server,45,1,1,1,0
2,normal,200,395,adservice,server,129,1,2,1,0
2,normal,200,395,cartservice,server,40,2,2,2,0
2,normal,200,395,checkoutservice,checkout,50,1,1,1,0
2,normal,200,395,currencyservice,server,36,2,2,2,0
2,normal,200,395,emailservice,email,43,2,2,2,0
2,normal,200,395,frontend,server,50,3,3,3,0
2,normal,200,395,paymentservice,payment,46,1,1,1,0
2,normal,200,395,productcatalogservice,server,68,2,2,2,0
2,normal,200,395,recommendationservice,server,40,2,2,2,0
2,normal,200,395,redis-cart,-,,1,1,1,0
2,normal,200,395,shippingservice,server,50,1,1,1,0
2,normal,200,411,adservice,server,90,2,2,1,0
2,normal,200,411,cartservice,server,36,2,2,2,0
2,normal,200,411,checkoutservice,checkout,51,1,1,1,0
2,normal,200,411,currencyservice,server,36,2,2,2,0
2,normal,200,411,emailservice,email,44,2,2,2,0
2,normal,200,411,frontend,server,50,3,3,3,0
2,normal,200,411,paymentservice,payment,44,1,1,1,0
2,normal,200,411,productcatalogservice,server,68,2,2,2,0
2,normal,200,411,recommendationservice,server,49,2,2,2,0
2,normal,200,411,redis-cart,-,,1,1,1,0
2,normal,200,411,shippingservice,server,49,1,1,1,0
2,normal,200,426,adservice,server,54,2,2,2,0
2,normal,200,426,cartservice,server,38,2,2,2,0
2,normal,200,426,checkoutservice,checkout,52,1,1,1,0
2,normal,200,426,currencyservice,server,39,2,2,2,0
2,normal,200,426,emailservice,email,47,2,2,2,0
2,normal,200,426,frontend,server,50,3,3,3,0
2,normal,200,426,paymentservice,payment,50,1,1,1,0
2,normal,200,426,productcatalogservice,server,68,2,2,2,0
2,normal,200,426,recommendationservice,server,43,2,2,2,0
2,normal,200,426,redis-cart,-,,1,1,1,0
2,normal,200,426,shippingservice,server,55,1,1,1,0
2,normal,200,441,adservice,server,16,2,2,2,0
2,normal,200,441,cartservice,server,19,2,2,2,0
2,normal,200,441,checkoutservice,checkout,34,1,1,1,0
2,normal,200,441,currencyservice,server,23,2,2,2,0
2,normal,200,441,emailservice,email,38,2,2,2,0
2,normal,200,441,frontend,server,50,3,3,3,0
2,normal,200,441,paymentservice,payment,50,1,1,1,0
2,normal,200,441,productcatalogservice,server,66,2,2,2,0
2,normal,200,441,recommendationservice,server,26,2,2,2,0
2,normal,200,441,redis-cart,-,,1,1,1,0
2,normal,200,441,shippingservice,server,40,1,1,1,0
2,frontcatalog,200,0,adservice,-,,1,0,1,0
2,frontcatalog,200,0,cartservice,-,,1,0,1,0
2,frontcatalog,200,0,checkoutservice,checkout,0,1,1,1,0
2,frontcatalog,200,0,currencyservice,server,0,1,1,1,0
2,frontcatalog,200,0,emailservice,email,1,1,1,1,0
2,frontcatalog,200,0,frontend,-,,,0,1,0
2,frontcatalog,200,0,paymentservice,-,,,0,1,0
2,frontcatalog,200,0,recommendationservice,-,,,0,1,0
2,frontcatalog,200,0,redis-cart,-,,1,1,1,0
2,frontcatalog,200,0,shippingservice,-,,,0,1,0
2,frontcatalog,200,15,adservice,server,122,1,2,1,0
2,frontcatalog,200,15,cartservice,server,52,1,1,1,0
2,frontcatalog,200,15,checkoutservice,checkout,13,1,1,1,0
2,frontcatalog,200,15,currencyservice,server,0,1,1,1,0
2,frontcatalog,200,15,emailservice,email,24,1,1,1,0
2,frontcatalog,200,15,frontend,productcatalog,0,1,1,1,0
2,frontcatalog,200,15,frontend,server,0,1,1,1,0
2,frontcatalog,200,15,paymentservice,payment,1,1,1,1,0
2,frontcatalog,200,15,recommendationservice,server,0,1,1,1,0
2,frontcatalog,200,15,redis-cart,-,,1,1,1,0
2,frontcatalog,200,15,shippingservice,server,0,1,1,1,0
2,frontcatalog,200,31,adservice,server,105,2,2,1,0
2,frontcatalog,200,31,cartservice,server,93,1,2,1,1
2,frontcatalog,200,31,checkoutservice,checkout,53,1,1,1,0
2,frontcatalog,200,31,currencyservice,server,77,1,2,1,1
2,frontcatalog,200,31,emailservice,email,85,1,2,1,1
2,frontcatalog,200,31,frontend,productcatalog,95,2,2,2,0
2,frontcatalog,200,31,frontend,server,141,2,2,2,0
2,frontcatalog,200,31,paymentservice,payment,43,1,1,1,0
2,frontcatalog,200,31,recommendationservice,server,0,1,1,1,0
2,frontcatalog,200,31,redis-cart,-,,1,1,1,0
2,frontcatalog,200,31,shippingservice,server,3,1,1,1,0
2,frontcatalog,200,46,adservice,server,105,2,2,1,0
2,frontcatalog,200,46,cartservice,server,93,2,2,1,0
2,frontcatalog,200,46,checkoutservice,checkout,51,1,1,1,0
2,frontcatalog,200,46,currencyservice,server,79,2,2,2,0
2,frontcatalog,200,46,emailservice,email,89,2,2,2,0
2,frontcatalog,200,46,frontend,productcatalog,133,2,2,2,0
2,frontcatalog,200,46,frontend,server,150,2,2,2,0
2,frontcatalog,200,46,paymentservice,payment,51,2,2,2,0
2,frontcatalog,200,46,recommendationservice,server,85,1,2,2,0
2,frontcatalog,200,46,redis-cart,-,,1,1,1,0
2,frontcatalog,200,46,shippingservice,server,52,1,1,1,0
2,frontcatalog,200,61,adservice,server,78,2,2,2,0
2,frontcatalog,200,61,cartservice,server,72,2,2,2,0
2,frontcatalog,200,61,checkoutservice,checkout,42,1,1,1,0
2,frontcatalog,200,61,currencyservice,server,38,2,2,2,0
2,frontcatalog,200,61,emailservice,email,35,2,2,2,0
2,frontcatalog,200,61,frontend,productcatalog,63,2,2,2,0
2,frontcatalog,200,61,frontend,server,75,2,2,2,0
2,frontcatalog,200,61,paymentservice,payment,30,2,2,2,0
2,frontcatalog,200,61,recommendationservice,server,44,2,2,2,0
2,frontcatalog,200,61,redis-cart,-,,1,1,1,0
2,frontcatalog,200,61,shippingservice,server,52,1,1,1,0
2,frontcatalog,200,76,adservice,server,47,2,2,2,0
2,frontcatalog,200,76,cartservice,server,55,2,2,2,0
2,frontcatalog,200,76,checkoutservice,checkout,40,1,1,1,0
2,frontcatalog,200,76,currencyservice,server,31,2,2,2,0
2,frontcatalog,200,76,emailservice,email,29,2,2,2,0
2,frontcatalog,200,76,frontend,productcatalog,62,2,2,2,0
2,frontcatalog,200,76,frontend,server,76,2,2,2,0
2,frontcatalog,200,76,paymentservice,payment,13,2,2,2,0
2,frontcatalog,200,76,recommendationservice,server,45,2,2,2,0
2,frontcatalog,200,76,redis-cart,-,,1,1,1,0
2,frontcatalog,200,76,shippingservice,server,38,1,1,1,0
2,frontcatalog,200,91,adservice,server,33,2,2,2,0
2,frontcatalog,200,91,cartservice,server,24,2,2,2,0
2,frontcatalog,200,91,checkoutservice,checkout,41,1,1,1,0
2,frontcatalog,200,91,currencyservice,server,27,2,2,2,0
2,frontcatalog,200,91,emailservice,email,32,2,2,2,0
2,frontcatalog,200,91,frontend,productcatalog,58,2,3,2,1
2,frontcatalog,200,91,frontend,server,77,2,3,2,1
2,frontcatalog,200,91,paymentservice,payment,13,2,2,2,0
2,frontcatalog,200,91,recommendationservice,server,43,2,2,2,0
2,frontcatalog,200,91,redis-cart,-,,1,1,1,0
2,frontcatalog,200,91,shippingservice,server,37,1,1,1,0
2,frontcatalog,200,107,adservice,server,17,2,2,2,0
2,frontcatalog,200,107,cartservice,server,30,2,2,2,0
2,frontcatalog,200,107,checkoutservice,checkout,47,1,1,1,0
2,frontcatalog,200,107,currencyservice,server,31,2,2,2,0
2,frontcatalog,200,107,emailservice,email,32,2,2,2,0
2,frontcatalog,200,107,frontend,productcatalog,58,3,3,3,0
2,frontcatalog,200,107,frontend,server,77,3,3,3,0
2,frontcatalog,200,107,paymentservice,payment,16,2,2,2,0
2,frontcatalog,200,107,recommendationservice,server,44,2,2,2,0
2,frontcatalog,200,107,redis-cart,-,,1,1,1,0
2,frontcatalog,200,107,shippingservice,server,40,1,1,1,0
2,frontcatalog,200,122,adservice,server,16,2,2,2,0
2,frontcatalog,200,122,cartservice,server,27,2,2,2,0
2,frontcatalog,200,122,checkoutservice,checkout,44,1,1,1,0
2,frontcatalog,200,122,currencyservice,server,31,2,2,2,0
2,frontcatalog,200,122,emailservice,email,35,2,2,2,0
2,frontcatalog,200,122,frontend,productcatalog,62,3,3,3,0
2,frontcatalog,200,122,frontend,server,82,3,3,3,0
2,frontcatalog,200,122,paymentservice,payment,11,2,2,2,0
2,frontcatalog,200,122,recommendationservice,server,45,2,2,2,0
2,frontcatalog,200,122,redis-cart,-,,1,1,1,0
2,frontcatalog,200,122,shippingservice,server,40,1,1,1,0
2,frontcatalog,200,137,adservice,server,16,2,2,2,0
2,frontcatalog,200,137,cartservice,server,28,2,2,2,0
2,frontcatalog,200,137,checkoutservice,checkout,51,1,1,1,0
2,frontcatalog,200,137,currencyservice,server,30,2,2,2,0
2,frontcatalog,200,137,emailservice,email,34,2,2,2,0
2,frontcatalog,200,137,frontend,productcatalog,44,3,3,3,0
2,frontcatalog,200,137,frontend,server,52,3,3,3,0
2,frontcatalog,200,137,paymentservice,payment,13,2,2,2,0
2,frontcatalog,200,137,recommendationservice,server,45,2,2,2,0
2,frontcatalog,200,137,redis-cart,-,,1,1,1,0
2,frontcatalog,200,137,shippingservice,server,48,1,1,1,0
2,frontcatalog,200,152,adservice,server,19,2,2,2,0
2,frontcatalog,200,152,cartservice,server,37,2,2,2,0
2,frontcatalog,200,152,checkoutservice,checkout,42,1,1,1,0
2,frontcatalog,200,152,currencyservice,server,38,2,2,2,0
2,frontcatalog,200,152,emailservice,email,42,2,2,2,0
2,frontcatalog,200,152,frontend,productcatalog,43,3,3,3,0
2,frontcatalog,200,152,frontend,server,54,3,3,3,0
2,frontcatalog,200,152,paymentservice,payment,26,2,2,2,0
2,frontcatalog,200,152,recommendationservice,server,47,2,2,2,0
2,frontcatalog,200,152,redis-cart,-,,1,1,1,0
2,frontcatalog,200,152,shippingservice,server,42,1,1,1,0
2,frontcatalog,200,167,adservice,server,23,2,2,2,0
2,frontcatalog,200,167,cartservice,server,34,2,2,2,0
2,frontcatalog,200,167,checkoutservice,checkout,45,1,1,1,0
2,frontcatalog,200,167,currencyservice,server,32,2,2,2,0
2,frontcatalog,200,167,emailservice,email,36,2,2,2,0
2,frontcatalog,200,167,frontend,productcatalog,44,3,3,3,0
2,frontcatalog,200,167,frontend,server,52,3,3,3,0
2,frontcatalog,200,167,paymentservice,payment,13,2,2,2,0
2,frontcatalog,200,167,recommendationservice,server,45,2,2,2,0
2,frontcatalog,200,167,redis-cart,-,,1,1,1,0
2,frontcatalog,200,167,shippingservice,server,43,1,1,1,0
2,frontcatalog,200,183,adservice,server,17,2,2,2,0
2,frontcatalog,200,183,cartservice,server,30,2,2,2,0
2,frontcatalog,200,183,checkoutservice,checkout,42,1,1,1,0
2,frontcatalog,200,183,currencyservice,server,32,2,2,2,0
2,frontcatalog,200,183,emailservice,email,33,2,2,2,0
2,frontcatalog,200,183,frontend,productcatalog,40,3,3,3,0
2,frontcatalog,200,183,frontend,server,52,3,3,3,0
2,frontcatalog,200,183,paymentservice,payment,14,2,2,2,0
2,frontcatalog,200,183,recommendationservice,server,44,2,2,2,0
2,frontcatalog,200,183,redis-cart,-,,1,1,1,0
2,frontcatalog,200,183,shippingservice,server,43,1,1,1,0
2,frontcatalog,200,198,adservice,server,17,2,2,2,0
2,frontcatalog,200,198,cartservice,server,30,2,2,2,0
2,frontcatalog,200,198,checkoutservice,checkout,45,1,1,1,0
2,frontcatalog,200,198,currencyservice,server,32,2,2,2,0
2,frontcatalog,200,198,emailservice,email,36,2,2,2,0
2,frontcatalog,200,198,frontend,productcatalog,45,3,3,3,0
2,frontcatalog,200,198,frontend,server,54,3,3,3,0
2,frontcatalog,200,198,paymentservice,payment,14,2,2,2,0
2,frontcatalog,200,198,recommendationservice,server,46,2,2,2,0
2,frontcatalog,200,198,redis-cart,-,,1,1,1,0
2,frontcatalog,200,198,shippingservice,server,39,1,1,1,0
2,frontcatalog,200,213,adservice,server,17,2,2,2,0
2,frontcatalog,200,213,cartservice,server,41,2,2,2,0
2,frontcatalog,200,213,checkoutservice,checkout,45,1,1,1,0
2,frontcatalog,200,213,currencyservice,server,32,2,2,2,0
2,frontcatalog,200,213,emailservice,email,34,2,2,2,0
2,frontcatalog,200,213,frontend,productcatalog,40,3,3,3,0
2,frontcatalog,200,213,frontend,server,54,3,3,3,0
2,frontcatalog,200,213,paymentservice,payment,13,2,2,2,0
2,frontcatalog,200,213,recommendationservice,server,45,2,2,2,0
2,frontcatalog,200,213,redis-cart,-,,1,1,1,0
2,frontcatalog,200,213,shippingservice,server,43,1,1,1,0
2,frontcatalog,200,228,adservice,server,15,2,2,2,0
2,frontcatalog,200,228,cartservice,server,36,2,2,2,0
2,frontcatalog,200,228,checkoutservice,checkout,43,1,1,1,0
2,frontcatalog,200,228,currencyservice,server,30,2,2,2,0
2,frontcatalog,200,228,emailservice,email,32,2,2,2,0
2,frontcatalog,200,228,frontend,productcatalog,40,3,3,3,0
2,frontcatalog,200,228,frontend,server,55,3,3,3,0
2,frontcatalog,200,228,paymentservice,payment,12,2,2,2,0
2,frontcatalog,200,228,recommendationservice,server,44,2,2,2,0
2,frontcatalog,200,228,redis-cart,-,,1,1,1,0
2,frontcatalog,200,228,shippingservice,server,40,1,1,1,0
2,frontcatalog,200,243,adservice,server,15,2,2,2,0
2,frontcatalog,200,243,cartservice,server,30,2,2,2,0
2,frontcatalog,200,243,checkoutservice,checkout,43,1,1,1,0
2,frontcatalog,200,243,currencyservice,server,28,2,2,2,0
2,frontcatalog,200,243,emailservice,email,32,2,2,2,0
2,frontcatalog,200,243,frontend,productcatalog,39,3,3,3,0
2,frontcatalog,200,243,frontend,server,54,3,3,3,0
2,frontcatalog,200,243,paymentservice,payment,10,2,2,2,0
2,frontcatalog,200,243,recommendationservice,server,46,2,2,2,0
2,frontcatalog,200,243,redis-cart,-,,1,1,1,0
2,frontcatalog,200,243,shippingservice,server,37,1,1,1,0
2,frontcatalog,200,259,adservice,server,15,2,2,2,0
2,frontcatalog,200,259,cartservice,server,30,2,2,2,0
2,frontcatalog,200,259,checkoutservice,checkout,43,1,1,1,0
2,frontcatalog,200,259,currencyservice,server,29,2,2,2,0
2,frontcatalog,200,259,emailservice,email,32,2,2,2,0
2,frontcatalog,200,259,frontend,productcatalog,41,3,3,3,0
2,frontcatalog,200,259,frontend,server,54,3,3,3,0
2,frontcatalog,200,259,paymentservice,payment,12,2,2,2,0
2,frontcatalog,200,259,recommendationservice,server,45,2,2,2,0
2,frontcatalog,200,259,redis-cart,-,,1,1,1,0
2,frontcatalog,200,259,shippingservice,server,37,1,1,1,0
2,frontcatalog,200,274,adservice,server,15,2,2,2,0
2,frontcatalog,200,274,cartservice,server,32,2,2,2,0
2,frontcatalog,200,274,checkoutservice,checkout,43,1,1,1,0
2,frontcatalog,200,274,currencyservice,server,30,2,2,2,0
2,frontcatalog,200,274,emailservice,email,32,2,2,2,0
2,frontcatalog,200,274,frontend,productcatalog,42,3,3,3,0
2,frontcatalog,200,274,frontend,server,54,3,3,3,0
2,frontcatalog,200,274,paymentservice,payment,12,2,2,2,0
2,frontcatalog,200,274,recommendationservice,server,46,2,2,2,0
2,frontcatalog,200,274,redis-cart,-,,1,1,1,0
2,frontcatalog,200,274,shippingservice,server,38,1,1,1,0
2,frontcatalog,200,289,adservice,server,15,2,2,2,0
2,frontcatalog,200,289,cartservice,server,35,2,2,2,0
2,frontcatalog,200,289,checkoutservice,checkout,42,1,1,1,0
2,frontcatalog,200,289,currencyservice,server,30,2,2,2,0
2,frontcatalog,200,289,emailservice,email,32,2,2,2,0
2,frontcatalog,200,289,frontend,productcatalog,41,3,3,3,0
2,frontcatalog,200,289,frontend,server,54,3,3,3,0
2,frontcatalog,200,289,paymentservice,payment,14,2,2,2,0
2,frontcatalog,200,289,recommendationservice,server,45,2,2,2,0
2,frontcatalog,200,289,redis-cart,-,,1,1,1,0
2,frontcatalog,200,289,shippingservice,server,39,1,1,1,0
2,frontcatalog,200,304,adservice,server,15,2,2,2,0
2,frontcatalog,200,304,cartservice,server,32,2,2,2,0
2,frontcatalog,200,304,checkoutservice,checkout,42,1,1,1,0
2,frontcatalog,200,304,currencyservice,server,30,2,2,2,0
2,frontcatalog,200,304,emailservice,email,34,2,2,2,0
2,frontcatalog,200,304,frontend,productcatalog,42,3,3,3,0
2,frontcatalog,200,304,frontend,server,54,3,3,3,0
2,frontcatalog,200,304,paymentservice,payment,13,2,2,2,0
2,frontcatalog,200,304,recommendationservice,server,45,2,2,2,0
2,frontcatalog,200,304,redis-cart,-,,1,1,1,0
2,frontcatalog,200,304,shippingservice,server,41,1,1,1,0
2,frontcatalog,200,319,adservice,server,14,2,2,2,0
2,frontcatalog,200,319,cartservice,server,31,2,2,2,0
2,frontcatalog,200,319,checkoutservice,checkout,42,1,1,1,0
2,frontcatalog,200,319,currencyservice,server,31,2,2,2,0
2,frontcatalog,200,319,emailservice,email,32,2,2,2,0
2,frontcatalog,200,319,frontend,productcatalog,41,3,3,3,0
2,frontcatalog,200,319,frontend,server,52,3,3,3,0
2,frontcatalog,200,319,paymentservice,payment,14,2,2,2,0
2,frontcatalog,200,319,recommendationservice,server,43,2,2,2,0
2,frontcatalog,200,319,redis-cart,-,,1,1,1,0
2,frontcatalog,200,319,shippingservice,server,41,1,1,1,0
2,frontcatalog,200,335,adservice,server,15,2,2,2,0
2,frontcatalog,200,335,cartservice,server,35,2,2,2,0
2,frontcatalog,200,335,checkoutservice,checkout,43,1,1,1,0
2,frontcatalog,200,335,currencyservice,server,31,2,2,2,0
2,frontcatalog,200,335,emailservice,email,32,2,2,2,0
2,frontcatalog,200,335,frontend,productcatalog,43,3,3,3,0
2,frontcatalog,200,335,frontend,server,52,3,3,3,0
2,frontcatalog,200,335,paymentservice,payment,13,2,1,1,0
2,frontcatalog,200,335,recommendationservice,server,47,2,2,2,0
2,frontcatalog,200,335,redis-cart,-,,1,1,1,0
2,frontcatalog,200,335,shippingservice,server,38,1,1,1,0
2,frontcatalog,200,350,adservice,server,16,2,2,2,0
2,frontcatalog,200,350,cartservice,server,35,2,2,2,0
2,frontcatalog,200,350,checkoutservice,checkout,43,1,1,1,0
2,frontcatalog,200,350,currencyservice,server,29,2,2,2,0
2,frontcatalog,200,350,emailservice,email,32,2,2,2,0
2,frontcatalog,200,350,frontend,productcatalog,40,3,3,3,0
2,frontcatalog,200,350,frontend,server,54,3,3,3,0
2,frontcatalog,200,350,paymentservice,payment,22,1,1,1,0
2,frontcatalog,200,350,recommendationservice,server,44,2,2,2,0
2,frontcatalog,200,350,redis-cart,-,,1,1,1,0
2,frontcatalog,200,350,shippingservice,server,39,1,1,1,0
2,frontcatalog,200,365,adservice,server,14,2,1,1,0
2,frontcatalog,200,365,cartservice,server,26,2,2,2,0
2,frontcatalog,200,365,checkoutservice,checkout,43,1,1,1,0
2,frontcatalog,200,365,currencyservice,server,29,2,2,2,0
2,frontcatalog,200,365,emailservice,email,32,2,2,2,0
2,frontcatalog,200,365,frontend,productcatalog,38,3,3,3,0
2,frontcatalog,200,365,frontend,server,52,3,3,3,0
2,frontcatalog,200,365,paymentservice,payment,39,1,1,1,0
2,frontcatalog,200,365,recommendationservice,server,44,2,2,2,0
2,frontcatalog,200,365,redis-cart,-,,1,1,1,0
2,frontcatalog,200,365,shippingservice,server,38,1,1,1,0
2,frontcatalog,200,380,adservice,server,94,1,2,1,0
2,frontcatalog,200,380,cartservice,server,26,2,2,2,0
2,frontcatalog,200,380,checkoutservice,checkout,44,1,1,1,0
2,frontcatalog,200,380,currencyservice,server,30,2,2,2,0
2,frontcatalog,200,380,emailservice,email,34,2,2,2,0
2,frontcatalog,200,380,frontend,productcatalog,40,3,3,3,0
2,frontcatalog,200,380,frontend,server,53,3,3,3,0
2,frontcatalog,200,380,paymentservice,payment,29,1,1,1,0
2,frontcatalog,200,380,recommendationservice,server,45,2,2,2,0
2,frontcatalog,200,380,redis-cart,-,,1,1,1,0
2,frontcatalog,200,380,shippingservice,server,39,1,1,1,0
2,frontcatalog,200,395,adservice,server,139,2,2,1,0
2,frontcatalog,200,395,cartservice,server,33,2,2,2,0
2,frontcatalog,200,395,checkoutservice,checkout,45,1,1,1,0
2,frontcatalog,200,395,currencyservice,server,30,2,2,2,0
2,frontcatalog,200,395,emailservice,email,35,2,2,2,0
2,frontcatalog,200,395,frontend,productcatalog,39,3,3,3,0
2,frontcatalog,200,395,frontend,server,53,3,3,3,0
2,frontcatalog,200,395,paymentservice,payment,32,1,1,1,0
2,frontcatalog,200,395,recommendationservice,server,43,2,2,2,0
2,frontcatalog,200,395,redis-cart,-,,1,1,1,0
2,frontcatalog,200,395,shippingservice,server,39,1,1,1,0
2,frontcatalog,200,411,adservice,server,109,2,2,2,0
2,frontcatalog,200,411,cartservice,server,26,2,2,2,0
2,frontcatalog,200,411,checkoutservice,checkout,38,1,1,1,0
2,frontcatalog,200,411,currencyservice,server,32,2,2,2,0
2,frontcatalog,200,411,emailservice,email,35,2,2,2,0
2,frontcatalog,200,411,frontend,productcatalog,42,3,3,3,0
2,frontcatalog,200,411,frontend,server,52,3,3,3,0
2,frontcatalog,200,411,paymentservice,payment,28,1,1,1,0
2,frontcatalog,200,411,recommendationservice,server,45,2,2,2,0
2,frontcatalog,200,411,redis-cart,-,,1,1,1,0
2,frontcatalog,200,411,shippingservice,server,40,1,1,1,0
2,frontcatalog,200,426,adservice,server,87,2,2,2,0
2,frontcatalog,200,426,cartservice,server,32,2,2,2,0
2,frontcatalog,200,426,checkoutservice,checkout,43,1,1,1,0
2,frontcatalog,200,426,currencyservice,server,32,2,2,2,0
2,frontcatalog,200,426,emailservice,email,35,2,2,2,0
2,frontcatalog,200,426,frontend,productcatalog,42,3,3,3,0
2,frontcatalog,200,426,frontend,server,52,3,3,3,0
2,frontcatalog,200,426,paymentservice,payment,29,1,1,1,0
2,frontcatalog,200,426,recommendationservice,server,47,2,2,2,0
2,frontcatalog,200,426,redis-cart,-,,1,1,1,0
2,frontcatalog,200,426,shippingservice,server,45,1,1,1,0
2,frontcatalog,200,441,adservice,server,10,2,2,2,0
2,frontcatalog,200,441,cartservice,server,32,2,2,2,0
2,frontcatalog,200,441,checkoutservice,checkout,17,1,1,1,0
2,frontcatalog,200,441,currencyservice,server,16,2,2,2,0
2,frontcatalog,200,441,emailservice,email,28,2,2,2,0
2,frontcatalog,200,441,frontend,productcatalog,41,3,3,3,0
2,frontcatalog,200,441,frontend,server,9,3,3,3,0
2,frontcatalog,200,441,paymentservice,payment,16,1,1,1,0
2,frontcatalog,200,441,recommendationservice,server,20,2,2,2,0
2,frontcatalog,200,441,redis-cart,-,,1,1,1,0
2,frontcatalog,200,441,shippingservice,server,38,1,1,1,0
2,frontreco,200,0,adservice,-,,1,0,1,0
2,frontreco,200,0,cartservice,-,,1,0,1,0
2,frontreco,200,0,checkoutservice,checkout,0,1,1,1,0
2,frontreco,200,0,currencyservice,server,0,1,1,1,0
2,frontreco,200,0,emailservice,email,1,1,1,1,0
2,frontreco,200,0,frontend,-,,,0,1,0
2,frontreco,200,0,paymentservice,-,,,0,1,0
2,frontreco,200,0,productcatalogservice,-,,,0,1,0
2,frontreco,200,0,redis-cart,-,,1,1,1,0
2,frontreco,200,0,shippingservice,-,,,0,1,0
2,frontreco,200,15,adservice,-,,1,0,1,0
2,frontreco,200,15,cartservice,server,1,1,1,1,0
2,frontreco,200,15,checkoutservice,checkout,0,1,1,1,0
2,frontreco,200,15,currencyservice,server,0,1,1,1,0
2,frontreco,200,15,emailservice,email,3,1,1,1,0
2,frontreco,200,15,frontend,recommendation,0,1,1,1,0
2,frontreco,200,15,frontend,server,12,1,1,1,0
2,frontreco,200,15,paymentservice,payment,0,1,1,1,0
2,frontreco,200,15,productcatalogservice,server,0,1,1,1,0
2,frontreco,200,15,redis-cart,-,,1,1,1,0
2,frontreco,200,15,shippingservice,server,0,1,1,1,0
2,frontreco,200,30,adservice,-,,1,0,1,0
2,frontreco,200,30,cartservice,server,61,1,1,1,0
2,frontreco,200,30,checkoutservice,checkout,35,1,1,1,0
2,frontreco,200,30,currencyservice,server,50,1,1,1,0
2,frontreco,200,30,emailservice,email,85,1,2,1,1
2,frontreco,200,30,frontend,recommendation,85,1,3,1,2
2,frontreco,200,30,frontend,server,144,1,3,1,2
2,frontreco,200,30,paymentservice,payment,0,1,1,1,0
2,frontreco,200,30,productcatalogservice,server,9,1,1,1,0
2,frontreco,200,30,redis-cart,-,,1,1,1,0
2,frontreco,200,30,shippingservice,server,0,1,1,1,0
2,frontreco,200,45,adservice,server,131,1,2,1,1
2,frontreco,200,45,cartservice,server,82,1,2,1,1
2,frontreco,200,45,checkoutservice,checkout,59,1,1,1,0
2,frontreco,200,45,currencyservice,server,81,1,2,1,1
2,frontreco,200,45,emailservice,email,101,2,2,2,0
2,frontreco,200,45,frontend,recommendation,88,3,3,3,0
2,frontreco,200,45,frontend,server,149,3,3,3,0
2,frontreco,200,45,paymentservice,payment,60,1,1,1,0
2,frontreco,200,45,productcatalogservice,server,9,1,1,1,0
2,frontreco,200,45,redis-cart,-,,1,1,1,0
2,frontreco,200,45,shippingservice,server,19,1,1,1,0
2,frontreco,200,60,adservice,server,79,2,2,1,0
2,frontreco,200,60,cartservice,server,64,2,2,1,0
2,frontreco,200,60,checkoutservice,checkout,47,1,1,1,0
2,frontreco,200,60,currencyservice,server,72,2,2,2,0
2,frontreco,200,60,emailservice,email,76,2,2,2,0
2,frontreco,200,60,frontend,recommendation,88,3,3,3,0
2,frontreco,200,60,frontend,server,151,3,3,3,0
2,frontreco,200,60,paymentservice,payment,39,1,1,1,0
2,frontreco,200,60,productcatalogservice,server,140,2,2,2,0
2,frontreco,200,60,redis-cart,-,,1,1,1,0
2,frontreco,200,60,shippingservice,server,53,1,1,1,0
2,frontreco,200,76,adservice,server,46,2,2,1,0
2,frontreco,200,76,cartservice,server,64,2,2,2,0
2,frontreco,200,76,checkoutservice,checkout,39,1,1,1,0
2,frontreco,200,76,currencyservice,server,59,2,2,2,0
2,frontreco,200,76,emailservice,email,77,2,2,2,0
2,frontreco,200,76,frontend,recommendation,29,3,3,3,0
2,frontreco,200,76,frontend,server,50,3,3,3,0
2,frontreco,200,76,paymentservice,payment,26,1,1,1,0
2,frontreco,200,76,productcatalogservice,server,116,2,2,2,0
2,frontreco,200,76,redis-cart,-,,1,1,1,0
2,frontreco,200,76,shippingservice,server,38,1,1,1,0
2,frontreco,200,91,adservice,server,46,2,2,2,0
2,frontreco,200,91,cartservice,server,53,2,2,2,0
2,frontreco,200,91,checkoutservice,checkout,40,1,1,1,0
2,frontreco,200,91,currencyservice,server,28,2,2,2,0
2,frontreco,200,91,emailservice,email,34,2,2,2,0
2,frontreco,200,91,frontend,recommendation,29,3,3,3,0
2,frontreco,200,91,frontend,server,50,3,3,3,0
2,frontreco,200,91,paymentservice,payment,25,1,1,1,0
2,frontreco,200,91,productcatalogservice,server,59,2,2,2,0
2,frontreco,200,91,redis-cart,-,,1,1,1,0
2,frontreco,200,91,shippingservice,server,38,1,1,1,0
2,frontreco,200,106,adservice,server,42,2,2,2,0
2,frontreco,200,106,cartservice,server,66,2,2,2,0
2,frontreco,200,106,checkoutservice,checkout,43,1,1,1,0
2,frontreco,200,106,currencyservice,server,30,2,2,2,0
2,frontreco,200,106,emailservice,email,36,2,2,2,0
2,frontreco,200,106,frontend,recommendation,31,3,3,3,0
2,frontreco,200,106,frontend,server,53,3,3,3,0
2,frontreco,200,106,paymentservice,payment,25,1,1,1,0
2,frontreco,200,106,productcatalogservice,server,62,2,2,2,0
2,frontreco,200,106,redis-cart,-,,1,1,1,0
2,frontreco,200,106,shippingservice,server,39,1,1,1,0
2,frontreco,200,121,adservice,server,31,2,2,2,0
2,frontreco,200,121,cartservice,server,29,2,2,2,0
2,frontreco,200,121,checkoutservice,checkout,43,1,1,1,0
2,frontreco,200,121,currencyservice,server,27,2,2,2,0
2,frontreco,200,121,emailservice,email,31,2,2,2,0
2,frontreco,200,121,frontend,recommendation,30,3,3,3,0
2,frontreco,200,121,frontend,server,53,3,3,3,0
2,frontreco,200,121,paymentservice,payment,21,1,1,1,0
2,frontreco,200,121,productcatalogservice,server,57,2,2,2,0
2,frontreco,200,121,redis-cart,-,,1,1,1,0
2,frontreco,200,121,shippingservice,server,39,1,1,1,0
2,frontreco,200,136,adservice,server,16,2,2,2,0
2,frontreco,200,136,cartservice,server,30,2,2,2,0
2,frontreco,200,136,checkoutservice,checkout,42,1,1,1,0
2,frontreco,200,136,currencyservice,server,26,2,2,2,0
2,frontreco,200,136,emailservice,email,31,2,2,2,0
2,frontreco,200,136,frontend,recommendation,30,3,3,3,0
2,frontreco,200,136,frontend,server,53,3,3,3,0
2,frontreco,200,136,paymentservice,payment,22,1,1,1,0
2,frontreco,200,136,productcatalogservice,server,60,2,2,2,0
2,frontreco,200,136,redis-cart,-,,1,1,1,0
2,frontreco,200,136,shippingservice,server,36,1,1,1,0
2,frontreco,200,152,adservice,server,15,2,2,2,0
2,frontreco,200,152,cartservice,server,27,2,2,2,0
2,frontreco,200,152,checkoutservice,checkout,40,1,1,1,0
2,frontreco,200,152,currencyservice,server,26,2,2,2,0
2,frontreco,200,152,emailservice,email,29,2,2,2,0
2,frontreco,200,152,frontend,recommendation,31,3,3,3,0
2,frontreco,200,152,frontend,server,52,3,3,3,0
2,frontreco,200,152,paymentservice,payment,20,1,1,1,0
2,frontreco,200,152,productcatalogservice,server,55,2,2,2,0
2,frontreco,200,152,redis-cart,-,,1,1,1,0
2,frontreco,200,152,shippingservice,server,35,1,1,1,0
2,frontreco,200,167,adservice,server,16,2,2,2,0
2,frontreco,200,167,cartservice,server,51,2,2,2,0
2,frontreco,200,167,checkoutservice,checkout,49,1,1,1,0
2,frontreco,200,167,currencyservice,server,31,2,2,2,0
2,frontreco,200,167,emailservice,email,45,2,2,2,0
2,frontreco,200,167,frontend,recommendation,31,3,3,3,0
2,frontreco,200,167,frontend,server,52,3,3,3,0
2,frontreco,200,167,paymentservice,payment,51,1,1,1,0
2,frontreco,200,167,productcatalogservice,server,71,2,2,2,0
2,frontreco,200,167,redis-cart,-,,1,1,1,0
2,frontreco,200,167,shippingservice,server,45,1,1,1,0
2,frontreco,200,182,adservice,server,15,2,2,2,0
2,frontreco,200,182,cartservice,server,45,2,2,2,0
2,frontreco,200,182,checkoutservice,checkout,62,1,1,1,0
2,frontreco,200,182,currencyservice,server,44,2,2,2,0
2,frontreco,200,182,emailservice,email,50,2,2,2,0
2,frontreco,200,182,frontend,recommendation,28,3,3,3,0
2,frontreco,200,182,frontend,server,49,3,3,3,0
2,frontreco,200,182,paymentservice,payment,61,1,1,1,0
2,frontreco,200,182,productcatalogservice,server,73,2,2,2,0
2,frontreco,200,182,redis-cart,-,,1,1,1,0
2,frontreco,200,182,shippingservice,server,63,1,1,1,0
2,frontreco,200,197,adservice,server,16,2,2,2,0
2,frontreco,200,197,cartservice,server,32,2,2,2,0
2,frontreco,200,197,checkoutservice,checkout,46,1,1,1,0
2,frontreco,200,197,currencyservice,server,35,2,2,2,0
2,frontreco,200,197,emailservice,email,38,2,2,2,0
2,frontreco,200,197,frontend,recommendation,30,3,3,3,0
2,frontreco,200,197,frontend,server,55,3,3,3,0
2,frontreco,200,197,paymentservice,payment,30,1,1,1,0
2,frontreco,200,197,productcatalogservice,server,64,2,2,2,0
2,frontreco,200,197,redis-cart,-,,1,1,1,0
2,frontreco,200,197,shippingservice,server,43,1,1,1,0
2,frontreco,200,212,adservice,server,14,2,2,2,0
2,frontreco,200,212,cartservice,server,34,2,2,2,0
2,frontreco,200,212,checkoutservice,checkout,43,1,1,1,0
2,frontreco,200,212,currencyservice,server,32,2,2,2,0
2,frontreco,200,212,emailservice,email,39,2,2,2,0
2,frontreco,200,212,frontend,recommendation,31,3,3,3,0
2,frontreco,200,212,frontend,server,51,3,3,3,0
2,frontreco,200,212,paymentservice,payment,29,1,1,1,0
2,frontreco,200,212,productcatalogservice,server,65,2,2,2,0
2,frontreco,200,212,redis-cart,-,,1,1,1,0
2,frontreco,200,212,shippingservice,server,37,1,1,1,0
2,frontreco,200,228,adservice,server,16,2,2,2,0
2,frontreco,200,228,cartservice,server,37,2,2,2,0
2,frontreco,200,228,checkoutservice,checkout,43,1,1,1,0
2,frontreco,200,228,currencyservice,server,31,2,2,2,0
2,frontreco,200,228,emailservice,email,35,2,2,2,0
2,frontreco,200,228,frontend,recommendation,31,3,3,3,0
2,frontreco,200,228,frontend,server,54,3,3,3,0
2,frontreco,200,228,paymentservice,payment,29,1,1,1,0
2,frontreco,200,228,productcatalogservice,server,65,2,2,2,0
2,frontreco,200,228,redis-cart,-,,1,1,1,0
2,frontreco,200,228,shippingservice,server,41,1,1,1,0
2,frontreco,200,243,adservice,server,15,2,2,2,0
2,frontreco,200,243,cartservice,server,36,2,2,2,0
2,frontreco,200,243,checkoutservice,checkout,43,1,1,1,0
2,frontreco,200,243,currencyservice,server,31,2,2,2,0
2,frontreco,200,243,emailservice,email,33,2,2,2,0
2,frontreco,200,243,frontend,recommendation,31,3,3,3,0
2,frontreco,200,243,frontend,server,55,3,3,3,0
2,frontreco,200,243,paymentservice,payment,25,1,1,1,0
2,frontreco,200,243,productcatalogservice,server,62,2,2,2,0
2,frontreco,200,243,redis-cart,-,,1,1,1,0
2,frontreco,200,243,shippingservice,server,41,1,1,1,0
2,frontreco,200,258,adservice,server,15,2,2,2,0
2,frontreco,200,258,cartservice,server,35,2,2,2,0
2,frontreco,200,258,checkoutservice,checkout,44,1,1,1,0
2,frontreco,200,258,currencyservice,server,32,2,2,2,0
2,frontreco,200,258,emailservice,email,33,2,2,2,0
2,frontreco,200,258,frontend,recommendation,30,3,3,3,0
2,frontreco,200,258,frontend,server,53,3,3,3,0
2,frontreco,200,258,paymentservice,payment,25,1,1,1,0
2,frontreco,200,258,productcatalogservice,server,67,2,2,2,0
2,frontreco,200,258,redis-cart,-,,1,1,1,0
2,frontreco,200,258,shippingservice,server,37,1,1,1,0
2,frontreco,200,273,adservice,server,14,2,2,2,0
2,frontreco,200,273,cartservice,server,24,2,2,2,0
2,frontreco,200,273,checkoutservice,checkout,42,1,1,1,0
2,frontreco,200,273,currencyservice,server,31,2,2,2,0
2,frontreco,200,273,emailservice,email,46,2,2,2,0
2,frontreco,200,273,frontend,recommendation,31,3,3,3,0
2,frontreco,200,273,frontend,server,52,3,3,3,0
2,frontreco,200,273,paymentservice,payment,27,1,1,1,0
2,frontreco,200,273,productcatalogservice,server,62,2,2,2,0
2,frontreco,200,273,redis-cart,-,,1,1,1,0
2,frontreco,200,273,shippingservice,server,40,1,1,1,0
2,frontreco,200,288,adservice,server,15,2,2,2,0
2,frontreco,200,288,cartservice,server,32,2,2,2,0
2,frontreco,200,288,checkoutservice,checkout,43,1,1,1,0
2,frontreco,200,288,currencyservice,server,32,2,2,2,0
2,frontreco,200,288,emailservice,email,34,2,2,2,0
2,frontreco,200,288,frontend,recommendation,31,3,3,3,0
2,frontreco,200,288,frontend,server,55,3,3,3,0
2,frontreco,200,288,paymentservice,payment,28,1,1,1,0
2,frontreco,200,288,productcatalogservice,server,62,2,2,2,0
2,frontreco,200,288,redis-cart,-,,1,1,1,0
2,frontreco,200,288,shippingservice,server,37,1,1,1,0
2,frontreco,200,304,adservice,server,15,2,2,2,0
2,frontreco,200,304,cartservice,server,32,2,2,2,0
2,frontreco,200,304,checkoutservice,checkout,44,1,1,1,0
2,frontreco,200,304,currencyservice,server,31,2,2,2,0
2,frontreco,200,304,emailservice,email,34,2,2,2,0
2,frontreco,200,304,frontend,recommendation,31,3,3,3,0
2,frontreco,200,304,frontend,server,55,3,3,3,0
2,frontreco,200,304,paymentservice,payment,32,1,1,1,0
2,frontreco,200,304,productcatalogservice,server,64,2,2,2,0
2,frontreco,200,304,redis-cart,-,,1,1,1,0
2,frontreco,200,304,shippingservice,server,44,1,1,1,0
2,frontreco,200,319,adservice,server,15,2,2,2,0
2,frontreco,200,319,cartservice,server,32,2,2,2,0
2,frontreco,200,319,checkoutservice,checkout,44,1,1,1,0
2,frontreco,200,319,currencyservice,server,32,2,2,2,0
2,frontreco,200,319,emailservice,email,36,2,2,2,0
2,frontreco,200,319,frontend,recommendation,31,3,3,3,0
2,frontreco,200,319,frontend,server,54,3,3,3,0
2,frontreco,200,319,paymentservice,payment,37,1,1,1,0
2,frontreco,200,319,productcatalogservice,server,66,2,2,2,0
2,frontreco,200,319,redis-cart,-,,1,1,1,0
2,frontreco,200,319,shippingservice,server,57,1,1,1,0
2,frontreco,200,334,adservice,server,16,2,2,2,0
2,frontreco,200,334,cartservice,server,43,2,2,2,0
2,frontreco,200,334,checkoutservice,checkout,51,1,1,1,0
2,frontreco,200,334,currencyservice,server,42,2,2,2,0
2,frontreco,200,334,emailservice,email,45,2,2,2,0
2,frontreco,200,334,frontend,recommendation,30,3,3,3,0
2,frontreco,200,334,frontend,server,53,3,3,3,0
2,frontreco,200,334,paymentservice,payment,37,1,1,1,0
2,frontreco,200,334,productcatalogservice,server,71,2,2,2,0
2,frontreco,200,334,redis-cart,-,,1,1,1,0
2,frontreco,200,334,shippingservice,server,58,1,1,1,0
2,frontreco,200,349,adservice,server,14,2,2,2,0
2,frontreco,200,349,cartservice,server,45,2,2,2,0
2,frontreco,200,349,checkoutservice,checkout,57,1,1,1,0
2,frontreco,200,349,currencyservice,server,42,2,2,2,0
2,frontreco,200,349,emailservice,email,46,2,2,2,0
2,frontreco,200,349,frontend,recommendation,29,3,3,3,0
2,frontreco,200,349,frontend,server,49,3,3,3,0
2,frontreco,200,349,paymentservice,payment,66,1,1,1,0
2,frontreco,200,349,productcatalogservice,server,70,2,2,2,0
2,frontreco,200,349,redis-cart,-,,1,1,1,0
2,frontreco,200,349,shippingservice,server,48,1,1,1,0
2,frontreco,200,364,adservice,server,14,2,1,1,0
2,frontreco,200,364,cartservice,server,38,2,2,2,0
2,frontreco,200,364,checkoutservice,checkout,48,1,1,1,0
2,frontreco,200,364,currencyservice,server,42,2,2,2,0
2,frontreco,200,364,emailservice,email,46,2,2,2,0
2,frontreco,200,364,frontend,recommendation,29,3,3,3,0
2,frontreco,200,364,frontend,server,49,3,3,3,0
2,frontreco,200,364,paymentservice,payment,39,1,1,1,0
2,frontreco,200,364,productcatalogservice,server,66,2,2,2,0
2,frontreco,200,364,redis-cart,-,,1,1,1,0
2,frontreco,200,364,shippingservice,server,39,1,1,1,0
2,frontreco,200,380,adservice,server,28,1,1,1,0
2,frontreco,200,380,cartservice,server,31,2,2,2,0
2,frontreco,200,380,checkoutservice,checkout,43,1,1,1,0
2,frontreco,200,380,currencyservice,server,30,2,2,2,0
2,frontreco,200,380,emailservice,email,33,2,2,2,0
2,frontreco,200,380,frontend,recommendation,31,3,3,3,0
2,frontreco,200,380,frontend,server,55,3,3,3,0
2,frontreco,200,380,paymentservice,payment,39,1,1,1,0
2,frontreco,200,380,productcatalogservice,server,62,2,2,2,0
2,frontreco,200,380,redis-cart,-,,1,1,1,0
2,frontreco,200,380,shippingservice,server,37,1,1,1,0
2,frontreco,200,395,adservice,server,28,1,1,1,0
2,frontreco,200,395,cartservice,server,27,2,2,2,0
2,frontreco,200,395,checkoutservice,checkout,37,1,1,1,0
2,frontreco,200,395,currencyservice,server,30,2,2,2,0
2,frontreco,200,395,emailservice,email,33,2,2,2,0
2,frontreco,200,395,frontend,recommendation,29,3,3,3,0
2,frontreco,200,395,frontend,server,52,3,3,3,0
2,frontreco,200,395,paymentservice,payment,27,1,1,1,0
2,frontreco,200,395,productcatalogservice,server,62,2,2,2,0
2,frontreco,200,395,redis-cart,-,,1,1,1,0
2,frontreco,200,395,shippingservice,server,39,1,1,1,0
2,frontreco,200,410,adservice,server,28,1,1,1,0
2,frontreco,200,410,cartservice,server,27,2,2,2,0
2,frontreco,200,410,checkoutservice,checkout,42,1,1,1,0
2,frontreco,200,410,currencyservice,server,31,2,2,2,0
2,frontreco,200,410,emailservice,email,35,2,2,2,0
2,frontreco,200,410,frontend,recommendation,31,3,3,3,0
2,frontreco,200,410,frontend,server,52,3,3,3,0
2,frontreco,200,410,paymentservice,payment,26,1,1,1,0
2,frontreco,200,410,productcatalogservice,server,64,2,2,2,0
2,frontreco,200,410,redis-cart,-,,1,1,1,0
2,frontreco,200,410,shippingservice,server,39,1,1,1,0
2,frontreco,200,425,adservice,server,29,1,1,1,0
2,frontreco,200,425,cartservice,server,31,2,2,2,0
2,frontreco,200,425,checkoutservice,checkout,42,1,1,1,0
2,frontreco,200,425,currencyservice,server,30,2,2,2,0
2,frontreco,200,425,emailservice,email,32,2,2,2,0
2,frontreco,200,425,frontend,recommendation,30,3,3,3,0
2,frontreco,200,425,frontend,server,55,3,3,3,0
2,frontreco,200,425,paymentservice,payment,26,1,1,1,0
2,frontreco,200,425,productcatalogservice,server,61,2,2,2,0
2,frontreco,200,425,redis-cart,-,,1,1,1,0
2,frontreco,200,425,shippingservice,server,36,1,1,1,0
2,frontreco,200,440,adservice,server,28,1,1,1,0
2,frontreco,200,440,cartservice,server,27,2,2,2,0
2,frontreco,200,440,checkoutservice,checkout,43,1,1,1,0
2,frontreco,200,440,currencyservice,server,29,2,2,2,0
2,frontreco,200,440,emailservice,email,32,2,2,2,0
2,frontreco,200,440,frontend,recommendation,30,3,3,3,0
2,frontreco,200,440,frontend,server,55,3,3,3,0
2,frontreco,200,440,paymentservice,payment,23,1,1,1,0
2,frontreco,200,440,productcatalogservice,server,59,2,2,2,0
2,frontreco,200,440,redis-cart,-,,1,1,1,0
2,frontreco,200,440,shippingservice,server,16,1,1,1,0
2,frontcart,200,0,adservice,-,,1,0,1,0
2,frontcart,200,0,checkoutservice,checkout,0,1,1,1,0
2,frontcart,200,0,currencyservice,server,0,1,1,1,0
2,frontcart,200,0,emailservice,email,1,1,1,1,0
2,frontcart,200,0,frontend,-,,1,0,1,0
2,frontcart,200,0,paymentservice,-,,,0,1,0
2,frontcart,200,0,productcatalogservice,-,,,0,1,0
2,frontcart,200,0,recommendationservice,-,,,0,1,0
2,frontcart,200,0,redis-cart,-,,1,1,1,0
2,frontcart,200,0,shippingservice,-,,,0,1,0
2,frontcart,200,15,adservice,-,,1,0,1,0
2,frontcart,200,15,checkoutservice,checkout,0,1,1,1,0
2,frontcart,200,15,currencyservice,server,23,1,1,1,0
2,frontcart,200,15,emailservice,email,18,1,1,1,0
2,frontcart,200,15,frontend,cartservice,1,1,1,1,0
2,frontcart,200,15,frontend,server,0,1,1,1,0
2,frontcart,200,15,paymentservice,payment,2,1,1,1,0
2,frontcart,200,15,productcatalogservice,server,0,1,1,1,0
2,frontcart,200,15,recommendationservice,server,0,1,1,1,0
2,frontcart,200,15,redis-cart,-,,1,1,1,0
2,frontcart,200,15,shippingservice,server,0,1,1,1,0
2,frontcart,200,30,adservice,server,109,1,2,1,0
2,frontcart,200,30,checkoutservice,checkout,34,1,1,1,0
2,frontcart,200,30,currencyservice,server,74,1,1,1,0
2,frontcart,200,30,emailservice,email,78,1,2,1,1
2,frontcart,200,30,frontend,cartservice,131,1,2,1,1
2,frontcart,200,30,frontend,server,133,1,2,1,1
2,frontcart,200,30,paymentservice,payment,65,1,1,1,0
2,frontcart,200,30,productcatalogservice,server,0,1,1,1,0
2,frontcart,200,30,recommendationservice,server,0,1,1,1,0
2,frontcart,200,30,redis-cart,-,,1,1,1,0
2,frontcart,200,30,shippingservice,server,0,1,1,1,0
2,frontcart,200,46,adservice,server,109,2,2,1,0
2,frontcart,200,46,checkoutservice,checkout,43,1,1,1,0
2,frontcart,200,46,currencyservice,server,63,1,1,1,0
2,frontcart,200,46,emailservice,email,71,2,2,2,0
2,frontcart,200,46,frontend,cartservice,66,2,3,1,1
2,frontcart,200,46,frontend,server,160,2,3,1,1
2,frontcart,200,46,paymentservice,payment,37,1,1,1,0
2,frontcart,200,46,productcatalogservice,server,129,2,2,2,0
2,frontcart,200,46,recommendationservice,server,63,1,1,1,0
2,frontcart,200,46,redis-cart,-,,1,1,1,0
2,frontcart,200,46,shippingservice,server,31,1,1,1,0
2,frontcart,200,61,adservice,server,95,2,2,1,0
2,frontcart,200,61,checkoutservice,checkout,54,1,1,1,0
2,frontcart,200,61,currencyservice,server,73,1,1,1,0
2,frontcart,200,61,emailservice,email,81,2,2,2,0
2,frontcart,200,61,frontend,cartservice,74,3,3,2,0
2,frontcart,200,61,frontend,server,156,3,3,2,0
2,frontcart,200,61,paymentservice,payment,37,1,1,1,0
2,frontcart,200,61,productcatalogservice,server,138,2,2,2,0
2,frontcart,200,61,recommendationservice,server,92,2,2,2,0
2,frontcart,200,61,redis-cart,-,,1,1,1,0
2,frontcart,200,61,shippingservice,server,38,1,1,1,0
2,frontcart,200,76,adservice,server,66,2,2,2,0
2,frontcart,200,76,checkoutservice,checkout,43,1,1,1,0
2,frontcart,200,76,currencyservice,server,65,1,1,1,0
2,frontcart,200,76,emailservice,email,70,2,2,2,0
2,frontcart,200,76,frontend,cartservice,60,3,3,3,0
2,frontcart,200,76,frontend,server,159,3,3,3,0
2,frontcart,200,76,paymentservice,payment,41,1,1,1,0
2,frontcart,200,76,productcatalogservice,server,60,2,2,2,0
2,frontcart,200,76,recommendationservice,server,46,2,2,2,0
2,frontcart,200,76,redis-cart,-,,1,1,1,0
2,frontcart,200,76,shippingservice,server,39,1,1,1,0
2,frontcart,200,91,adservice,server,42,2,2,2,0
2,frontcart,200,91,checkoutservice,checkout,40,1,1,1,0
2,frontcart,200,91,currencyservice,server,56,1,1,1,0
2,frontcart,200,91,emailservice,email,31,2,2,2,0
2,frontcart,200,91,frontend,cartservice,26,3,3,3,0
2,frontcart,200,91,frontend,server,77,3,3,3,0
2,frontcart,200,91,paymentservice,payment,24,1,1,1,0
2,frontcart,200,91,productcatalogservice,server,60,2,2,2,0
2,frontcart,200,91,recommendationservice,server,44,2,2,2,0
2,frontcart,200,91,redis-cart,-,,1,1,1,0
2,frontcart,200,91,shippingservice,server,37,1,1,1,0
2,frontcart,200,106,adservice,server,16,2,2,2,0
2,frontcart,200,106,checkoutservice,checkout,42,1,1,1,0
2,frontcart,200,106,currencyservice,server,54,1,1,1,0
2,frontcart,200,106,emailservice,email,30,2,2,2,0
2,frontcart,200,106,frontend,cartservice,26,3,3,3,0
2,frontcart,200,106,frontend,server,79,3,3,3,0
2,frontcart,200,106,paymentservice,payment,21,1,1,1,0
2,frontcart,200,106,productcatalogservice,server,57,2,2,2,0
2,frontcart,200,106,recommendationservice,server,44,2,2,2,0
2,frontcart,200,106,redis-cart,-,,1,1,1,0
2,frontcart,200,106,shippingservice,server,35,1,1,1,0
2,frontcart,200,122,adservice,server,17,2,2,2,0
2,frontcart,200,122,checkoutservice,checkout,46,1,1,1,0
2,frontcart,200,122,currencyservice,server,57,1,1,1,0
2,frontcart,200,122,emailservice,email,30,2,2,2,0
2,frontcart,200,122,frontend,cartservice,25,3,3,3,0
2,frontcart,200,122,frontend,server,52,3,3,3,0
2,frontcart,200,122,paymentservice,payment,31,1,1,1,0
2,frontcart,200,122,productcatalogservice,server,63,2,2,2,0
2,frontcart,200,122,recommendationservice,server,47,2,2,2,0
2,frontcart,200,122,redis-cart,-,,1,1,1,0
2,frontcart,200,122,shippingservice,server,37,1,1,1,0
2,frontcart,200,137,adservice,server,17,2,2,2,0
2,frontcart,200,137,checkoutservice,checkout,46,1,1,1,0
2,frontcart,200,137,currencyservice,server,65,1,1,1,0
2,frontcart,200,137,emailservice,email,39,2,2,2,0
2,frontcart,200,137,frontend,cartservice,25,3,3,3,0
2,frontcart,200,137,frontend,server,52,3,3,3,0
2,frontcart,200,137,paymentservice,payment,31,1,1,1,0
2,frontcart,200,137,productcatalogservice,server,61,2,2,2,0
2,frontcart,200,137,recommendationservice,server,43,2,2,2,0
2,frontcart,200,137,redis-cart,-,,1,1,1,0
2,frontcart,200,137,shippingservice,server,40,1,1,1,0
2,frontcart,200,152,adservice,server,17,2,2,2,0
2,frontcart,200,152,checkoutservice,checkout,40,1,1,1,0
2,frontcart,200,152,currencyservice,server,68,1,1,1,0
2,frontcart,200,152,emailservice,email,38,2,2,2,0
2,frontcart,200,152,frontend,cartservice,26,3,3,3,0
2,frontcart,200,152,frontend,server,56,3,3,3,0
2,frontcart,200,152,paymentservice,payment,27,1,1,1,0
2,frontcart,200,152,productcatalogservice,server,70,2,2,2,0
2,frontcart,200,152,recommendationservice,server,49,2,2,2,0
2,frontcart,200,152,redis-cart,-,,1,1,1,0
2,frontcart,200,152,shippingservice,server,43,1,1,1,0
2,frontcart,200,167,adservice,server,16,2,2,2,0
2,frontcart,200,167,checkoutservice,checkout,44,1,1,1,0
2,frontcart,200,167,currencyservice,server,63,1,1,1,0
2,frontcart,200,167,emailservice,email,34,2,2,2,0
2,frontcart,200,167,frontend,cartservice,22,3,3,3,0
2,frontcart,200,167,frontend,server,56,3,3,3,0
2,frontcart,200,167,paymentservice,payment,30,1,1,1,0
2,frontcart,200,167,productcatalogservice,server,67,2,2,2,0
2,frontcart,200,167,recommendationservice,server,46,2,2,2,0
2,frontcart,200,167,redis-cart,-,,1,1,1,0
2,frontcart,200,167,shippingservice,server,40,1,1,1,0
2,frontcart,200,182,adservice,server,16,2,2,2,0
2,frontcart,200,182,checkoutservice,checkout,50,1,1,1,0
2,frontcart,200,182,currencyservice,server,70,1,1,1,0
2,frontcart,200,182,emailservice,email,34,2,2,2,0
2,frontcart,200,182,frontend,cartservice,22,3,3,3,0
2,frontcart,200,182,frontend,server,55,3,3,3,0
2,frontcart,200,182,paymentservice,payment,45,1,1,1,0
2,frontcart,200,182,productcatalogservice,server,66,2,2,2,0
2,frontcart,200,182,recommendationservice,server,46,2,2,2,0
2,frontcart,200,182,redis-cart,-,,1,1,1,0
2,frontcart,200,182,shippingservice,server,58,1,1,1,0
2,frontcart,200,198,adservice,server,15,2,2,2,0
2,frontcart,200,198,checkoutservice,checkout,57,1,1,1,0
2,frontcart,200,198,currencyservice,server,80,1,2,2,0
2,frontcart,200,198,emailservice,email,43,2,2,2,0
2,frontcart,200,198,frontend,cartservice,27,3,3,3,0
2,frontcart,200,198,frontend,server,50,3,3,3,0
2,frontcart,200,198,paymentservice,payment,58,1,1,1,0
2,frontcart,200,198,productcatalogservice,server,67,2,2,2,0
2,frontcart,200,198,recommendationservice,server,42,2,2,2,0
2,frontcart,200,198,redis-cart,-,,1,1,1,0
2,frontcart,200,198,shippingservice,server,51,1,1,1,0
2,frontcart,200,213,adservice,server,16,2,2,2,0
2,frontcart,200,213,checkoutservice,checkout,45,1,1,1,0
2,frontcart,200,213,currencyservice,server,67,2,2,2,0
2,frontcart,200,213,emailservice,email,37,2,2,2,0
2,frontcart,200,213,frontend,cartservice,26,3,3,3,0
2,frontcart,200,213,frontend,server,55,3,3,3,0
2,frontcart,200,213,paymentservice,payment,29,1,1,1,0
2,frontcart,200,213,productcatalogservice,server,69,2,2,2,0
2,frontcart,200,213,recommendationservice,server,47,2,2,2,0
2,frontcart,200,213,redis-cart,-,,1,1,1,0
2,frontcart,200,213,shippingservice,server,41,1,1,1,0
2,frontcart,200,228,adservice,server,14,2,2,2,0
2,frontcart,200,228,checkoutservice,checkout,55,1,1,1,0
2,frontcart,200,228,currencyservice,server,79,2,2,2,0
2,frontcart,200,228,emailservice,email,44,2,2,2,0
2,frontcart,200,228,frontend,cartservice,28,3,3,3,0
2,frontcart,200,228,frontend,server,51,3,3,3,0
2,frontcart,200,228,paymentservice,payment,68,1,1,1,0
2,frontcart,200,228,productcatalogservice,server,69,2,2,2,0
2,frontcart,200,228,recommendationservice,server,44,2,2,2,0
2,frontcart,200,228,redis-cart,-,,1,1,1,0
2,frontcart,200,228,shippingservice,server,57,1,1,1,0
2,frontcart,200,243,adservice,server,15,2,2,2,0
2,frontcart,200,243,checkoutservice,checkout,48,1,1,1,0
2,frontcart,200,243,currencyservice,server,34,2,2,2,0
2,frontcart,200,243,emailservice,email,44,2,2,2,0
2,frontcart,200,243,frontend,cartservice,28,3,3,3,0
2,frontcart,200,243,frontend,server,52,3,3,3,0
2,frontcart,200,243,paymentservice,payment,28,1,1,1,0
2,frontcart,200,243,productcatalogservice,server,66,2,2,2,0
2,frontcart,200,243,recommendationservice,server,43,2,2,2,0
2,frontcart,200,243,redis-cart,-,,1,1,1,0
2,frontcart,200,243,shippingservice,server,42,1,1,1,0
2,frontcart,200,258,adservice,server,15,2,2,2,0
2,frontcart,200,258,checkoutservice,checkout,43,1,1,1,0
2,frontcart,200,258,currencyservice,server,34,2,2,2,0
2,frontcart,200,258,emailservice,email,37,2,2,2,0
2,frontcart,200,258,frontend,cartservice,20,3,3,3,0
2,frontcart,200,258,frontend,server,54,3,3,3,0
2,frontcart,200,258,paymentservice,payment,28,1,1,1,0
2,frontcart,200,258,productcatalogservice,server,68,2,2,2,0
2,frontcart,200,258,recommendationservice,server,44,2,2,2,0
2,frontcart,200,258,redis-cart,-,,1,1,1,0
2,frontcart,200,258,shippingservice,server,43,1,1,1,0
2,frontcart,200,274,adservice,server,16,2,2,2,0
2,frontcart,200,274,checkoutservice,checkout,50,1,1,1,0
2,frontcart,200,274,currencyservice,server,36,2,2,2,0
2,frontcart,200,274,emailservice,email,37,2,2,2,0
2,frontcart,200,274,frontend,cartservice,25,3,3,3,0
2,frontcart,200,274,frontend,server,55,3,3,3,0
2,frontcart,200,274,paymentservice,payment,43,1,1,1,0
2,frontcart,200,274,productcatalogservice,server,71,2,2,2,0
2,frontcart,200,274,recommendationservice,server,47,2,2,2,0
2,frontcart,200,274,redis-cart,-,,1,1,1,0
2,frontcart,200,274,shippingservice,server,44,1,1,1,0
2,frontcart,200,289,adservice,server,15,2,2,2,0
2,frontcart,200,289,checkoutservice,checkout,43,1,1,1,0
2,frontcart,200,289,currencyservice,server,33,2,2,2,0
2,frontcart,200,289,emailservice,email,34,2,2,2,0
2,frontcart,200,289,frontend,cartservice,23,3,3,3,0
2,frontcart,200,289,frontend,server,54,3,3,3,0
2,frontcart,200,289,paymentservice,payment,28,1,1,1,0
2,frontcart,200,289,productcatalogservice,server,65,2,2,2,0
2,frontcart,200,289,recommendationservice,server,45,2,2,2,0
2,frontcart,200,289,redis-cart,-,,1,1,1,0
2,frontcart,200,289,shippingservice,server,40,1,1,1,0
2,frontcart,200,304,adservice,server,17,2,2,2,0
2,frontcart,200,304,checkoutservice,checkout,45,1,1,1,0
2,frontcart,200,304,currencyservice,server,32,2,2,2,0
2,frontcart,200,304,emailservice,email,39,2,2,2,0
2,frontcart,200,304,frontend,cartservice,21,3,3,3,0
2,frontcart,200,304,frontend,server,56,3,3,3,0
2,frontcart,200,304,paymentservice,payment,32,1,1,1,0
2,frontcart,200,304,productcatalogservice,server,68,2,2,2,0
2,frontcart,200,304,recommendationservice,server,45,2,2,2,0
2,frontcart,200,304,redis-cart,-,,1,1,1,0
2,frontcart,200,304,shippingservice,server,40,1,1,1,0
2,frontcart,200,319,adservice,server,17,2,2,2,0
2,frontcart,200,319,checkoutservice,checkout,42,1,1,1,0
2,frontcart,200,319,currencyservice,server,31,2,2,2,0
2,frontcart,200,319,emailservice,email,35,2,2,2,0
2,frontcart,200,319,frontend,cartservice,21,3,3,3,0
2,frontcart,200,319,frontend,server,56,3,3,3,0
2,frontcart,200,319,paymentservice,payment,29,1,1,1,0
2,frontcart,200,319,productcatalogservice,server,66,2,2,2,0
2,frontcart,200,319,recommendationservice,server,47,2,2,2,0
2,frontcart,200,319,redis-cart,-,,1,1,1,0
2,frontcart,200,319,shippingservice,server,41,1,1,1,0
2,frontcart,200,334,adservice,server,15,2,2,2,0
2,frontcart,200,334,checkoutservice,checkout,40,1,1,1,0
2,frontcart,200,334,currencyservice,server,32,2,2,2,0
2,frontcart,200,334,emailservice,email,32,2,2,2,0
2,frontcart,200,334,frontend,cartservice,21,3,3,3,0
2,frontcart,200,334,frontend,server,51,3,3,3,0
2,frontcart,200,334,paymentservice,payment,23,1,1,1,0
2,frontcart,200,334,productcatalogservice,server,61,2,2,2,0
2,frontcart,200,334,recommendationservice,server,42,2,2,2,0
2,frontcart,200,334,redis-cart,-,,1,1,1,0
2,frontcart,200,334,shippingservice,server,38,1,1,1,0
2,frontcart,200,350,adservice,server,16,2,2,2,0
2,frontcart,200,350,checkoutservice,checkout,46,1,1,1,0
2,frontcart,200,350,currencyservice,server,32,2,2,2,0
2,frontcart,200,350,emailservice,email,34,2,2,2,0
2,frontcart,200,350,frontend,cartservice,24,3,3,3,0
2,frontcart,200,350,frontend,server,56,3,3,3,0
2,frontcart,200,350,paymentservice,payment,29,1,1,1,0
2,frontcart,200,350,productcatalogservice,server,64,2,2,2,0
2,frontcart,200,350,recommendationservice,server,48,2,2,2,0
2,frontcart,200,350,redis-cart,-,,1,1,1,0
2,frontcart,200,350,shippingservice,server,38,1,1,1,0
2,frontcart,200,365,adservice,server,15,2,2,2,0
2,frontcart,200,365,checkoutservice,checkout,41,1,1,1,0
2,frontcart,200,365,currencyservice,server,30,2,2,2,0
2,frontcart,200,365,emailservice,email,37,2,2,2,0
2,frontcart,200,365,frontend,cartservice,20,3,3,3,0
2,frontcart,200,365,frontend,server,54,3,3,3,0
2,frontcart,200,365,paymentservice,payment,23,1,1,1,0
2,frontcart,200,365,productcatalogservice,server,63,2,2,2,0
2,frontcart,200,365,recommendationservice,server,43,2,2,2,0
2,frontcart,200,365,redis-cart,-,,1,1,1,0
2,frontcart,200,365,shippingservice,server,39,1,1,1,0
2,frontcart,200,380,adservice,server,16,2,1,1,0
2,frontcart,200,380,checkoutservice,checkout,46,1,1,1,0
2,frontcart,200,380,currencyservice,server,33,2,2,2,0
2,frontcart,200,380,emailservice,email,34,2,2,2,0
2,frontcart,200,380,frontend,cartservice,22,3,3,3,0
2,frontcart,200,380,frontend,server,56,3,3,3,0
2,frontcart,200,380,paymentservice,payment,30,1,1,1,0
2,frontcart,200,380,productcatalogservice,server,66,2,2,2,0
2,frontcart,200,380,recommendationservice,server,47,2,2,2,0
2,frontcart,200,380,redis-cart,-,,1,1,1,0
2,frontcart,200,380,shippingservice,server,41,1,1,1,0
2,frontcart,200,395,adservice,server,18,1,1,1,0
2,frontcart,200,395,checkoutservice,checkout,43,1,1,1,0
2,frontcart,200,395,currencyservice,server,33,2,2,2,0
2,frontcart,200,395,emailservice,email,34,2,2,2,0
2,frontcart,200,395,frontend,cartservice,24,3,3,3,0
2,frontcart,200,395,frontend,server,54,3,3,3,0
2,frontcart,200,395,paymentservice,payment,34,1,1,1,0
2,frontcart,200,395,productcatalogservice,server,67,2,2,2,0
2,frontcart,200,395,recommendationservice,server,46,2,2,2,0
2,frontcart,200,395,redis-cart,-,,1,1,1,0
2,frontcart,200,395,shippingservice,server,41,1,1,1,0
2,frontcart,200,410,adservice,server,18,1,1,1,0
2,frontcart,200,410,checkoutservice,checkout,51,1,1,1,0
2,frontcart,200,410,currencyservice,server,33,2,2,2,0
2,frontcart,200,410,emailservice,email,40,2,2,2,0
2,frontcart,200,410,frontend,cartservice,21,3,3,3,0
2,frontcart,200,410,frontend,server,53,3,3,3,0
2,frontcart,200,410,paymentservice,payment,43,1,1,1,0
2,frontcart,200,410,productcatalogservice,server,70,2,2,2,0
2,frontcart,200,410,recommendationservice,server,44,2,2,2,0
2,frontcart,200,410,redis-cart,-,,1,1,1,0
2,frontcart,200,410,shippingservice,server,50,1,1,1,0
2,frontcart,200,426,adservice,server,121,1,2,1,0
2,frontcart,200,426,checkoutservice,checkout,47,1,1,1,0
2,frontcart,200,426,currencyservice,server,41,2,2,2,0
2,frontcart,200,426,emailservice,email,43,2,2,2,0
2,frontcart,200,426,frontend,cartservice,26,3,3,3,0
2,frontcart,200,426,frontend,server,54,3,3,3,0
2,frontcart,200,426,paymentservice,payment,40,1,1,1,0
2,frontcart,200,426,productcatalogservice,server,70,2,2,2,0
2,frontcart,200,426,recommendationservice,server,47,2,2,2,0
2,frontcart,200,426,redis-cart,-,,1,1,1,0
2,frontcart,200,426,shippingservice,server,51,1,1,1,0
2,frontcart,200,441,adservice,server,54,2,2,1,0
2,frontcart,200,441,checkoutservice,checkout,52,1,1,1,0
2,frontcart,200,441,currencyservice,server,27,2,2,2,0
2,frontcart,200,441,emailservice,email,47,2,2,2,0
2,frontcart,200,441,frontend,cartservice,30,3,3,3,0
2,frontcart,200,441,frontend,server,51,3,3,3,0
2,frontcart,200,441,paymentservice,payment,56,1,1,1,0
2,frontcart,200,441,productcatalogservice,server,57,2,2,2,0
2,frontcart,200,441,recommendationservice,server,43,2,2,2,0
2,frontcart,200,441,redis-cart,-,,1,1,1,0
2,frontcart,200,441,shippingservice,server,51,1,1,1,0
3,normal,200,0,adservice,-,,1,0,1,0
3,normal,200,0,cartservice,-,,1,0,1,0
3,normal,200,0,checkoutservice,checkout,0,1,1,1,0
3,normal,200,0,currencyservice,server,0,1,1,1,0
3,normal,200,0,emailservice,email,1,1,1,1,0
3,normal,200,0,frontend,-,,,0,1,0
3,normal,200,0,paymentservice,-,,,0,1,0
3,normal,200,0,productcatalogservice,-,,,0,1,0
3,normal,200,0,recommendationservice,-,,,0,1,0
3,normal,200,0,redis-cart,-,,1,1,1,0
3,normal,200,0,shippingservice,-,,,0,1,0
3,normal,200,15,adservice,server,1,1,1,1,0
3,normal,200,15,cartservice,server,1,1,1,1,0
3,normal,200,15,checkoutservice,checkout,6,1,1,1,0
3,normal,200,15,currencyservice,server,0,1,1,1,0
3,normal,200,15,emailservice,email,4,1,1,1,0
3,normal,200,15,frontend,server,0,1,1,1,0
3,normal,200,15,paymentservice,payment,0,1,1,1,0
3,normal,200,15,productcatalogservice,server,0,1,1,1,0
3,normal,200,15,recommendationservice,server,0,1,1,1,0
3,normal,200,15,redis-cart,-,,1,1,1,0
3,normal,200,15,shippingservice,server,0,1,1,1,0
3,normal,200,30,adservice,server,144,1,3,1,0
3,normal,200,30,cartservice,server,90,1,2,1,0
3,normal,200,30,checkoutservice,checkout,6,1,1,1,0
3,normal,200,30,currencyservice,server,77,1,2,1,0
3,normal,200,30,emailservice,email,89,1,2,1,1
3,normal,200,30,frontend,server,111,1,2,1,1
3,normal,200,30,paymentservice,payment,61,1,1,1,0
3,normal,200,30,productcatalogservice,server,24,1,1,1,0
3,normal,200,30,recommendationservice,server,0,1,1,1,0
3,normal,200,30,redis-cart,-,,1,1,1,0
3,normal,200,30,shippingservice,server,0,1,1,1,0
3,normal,200,46,adservice,server,100,3,3,1,0
3,normal,200,46,cartservice,server,96,2,2,1,0
3,normal,200,46,checkoutservice,checkout,56,1,1,1,0
3,normal,200,46,currencyservice,server,91,2,2,2,0
3,normal,200,46,emailservice,email,101,2,2,2,0
3,normal,200,46,frontend,server,148,2,2,2,0
3,normal,200,46,paymentservice,payment,72,1,1,1,0
3,normal,200,46,productcatalogservice,server,147,3,3,3,0
3,normal,200,46,recommendationservice,server,89,2,2,2,0
3,normal,200,46,redis-cart,-,,1,1,1,0
3,normal,200,46,shippingservice,server,38,1,1,1,0
3,normal,200,61,adservice,server,72,3,3,1,0
3,normal,200,61,cartservice,server,71,2,2,2,0
3,normal,200,61,checkoutservice,checkout,57,1,1,1,0
3,normal,200,61,currencyservice,server,36,2,2,2,0
3,normal,200,61,emailservice,email,85,2,2,2,0
3,normal,200,61,frontend,server,148,2,2,2,0
3,normal,200,61,paymentservice,payment,49,1,1,1,0
3,normal,200,61,productcatalogservice,server,44,3,3,3,0
3,normal,200,61,recommendationservice,server,85,2,2,2,0
3,normal,200,61,redis-cart,-,,1,1,1,0
3,normal,200,61,shippingservice,server,51,1,1,1,0
3,normal,200,76,adservice,server,45,3,3,3,0
3,normal,200,76,cartservice,server,61,2,2,2,0
3,normal,200,76,checkoutservice,checkout,45,1,1,1,0
3,normal,200,76,currencyservice,server,32,2,2,2,0
3,normal,200,76,emailservice,email,40,2,2,2,0
3,normal,200,76,frontend,server,75,2,2,2,0
3,normal,200,76,paymentservice,payment,28,1,1,1,0
3,normal,200,76,productcatalogservice,server,42,3,3,3,0
3,normal,200,76,recommendationservice,server,45,2,2,2,0
3,normal,200,76,redis-cart,-,,1,1,1,0
3,normal,200,76,shippingservice,server,51,1,1,1,0
3,normal,200,91,adservice,server,37,3,3,3,0
3,normal,200,91,cartservice,server,48,2,2,2,0
3,normal,200,91,checkoutservice,checkout,58,1,1,1,0
3,normal,200,91,currencyservice,server,32,2,2,2,0
3,normal,200,91,emailservice,email,40,2,2,2,0
3,normal,200,91,frontend,server,75,2,2,2,0
3,normal,200,91,paymentservice,payment,65,1,1,1,0
3,normal,200,91,productcatalogservice,server,47,3,3,3,0
3,normal,200,91,recommendationservice,server,46,2,2,2,0
3,normal,200,91,redis-cart,-,,1,1,1,0
3,normal,200,91,shippingservice,server,45,1,1,1,0
3,normal,200,106,adservice,server,10,3,3,3,0
3,normal,200,106,cartservice,server,29,2,2,2,0
3,normal,200,106,checkoutservice,checkout,45,1,1,1,0
3,normal,200,106,currencyservice,server,44,2,2,2,0
3,normal,200,106,emailservice,email,42,2,2,2,0
3,normal,200,106,frontend,server,74,2,2,2,0
3,normal,200,106,paymentservice,payment,31,1,1,1,0
3,normal,200,106,productcatalogservice,server,42,3,3,3,0
3,normal,200,106,recommendationservice,server,42,2,2,2,0
3,normal,200,106,redis-cart,-,,1,1,1,0
3,normal,200,106,shippingservice,server,53,1,1,1,0
3,normal,200,122,adservice,server,11,3,3,3,0
3,normal,200,122,cartservice,server,28,2,2,2,0
3,normal,200,122,checkoutservice,checkout,50,1,1,1,0
3,normal,200,122,currencyservice,server,29,2,2,2,0
3,normal,200,122,emailservice,email,37,2,2,2,0
3,normal,200,122,frontend,server,78,2,3,2,0
3,normal,200,122,paymentservice,payment,28,1,1,1,0
3,normal,200,122,productcatalogservice,server,39,3,3,3,0
3,normal,200,122,recommendationservice,server,45,2,2,2,0
3,normal,200,122,redis-cart,-,,1,1,1,0
3,normal,200,122,shippingservice,server,40,1,1,1,0
3,normal,200,137,adservice,server,11,3,3,3,0
3,normal,200,137,cartservice,server,30,2,2,2,0
3,normal,200,137,checkoutservice,checkout,43,1,1,1,0
3,normal,200,137,currencyservice,server,29,2,2,2,0
3,normal,200,137,emailservice,email,33,2,2,2,0
3,normal,200,137,frontend,server,76,3,3,3,0
3,normal,200,137,paymentservice,payment,26,1,1,1,0
3,normal,200,137,productcatalogservice,server,39,3,3,3,0
3,normal,200,137,recommendationservice,server,44,2,2,2,0
3,normal,200,137,redis-cart,-,,1,1,1,0
3,normal,200,137,shippingservice,server,38,1,1,1,0
3,normal,200,152,adservice,server,10,3,3,3,0
3,normal,200,152,cartservice,server,30,2,2,2,0
3,normal,200,152,checkoutservice,checkout,44,1,1,1,0
3,normal,200,152,currencyservice,server,33,2,2,2,0
3,normal,200,152,emailservice,email,35,2,2,2,0
3,normal,200,152,frontend,server,78,3,3,3,0
3,normal,200,152,paymentservice,payment,27,1,1,1,0
3,normal,200,152,productcatalogservice,server,42,3,3,3,0
3,normal,200,152,recommendationservice,server,46,2,2,2,0
3,normal,200,152,redis-cart,-,,1,1,1,0
3,normal,200,152,shippingservice,server,41,1,1,1,0
3,normal,200,167,adservice,server,10,3,3,3,0
3,normal,200,167,cartservice,server,25,2,2,2,0
3,normal,200,167,checkoutservice,checkout,41,1,1,1,0
3,normal,200,167,currencyservice,server,30,2,2,2,0
3,normal,200,167,emailservice,email,34,2,2,2,0
3,normal,200,167,frontend,server,49,3,3,3,0
3,normal,200,167,paymentservice,payment,26,1,1,1,0
3,normal,200,167,productcatalogservice,server,39,3,3,3,0
3,normal,200,167,recommendationservice,server,44,2,2,2,0
3,normal,200,167,redis-cart,-,,1,1,1,0
3,normal,200,167,shippingservice,server,36,1,1,1,0
3,normal,200,182,adservice,server,12,3,3,3,0
3,normal,200,182,cartservice,server,33,2,2,2,0
3,normal,200,182,checkoutservice,checkout,47,1,1,1,0
3,normal,200,182,currencyservice,server,32,2,2,2,0
3,normal,200,182,emailservice,email,44,2,2,2,0
3,normal,200,182,frontend,server,53,3,3,3,0
3,normal,200,182,paymentservice,payment,29,1,1,1,0
3,normal,200,182,productcatalogservice,server,43,3,3,3,0
3,normal,200,182,recommendationservice,server,46,2,2,2,0
3,normal,200,182,redis-cart,-,,1,1,1,0
3,normal,200,182,shippingservice,server,43,1,1,1,0
3,normal,200,198,adservice,server,10,3,3,3,0
3,normal,200,198,cartservice,server,33,2,2,2,0
3,normal,200,198,checkoutservice,checkout,56,1,1,1,0
3,normal,200,198,currencyservice,server,41,2,2,2,0
3,normal,200,198,emailservice,email,46,2,2,2,0
3,normal,200,198,frontend,server,51,3,3,3,0
3,normal,200,198,paymentservice,payment,48,1,1,1,0
3,normal,200,198,productcatalogservice,server,49,3,3,3,0
3,normal,200,198,recommendationservice,server,45,2,2,2,0
3,normal,200,198,redis-cart,-,,1,1,1,0
3,normal,200,198,shippingservice,server,52,1,1,1,0
3,normal,200,213,adservice,server,11,3,3,3,0
3,normal,200,213,cartservice,server,41,2,2,2,0
3,normal,200,213,checkoutservice,checkout,49,1,1,1,0
3,normal,200,213,currencyservice,server,36,2,2,2,0
3,normal,200,213,emailservice,email,46,2,2,2,0
3,normal,200,213,frontend,server,52,3,3,3,0
3,normal,200,213,paymentservice,payment,46,1,1,1,0
3,normal,200,213,productcatalogservice,server,43,3,3,3,0
3,normal,200,213,recommendationservice,server,45,2,2,2,0
3,normal,200,213,redis-cart,-,,1,1,1,0
3,normal,200,213,shippingservice,server,45,1,1,1,0
3,normal,200,228,adservice,server,10,3,3,3,0
3,normal,200,228,cartservice,server,39,2,2,2,0
3,normal,200,228,checkoutservice,checkout,49,1,1,1,0
3,normal,200,228,currencyservice,server,36,2,2,2,0
3,normal,200,228,emailservice,email,39,2,2,2,0
3,normal,200,228,frontend,server,55,3,3,3,0
3,normal,200,228,paymentservice,payment,35,1,1,1,0
3,normal,200,228,productcatalogservice,server,46,3,3,3,0
3,normal,200,228,recommendationservice,server,47,2,2,2,0
3,normal,200,228,redis-cart,-,,1,1,1,0
3,normal,200,228,shippingservice,server,47,1,1,1,0
3,normal,200,243,adservice,server,11,3,3,3,0
3,normal,200,243,cartservice,server,34,2,2,2,0
3,normal,200,243,checkoutservice,checkout,45,1,1,1,0
3,normal,200,243,currencyservice,server,36,2,2,2,0
3,normal,200,243,emailservice,email,40,2,2,2,0
3,normal,200,243,frontend,server,54,3,3,3,0
3,normal,200,243,paymentservice,payment,34,1,1,1,0
3,normal,200,243,productcatalogservice,server,44,3,3,3,0
3,normal,200,243,recommendationservice,server,45,2,2,2,0
3,normal,200,243,redis-cart,-,,1,1,1,0
3,normal,200,243,shippingservice,server,47,1,1,1,0
3,normal,200,258,adservice,server,10,3,3,3,0
3,normal,200,258,cartservice,server,33,2,2,2,0
3,normal,200,258,checkoutservice,checkout,48,1,1,1,0
3,normal,200,258,currencyservice,server,36,2,2,2,0
3,normal,200,258,emailservice,email,39,2,2,2,0
3,normal,200,258,frontend,server,53,3,3,3,0
3,normal,200,258,paymentservice,payment,37,1,1,1,0
3,normal,200,258,productcatalogservice,server,44,3,3,3,0
3,normal,200,258,recommendationservice,server,45,2,2,2,0
3,normal,200,258,redis-cart,-,,1,1,1,0
3,normal,200,258,shippingservice,server,45,1,1,1,0
3,normal,200,274,adservice,server,11,3,3,3,0
3,normal,200,274,cartservice,server,37,2,2,2,0
3,normal,200,274,checkoutservice,checkout,48,1,1,1,0
3,normal,200,274,currencyservice,server,36,2,2,2,0
3,normal,200,274,emailservice,email,37,2,2,2,0
3,normal,200,274,frontend,server,53,3,3,3,0
3,normal,200,274,paymentservice,payment,37,1,1,1,0
3,normal,200,274,productcatalogservice,server,47,3,3,3,0
3,normal,200,274,recommendationservice,server,47,2,2,2,0
3,normal,200,274,redis-cart,-,,1,1,1,0
3,normal,200,274,shippingservice,server,47,1,1,1,0
3,normal,200,289,adservice,server,10,3,3,3,0
3,normal,200,289,cartservice,server,42,2,2,2,0
3,normal,200,289,checkoutservice,checkout,54,1,1,1,0
3,normal,200,289,currencyservice,server,37,2,2,2,0
3,normal,200,289,emailservice,email,49,2,2,2,0
3,normal,200,289,frontend,server,53,3,3,3,0
3,normal,200,289,paymentservice,payment,39,1,1,1,0
3,normal,200,289,productcatalogservice,server,46,3,3,3,0
3,normal,200,289,recommendationservice,server,47,2,2,2,0
3,normal,200,289,redis-cart,-,,1,1,1,0
3,normal,200,289,shippingservice,server,45,1,1,1,0
3,normal,200,304,adservice,server,10,3,3,3,0
3,normal,200,304,cartservice,server,43,2,2,2,0
3,normal,200,304,checkoutservice,checkout,56,1,1,1,0
3,normal,200,304,currencyservice,server,43,2,2,2,0
3,normal,200,304,emailservice,email,43,2,2,2,0
3,normal,200,304,frontend,server,49,3,3,3,0
3,normal,200,304,paymentservice,payment,68,1,1,1,0
3,normal,200,304,productcatalogservice,server,45,3,3,3,0
3,normal,200,304,recommendationservice,server,42,2,2,2,0
3,normal,200,304,redis-cart,-,,1,1,1,0
3,normal,200,304,shippingservice,server,63,1,1,1,0
3,normal,200,319,adservice,server,11,3,3,3,0
3,normal,200,319,cartservice,server,39,2,2,2,0
3,normal,200,319,checkoutservice,checkout,43,1,1,1,0
3,normal,200,319,currencyservice,server,34,2,2,2,0
3,normal,200,319,emailservice,email,36,2,2,2,0
3,normal,200,319,frontend,server,51,3,3,3,0
3,normal,200,319,paymentservice,payment,32,1,1,1,0
3,normal,200,319,productcatalogservice,server,43,3,3,3,0
3,normal,200,319,recommendationservice,server,46,2,2,2,0
3,normal,200,319,redis-cart,-,,1,1,1,0
3,normal,200,319,shippingservice,server,40,1,1,1,0
3,normal,200,334,adservice,server,10,3,3,3,0
3,normal,200,334,cartservice,server,51,2,2,2,0
3,normal,200,334,checkoutservice,checkout,54,1,1,1,0
3,normal,200,334,currencyservice,server,42,2,2,2,0
3,normal,200,334,emailservice,email,47,2,2,2,0
3,normal,200,334,frontend,server,53,3,3,3,0
3,normal,200,334,paymentservice,payment,47,1,1,1,0
3,normal,200,334,productcatalogservice,server,48,3,3,3,0
3,normal,200,334,recommendationservice,server,41,2,2,2,0
3,normal,200,334,redis-cart,-,,1,1,1,0
3,normal,200,334,shippingservice,server,52,1,1,1,0
3,normal,200,350,adservice,server,9,3,3,3,0
3,normal,200,350,cartservice,server,51,2,2,2,0
3,normal,200,350,checkoutservice,checkout,53,1,1,1,0
3,normal,200,350,currencyservice,server,39,2,2,2,0
3,normal,200,350,emailservice,email,43,2,2,2,0
3,normal,200,350,frontend,server,49,3,3,3,0
3,normal,200,350,paymentservice,payment,50,1,1,1,0
3,normal,200,350,productcatalogservice,server,45,3,3,3,0
3,normal,200,350,recommendationservice,server,48,2,2,2,0
3,normal,200,350,redis-cart,-,,1,1,1,0
3,normal,200,350,shippingservice,server,56,1,1,1,0
3,normal,200,365,adservice,server,9,3,1,1,0
3,normal,200,365,cartservice,server,52,2,2,2,0
3,normal,200,365,checkoutservice,checkout,60,1,1,1,0
3,normal,200,365,currencyservice,server,46,2,2,2,0
3,normal,200,365,emailservice,email,50,2,2,2,0
3,normal,200,365,frontend,server,51,3,3,3,0
3,normal,200,365,paymentservice,payment,72,1,1,1,0
3,normal,200,365,productcatalogservice,server,48,3,3,3,0
3,normal,200,365,recommendationservice,server,43,2,2,2,0
3,normal,200,365,redis-cart,-,,1,1,1,0
3,normal,200,365,shippingservice,server,62,1,1,1,0
3,normal,200,380,adservice,server,25,1,1,1,0
3,normal,200,380,cartservice,server,48,2,2,2,0
3,normal,200,380,checkoutservice,checkout,59,1,1,1,0
3,normal,200,380,currencyservice,server,46,2,2,2,0
3,normal,200,380,emailservice,email,47,2,2,2,0
3,normal,200,380,frontend,server,49,3,3,3,0
3,normal,200,380,paymentservice,payment,62,1,1,1,0
3,normal,200,380,productcatalogservice,server,47,3,3,3,0
3,normal,200,380,recommendationservice,server,41,2,2,2,0
3,normal,200,380,redis-cart,-,,1,1,1,0
3,normal,200,380,shippingservice,server,62,1,1,1,0
3,normal,200,395,adservice,server,28,1,1,1,0
3,normal,200,395,cartservice,server,36,2,2,2,0
3,normal,200,395,checkoutservice,checkout,58,1,1,1,0
3,normal,200,395,currencyservice,server,42,2,2,2,0
3,normal,200,395,emailservice,email,45,2,2,2,0
3,normal,200,395,frontend,server,50,3,3,3,0
3,normal,200,395,paymentservice,payment,51,1,1,1,0
3,normal,200,395,productcatalogservice,server,47,3,3,3,0
3,normal,200,395,recommendationservice,server,45,2,2,2,0
3,normal,200,395,redis-cart,-,,1,1,1,0
3,normal,200,395,shippingservice,server,57,1,1,1,0
3,normal,200,410,adservice,server,30,1,1,1,0
3,normal,200,410,cartservice,server,30,2,2,2,0
3,normal,200,410,checkoutservice,checkout,43,1,1,1,0
3,normal,200,410,currencyservice,server,32,2,2,2,0
3,normal,200,410,emailservice,email,39,2,2,2,0
3,normal,200,410,frontend,server,50,3,3,3,0
3,normal,200,410,paymentservice,payment,51,1,1,1,0
3,normal,200,410,productcatalogservice,server,42,3,3,3,0
3,normal,200,410,recommendationservice,server,44,2,2,2,0
3,normal,200,410,redis-cart,-,,1,1,1,0
3,normal,200,410,shippingservice,server,43,1,1,1,0
3,normal,200,426,adservice,server,29,1,1,1,0
3,normal,200,426,cartservice,server,42,2,2,2,0
3,normal,200,426,checkoutservice,checkout,53,1,1,1,0
3,normal,200,426,currencyservice,server,34,2,2,2,0
3,normal,200,426,emailservice,email,43,2,2,2,0
3,normal,200,426,frontend,server,54,3,3,3,0
3,normal,200,426,paymentservice,payment,30,1,1,1,0
3,normal,200,426,productcatalogservice,server,45,3,3,3,0
3,normal,200,426,recommendationservice,server,44,2,2,2,0
3,normal,200,426,redis-cart,-,,1,1,1,0
3,normal,200,426,shippingservice,server,52,1,1,1,0
3,normal,200,441,adservice,server,27,1,1,1,0
3,normal,200,441,cartservice,server,35,2,2,2,0
3,normal,200,441,checkoutservice,checkout,52,1,1,1,0
3,normal,200,441,currencyservice,server,41,2,2,2,0
3,normal,200,441,emailservice,email,37,2,2,2,0
3,normal,200,441,frontend,server,50,3,3,3,0
3,normal,200,441,paymentservice,payment,59,1,1,1,0
3,normal,200,441,productcatalogservice,server,47,3,3,3,0
3,normal,200,441,recommendationservice,server,45,2,2,2,0
3,normal,200,441,redis-cart,-,,1,1,1,0
3,normal,200,441,shippingservice,server,52,1,1,1,0
3,frontcatalog,200,0,adservice,-,,1,0,1,0
3,frontcatalog,200,0,cartservice,-,,1,0,1,0
3,frontcatalog,200,0,checkoutservice,checkout,0,1,1,1,0
3,frontcatalog,200,0,currencyservice,server,0,1,1,1,0
3,frontcatalog,200,0,emailservice,-,,,0,1,0
3,frontcatalog,200,0,frontend,-,,,0,1,0
3,frontcatalog,200,0,paymentservice,-,,,0,1,0
3,frontcatalog,200,0,recommendationservice,-,,,0,1,0
3,frontcatalog,200,0,redis-cart,-,,1,1,1,0
3,frontcatalog,200,0,shippingservice,-,,,0,1,0
3,frontcatalog,200,15,adservice,server,45,1,1,1,0
3,frontcatalog,200,15,cartservice,server,34,1,1,1,0
3,frontcatalog,200,15,checkoutservice,checkout,0,1,1,1,0
3,frontcatalog,200,15,currencyservice,server,20,1,1,1,0
3,frontcatalog,200,15,emailservice,email,31,1,1,1,0
3,frontcatalog,200,15,frontend,productcatalog,0,1,1,1,0
3,frontcatalog,200,15,frontend,server,0,1,1,1,0
3,frontcatalog,200,15,paymentservice,payment,2,1,1,1,0
3,frontcatalog,200,15,recommendationservice,server,0,1,1,1,0
3,frontcatalog,200,15,redis-cart,-,,1,1,1,0
3,frontcatalog,200,15,shippingservice,server,0,1,1,1,0
3,frontcatalog,200,30,adservice,server,152,1,3,1,2
3,frontcatalog,200,30,cartservice,server,34,1,1,1,0
3,frontcatalog,200,30,checkoutservice,checkout,30,1,1,1,0
3,frontcatalog,200,30,currencyservice,server,72,1,1,1,0
3,frontcatalog,200,30,emailservice,email,76,1,1,1,0
3,frontcatalog,200,30,frontend,productcatalog,98,1,3,1,2
3,frontcatalog,200,30,frontend,server,155,1,3,1,2
3,frontcatalog,200,30,paymentservice,payment,6,1,1,1,0
3,frontcatalog,200,30,recommendationservice,server,0,1,1,1,0
3,frontcatalog,200,30,redis-cart,-,,1,1,1,0
3,frontcatalog,200,30,shippingservice,server,18,1,1,1,0
3,frontcatalog,200,46,adservice,server,115,3,3,1,0
3,frontcatalog,200,46,cartservice,server,79,1,2,1,1
3,frontcatalog,200,46,checkoutservice,checkout,48,1,1,1,0
3,frontcatalog,200,46,currencyservice,server,75,1,1,1,0
3,frontcatalog,200,46,emailservice,email,76,1,1,1,0
3,frontcatalog,200,46,frontend,productcatalog,123,3,3,3,0
3,frontcatalog,200,46,frontend,server,154,3,3,3,0
3,frontcatalog,200,46,paymentservice,payment,23,2,2,2,0
3,frontcatalog,200,46,recommendationservice,server,82,1,2,2,0
3,frontcatalog,200,46,redis-cart,-,,1,1,1,0
3,frontcatalog,200,46,shippingservice,server,43,1,1,1,0
3,frontcatalog,200,61,adservice,server,76,3,3,1,0
3,frontcatalog,200,61,cartservice,server,59,2,2,1,0
3,frontcatalog,200,61,checkoutservice,checkout,48,1,1,1,0
3,frontcatalog,200,61,currencyservice,server,75,1,1,1,0
3,frontcatalog,200,61,emailservice,email,79,1,2,1,0
3,frontcatalog,200,61,frontend,productcatalog,128,3,3,3,0
3,frontcatalog,200,61,frontend,server,155,3,3,3,0
3,frontcatalog,200,61,paymentservice,payment,24,2,2,2,0
3,frontcatalog,200,61,recommendationservice,server,45,2,2,2,0
3,frontcatalog,200,61,redis-cart,-,,1,1,1,0
3,frontcatalog,200,61,shippingservice,server,48,1,1,1,0
3,frontcatalog,200,76,adservice,server,48,3,3,3,0
3,frontcatalog,200,76,cartservice,server,59,2,2,2,0
3,frontcatalog,200,76,checkoutservice,checkout,47,1,1,1,0
3,frontcatalog,200,76,currencyservice,server,66,1,1,1,0
3,frontcatalog,200,76,emailservice,email,66,2,2,2,0
3,frontcatalog,200,76,frontend,productcatalog,118,3,3,3,0
3,frontcatalog,200,76,frontend,server,155,3,3,3,0
3,frontcatalog,200,76,paymentservice,payment,16,2,2,2,0
3,frontcatalog,200,76,recommendationservice,server,44,2,2,2,0
3,frontcatalog,200,76,redis-cart,-,,1,1,1,0
3,frontcatalog,200,76,shippingservice,server,45,1,1,1,0
3,frontcatalog,200,91,adservice,server,37,3,3,3,0
3,frontcatalog,200,91,cartservice,server,68,2,2,2,0
3,frontcatalog,200,91,checkoutservice,checkout,47,1,1,1,0
3,frontcatalog,200,91,currencyservice,server,72,1,1,1,0
3,frontcatalog,200,91,emailservice,email,89,2,2,2,0
3,frontcatalog,200,91,frontend,productcatalog,46,3,3,3,0
3,frontcatalog,200,91,frontend,server,49,3,3,3,0
3,frontcatalog,200,91,paymentservice,payment,27,2,2,2,0
3,frontcatalog,200,91,recommendationservice,server,43,2,2,2,0
3,frontcatalog,200,91,redis-cart,-,,1,1,1,0
3,frontcatalog,200,91,shippingservice,server,45,1,1,1,0
3,frontcatalog,200,106,adservice,server,10,3,3,3,0
3,frontcatalog,200,106,cartservice,server,31,2,2,2,0
3,frontcatalog,200,106,checkoutservice,checkout,48,1,1,1,0
3,frontcatalog,200,106,currencyservice,server,56,1,1,1,0
3,frontcatalog,200,106,emailservice,email,29,2,2,2,0
3,frontcatalog,200,106,frontend,productcatalog,38,3,3,3,0
3,frontcatalog,200,106,frontend,server,49,3,3,3,0
3,frontcatalog,200,106,paymentservice,payment,14,2,2,2,0
3,frontcatalog,200,106,recommendationservice,server,45,2,2,2,0
3,frontcatalog,200,106,redis-cart,-,,1,1,1,0
3,frontcatalog,200,106,shippingservice,server,47,1,1,1,0
3,frontcatalog,200,122,adservice,server,11,3,3,3,0
3,frontcatalog,200,122,cartservice,server,26,2,2,2,0
3,frontcatalog,200,122,checkoutservice,checkout,42,1,1,1,0
3,frontcatalog,200,122,currencyservice,server,55,1,1,1,0
3,frontcatalog,200,122,emailservice,email,32,2,2,2,0
3,frontcatalog,200,122,frontend,productcatalog,38,3,3,3,0
3,frontcatalog,200,122,frontend,server,53,3,3,3,0
3,frontcatalog,200,122,paymentservice,payment,20,2,2,2,0
3,frontcatalog,200,122,recommendationservice,server,44,2,2,2,0
3,frontcatalog,200,122,redis-cart,-,,1,1,1,0
3,frontcatalog,200,122,shippingservice,server,37,1,1,1,0
3,frontcatalog,200,137,adservice,server,12,3,3,3,0
3,frontcatalog,200,137,cartservice,server,29,2,2,2,0
3,frontcatalog,200,137,checkoutservice,checkout,43,1,1,1,0
3,frontcatalog,200,137,currencyservice,server,56,1,1,1,0
3,frontcatalog,200,137,emailservice,email,31,2,2,2,0
3,frontcatalog,200,137,frontend,productcatalog,40,3,3,3,0
3,frontcatalog,200,137,frontend,server,53,3,3,3,0
3,frontcatalog,200,137,paymentservice,payment,12,2,2,2,0
3,frontcatalog,200,137,recommendationservice,server,45,2,2,2,0
3,frontcatalog,200,137,redis-cart,-,,1,1,1,0
3,frontcatalog,200,137,shippingservice,server,36,1,1,1,0
3,frontcatalog,200,152,adservice,server,10,3,3,3,0
3,frontcatalog,200,152,cartservice,server,34,2,2,2,0
3,frontcatalog,200,152,checkoutservice,checkout,44,1,1,1,0
3,frontcatalog,200,152,currencyservice,server,58,1,1,1,0
3,frontcatalog,200,152,emailservice,email,32,2,2,2,0
3,frontcatalog,200,152,frontend,productcatalog,40,3,3,3,0
3,frontcatalog,200,152,frontend,server,53,3,3,3,0
3,frontcatalog,200,152,paymentservice,payment,13,2,2,2,0
3,frontcatalog,200,152,recommendationservice,server,45,2,2,2,0
3,frontcatalog,200,152,redis-cart,-,,1,1,1,0
3,frontcatalog,200,152,shippingservice,server,38,1,1,1,0
3,frontcatalog,200,167,adservice,server,10,3,3,3,0
3,frontcatalog,200,167,cartservice,server,37,2,2,2,0
3,frontcatalog,200,167,checkoutservice,checkout,44,1,1,1,0
3,frontcatalog,200,167,currencyservice,server,58,1,1,1,0
3,frontcatalog,200,167,emailservice,email,32,2,2,2,0
3,frontcatalog,200,167,frontend,productcatalog,40,3,3,3,0
3,frontcatalog,200,167,frontend,server,53,3,3,3,0
3,frontcatalog,200,167,paymentservice,payment,12,2,2,2,0
3,frontcatalog,200,167,recommendationservice,server,46,2,2,2,0
3,frontcatalog,200,167,redis-cart,-,,1,1,1,0
3,frontcatalog,200,167,shippingservice,server,38,1,1,1,0
3,frontcatalog,200,182,adservice,server,11,3,3,3,0
3,frontcatalog,200,182,cartservice,server,37,2,2,2,0
3,frontcatalog,200,182,checkoutservice,checkout,51,1,1,1,0
3,frontcatalog,200,182,currencyservice,server,61,1,1,1,0
3,frontcatalog,200,182,emailservice,email,41,2,2,2,0
3,frontcatalog,200,182,frontend,productcatalog,43,3,3,3,0
3,frontcatalog,200,182,frontend,server,49,3,3,3,0
3,frontcatalog,200,182,paymentservice,payment,20,2,2,2,0
3,frontcatalog,200,182,recommendationservice,server,45,2,2,2,0
3,frontcatalog,200,182,redis-cart,-,,1,1,1,0
3,frontcatalog,200,182,shippingservice,server,48,1,1,1,0
3,frontcatalog,200,198,adservice,server,10,3,3,3,0
3,frontcatalog,200,198,cartservice,server,56,2,2,2,0
3,frontcatalog,200,198,checkoutservice,checkout,51,1,1,1,0
3,frontcatalog,200,198,currencyservice,server,94,1,2,2,0
3,frontcatalog,200,198,emailservice,email,50,2,2,2,0
3,frontcatalog,200,198,frontend,productcatalog,46,3,3,3,0
3,frontcatalog,200,198,frontend,server,49,3,3,3,0
3,frontcatalog,200,198,paymentservice,payment,37,2,2,2,0
3,frontcatalog,200,198,recommendationservice,server,44,2,2,2,0
3,frontcatalog,200,198,redis-cart,-,,1,1,1,0
3,frontcatalog,200,198,shippingservice,server,63,1,1,1,0
3,frontcatalog,200,213,adservice,server,9,3,3,3,0
3,frontcatalog,200,213,cartservice,server,30,2,2,2,0
3,frontcatalog,200,213,checkoutservice,checkout,57,1,1,1,0
3,frontcatalog,200,213,currencyservice,server,82,2,2,2,0
3,frontcatalog,200,213,emailservice,email,40,2,2,2,0
3,frontcatalog,200,213,frontend,productcatalog,43,3,3,3,0
3,frontcatalog,200,213,frontend,server,48,3,3,3,0
3,frontcatalog,200,213,paymentservice,payment,29,2,2,2,0
3,frontcatalog,200,213,recommendationservice,server,41,2,2,2,0
3,frontcatalog,200,213,redis-cart,-,,1,1,1,0
3,frontcatalog,200,213,shippingservice,server,45,1,1,1,0
3,frontcatalog,200,228,adservice,server,9,3,3,3,0
3,frontcatalog,200,228,cartservice,server,30,2,2,2,0
3,frontcatalog,200,228,checkoutservice,checkout,41,1,1,1,0
3,frontcatalog,200,228,currencyservice,server,32,2,2,2,0
3,frontcatalog,200,228,emailservice,email,35,2,2,2,0
3,frontcatalog,200,228,frontend,productcatalog,43,3,3,3,0
3,frontcatalog,200,228,frontend,server,50,3,3,3,0
3,frontcatalog,200,228,paymentservice,payment,14,2,2,2,0
3,frontcatalog,200,228,recommendationservice,server,43,2,2,2,0
3,frontcatalog,200,228,redis-cart,-,,1,1,1,0
3,frontcatalog,200,228,shippingservice,server,41,1,1,1,0
3,frontcatalog,200,243,adservice,server,10,3,3,3,0
3,frontcatalog,200,243,cartservice,server,46,2,2,2,0
3,frontcatalog,200,243,checkoutservice,checkout,57,1,1,1,0
3,frontcatalog,200,243,currencyservice,server,43,2,2,2,0
3,frontcatalog,200,243,emailservice,email,51,2,2,2,0
3,frontcatalog,200,243,frontend,productcatalog,45,3,3,3,0
3,frontcatalog,200,243,frontend,server,53,3,3,3,0
3,frontcatalog,200,243,paymentservice,payment,28,2,2,2,0
3,frontcatalog,200,243,recommendationservice,server,48,2,2,2,0
3,frontcatalog,200,243,redis-cart,-,,1,1,1,0
3,frontcatalog,200,243,shippingservice,server,58,1,1,1,0
3,frontcatalog,200,258,adservice,server,11,3,3,3,0
3,frontcatalog,200,258,cartservice,server,36,2,2,2,0
3,frontcatalog,200,258,checkoutservice,checkout,49,1,1,1,0
3,frontcatalog,200,258,currencyservice,server,36,2,2,2,0
3,frontcatalog,200,258,emailservice,email,35,2,2,2,0
3,frontcatalog,200,258,frontend,productcatalog,44,3,3,3,0
3,frontcatalog,200,258,frontend,server,50,3,3,3,0
3,frontcatalog,200,258,paymentservice,payment,17,2,2,2,0
3,frontcatalog,200,258,recommendationservice,server,42,2,2,2,0
3,frontcatalog,200,258,redis-cart,-,,1,1,1,0
3,frontcatalog,200,258,shippingservice,server,58,1,1,1,0
3,frontcatalog,200,274,adservice,server,10,3,3,3,0
3,frontcatalog,200,274,cartservice,server,41,2,2,2,0
3,frontcatalog,200,274,checkoutservice,checkout,56,1,1,1,0
3,frontcatalog,200,274,currencyservice,server,36,2,2,2,0
3,frontcatalog,200,274,emailservice,email,49,2,2,2,0
3,frontcatalog,200,274,frontend,productcatalog,44,3,3,3,0
3,frontcatalog,200,274,frontend,server,50,3,3,3,0
3,frontcatalog,200,274,paymentservice,payment,17,2,2,2,0
3,frontcatalog,200,274,recommendationservice,server,45,2,2,2,0
3,frontcatalog,200,274,redis-cart,-,,1,1,1,0
3,frontcatalog,200,274,shippingservice,server,48,1,1,1,0
3,frontcatalog,200,289,adservice,server,9,3,3,3,0
3,frontcatalog,200,289,cartservice,server,45,2,2,2,0
3,frontcatalog,200,289,checkoutservice,checkout,55,1,1,1,0
3,frontcatalog,200,289,currencyservice,server,45,2,2,2,0
3,frontcatalog,200,289,emailservice,email,45,2,2,2,0
3,frontcatalog,200,289,frontend,productcatalog,46,3,3,3,0
3,frontcatalog,200,289,frontend,server,50,3,3,3,0
3,frontcatalog,200,289,paymentservice,payment,31,2,2,2,0
3,frontcatalog,200,289,recommendationservice,server,43,2,2,2,0
3,frontcatalog,200,289,redis-cart,-,,1,1,1,0
3,frontcatalog,200,289,shippingservice,server,62,1,1,1,0
3,frontcatalog,200,304,adservice,server,9,3,3,3,0
3,frontcatalog,200,304,cartservice,server,47,2,2,2,0
3,frontcatalog,200,304,checkoutservice,checkout,63,1,1,1,0
3,frontcatalog,200,304,currencyservice,server,43,2,2,2,0
3,frontcatalog,200,304,emailservice,email,43,2,2,2,0
3,frontcatalog,200,304,frontend,productcatalog,42,3,3,3,0
3,frontcatalog,200,304,frontend,server,49,3,3,3,0
3,frontcatalog,200,304,paymentservice,payment,31,2,2,2,0
3,frontcatalog,200,304,recommendationservice,server,40,2,2,2,0
3,frontcatalog,200,304,redis-cart,-,,1,1,1,0
3,frontcatalog,200,304,shippingservice,server,50,1,1,1,0
3,frontcatalog,200,319,adservice,server,10,3,3,3,0
3,frontcatalog,200,319,cartservice,server,35,2,2,2,0
3,frontcatalog,200,319,checkoutservice,checkout,44,1,1,1,0
3,frontcatalog,200,319,currencyservice,server,36,2,2,2,0
3,frontcatalog,200,319,emailservice,email,39,2,2,2,0
3,frontcatalog,200,319,frontend,productcatalog,46,3,3,3,0
3,frontcatalog,200,319,frontend,server,50,3,3,3,0
3,frontcatalog,200,319,paymentservice,payment,25,2,2,2,0
3,frontcatalog,200,319,recommendationservice,server,46,2,2,2,0
3,frontcatalog,200,319,redis-cart,-,,1,1,1,0
3,frontcatalog,200,319,shippingservice,server,50,1,1,1,0
3,frontcatalog,200,334,adservice,server,10,3,3,3,0
3,frontcatalog,200,334,cartservice,server,41,2,2,2,0
3,frontcatalog,200,334,checkoutservice,checkout,53,1,1,1,0
3,frontcatalog,200,334,currencyservice,server,40,2,2,2,0
3,frontcatalog,200,334,emailservice,email,47,2,2,2,0
3,frontcatalog,200,334,frontend,productcatalog,48,3,3,3,0
3,frontcatalog,200,334,frontend,server,51,3,3,3,0
3,frontcatalog,200,334,paymentservice,payment,30,2,2,2,0
3,frontcatalog,200,334,recommendationservice,server,46,2,2,2,0
3,frontcatalog,200,334,redis-cart,-,,1,1,1,0
3,frontcatalog,200,334,shippingservice,server,50,1,1,1,0
3,frontcatalog,200,350,adservice,server,11,3,3,3,0
3,frontcatalog,200,350,cartservice,server,56,2,2,2,0
3,frontcatalog,200,350,checkoutservice,checkout,61,1,1,1,0
3,frontcatalog,200,350,currencyservice,server,41,2,2,2,0
3,frontcatalog,200,350,emailservice,email,51,2,2,2,0
3,frontcatalog,200,350,frontend,productcatalog,48,3,3,3,0
3,frontcatalog,200,350,frontend,server,52,3,3,3,0
3,frontcatalog,200,350,paymentservice,payment,30,2,2,2,0
3,frontcatalog,200,350,recommendationservice,server,43,2,2,2,0
3,frontcatalog,200,350,redis-cart,-,,1,1,1,0
3,frontcatalog,200,350,shippingservice,server,60,1,1,1,0
3,frontcatalog,200,365,adservice,server,9,3,1,1,0
3,frontcatalog,200,365,cartservice,server,47,2,2,2,0
3,frontcatalog,200,365,checkoutservice,checkout,58,1,1,1,0
3,frontcatalog,200,365,currencyservice,server,46,2,2,2,0
3,frontcatalog,200,365,emailservice,email,43,2,2,2,0
3,frontcatalog,200,365,frontend,productcatalog,47,3,3,3,0
3,frontcatalog,200,365,frontend,server,49,3,3,3,0
3,frontcatalog,200,365,paymentservice,payment,37,2,2,2,0
3,frontcatalog,200,365,recommendationservice,server,42,2,2,2,0
3,frontcatalog,200,365,redis-cart,-,,1,1,1,0
3,frontcatalog,200,365,shippingservice,server,55,1,1,1,0
3,frontcatalog,200,380,adservice,server,9,1,1,1,0
3,frontcatalog,200,380,cartservice,server,52,2,2,2,0
3,frontcatalog,200,380,checkoutservice,checkout,53,1,1,1,0
3,frontcatalog,200,380,currencyservice,server,37,2,2,2,0
3,frontcatalog,200,380,emailservice,email,49,2,2,2,0
3,frontcatalog,200,380,frontend,productcatalog,44,3,3,3,0
3,frontcatalog,200,380,frontend,server,51,3,3,3,0
3,frontcatalog,200,380,paymentservice,payment,28,2,2,2,0
3,frontcatalog,200,380,recommendationservice,server,45,2,2,2,0
3,frontcatalog,200,380,redis-cart,-,,1,1,1,0
3,frontcatalog,200,380,shippingservice,server,57,1,1,1,0
3,frontcatalog,200,395,adservice,server,150,1,3,1,0
3,frontcatalog,200,395,cartservice,server,40,2,2,2,0
3,frontcatalog,200,395,checkoutservice,checkout,57,1,1,1,0
3,frontcatalog,200,395,currencyservice,server,44,2,2,2,0
3,frontcatalog,200,395,emailservice,email,47,2,2,2,0
3,frontcatalog,200,395,frontend,productcatalog,46,3,3,3,0
3,frontcatalog,200,395,frontend,server,51,3,3,3,0
3,frontcatalog,200,395,paymentservice,payment,29,2,2,2,0
3,frontcatalog,200,395,recommendationservice,server,44,2,2,2,0
3,frontcatalog,200,395,redis-cart,-,,1,1,1,0
3,frontcatalog,200,395,shippingservice,server,56,1,1,1,0
3,frontcatalog,200,410,adservice,server,98,3,3,1,0
3,frontcatalog,200,410,cartservice,server,44,2,2,2,0
3,frontcatalog,200,410,checkoutservice,checkout,53,1,1,1,0
3,frontcatalog,200,410,currencyservice,server,41,2,2,2,0
3,frontcatalog,200,410,emailservice,email,45,2,2,2,0
3,frontcatalog,200,410,frontend,productcatalog,45,3,3,3,0
3,frontcatalog,200,410,frontend,server,51,3,3,3,0
3,frontcatalog,200,410,paymentservice,payment,24,2,2,2,0
3,frontcatalog,200,410,recommendationservice,server,42,2,2,2,0
3,frontcatalog,200,410,redis-cart,-,,1,1,1,0
3,frontcatalog,200,410,shippingservice,server,52,1,1,1,0
3,frontcatalog,200,426,adservice,server,73,3,3,3,0
3,frontcatalog,200,426,cartservice,server,48,2,2,2,0
3,frontcatalog,200,426,checkoutservice,checkout,58,1,1,1,0
3,frontcatalog,200,426,currencyservice,server,45,2,2,2,0
3,frontcatalog,200,426,emailservice,email,48,2,2,2,0
3,frontcatalog,200,426,frontend,productcatalog,45,3,3,3,0
3,frontcatalog,200,426,frontend,server,49,3,3,3,0
3,frontcatalog,200,426,paymentservice,payment,34,2,2,2,0
3,frontcatalog,200,426,recommendationservice,server,46,2,2,2,0
3,frontcatalog,200,426,redis-cart,-,,1,1,1,0
3,frontcatalog,200,426,shippingservice,server,59,1,1,1,0
3,frontcatalog,200,441,adservice,server,44,3,3,3,0
3,frontcatalog,200,441,cartservice,server,30,2,2,2,0
3,frontcatalog,200,441,checkoutservice,checkout,49,1,1,1,0
3,frontcatalog,200,441,currencyservice,server,27,2,2,2,0
3,frontcatalog,200,441,emailservice,email,29,2,2,2,0
3,frontcatalog,200,441,frontend,productcatalog,43,3,3,3,0
3,frontcatalog,200,441,frontend,server,39,3,3,3,0
3,frontcatalog,200,441,paymentservice,payment,29,2,2,2,0
3,frontcatalog,200,441,recommendationservice,server,29,2,2,2,0
3,frontcatalog,200,441,redis-cart,-,,1,1,1,0
3,frontcatalog,200,441,shippingservice,server,53,1,1,1,0
3,frontreco,200,0,adservice,-,,1,0,1,0
3,frontreco,200,0,cartservice,-,,1,0,1,0
3,frontreco,200,0,checkoutservice,checkout,0,1,1,1,0
3,frontreco,200,0,currencyservice,server,0,1,1,1,0
3,frontreco,200,0,emailservice,email,1,1,1,1,0
3,frontreco,200,0,frontend,-,,,0,1,0
3,frontreco,200,0,paymentservice,-,,,0,1,0
3,frontreco,200,0,productcatalogservice,-,,,0,1,0
3,frontreco,200,0,redis-cart,-,,1,1,1,0
3,frontreco,200,0,shippingservice,-,,,0,1,0
3,frontreco,200,16,adservice,server,4,1,1,1,0
3,frontreco,200,16,cartservice,server,3,1,1,1,0
3,frontreco,200,16,checkoutservice,checkout,3,1,1,1,0
3,frontreco,200,16,currencyservice,server,0,1,1,1,0
3,frontreco,200,16,emailservice,email,1,1,1,1,0
3,frontreco,200,16,frontend,-,,1,0,1,0
3,frontreco,200,16,paymentservice,payment,3,1,1,1,0
3,frontreco,200,16,productcatalogservice,server,0,1,1,1,0
3,frontreco,200,16,redis-cart,-,,1,1,1,0
3,frontreco,200,16,shippingservice,server,0,1,1,1,0
3,frontreco,200,31,adservice,server,142,1,3,1,1
3,frontreco,200,31,cartservice,server,120,1,2,1,1
3,frontreco,200,31,checkoutservice,checkout,53,1,1,1,0
3,frontreco,200,31,currencyservice,server,82,1,2,1,1
3,frontreco,200,31,emailservice,email,69,1,1,1,0
3,frontreco,200,31,frontend,recommendation,89,2,2,2,0
3,frontreco,200,31,frontend,server,78,2,2,2,0
3,frontreco,200,31,paymentservice,payment,45,1,1,1,0
3,frontreco,200,31,productcatalogservice,server,19,1,1,1,0
3,frontreco,200,31,redis-cart,-,,1,1,1,0
3,frontreco,200,31,shippingservice,server,25,1,1,1,0
3,frontreco,200,46,adservice,server,85,3,3,1,0
3,frontreco,200,46,cartservice,server,63,2,2,1,0
3,frontreco,200,46,checkoutservice,checkout,45,1,1,1,0
3,frontreco,200,46,currencyservice,server,68,2,2,2,0
3,frontreco,200,46,emailservice,email,71,1,1,1,0
3,frontreco,200,46,frontend,recommendation,85,2,2,2,0
3,frontreco,200,46,frontend,server,150,2,2,2,0
3,frontreco,200,46,paymentservice,payment,31,1,1,1,0
3,frontreco,200,46,productcatalogservice,server,143,1,3,3,0
3,frontreco,200,46,redis-cart,-,,1,1,1,0
3,frontreco,200,46,shippingservice,server,49,1,1,1,0
3,frontreco,200,61,adservice,server,62,3,3,1,0
3,frontreco,200,61,cartservice,server,64,2,2,2,0
3,frontreco,200,61,checkoutservice,checkout,44,1,1,1,0
3,frontreco,200,61,currencyservice,server,31,2,2,2,0
3,frontreco,200,61,emailservice,email,73,1,1,1,0
3,frontreco,200,61,frontend,recommendation,45,2,3,2,1
3,frontreco,200,61,frontend,server,77,2,3,2,1
3,frontreco,200,61,paymentservice,payment,32,1,1,1,0
3,frontreco,200,61,productcatalogservice,server,61,3,3,3,0
3,frontreco,200,61,redis-cart,-,,1,1,1,0
3,frontreco,200,61,shippingservice,server,44,1,1,1,0
3,frontreco,200,77,adservice,server,38,3,3,3,0
3,frontreco,200,77,cartservice,server,67,2,2,2,0
3,frontreco,200,77,checkoutservice,checkout,42,1,1,1,0
3,frontreco,200,77,currencyservice,server,28,2,2,2,0
3,frontreco,200,77,emailservice,email,68,1,1,1,0
3,frontreco,200,77,frontend,recommendation,45,3,3,3,0
3,frontreco,200,77,frontend,server,80,3,3,3,0
3,frontreco,200,77,paymentservice,payment,27,1,1,1,0
3,frontreco,200,77,productcatalogservice,server,41,3,3,3,0
3,frontreco,200,77,redis-cart,-,,1,1,1,0
3,frontreco,200,77,shippingservice,server,44,1,1,1,0
3,frontreco,200,92,adservice,server,10,3,3,3,0
3,frontreco,200,92,cartservice,server,30,2,2,2,0
3,frontreco,200,92,checkoutservice,checkout,43,1,1,1,0
3,frontreco,200,92,currencyservice,server,29,2,2,2,0
3,frontreco,200,92,emailservice,email,62,1,1,1,0
3,frontreco,200,92,frontend,recommendation,45,3,3,3,0
3,frontreco,200,92,frontend,server,79,3,3,3,0
3,frontreco,200,92,paymentservice,payment,23,1,1,1,0
3,frontreco,200,92,productcatalogservice,server,40,3,3,3,0
3,frontreco,200,92,redis-cart,-,,1,1,1,0
3,frontreco,200,92,shippingservice,server,36,1,1,1,0
3,frontreco,200,107,adservice,server,11,3,3,3,0
3,frontreco,200,107,cartservice,server,31,2,2,2,0
3,frontreco,200,107,checkoutservice,checkout,40,1,1,1,0
3,frontreco,200,107,currencyservice,server,28,2,2,2,0
3,frontreco,200,107,emailservice,email,58,1,1,1,0
3,frontreco,200,107,frontend,recommendation,30,3,3,3,0
3,frontreco,200,107,frontend,server,53,3,3,3,0
3,frontreco,200,107,paymentservice,payment,23,1,1,1,0
3,frontreco,200,107,productcatalogservice,server,39,3,3,3,0
3,frontreco,200,107,redis-cart,-,,1,1,1,0
3,frontreco,200,107,shippingservice,server,37,1,1,1,0
3,frontreco,200,122,adservice,server,10,3,3,3,0
3,frontreco,200,122,cartservice,server,25,2,2,2,0
3,frontreco,200,122,checkoutservice,checkout,40,1,1,1,0
3,frontreco,200,122,currencyservice,server,28,2,2,2,0
3,frontreco,200,122,emailservice,email,63,1,1,1,0
3,frontreco,200,122,frontend,recommendation,29,3,3,3,0
3,frontreco,200,122,frontend,server,51,3,3,3,0
3,frontreco,200,122,paymentservice,payment,21,1,1,1,0
3,frontreco,200,122,productcatalogservice,server,38,3,3,3,0
3,frontreco,200,122,redis-cart,-,,1,1,1,0
3,frontreco,200,122,shippingservice,server,37,1,1,1,0
3,frontreco,200,137,adservice,server,11,3,3,3,0
3,frontreco,200,137,cartservice,server,32,2,2,2,0
3,frontreco,200,137,checkoutservice,checkout,41,1,1,1,0
3,frontreco,200,137,currencyservice,server,29,2,2,2,0
3,frontreco,200,137,emailservice,email,67,1,1,1,0
3,frontreco,200,137,frontend,recommendation,31,3,3,3,0
3,frontreco,200,137,frontend,server,53,3,3,3,0
3,frontreco,200,137,paymentservice,payment,24,1,1,1,0
3,frontreco,200,137,productcatalogservice,server,39,3,3,3,0
3,frontreco,200,137,redis-cart,-,,1,1,1,0
3,frontreco,200,137,shippingservice,server,36,1,1,1,0
3,frontreco,200,153,adservice,server,12,3,3,3,0
3,frontreco,200,153,cartservice,server,27,2,2,2,0
3,frontreco,200,153,checkoutservice,checkout,41,1,1,1,0
3,frontreco,200,153,currencyservice,server,28,2,2,2,0
3,frontreco,200,153,emailservice,email,60,1,1,1,0
3,frontreco,200,153,frontend,recommendation,29,3,3,3,0
3,frontreco,200,153,frontend,server,51,3,3,3,0
3,frontreco,200,153,paymentservice,payment,21,1,1,1,0
3,frontreco,200,153,productcatalogservice,server,38,3,3,3,0
3,frontreco,200,153,redis-cart,-,,1,1,1,0
3,frontreco,200,153,shippingservice,server,37,1,1,1,0
3,frontreco,200,168,adservice,server,10,3,3,3,0
3,frontreco,200,168,cartservice,server,26,2,2,2,0
3,frontreco,200,168,checkoutservice,checkout,41,1,1,1,0
3,frontreco,200,168,currencyservice,server,28,2,2,2,0
3,frontreco,200,168,emailservice,email,61,1,1,1,0
3,frontreco,200,168,frontend,recommendation,30,3,3,3,0
3,frontreco,200,168,frontend,server,52,3,3,3,0
3,frontreco,200,168,paymentservice,payment,23,1,1,1,0
3,frontreco,200,168,productcatalogservice,server,40,3,3,3,0
3,frontreco,200,168,redis-cart,-,,1,1,1,0
3,frontreco,200,168,shippingservice,server,37,1,1,1,0
3,frontreco,200,183,adservice,server,10,3,3,3,0
3,frontreco,200,183,cartservice,server,26,2,2,2,0
3,frontreco,200,183,checkoutservice,checkout,39,1,1,1,0
3,frontreco,200,183,currencyservice,server,27,2,2,2,0
3,frontreco,200,183,emailservice,email,62,1,1,1,0
3,frontreco,200,183,frontend,recommendation,29,3,3,3,0
3,frontreco,200,183,frontend,server,51,3,3,3,0
3,frontreco,200,183,paymentservice,payment,20,1,1,1,0
3,frontreco,200,183,productcatalogservice,server,38,3,3,3,0
3,frontreco,200,183,redis-cart,-,,1,1,1,0
3,frontreco,200,183,shippingservice,server,35,1,1,1,0
3,frontreco,200,198,adservice,server,11,3,3,3,0
3,frontreco,200,198,cartservice,server,30,2,2,2,0
3,frontreco,200,198,checkoutservice,checkout,44,1,1,1,0
3,frontreco,200,198,currencyservice,server,34,2,2,2,0
3,frontreco,200,198,emailservice,email,70,1,1,1,0
3,frontreco,200,198,frontend,recommendation,31,3,3,3,0
3,frontreco,200,198,frontend,server,53,3,3,3,0
3,frontreco,200,198,paymentservice,payment,28,1,1,1,0
3,frontreco,200,198,productcatalogservice,server,42,3,3,3,0
3,frontreco,200,198,redis-cart,-,,1,1,1,0
3,frontreco,200,198,shippingservice,server,41,1,1,1,0
3,frontreco,200,213,adservice,server,11,3,3,3,0
3,frontreco,200,213,cartservice,server,32,2,2,2,0
3,frontreco,200,213,checkoutservice,checkout,46,1,1,1,0
3,frontreco,200,213,currencyservice,server,34,2,2,2,0
3,frontreco,200,213,emailservice,email,71,1,1,1,0
3,frontreco,200,213,frontend,recommendation,28,3,3,3,0
3,frontreco,200,213,frontend,server,53,3,3,3,0
3,frontreco,200,213,paymentservice,payment,31,1,1,1,0
3,frontreco,200,213,productcatalogservice,server,44,3,3,3,0
3,frontreco,200,213,redis-cart,-,,1,1,1,0
3,frontreco,200,213,shippingservice,server,43,1,1,1,0
3,frontreco,200,229,adservice,server,11,3,3,3,0
3,frontreco,200,229,cartservice,server,32,2,2,2,0
3,frontreco,200,229,checkoutservice,checkout,43,1,1,1,0
3,frontreco,200,229,currencyservice,server,34,2,2,2,0
3,frontreco,200,229,emailservice,email,70,1,1,1,0
3,frontreco,200,229,frontend,recommendation,32,3,3,3,0
3,frontreco,200,229,frontend,server,53,3,3,3,0
3,frontreco,200,229,paymentservice,payment,31,1,1,1,0
3,frontreco,200,229,productcatalogservice,server,42,3,3,3,0
3,frontreco,200,229,redis-cart,-,,1,1,1,0
3,frontreco,200,229,shippingservice,server,41,1,1,1,0
3,frontreco,200,244,adservice,server,11,3,3,3,0
3,frontreco,200,244,cartservice,server,29,2,2,2,0
3,frontreco,200,244,checkoutservice,checkout,43,1,1,1,0
3,frontreco,200,244,currencyservice,server,33,2,2,2,0
3,frontreco,200,244,emailservice,email,68,1,1,1,0
3,frontreco,200,244,frontend,recommendation,30,3,3,3,0
3,frontreco,200,244,frontend,server,54,3,3,3,0
3,frontreco,200,244,paymentservice,payment,29,1,1,1,0
3,frontreco,200,244,productcatalogservice,server,43,3,3,3,0
3,frontreco,200,244,redis-cart,-,,1,1,1,0
3,frontreco,200,244,shippingservice,server,40,1,1,1,0
3,frontreco,200,259,adservice,server,11,3,3,3,0
3,frontreco,200,259,cartservice,server,30,2,2,2,0
3,frontreco,200,259,checkoutservice,checkout,41,1,1,1,0
3,frontreco,200,259,currencyservice,server,35,2,2,2,0
3,frontreco,200,259,emailservice,email,71,1,1,1,0
3,frontreco,200,259,frontend,recommendation,30,3,3,3,0
3,frontreco,200,259,frontend,server,54,3,3,3,0
3,frontreco,200,259,paymentservice,payment,32,1,1,1,0
3,frontreco,200,259,productcatalogservice,server,44,3,3,3,0
3,frontreco,200,259,redis-cart,-,,1,1,1,0
3,frontreco,200,259,shippingservice,server,40,1,1,1,0
3,frontreco,200,274,adservice,server,11,3,3,3,0
3,frontreco,200,274,cartservice,server,34,2,2,2,0
3,frontreco,200,274,checkoutservice,checkout,45,1,1,1,0
3,frontreco,200,274,currencyservice,server,33,2,2,2,0
3,frontreco,200,274,emailservice,email,70,1,1,1,0
3,frontreco,200,274,frontend,recommendation,31,3,3,3,0
3,frontreco,200,274,frontend,server,53,3,3,3,0
3,frontreco,200,274,paymentservice,payment,28,1,1,1,0
3,frontreco,200,274,productcatalogservice,server,43,3,3,3,0
3,frontreco,200,274,redis-cart,-,,1,1,1,0
3,frontreco,200,274,shippingservice,server,43,1,1,1,0
3,frontreco,200,289,adservice,server,10,3,3,3,0
3,frontreco,200,289,cartservice,server,35,2,2,2,0
3,frontreco,200,289,checkoutservice,checkout,42,1,1,1,0
3,frontreco,200,289,currencyservice,server,30,2,2,2,0
3,frontreco,200,289,emailservice,email,71,1,1,1,0
3,frontreco,200,289,frontend,recommendation,30,3,3,3,0
3,frontreco,200,289,frontend,server,53,3,3,3,0
3,frontreco,200,289,paymentservice,payment,30,1,1,1,0
3,frontreco,200,289,productcatalogservice,server,45,3,3,3,0
3,frontreco,200,289,redis-cart,-,,1,1,1,0
3,frontreco,200,289,shippingservice,server,39,1,1,1,0
3,frontreco,200,305,adservice,server,10,3,3,3,0
3,frontreco,200,305,cartservice,server,29,2,2,2,0
3,frontreco,200,305,checkoutservice,checkout,43,1,1,1,0
3,frontreco,200,305,currencyservice,server,36,2,2,2,0
3,frontreco,200,305,emailservice,email,68,1,1,1,0
3,frontreco,200,305,frontend,recommendation,31,3,3,3,0
3,frontreco,200,305,frontend,server,53,3,3,3,0
3,frontreco,200,305,paymentservice,payment,33,1,1,1,0
3,frontreco,200,305,productcatalogservice,server,43,3,3,3,0
3,frontreco,200,305,redis-cart,-,,1,1,1,0
3,frontreco,200,305,shippingservice,server,46,1,1,1,0
3,frontreco,200,320,adservice,server,10,3,3,3,0
3,frontreco,200,320,cartservice,server,26,2,2,2,0
3,frontreco,200,320,checkoutservice,checkout,43,1,1,1,0
3,frontreco,200,320,currencyservice,server,31,2,2,2,0
3,frontreco,200,320,emailservice,email,67,1,1,1,0
3,frontreco,200,320,frontend,recommendation,30,3,3,3,0
3,frontreco,200,320,frontend,server,53,3,3,3,0
3,frontreco,200,320,paymentservice,payment,28,1,1,1,0
3,frontreco,200,320,productcatalogservice,server,43,3,3,3,0
3,frontreco,200,320,redis-cart,-,,1,1,1,0
3,frontreco,200,320,shippingservice,server,40,1,1,1,0
3,frontreco,200,335,adservice,server,10,3,3,3,0
3,frontreco,200,335,cartservice,server,30,2,2,2,0
3,frontreco,200,335,checkoutservice,checkout,42,1,1,1,0
3,frontreco,200,335,currencyservice,server,31,2,2,2,0
3,frontreco,200,335,emailservice,email,66,1,1,1,0
3,frontreco,200,335,frontend,recommendation,30,3,3,3,0
3,frontreco,200,335,frontend,server,54,3,3,3,0
3,frontreco,200,335,paymentservice,payment,28,1,1,1,0
3,frontreco,200,335,productcatalogservice,server,42,3,3,3,0
3,frontreco,200,335,redis-cart,-,,1,1,1,0
3,frontreco,200,335,shippingservice,server,38,1,1,1,0
3,frontreco,200,350,adservice,server,10,3,1,1,0
3,frontreco,200,350,cartservice,server,28,2,2,2,0
3,frontreco,200,350,checkoutservice,checkout,45,1,1,1,0
3,frontreco,200,350,currencyservice,server,33,2,2,2,0
3,frontreco,200,350,emailservice,email,56,1,1,1,0
3,frontreco,200,350,frontend,recommendation,28,3,3,3,0
3,frontreco,200,350,frontend,server,53,3,3,3,0
3,frontreco,200,350,paymentservice,payment,52,1,1,1,0
3,frontreco,200,350,productcatalogservice,server,43,3,2,2,0
3,frontreco,200,350,redis-cart,-,,1,1,1,0
3,frontreco,200,350,shippingservice,server,39,1,1,1,0
3,frontreco,200,365,adservice,server,28,1,1,1,0
3,frontreco,200,365,cartservice,server,48,2,2,2,0
3,frontreco,200,365,checkoutservice,checkout,62,1,1,1,0
3,frontreco,200,365,currencyservice,server,46,2,2,2,0
3,frontreco,200,365,emailservice,email,111,1,2,1,0
3,frontreco,200,365,frontend,recommendation,31,3,3,3,0
3,frontreco,200,365,frontend,server,50,3,3,3,0
3,frontreco,200,365,paymentservice,payment,77,1,2,2,0
3,frontreco,200,365,productcatalogservice,server,22,2,2,2,0
3,frontreco,200,365,redis-cart,-,,1,1,1,0
3,frontreco,200,365,shippingservice,server,49,1,1,1,0
3,frontreco,200,380,adservice,server,27,1,1,1,0
3,frontreco,200,380,cartservice,server,48,2,2,2,0
3,frontreco,200,380,checkoutservice,checkout,57,1,1,1,0
3,frontreco,200,380,currencyservice,server,46,2,2,2,0
3,frontreco,200,380,emailservice,email,95,2,2,2,0
3,frontreco,200,380,frontend,recommendation,29,3,3,3,0
3,frontreco,200,380,frontend,server,49,3,3,3,0
3,frontreco,200,380,paymentservice,payment,77,2,2,2,0
3,frontreco,200,380,productcatalogservice,server,74,2,2,2,0
3,frontreco,200,380,redis-cart,-,,1,1,1,0
3,frontreco,200,380,shippingservice,server,59,1,1,1,0
3,frontreco,200,396,adservice,server,26,1,1,1,0
3,frontreco,200,396,cartservice,server,49,2,2,2,0
3,frontreco,200,396,checkoutservice,checkout,58,1,1,1,0
3,frontreco,200,396,currencyservice,server,45,2,2,2,0
3,frontreco,200,396,emailservice,email,99,2,2,2,0
3,frontreco,200,396,frontend,recommendation,28,3,3,3,0
3,frontreco,200,396,frontend,server,50,3,3,3,0
3,frontreco,200,396,paymentservice,payment,66,2,2,2,0
3,frontreco,200,396,productcatalogservice,server,74,2,2,2,0
3,frontreco,200,396,redis-cart,-,,1,1,1,0
3,frontreco,200,396,shippingservice,server,59,1,1,1,0
3,frontreco,200,411,adservice,server,26,1,1,1,0
3,frontreco,200,411,cartservice,server,47,2,2,2,0
3,frontreco,200,411,checkoutservice,checkout,59,1,1,1,0
3,frontreco,200,411,currencyservice,server,46,2,2,2,0
3,frontreco,200,411,emailservice,email,48,2,2,2,0
3,frontreco,200,411,frontend,recommendation,29,3,3,3,0
3,frontreco,200,411,frontend,server,50,3,3,3,0
3,frontreco,200,411,paymentservice,payment,34,2,2,2,0
3,frontreco,200,411,productcatalogservice,server,77,2,3,3,0
3,frontreco,200,411,redis-cart,-,,1,1,1,0
3,frontreco,200,411,shippingservice,server,62,1,1,1,0
3,frontreco,200,426,adservice,server,26,1,1,1,0
3,frontreco,200,426,cartservice,server,59,2,2,2,0
3,frontreco,200,426,checkoutservice,checkout,61,1,1,1,0
3,frontreco,200,426,currencyservice,server,48,2,2,2,0
3,frontreco,200,426,emailservice,email,49,2,2,2,0
3,frontreco,200,426,frontend,recommendation,28,3,3,3,0
3,frontreco,200,426,frontend,server,49,3,3,3,0
3,frontreco,200,426,paymentservice,payment,36,2,2,2,0
3,frontreco,200,426,productcatalogservice,server,76,3,3,3,0
3,frontreco,200,426,redis-cart,-,,1,1,1,0
3,frontreco,200,426,shippingservice,server,63,1,1,1,0
3,frontreco,200,441,adservice,server,26,1,1,1,0
3,frontreco,200,441,cartservice,server,51,2,2,2,0
3,frontreco,200,441,checkoutservice,checkout,29,1,1,1,0
3,frontreco,200,441,currencyservice,server,23,2,2,2,0
3,frontreco,200,441,emailservice,email,29,2,2,2,0
3,frontreco,200,441,frontend,recommendation,19,3,3,3,0
3,frontreco,200,441,frontend,server,27,3,3,3,0
3,frontreco,200,441,paymentservice,payment,13,2,2,2,0
3,frontreco,200,441,productcatalogservice,server,17,3,3,3,0
3,frontreco,200,441,redis-cart,-,,1,1,1,0
3,frontreco,200,441,shippingservice,server,17,1,1,1,0
3,frontcart,200,0,adservice,-,,1,0,1,0
3,frontcart,200,0,checkoutservice,checkout,0,1,1,1,0
3,frontcart,200,0,currencyservice,server,0,1,1,1,0
3,frontcart,200,0,emailservice,email,1,1,1,1,0
3,frontcart,200,0,frontend,-,,,0,1,0
3,frontcart,200,0,paymentservice,-,,,0,1,0
3,frontcart,200,0,productcatalogservice,-,,,0,1,0
3,frontcart,200,0,recommendationservice,-,,,0,1,0
3,frontcart,200,0,redis-cart,-,,1,1,1,0
3,frontcart,200,0,shippingservice,-,,,0,1,0
3,frontcart,200,15,adservice,server,64,1,1,1,0
3,frontcart,200,15,checkoutservice,checkout,1,1,1,1,0
3,frontcart,200,15,currencyservice,server,52,1,1,1,0
3,frontcart,200,15,emailservice,email,42,1,1,1,0
3,frontcart,200,15,frontend,cartservice,84,1,2,1,1
3,frontcart,200,15,frontend,server,103,1,2,1,1
3,frontcart,200,15,paymentservice,payment,0,1,1,1,0
3,frontcart,200,15,productcatalogservice,server,0,1,1,1,0
3,frontcart,200,15,recommendationservice,server,0,1,1,1,0
3,frontcart,200,15,redis-cart,-,,1,1,1,0
3,frontcart,200,15,shippingservice,server,0,1,1,1,0
3,frontcart,200,30,adservice,server,123,1,2,1,1
3,frontcart,200,30,checkoutservice,checkout,52,1,1,1,0
3,frontcart,200,30,currencyservice,server,83,1,2,1,1
3,frontcart,200,30,emailservice,email,83,1,2,1,1
3,frontcart,200,30,frontend,cartservice,84,2,2,1,0
3,frontcart,200,30,frontend,server,152,2,2,1,0
3,frontcart,200,30,paymentservice,payment,78,1,2,1,1
3,frontcart,200,30,productcatalogservice,server,63,1,1,1,0
3,frontcart,200,30,recommendationservice,server,9,1,1,1,0
3,frontcart,200,30,redis-cart,-,,1,1,1,0
3,frontcart,200,30,shippingservice,server,27,1,1,1,0
3,frontcart,200,46,adservice,server,82,2,2,1,0
3,frontcart,200,46,checkoutservice,checkout,49,1,1,1,0
3,frontcart,200,46,currencyservice,server,70,2,2,2,0
3,frontcart,200,46,emailservice,email,78,2,2,2,0
3,frontcart,200,46,frontend,cartservice,73,2,2,2,0
3,frontcart,200,46,frontend,server,144,2,2,2,0
3,frontcart,200,46,paymentservice,payment,47,2,2,2,0
3,frontcart,200,46,productcatalogservice,server,129,2,2,2,0
3,frontcart,200,46,recommendationservice,server,91,1,2,2,0
3,frontcart,200,46,redis-cart,-,,1,1,1,0
3,frontcart,200,46,shippingservice,server,55,1,1,1,0
3,frontcart,200,61,adservice,server,44,2,2,1,0
3,frontcart,200,61,checkoutservice,checkout,42,1,1,1,0
3,frontcart,200,61,currencyservice,server,35,2,2,2,0
3,frontcart,200,61,emailservice,email,30,2,2,2,0
3,frontcart,200,61,frontend,cartservice,34,2,3,2,0
3,frontcart,200,61,frontend,server,79,2,3,2,0
3,frontcart,200,61,paymentservice,payment,14,2,2,2,0
3,frontcart,200,61,productcatalogservice,server,62,2,2,2,0
3,frontcart,200,61,recommendationservice,server,43,2,2,2,0
3,frontcart,200,61,redis-cart,-,,1,1,1,0
3,frontcart,200,61,shippingservice,server,45,1,1,1,0
3,frontcart,200,76,adservice,server,51,2,2,2,0
3,frontcart,200,76,checkoutservice,checkout,49,1,1,1,0
3,frontcart,200,76,currencyservice,server,30,2,2,2,0
3,frontcart,200,76,emailservice,email,30,2,2,2,0
3,frontcart,200,76,frontend,cartservice,40,3,3,2,0
3,frontcart,200,76,frontend,server,78,3,3,2,0
3,frontcart,200,76,paymentservice,payment,26,2,2,2,0
3,frontcart,200,76,productcatalogservice,server,61,2,2,2,0
3,frontcart,200,76,recommendationservice,server,46,2,2,2,0
3,frontcart,200,76,redis-cart,-,,1,1,1,0
3,frontcart,200,76,shippingservice,server,43,1,1,1,0
3,frontcart,200,91,adservice,server,17,2,2,2,0
3,frontcart,200,91,checkoutservice,checkout,44,1,1,1,0
3,frontcart,200,91,currencyservice,server,34,2,2,2,0
3,frontcart,200,91,emailservice,email,37,2,2,2,0
3,frontcart,200,91,frontend,cartservice,31,3,3,3,0
3,frontcart,200,91,frontend,server,77,3,3,3,0
3,frontcart,200,91,paymentservice,payment,16,2,2,2,0
3,frontcart,200,91,productcatalogservice,server,67,2,2,2,0
3,frontcart,200,91,recommendationservice,server,43,2,2,2,0
3,frontcart,200,91,redis-cart,-,,1,1,1,0
3,frontcart,200,91,shippingservice,server,46,1,1,1,0
3,frontcart,200,106,adservice,server,17,2,2,2,0
3,frontcart,200,106,checkoutservice,checkout,41,1,1,1,0
3,frontcart,200,106,currencyservice,server,34,2,2,2,0
3,frontcart,200,106,emailservice,email,30,2,2,2,0
3,frontcart,200,106,frontend,cartservice,30,3,3,3,0
3,frontcart,200,106,frontend,server,80,3,3,3,0
3,frontcart,200,106,paymentservice,payment,11,2,2,2,0
3,frontcart,200,106,productcatalogservice,server,59,2,2,2,0
3,frontcart,200,106,recommendationservice,server,44,2,2,2,0
3,frontcart,200,106,redis-cart,-,,1,1,1,0
3,frontcart,200,106,shippingservice,server,36,1,1,1,0
3,frontcart,200,122,adservice,server,16,2,2,2,0
3,frontcart,200,122,checkoutservice,checkout,42,1,1,1,0
3,frontcart,200,122,currencyservice,server,27,2,2,2,0
3,frontcart,200,122,emailservice,email,31,2,2,2,0
3,frontcart,200,122,frontend,cartservice,22,3,3,3,0
3,frontcart,200,122,frontend,server,53,3,3,3,0
3,frontcart,200,122,paymentservice,payment,11,2,2,2,0
3,frontcart,200,122,productcatalogservice,server,59,2,2,2,0
3,frontcart,200,122,recommendationservice,server,45,2,2,2,0
3,frontcart,200,122,redis-cart,-,,1,1,1,0
3,frontcart,200,122,shippingservice,server,37,1,1,1,0
3,frontcart,200,137,adservice,server,15,2,2,2,0
3,frontcart,200,137,checkoutservice,checkout,39,1,1,1,0
3,frontcart,200,137,currencyservice,server,27,2,2,2,0
3,frontcart,200,137,emailservice,email,30,2,2,2,0
3,frontcart,200,137,frontend,cartservice,19,3,3,3,0
3,frontcart,200,137,frontend,server,53,3,3,3,0
3,frontcart,200,137,paymentservice,payment,10,2,2,2,0
3,frontcart,200,137,productcatalogservice,server,59,2,2,2,0
3,frontcart,200,137,recommendationservice,server,45,2,2,2,0
3,frontcart,200,137,redis-cart,-,,1,1,1,0
3,frontcart,200,137,shippingservice,server,37,1,1,1,0
3,frontcart,200,152,adservice,server,15,2,2,2,0
3,frontcart,200,152,checkoutservice,checkout,41,1,1,1,0
3,frontcart,200,152,currencyservice,server,27,2,2,2,0
3,frontcart,200,152,emailservice,email,31,2,2,2,0
3,frontcart,200,152,frontend,cartservice,16,3,3,3,0
3,frontcart,200,152,frontend,server,53,3,3,3,0
3,frontcart,200,152,paymentservice,payment,11,2,2,2,0
3,frontcart,200,152,productcatalogservice,server,59,2,2,2,0
3,frontcart,200,152,recommendationservice,server,45,2,2,2,0
3,frontcart,200,152,redis-cart,-,,1,1,1,0
3,frontcart,200,152,shippingservice,server,36,1,1,1,0
3,frontcart,200,167,adservice,server,20,2,2,2,0
3,frontcart,200,167,checkoutservice,checkout,42,1,1,1,0
3,frontcart,200,167,currencyservice,server,28,2,2,2,0
3,frontcart,200,167,emailservice,email,33,2,2,2,0
3,frontcart,200,167,frontend,cartservice,17,3,3,3,0
3,frontcart,200,167,frontend,server,53,3,3,3,0
3,frontcart,200,167,paymentservice,payment,12,2,2,2,0
3,frontcart,200,167,productcatalogservice,server,62,2,2,2,0
3,frontcart,200,167,recommendationservice,server,45,2,2,2,0
3,frontcart,200,167,redis-cart,-,,1,1,1,0
3,frontcart,200,167,shippingservice,server,37,1,1,1,0
3,frontcart,200,182,adservice,server,15,2,2,2,0
3,frontcart,200,182,checkoutservice,checkout,40,1,1,1,0
3,frontcart,200,182,currencyservice,server,29,2,2,2,0
3,frontcart,200,182,emailservice,email,29,2,2,2,0
3,frontcart,200,182,frontend,cartservice,17,3,3,3,0
3,frontcart,200,182,frontend,server,53,3,3,3,0
3,frontcart,200,182,paymentservice,payment,11,2,2,2,0
3,frontcart,200,182,productcatalogservice,server,58,2,2,2,0
3,frontcart,200,182,recommendationservice,server,45,2,2,2,0
3,frontcart,200,182,redis-cart,-,,1,1,1,0
3,frontcart,200,182,shippingservice,server,35,1,1,1,0
3,frontcart,200,198,adservice,server,16,2,2,2,0
3,frontcart,200,198,checkoutservice,checkout,43,1,1,1,0
3,frontcart,200,198,currencyservice,server,32,2,2,2,0
3,frontcart,200,198,emailservice,email,37,2,2,2,0
3,frontcart,200,198,frontend,cartservice,20,3,3,3,0
3,frontcart,200,198,frontend,server,49,3,3,3,0
3,frontcart,200,198,paymentservice,payment,18,2,2,2,0
3,frontcart,200,198,productcatalogservice,server,63,2,2,2,0
3,frontcart,200,198,recommendationservice,server,42,2,2,2,0
3,frontcart,200,198,redis-cart,-,,1,1,1,0
3,frontcart,200,198,shippingservice,server,42,1,1,1,0
3,frontcart,200,213,adservice,server,15,2,2,2,0
3,frontcart,200,213,checkoutservice,checkout,40,1,1,1,0
3,frontcart,200,213,currencyservice,server,27,2,2,2,0
3,frontcart,200,213,emailservice,email,28,2,2,2,0
3,frontcart,200,213,frontend,cartservice,16,3,3,3,0
3,frontcart,200,213,frontend,server,51,3,3,3,0
3,frontcart,200,213,paymentservice,payment,11,2,2,2,0
3,frontcart,200,213,productcatalogservice,server,56,2,2,2,0
3,frontcart,200,213,recommendationservice,server,45,2,2,2,0
3,frontcart,200,213,redis-cart,-,,1,1,1,0
3,frontcart,200,213,shippingservice,server,37,1,1,1,0
3,frontcart,200,228,adservice,server,15,2,2,2,0
3,frontcart,200,228,checkoutservice,checkout,41,1,1,1,0
3,frontcart,200,228,currencyservice,server,29,2,2,2,0
3,frontcart,200,228,emailservice,email,31,2,2,2,0
3,frontcart,200,228,frontend,cartservice,19,3,3,3,0
3,frontcart,200,228,frontend,server,53,3,3,3,0
3,frontcart,200,228,paymentservice,payment,12,2,2,2,0
3,frontcart,200,228,productcatalogservice,server,56,2,2,2,0
3,frontcart,200,228,recommendationservice,server,45,2,2,2,0
3,frontcart,200,228,redis-cart,-,,1,1,1,0
3,frontcart,200,228,shippingservice,server,39,1,1,1,0
3,frontcart,200,243,adservice,server,15,2,2,2,0
3,frontcart,200,243,checkoutservice,checkout,41,1,1,1,0
3,frontcart,200,243,currencyservice,server,28,2,2,2,0
3,frontcart,200,243,emailservice,email,32,2,2,2,0
3,frontcart,200,243,frontend,cartservice,18,3,3,3,0
3,frontcart,200,243,frontend,server,52,3,3,3,0
3,frontcart,200,243,paymentservice,payment,11,2,2,2,0
3,frontcart,200,243,productcatalogservice,server,59,2,2,2,0
3,frontcart,200,243,recommendationservice,server,44,2,2,2,0
3,frontcart,200,243,redis-cart,-,,1,1,1,0
3,frontcart,200,243,shippingservice,server,37,1,1,1,0
3,frontcart,200,258,adservice,server,15,2,2,2,0
3,frontcart,200,258,checkoutservice,checkout,41,1,1,1,0
3,frontcart,200,258,currencyservice,server,28,2,2,2,0
3,frontcart,200,258,emailservice,email,30,2,2,2,0
3,frontcart,200,258,frontend,cartservice,19,3,3,3,0
3,frontcart,200,258,frontend,server,53,3,3,3,0
3,frontcart,200,258,paymentservice,payment,11,2,2,2,0
3,frontcart,200,258,productcatalogservice,server,60,2,2,2,0
3,frontcart,200,258,recommendationservice,server,44,2,2,2,0
3,frontcart,200,258,redis-cart,-,,1,1,1,0
3,frontcart,200,258,shippingservice,server,35,1,1,1,0
3,frontcart,200,274,adservice,server,14,2,2,2,0
3,frontcart,200,274,checkoutservice,checkout,40,1,1,1,0
3,frontcart,200,274,currencyservice,server,28,2,2,2,0
3,frontcart,200,274,emailservice,email,29,2,2,2,0
3,frontcart,200,274,frontend,cartservice,20,3,3,3,0
3,frontcart,200,274,frontend,server,53,3,3,3,0
3,frontcart,200,274,paymentservice,payment,11,2,2,2,0
3,frontcart,200,274,productcatalogservice,server,57,2,2,2,0
3,frontcart,200,274,recommendationservice,server,44,2,2,2,0
3,frontcart,200,274,redis-cart,-,,1,1,1,0
3,frontcart,200,274,shippingservice,server,35,1,1,1,0
3,frontcart,200,289,adservice,server,16,2,2,2,0
3,frontcart,200,289,checkoutservice,checkout,40,1,1,1,0
3,frontcart,200,289,currencyservice,server,28,2,2,2,0
3,frontcart,200,289,emailservice,email,29,2,2,2,0
3,frontcart,200,289,frontend,cartservice,17,3,3,3,0
3,frontcart,200,289,frontend,server,52,3,3,3,0
3,frontcart,200,289,paymentservice,payment,11,2,2,2,0
3,frontcart,200,289,productcatalogservice,server,58,2,2,2,0
3,frontcart,200,289,recommendationservice,server,44,2,2,2,0
3,frontcart,200,289,redis-cart,-,,1,1,1,0
3,frontcart,200,289,shippingservice,server,36,1,1,1,0
3,frontcart,200,304,adservice,server,16,2,2,2,0
3,frontcart,200,304,checkoutservice,checkout,41,1,1,1,0
3,frontcart,200,304,currencyservice,server,27,2,2,2,0
3,frontcart,200,304,emailservice,email,31,2,2,2,0
3,frontcart,200,304,frontend,cartservice,16,3,3,3,0
3,frontcart,200,304,frontend,server,51,3,3,3,0
3,frontcart,200,304,paymentservice,payment,8,2,2,2,0
3,frontcart,200,304,productcatalogservice,server,57,2,2,2,0
3,frontcart,200,304,recommendationservice,server,45,2,2,2,0
3,frontcart,200,304,redis-cart,-,,1,1,1,0
3,frontcart,200,304,shippingservice,server,33,1,1,1,0
3,frontcart,200,319,adservice,server,16,2,2,2,0
3,frontcart,200,319,checkoutservice,checkout,42,1,1,1,0
3,frontcart,200,319,currencyservice,server,28,2,2,2,0
3,frontcart,200,319,emailservice,email,31,2,2,2,0
3,frontcart,200,319,frontend,cartservice,20,3,3,3,0
3,frontcart,200,319,frontend,server,53,3,3,3,0
3,frontcart,200,319,paymentservice,payment,11,2,2,2,0
3,frontcart,200,319,productcatalogservice,server,60,2,2,2,0
3,frontcart,200,319,recommendationservice,server,45,2,2,2,0
3,frontcart,200,319,redis-cart,-,,1,1,1,0
3,frontcart,200,319,shippingservice,server,36,1,1,1,0
3,frontcart,200,334,adservice,server,15,2,2,2,0
3,frontcart,200,334,checkoutservice,checkout,39,1,1,1,0
3,frontcart,200,334,currencyservice,server,28,2,2,2,0
3,frontcart,200,334,emailservice,email,32,2,2,2,0
3,frontcart,200,334,frontend,cartservice,21,3,3,3,0
3,frontcart,200,334,frontend,server,53,3,3,3,0
3,frontcart,200,334,paymentservice,payment,13,2,1,1,0
3,frontcart,200,334,productcatalogservice,server,57,2,2,2,0
3,frontcart,200,334,recommendationservice,server,45,2,2,2,0
3,frontcart,200,334,redis-cart,-,,1,1,1,0
3,frontcart,200,334,shippingservice,server,36,1,1,1,0
3,frontcart,200,350,adservice,server,15,2,1,1,0
3,frontcart,200,350,checkoutservice,checkout,48,1,1,1,0
3,frontcart,200,350,currencyservice,server,35,2,1,1,0
3,frontcart,200,350,emailservice,email,32,2,2,2,0
3,frontcart,200,350,frontend,cartservice,30,3,3,3,0
3,frontcart,200,350,frontend,server,53,3,3,3,0
3,frontcart,200,350,paymentservice,payment,0,1,1,1,0
3,frontcart,200,350,productcatalogservice,server,73,2,2,2,0
3,frontcart,200,350,recommendationservice,server,42,2,2,2,0
3,frontcart,200,350,redis-cart,-,,1,1,1,0
3,frontcart,200,350,shippingservice,server,54,1,1,1,0
3,frontcart,200,365,adservice,server,30,1,1,1,0
3,frontcart,200,365,checkoutservice,checkout,56,1,1,1,0
3,frontcart,200,365,currencyservice,server,70,1,1,1,0
3,frontcart,200,365,emailservice,email,47,2,2,2,0
3,frontcart,200,365,frontend,cartservice,28,3,3,3,0
3,frontcart,200,365,frontend,server,52,3,3,3,0
3,frontcart,200,365,paymentservice,payment,81,1,2,2,0
3,frontcart,200,365,productcatalogservice,server,68,2,2,2,0
3,frontcart,200,365,recommendationservice,server,48,2,2,2,0
3,frontcart,200,365,redis-cart,-,,1,1,1,0
3,frontcart,200,365,shippingservice,server,49,1,1,1,0
3,frontcart,200,380,adservice,server,143,1,3,1,0
3,frontcart,200,380,checkoutservice,checkout,46,1,1,1,0
3,frontcart,200,380,currencyservice,server,79,1,2,2,0
3,frontcart,200,380,emailservice,email,41,2,2,2,0
3,frontcart,200,380,frontend,cartservice,20,3,3,3,0
3,frontcart,200,380,frontend,server,51,3,3,3,0
3,frontcart,200,380,paymentservice,payment,44,2,2,2,0
3,frontcart,200,380,productcatalogservice,server,72,2,2,2,0
3,frontcart,200,380,recommendationservice,server,44,2,2,2,0
3,frontcart,200,380,redis-cart,-,,1,1,1,0
3,frontcart,200,380,shippingservice,server,48,1,1,1,0
3,frontcart,200,395,adservice,server,90,3,3,1,0
3,frontcart,200,395,checkoutservice,checkout,52,1,1,1,0
3,frontcart,200,395,currencyservice,server,79,2,2,2,0
3,frontcart,200,395,emailservice,email,42,2,2,2,0
3,frontcart,200,395,frontend,cartservice,21,3,3,3,0
3,frontcart,200,395,frontend,server,53,3,3,3,0
3,frontcart,200,395,paymentservice,payment,21,2,2,2,0
3,frontcart,200,395,productcatalogservice,server,72,2,2,2,0
3,frontcart,200,395,recommendationservice,server,46,2,2,2,0
3,frontcart,200,395,redis-cart,-,,1,1,1,0
3,frontcart,200,395,shippingservice,server,51,1,1,1,0
3,frontcart,200,410,adservice,server,46,3,3,3,0
3,frontcart,200,410,checkoutservice,checkout,58,1,1,1,0
3,frontcart,200,410,currencyservice,server,91,2,2,2,0
3,frontcart,200,410,emailservice,email,50,2,2,2,0
3,frontcart,200,410,frontend,cartservice,34,3,3,3,0
3,frontcart,200,410,frontend,server,50,3,3,3,0
3,frontcart,200,410,paymentservice,payment,36,2,2,2,0
3,frontcart,200,410,productcatalogservice,server,72,2,2,2,0
3,frontcart,200,410,recommendationservice,server,42,2,2,2,0
3,frontcart,200,410,redis-cart,-,,1,1,1,0
3,frontcart,200,410,shippingservice,server,61,1,1,1,0
3,frontcart,200,425,adservice,server,48,3,3,3,0
3,frontcart,200,425,checkoutservice,checkout,57,1,1,1,0
3,frontcart,200,425,currencyservice,server,42,2,2,2,0
3,frontcart,200,425,emailservice,email,45,2,2,2,0
3,frontcart,200,425,frontend,cartservice,32,3,3,3,0
3,frontcart,200,425,frontend,server,53,3,3,3,0
3,frontcart,200,425,paymentservice,payment,29,2,2,2,0
3,frontcart,200,425,productcatalogservice,server,75,2,2,2,0
3,frontcart,200,425,recommendationservice,server,46,2,2,2,0
3,frontcart,200,425,redis-cart,-,,1,1,1,0
3,frontcart,200,425,shippingservice,server,56,1,1,1,0
3,frontcart,200,441,adservice,server,12,3,3,3,0
3,frontcart,200,441,checkoutservice,checkout,34,1,1,1,0
3,frontcart,200,441,currencyservice,server,22,2,2,2,0
3,frontcart,200,441,emailservice,email,33,2,2,2,0
3,frontcart,200,441,frontend,cartservice,22,3,3,3,0
3,frontcart,200,441,frontend,server,23,3,3,3,0
3,frontcart,200,441,paymentservice,payment,16,2,2,2,0
3,frontcart,200,441,productcatalogservice,server,12,2,2,2,0
3,frontcart,200,441,recommendationservice,server,22,2,2,2,0
3,frontcart,200,441,redis-cart,-,,1,1,1,0
3,frontcart,200,441,shippingservice,server,49,1,1,1,0
