cycle,arm,target_rate,limit_x,t_rel,deploy,container,hpa_util_pct,current_replicas,desired_replicas,ready_replicas,pending_pods
1,frontcatalog,200,0,1,adservice,-,,1,0,1,0
1,frontcatalog,200,0,1,cartservice,-,,1,0,1,0
1,frontcatalog,200,0,1,checkoutservice,checkout,0,1,1,1,0
1,frontcatalog,200,0,1,currencyservice,server,0,1,1,1,0
1,frontcatalog,200,0,1,emailservice,email,1,1,1,1,0
1,frontcatalog,200,0,1,frontend,-,,1,0,1,0
1,frontcatalog,200,0,1,paymentservice,payment,1,1,1,1,0
1,frontcatalog,200,0,1,recommendationservice,-,,,0,1,0
1,frontcatalog,200,0,1,redis-cart,-,,1,1,1,0
1,frontcatalog,200,0,1,shippingservice,-,,,0,1,0
1,frontcatalog,200,0,16,adservice,server,46,1,1,1,0
1,frontcatalog,200,0,16,cartservice,server,30,1,1,1,0
1,frontcatalog,200,0,16,checkoutservice,checkout,0,1,1,1,0
1,frontcatalog,200,0,16,currencyservice,server,0,1,1,1,0
1,frontcatalog,200,0,16,emailservice,email,2,1,1,1,0
1,frontcatalog,200,0,16,frontend,productcatalog,0,1,1,1,0
1,frontcatalog,200,0,16,frontend,server,0,1,1,1,0
1,frontcatalog,200,0,16,paymentservice,payment,1,1,1,1,0
1,frontcatalog,200,0,16,recommendationservice,server,18,1,1,1,0
1,frontcatalog,200,0,16,redis-cart,-,,1,1,1,0
1,frontcatalog,200,0,16,shippingservice,server,1,1,1,1,0
1,frontcatalog,200,0,31,adservice,server,46,1,1,1,0
1,frontcatalog,200,0,31,cartservice,server,189,1,1,1,0
1,frontcatalog,200,0,31,checkoutservice,checkout,81,1,1,1,0
1,frontcatalog,200,0,31,currencyservice,server,81,1,1,1,0
1,frontcatalog,200,0,31,emailservice,email,139,1,1,1,0
1,frontcatalog,200,0,31,frontend,productcatalog,103,1,1,1,0
1,frontcatalog,200,0,31,frontend,server,109,1,1,1,0
1,frontcatalog,200,0,31,paymentservice,payment,121,1,1,1,0
1,frontcatalog,200,0,31,recommendationservice,server,145,1,1,1,0
1,frontcatalog,200,0,31,redis-cart,-,,1,1,1,0
1,frontcatalog,200,0,31,shippingservice,server,0,1,1,1,0
1,frontcatalog,200,0,46,adservice,server,692,1,1,1,0
1,frontcatalog,200,0,46,cartservice,server,189,1,3,1,0
1,frontcatalog,200,0,46,checkoutservice,checkout,81,1,2,2,0
1,frontcatalog,200,0,46,currencyservice,server,132,1,2,1,0
1,frontcatalog,200,0,46,emailservice,email,166,1,2,1,1
1,frontcatalog,200,0,46,frontend,productcatalog,124,1,2,1,1
1,frontcatalog,200,0,46,frontend,server,135,1,2,1,1
1,frontcatalog,200,0,46,paymentservice,payment,121,1,2,1,1
1,frontcatalog,200,0,46,recommendationservice,server,145,1,3,1,2
1,frontcatalog,200,0,46,redis-cart,-,,1,1,1,0
1,frontcatalog,200,0,46,shippingservice,server,131,1,1,1,0
1,frontcatalog,200,0,62,adservice,server,408,1,5,1,0
1,frontcatalog,200,0,62,cartservice,server,117,3,3,1,0
1,frontcatalog,200,0,62,checkoutservice,checkout,122,2,2,2,0
1,frontcatalog,200,0,62,currencyservice,server,97,2,2,2,0
1,frontcatalog,200,0,62,emailservice,email,131,2,2,2,0
1,frontcatalog,200,0,62,frontend,productcatalog,115,2,2,2,0
1,frontcatalog,200,0,62,frontend,server,141,2,2,2,0
1,frontcatalog,200,0,62,paymentservice,payment,120,2,2,2,0
1,frontcatalog,200,0,62,recommendationservice,server,140,3,3,3,0
1,frontcatalog,200,0,62,redis-cart,-,,1,1,1,0
1,frontcatalog,200,0,62,shippingservice,server,120,1,2,1,1
1,frontcatalog,200,0,77,adservice,server,243,5,5,1,0
1,frontcatalog,200,0,77,cartservice,server,137,3,3,3,0
1,frontcatalog,200,0,77,checkoutservice,checkout,60,2,2,2,0
1,frontcatalog,200,0,77,currencyservice,server,57,2,2,2,0
1,frontcatalog,200,0,77,emailservice,email,128,2,2,2,0
1,frontcatalog,200,0,77,frontend,productcatalog,112,2,2,2,0
1,frontcatalog,200,0,77,frontend,server,143,2,2,2,0
1,frontcatalog,200,0,77,paymentservice,payment,104,2,2,2,0
1,frontcatalog,200,0,77,recommendationservice,server,152,3,3,3,0
1,frontcatalog,200,0,77,redis-cart,-,,1,1,1,0
1,frontcatalog,200,0,77,shippingservice,server,108,2,2,2,0
1,frontcatalog,200,0,92,adservice,server,243,5,5,4,0
1,frontcatalog,200,0,92,cartservice,server,189,3,3,3,0
1,frontcatalog,200,0,92,checkoutservice,checkout,79,2,2,2,0
1,frontcatalog,200,0,92,currencyservice,server,68,2,2,2,0
1,frontcatalog,200,0,92,emailservice,email,86,2,2,2,0
1,frontcatalog,200,0,92,frontend,productcatalog,62,2,2,2,0
1,frontcatalog,200,0,92,frontend,server,66,2,2,2,0
1,frontcatalog,200,0,92,paymentservice,payment,60,2,2,2,0
1,frontcatalog,200,0,92,recommendationservice,server,73,3,3,3,0
1,frontcatalog,200,0,92,redis-cart,-,,1,1,1,0
1,frontcatalog,200,0,92,shippingservice,server,137,2,2,2,0
1,frontcatalog,200,0,107,adservice,server,137,5,5,5,0
1,frontcatalog,200,0,107,cartservice,server,160,3,3,3,0
1,frontcatalog,200,0,107,checkoutservice,checkout,73,2,2,2,0
1,frontcatalog,200,0,107,currencyservice,server,64,2,2,2,0
1,frontcatalog,200,0,107,emailservice,email,85,2,3,2,0
1,frontcatalog,200,0,107,frontend,productcatalog,63,2,2,2,0
1,frontcatalog,200,0,107,frontend,server,69,2,2,2,0
1,frontcatalog,200,0,107,paymentservice,payment,88,2,2,2,0
1,frontcatalog,200,0,107,recommendationservice,server,46,3,3,3,0
1,frontcatalog,200,0,107,redis-cart,-,,1,1,1,0
1,frontcatalog,200,0,107,shippingservice,server,70,2,2,2,0
1,frontcatalog,200,0,123,adservice,server,134,5,5,5,0
1,frontcatalog,200,0,123,cartservice,server,47,3,3,3,0
1,frontcatalog,200,0,123,checkoutservice,checkout,67,2,2,2,0
1,frontcatalog,200,0,123,currencyservice,server,65,2,2,2,0
1,frontcatalog,200,0,123,emailservice,email,75,3,3,3,0
1,frontcatalog,200,0,123,frontend,productcatalog,61,2,2,2,0
1,frontcatalog,200,0,123,frontend,server,68,2,2,2,0
1,frontcatalog,200,0,123,paymentservice,payment,58,2,2,2,0
1,frontcatalog,200,0,123,recommendationservice,server,49,3,3,3,0
1,frontcatalog,200,0,123,redis-cart,-,,1,1,1,0
1,frontcatalog,200,0,123,shippingservice,server,64,2,2,2,0
1,frontcatalog,200,0,138,adservice,server,42,5,5,5,0
1,frontcatalog,200,0,138,cartservice,server,62,3,3,3,0
1,frontcatalog,200,0,138,checkoutservice,checkout,73,2,2,2,0
1,frontcatalog,200,0,138,currencyservice,server,64,2,2,2,0
1,frontcatalog,200,0,138,emailservice,email,76,3,3,3,0
1,frontcatalog,200,0,138,frontend,productcatalog,59,2,2,2,0
1,frontcatalog,200,0,138,frontend,server,67,2,2,2,0
1,frontcatalog,200,0,138,paymentservice,payment,80,2,2,2,0
1,frontcatalog,200,0,138,recommendationservice,server,46,3,3,3,0
1,frontcatalog,200,0,138,redis-cart,-,,1,1,1,0
1,frontcatalog,200,0,138,shippingservice,server,64,2,2,2,0
1,frontcatalog,200,0,153,adservice,server,26,5,5,5,0
1,frontcatalog,200,0,153,cartservice,server,61,3,3,3,0
1,frontcatalog,200,0,153,checkoutservice,checkout,73,2,2,2,0
1,frontcatalog,200,0,153,currencyservice,server,71,2,2,2,0
1,frontcatalog,200,0,153,emailservice,email,57,3,3,3,0
1,frontcatalog,200,0,153,frontend,productcatalog,62,2,2,2,0
1,frontcatalog,200,0,153,frontend,server,66,2,2,2,0
1,frontcatalog,200,0,153,paymentservice,payment,89,2,3,3,0
1,frontcatalog,200,0,153,recommendationservice,server,46,3,3,3,0
1,frontcatalog,200,0,153,redis-cart,-,,1,1,1,0
1,frontcatalog,200,0,153,shippingservice,server,76,2,2,2,0
1,frontcatalog,200,0,168,adservice,server,25,5,5,5,0
1,frontcatalog,200,0,168,cartservice,server,50,3,3,3,0
1,frontcatalog,200,0,168,checkoutservice,checkout,73,2,2,2,0
1,frontcatalog,200,0,168,currencyservice,server,71,2,2,2,0
1,frontcatalog,200,0,168,emailservice,email,41,3,3,3,0
1,frontcatalog,200,0,168,frontend,productcatalog,58,2,2,2,0
1,frontcatalog,200,0,168,frontend,server,67,2,2,2,0
1,frontcatalog,200,0,168,paymentservice,payment,89,3,3,3,0
1,frontcatalog,200,0,168,recommendationservice,server,43,3,3,3,0
1,frontcatalog,200,0,168,redis-cart,-,,1,1,1,0
1,frontcatalog,200,0,168,shippingservice,server,57,2,2,2,0
1,frontcatalog,200,0,184,adservice,server,27,5,2,2,0
1,frontcatalog,200,0,184,cartservice,server,32,3,3,3,0
1,frontcatalog,200,0,184,checkoutservice,checkout,50,2,2,2,0
1,frontcatalog,200,0,184,currencyservice,server,50,2,2,2,0
1,frontcatalog,200,0,184,emailservice,email,56,3,3,3,0
1,frontcatalog,200,0,184,frontend,productcatalog,55,2,2,2,0
1,frontcatalog,200,0,184,frontend,server,64,2,2,2,0
1,frontcatalog,200,0,184,paymentservice,payment,57,3,3,3,0
1,frontcatalog,200,0,184,recommendationservice,server,43,3,2,2,0
1,frontcatalog,200,0,184,redis-cart,-,,1,1,1,0
1,frontcatalog,200,0,184,shippingservice,server,71,2,2,2,0
1,frontcatalog,200,0,199,adservice,server,60,2,2,2,0
1,frontcatalog,200,0,199,cartservice,server,52,3,3,3,0
1,frontcatalog,200,0,199,checkoutservice,checkout,77,2,2,2,0
1,frontcatalog,200,0,199,currencyservice,server,70,2,2,2,0
1,frontcatalog,200,0,199,emailservice,email,57,3,3,3,0
1,frontcatalog,200,0,199,frontend,productcatalog,63,2,2,2,0
1,frontcatalog,200,0,199,frontend,server,67,2,2,2,0
1,frontcatalog,200,0,199,paymentservice,payment,59,3,3,3,0
1,frontcatalog,200,0,199,recommendationservice,server,74,2,2,2,0
1,frontcatalog,200,0,199,redis-cart,-,,1,1,1,0
1,frontcatalog,200,0,199,shippingservice,server,77,2,2,2,0
1,frontcatalog,200,0,214,adservice,server,65,2,2,2,0
1,frontcatalog,200,0,214,cartservice,server,51,3,3,3,0
1,frontcatalog,200,0,214,checkoutservice,checkout,71,2,2,2,0
1,frontcatalog,200,0,214,currencyservice,server,69,2,2,2,0
1,frontcatalog,200,0,214,emailservice,email,57,3,3,3,0
1,frontcatalog,200,0,214,frontend,productcatalog,62,2,2,2,0
1,frontcatalog,200,0,214,frontend,server,65,2,2,2,0
1,frontcatalog,200,0,214,paymentservice,payment,50,3,3,3,0
1,frontcatalog,200,0,214,recommendationservice,server,65,2,2,2,0
1,frontcatalog,200,0,214,redis-cart,-,,1,1,1,0
1,frontcatalog,200,0,214,shippingservice,server,77,2,3,3,0
1,frontcatalog,200,0,229,adservice,server,57,2,2,2,0
1,frontcatalog,200,0,229,cartservice,server,61,3,3,3,0
1,frontcatalog,200,0,229,checkoutservice,checkout,79,2,2,2,0
1,frontcatalog,200,0,229,currencyservice,server,71,2,2,2,0
1,frontcatalog,200,0,229,emailservice,email,55,3,3,3,0
1,frontcatalog,200,0,229,frontend,productcatalog,63,2,2,2,0
1,frontcatalog,200,0,229,frontend,server,71,2,2,2,0
1,frontcatalog,200,0,229,paymentservice,payment,58,3,3,3,0
1,frontcatalog,200,0,229,recommendationservice,server,74,2,2,2,0
1,frontcatalog,200,0,229,redis-cart,-,,1,1,1,0
1,frontcatalog,200,0,229,shippingservice,server,72,3,3,3,0
1,frontcatalog,200,0,245,adservice,server,57,2,2,2,0
1,frontcatalog,200,0,245,cartservice,server,52,3,3,3,0
1,frontcatalog,200,0,245,checkoutservice,checkout,69,2,2,2,0
1,frontcatalog,200,0,245,currencyservice,server,65,2,2,2,0
1,frontcatalog,200,0,245,emailservice,email,57,3,3,3,0
1,frontcatalog,200,0,245,frontend,productcatalog,63,2,2,2,0
1,frontcatalog,200,0,245,frontend,server,67,2,2,2,0
1,frontcatalog,200,0,245,paymentservice,payment,59,3,3,3,0
1,frontcatalog,200,0,245,recommendationservice,server,68,2,2,2,0
1,frontcatalog,200,0,245,redis-cart,-,,1,1,1,0
1,frontcatalog,200,0,245,shippingservice,server,77,3,3,3,0
1,frontcatalog,200,0,260,adservice,server,65,2,2,2,0
1,frontcatalog,200,0,260,cartservice,server,50,3,3,3,0
1,frontcatalog,200,0,260,checkoutservice,checkout,69,2,2,2,0
1,frontcatalog,200,0,260,currencyservice,server,70,2,2,2,0
1,frontcatalog,200,0,260,emailservice,email,53,3,3,3,0
1,frontcatalog,200,0,260,frontend,productcatalog,63,2,2,2,0
1,frontcatalog,200,0,260,frontend,server,68,2,2,2,0
1,frontcatalog,200,0,260,paymentservice,payment,52,3,3,3,0
1,frontcatalog,200,0,260,recommendationservice,server,72,2,2,2,0
1,frontcatalog,200,0,260,redis-cart,-,,1,1,1,0
1,frontcatalog,200,0,260,shippingservice,server,46,3,3,3,0
1,frontcatalog,200,0,275,adservice,server,59,2,2,2,0
1,frontcatalog,200,0,275,cartservice,server,51,3,3,3,0
1,frontcatalog,200,0,275,checkoutservice,checkout,74,2,2,2,0
1,frontcatalog,200,0,275,currencyservice,server,68,2,2,2,0
1,frontcatalog,200,0,275,emailservice,email,56,3,3,3,0
1,frontcatalog,200,0,275,frontend,productcatalog,62,2,2,2,0
1,frontcatalog,200,0,275,frontend,server,70,2,2,2,0
1,frontcatalog,200,0,275,paymentservice,payment,55,3,3,3,0
1,frontcatalog,200,0,275,recommendationservice,server,72,2,2,2,0
1,frontcatalog,200,0,275,redis-cart,-,,1,1,1,0
1,frontcatalog,200,0,275,shippingservice,server,48,3,3,3,0
1,frontcatalog,200,0,290,adservice,server,58,2,2,2,0
1,frontcatalog,200,0,290,cartservice,server,51,3,3,3,0
1,frontcatalog,200,0,290,checkoutservice,checkout,76,2,2,2,0
1,frontcatalog,200,0,290,currencyservice,server,69,2,2,2,0
1,frontcatalog,200,0,290,emailservice,email,56,3,3,3,0
1,frontcatalog,200,0,290,frontend,productcatalog,62,2,2,2,0
1,frontcatalog,200,0,290,frontend,server,67,2,2,2,0
1,frontcatalog,200,0,290,paymentservice,payment,55,3,3,3,0
1,frontcatalog,200,0,290,recommendationservice,server,69,2,2,2,0
1,frontcatalog,200,0,290,redis-cart,-,,1,1,1,0
1,frontcatalog,200,0,290,shippingservice,server,50,3,3,3,0
1,frontcatalog,200,0,306,adservice,server,57,2,2,2,0
1,frontcatalog,200,0,306,cartservice,server,60,3,3,3,0
1,frontcatalog,200,0,306,checkoutservice,checkout,78,2,2,2,0
1,frontcatalog,200,0,306,currencyservice,server,71,2,2,2,0
1,frontcatalog,200,0,306,emailservice,email,57,3,3,3,0
1,frontcatalog,200,0,306,frontend,productcatalog,62,2,2,2,0
1,frontcatalog,200,0,306,frontend,server,66,2,2,2,0
1,frontcatalog,200,0,306,paymentservice,payment,57,3,3,3,0
1,frontcatalog,200,0,306,recommendationservice,server,70,2,2,2,0
1,frontcatalog,200,0,306,redis-cart,-,,1,1,1,0
1,frontcatalog,200,0,306,shippingservice,server,51,3,3,3,0
1,frontcatalog,200,0,321,adservice,server,59,2,2,2,0
1,frontcatalog,200,0,321,cartservice,server,52,3,3,3,0
1,frontcatalog,200,0,321,checkoutservice,checkout,80,2,3,3,0
1,frontcatalog,200,0,321,currencyservice,server,73,2,2,2,0
1,frontcatalog,200,0,321,emailservice,email,57,3,3,3,0
1,frontcatalog,200,0,321,frontend,productcatalog,63,2,2,2,0
1,frontcatalog,200,0,321,frontend,server,68,2,2,2,0
1,frontcatalog,200,0,321,paymentservice,payment,57,3,3,3,0
1,frontcatalog,200,0,321,recommendationservice,server,72,2,2,2,0
1,frontcatalog,200,0,321,redis-cart,-,,1,1,1,0
1,frontcatalog,200,0,321,shippingservice,server,51,3,3,3,0
1,frontcatalog,200,0,336,adservice,server,60,2,2,2,0
1,frontcatalog,200,0,336,cartservice,server,51,3,3,3,0
1,frontcatalog,200,0,336,checkoutservice,checkout,73,3,3,3,0
1,frontcatalog,200,0,336,currencyservice,server,69,2,2,2,0
1,frontcatalog,200,0,336,emailservice,email,54,3,3,3,0
1,frontcatalog,200,0,336,frontend,productcatalog,62,2,2,2,0
1,frontcatalog,200,0,336,frontend,server,69,2,2,2,0
1,frontcatalog,200,0,336,paymentservice,payment,59,3,3,3,0
1,frontcatalog,200,0,336,recommendationservice,server,70,2,2,2,0
1,frontcatalog,200,0,336,redis-cart,-,,1,1,1,0
1,frontcatalog,200,0,336,shippingservice,server,51,3,3,3,0
1,frontcatalog,200,0,351,adservice,server,60,2,2,2,0
1,frontcatalog,200,0,351,cartservice,server,54,3,3,3,0
1,frontcatalog,200,0,351,checkoutservice,checkout,74,3,3,3,0
1,frontcatalog,200,0,351,currencyservice,server,71,2,2,2,0
1,frontcatalog,200,0,351,emailservice,email,60,3,3,3,0
1,frontcatalog,200,0,351,frontend,productcatalog,66,2,2,2,0
1,frontcatalog,200,0,351,frontend,server,68,2,2,2,0
1,frontcatalog,200,0,351,paymentservice,payment,58,3,3,3,0
1,frontcatalog,200,0,351,recommendationservice,server,70,2,2,2,0
1,frontcatalog,200,0,351,redis-cart,-,,1,1,1,0
1,frontcatalog,200,0,351,shippingservice,server,50,3,3,3,0
1,frontcatalog,200,0,367,adservice,server,63,2,2,2,0
1,frontcatalog,200,0,367,cartservice,server,46,3,3,3,0
1,frontcatalog,200,0,367,checkoutservice,checkout,50,3,3,3,0
1,frontcatalog,200,0,367,currencyservice,server,71,2,2,2,0
1,frontcatalog,200,0,367,emailservice,email,53,3,3,3,0
1,frontcatalog,200,0,367,frontend,productcatalog,63,2,2,2,0
1,frontcatalog,200,0,367,frontend,server,68,2,2,2,0
1,frontcatalog,200,0,367,paymentservice,payment,48,3,3,3,0
1,frontcatalog,200,0,367,recommendationservice,server,72,2,2,2,0
1,frontcatalog,200,0,367,redis-cart,-,,1,1,1,0
1,frontcatalog,200,0,367,shippingservice,server,49,3,3,3,0
1,frontcatalog,200,0,382,adservice,server,60,2,2,2,0
1,frontcatalog,200,0,382,cartservice,server,54,3,3,3,0
1,frontcatalog,200,0,382,checkoutservice,checkout,51,3,3,3,0
1,frontcatalog,200,0,382,currencyservice,server,72,2,2,2,0
1,frontcatalog,200,0,382,emailservice,email,60,3,3,3,0
1,frontcatalog,200,0,382,frontend,productcatalog,62,2,2,2,0
1,frontcatalog,200,0,382,frontend,server,69,2,2,2,0
1,frontcatalog,200,0,382,paymentservice,payment,61,3,3,3,0
1,frontcatalog,200,0,382,recommendationservice,server,71,2,2,2,0
1,frontcatalog,200,0,382,redis-cart,-,,1,1,1,0
1,frontcatalog,200,0,382,shippingservice,server,50,3,3,3,0
1,frontcatalog,200,0,397,adservice,server,63,2,2,2,0
1,frontcatalog,200,0,397,cartservice,server,56,3,3,3,0
1,frontcatalog,200,0,397,checkoutservice,checkout,51,3,3,3,0
1,frontcatalog,200,0,397,currencyservice,server,71,2,2,2,0
1,frontcatalog,200,0,397,emailservice,email,57,3,3,3,0
1,frontcatalog,200,0,397,frontend,productcatalog,66,2,2,2,0
1,frontcatalog,200,0,397,frontend,server,70,2,2,2,0
1,frontcatalog,200,0,397,paymentservice,payment,54,3,3,3,0
1,frontcatalog,200,0,397,recommendationservice,server,76,2,2,2,0
1,frontcatalog,200,0,397,redis-cart,-,,1,1,1,0
1,frontcatalog,200,0,397,shippingservice,server,50,3,3,3,0
1,frontcatalog,200,0,412,adservice,server,60,2,2,2,0
1,frontcatalog,200,0,412,cartservice,server,47,3,3,3,0
1,frontcatalog,200,0,412,checkoutservice,checkout,48,3,3,3,0
1,frontcatalog,200,0,412,currencyservice,server,69,2,2,2,0
1,frontcatalog,200,0,412,emailservice,email,57,3,3,3,0
1,frontcatalog,200,0,412,frontend,productcatalog,62,2,2,2,0
1,frontcatalog,200,0,412,frontend,server,67,2,2,2,0
1,frontcatalog,200,0,412,paymentservice,payment,52,3,3,3,0
1,frontcatalog,200,0,412,recommendationservice,server,71,2,2,2,0
1,frontcatalog,200,0,412,redis-cart,-,,1,1,1,0
1,frontcatalog,200,0,412,shippingservice,server,49,3,3,3,0
1,frontcatalog,200,0,428,adservice,server,59,2,2,2,0
1,frontcatalog,200,0,428,cartservice,server,45,3,3,3,0
1,frontcatalog,200,0,428,checkoutservice,checkout,40,3,3,3,0
1,frontcatalog,200,0,428,currencyservice,server,63,2,2,2,0
1,frontcatalog,200,0,428,emailservice,email,51,3,3,3,0
1,frontcatalog,200,0,428,frontend,productcatalog,59,2,2,2,0
1,frontcatalog,200,0,428,frontend,server,67,2,2,2,0
1,frontcatalog,200,0,428,paymentservice,payment,52,3,3,3,0
1,frontcatalog,200,0,428,recommendationservice,server,70,2,2,2,0
1,frontcatalog,200,0,428,redis-cart,-,,1,1,1,0
1,frontcatalog,200,0,428,shippingservice,server,41,3,3,3,0
1,frontcatalog,200,0,443,adservice,server,57,2,2,2,0
1,frontcatalog,200,0,443,cartservice,server,53,3,3,3,0
1,frontcatalog,200,0,443,checkoutservice,checkout,48,3,3,3,0
1,frontcatalog,200,0,443,currencyservice,server,63,2,2,2,0
1,frontcatalog,200,0,443,emailservice,email,55,3,3,3,0
1,frontcatalog,200,0,443,frontend,productcatalog,52,2,2,2,0
1,frontcatalog,200,0,443,frontend,server,70,2,2,2,0
1,frontcatalog,200,0,443,paymentservice,payment,48,3,3,3,0
1,frontcatalog,200,0,443,recommendationservice,server,68,2,2,2,0
1,frontcatalog,200,0,443,redis-cart,-,,1,1,1,0
1,frontcatalog,200,0,443,shippingservice,server,48,3,3,3,0
1,frontcatalog,250,0,1,adservice,server,10,2,2,2,0
1,frontcatalog,250,0,1,cartservice,server,0,3,3,3,0
1,frontcatalog,250,0,1,checkoutservice,checkout,0,3,3,3,0
1,frontcatalog,250,0,1,currencyservice,server,48,2,2,2,0
1,frontcatalog,250,0,1,emailservice,email,7,3,3,3,0
1,frontcatalog,250,0,1,frontend,productcatalog,0,2,2,2,0
1,frontcatalog,250,0,1,frontend,server,31,2,2,2,0
1,frontcatalog,250,0,1,paymentservice,payment,31,3,3,3,0
1,frontcatalog,250,0,1,recommendationservice,server,0,2,2,2,0
1,frontcatalog,250,0,1,redis-cart,-,,1,1,1,0
1,frontcatalog,250,0,1,shippingservice,server,8,3,3,3,0
1,frontcatalog,250,0,16,adservice,server,5,2,2,2,0
1,frontcatalog,250,0,16,cartservice,server,0,3,3,3,0
1,frontcatalog,250,0,16,checkoutservice,checkout,0,3,3,3,0
1,frontcatalog,250,0,16,currencyservice,server,0,2,2,2,0
1,frontcatalog,250,0,16,emailservice,email,2,3,3,3,0
1,frontcatalog,250,0,16,frontend,productcatalog,0,2,2,2,0
1,frontcatalog,250,0,16,frontend,server,0,2,2,2,0
1,frontcatalog,250,0,16,paymentservice,payment,1,3,3,3,0
1,frontcatalog,250,0,16,recommendationservice,server,0,2,2,2,0
1,frontcatalog,250,0,16,redis-cart,-,,1,1,1,0
1,frontcatalog,250,0,16,shippingservice,server,1,3,3,3,0
1,frontcatalog,250,0,31,adservice,server,3,2,2,2,0
1,frontcatalog,250,0,31,cartservice,server,0,3,3,3,0
1,frontcatalog,250,0,31,checkoutservice,checkout,0,3,3,3,0
1,frontcatalog,250,0,31,currencyservice,server,34,2,2,2,0
1,frontcatalog,250,0,31,emailservice,email,21,3,3,3,0
1,frontcatalog,250,0,31,frontend,productcatalog,1,2,2,2,0
1,frontcatalog,250,0,31,frontend,server,0,2,2,2,0
1,frontcatalog,250,0,31,paymentservice,payment,1,3,3,3,0
1,frontcatalog,250,0,31,recommendationservice,server,0,2,2,2,0
1,frontcatalog,250,0,31,redis-cart,-,,1,1,1,0
1,frontcatalog,250,0,31,shippingservice,server,4,3,3,3,0
1,frontcatalog,250,0,47,adservice,server,41,2,2,2,0
1,frontcatalog,250,0,47,cartservice,server,51,3,3,3,0
1,frontcatalog,250,0,47,checkoutservice,checkout,27,3,2,2,0
1,frontcatalog,250,0,47,currencyservice,server,83,2,2,2,0
1,frontcatalog,250,0,47,emailservice,email,70,3,3,3,0
1,frontcatalog,250,0,47,frontend,productcatalog,69,2,2,2,0
1,frontcatalog,250,0,47,frontend,server,65,2,2,2,0
1,frontcatalog,250,0,47,paymentservice,payment,38,3,2,2,0
1,frontcatalog,250,0,47,recommendationservice,server,43,2,2,2,0
1,frontcatalog,250,0,47,redis-cart,-,,1,1,1,0
1,frontcatalog,250,0,47,shippingservice,server,50,3,3,3,0
1,frontcatalog,250,0,62,adservice,server,66,2,2,2,0
1,frontcatalog,250,0,62,cartservice,server,51,3,3,3,0
1,frontcatalog,250,0,62,checkoutservice,checkout,89,2,2,2,0
1,frontcatalog,250,0,62,currencyservice,server,83,2,3,3,0
1,frontcatalog,250,0,62,emailservice,email,70,3,3,3,0
1,frontcatalog,250,0,62,frontend,productcatalog,75,2,2,2,0
1,frontcatalog,250,0,62,frontend,server,83,2,2,2,0
1,frontcatalog,250,0,62,paymentservice,payment,97,2,2,2,0
1,frontcatalog,250,0,62,recommendationservice,server,82,2,2,2,0
1,frontcatalog,250,0,62,redis-cart,-,,1,1,1,0
1,frontcatalog,250,0,62,shippingservice,server,55,3,3,3,0
1,frontcatalog,250,0,77,adservice,server,71,2,2,2,0
1,frontcatalog,250,0,77,cartservice,server,54,3,3,3,0
1,frontcatalog,250,0,77,checkoutservice,checkout,77,2,3,3,0
1,frontcatalog,250,0,77,currencyservice,server,78,3,3,3,0
1,frontcatalog,250,0,77,emailservice,email,62,3,3,3,0
1,frontcatalog,250,0,77,frontend,productcatalog,79,2,3,3,0
1,frontcatalog,250,0,77,frontend,server,88,2,3,3,0
1,frontcatalog,250,0,77,paymentservice,payment,91,2,3,3,0
1,frontcatalog,250,0,77,recommendationservice,server,83,2,3,2,0
1,frontcatalog,250,0,77,redis-cart,-,,1,1,1,0
1,frontcatalog,250,0,77,shippingservice,server,55,3,3,3,0
1,frontcatalog,250,0,92,adservice,server,70,2,2,2,0
1,frontcatalog,250,0,92,cartservice,server,60,3,3,3,0
1,frontcatalog,250,0,92,checkoutservice,checkout,88,3,3,3,0
1,frontcatalog,250,0,92,currencyservice,server,83,3,3,3,0
1,frontcatalog,250,0,92,emailservice,email,65,3,3,3,0
1,frontcatalog,250,0,92,frontend,productcatalog,79,3,3,3,0
1,frontcatalog,250,0,92,frontend,server,87,3,3,3,0
1,frontcatalog,250,0,92,paymentservice,payment,91,3,3,3,0
1,frontcatalog,250,0,92,recommendationservice,server,84,3,3,2,0
1,frontcatalog,250,0,92,redis-cart,-,,1,1,1,0
1,frontcatalog,250,0,92,shippingservice,server,56,3,3,3,0
1,frontcatalog,250,0,108,adservice,server,107,2,2,2,0
1,frontcatalog,250,0,108,cartservice,server,59,3,3,3,0
1,frontcatalog,250,0,108,checkoutservice,checkout,53,3,3,3,0
1,frontcatalog,250,0,108,currencyservice,server,55,3,3,3,0
1,frontcatalog,250,0,108,emailservice,email,62,3,3,3,0
1,frontcatalog,250,0,108,frontend,productcatalog,79,3,3,3,0
1,frontcatalog,250,0,108,frontend,server,87,3,3,3,0
1,frontcatalog,250,0,108,paymentservice,payment,92,3,3,3,0
1,frontcatalog,250,0,108,recommendationservice,server,86,3,3,2,0
1,frontcatalog,250,0,108,redis-cart,-,,1,1,1,0
1,frontcatalog,250,0,108,shippingservice,server,57,3,3,3,0
1,frontcatalog,250,0,123,adservice,server,117,2,4,2,2
1,frontcatalog,250,0,123,cartservice,server,54,3,3,3,0
1,frontcatalog,250,0,123,checkoutservice,checkout,54,3,3,3,0
1,frontcatalog,250,0,123,currencyservice,server,57,3,3,3,0
1,frontcatalog,250,0,123,emailservice,email,65,3,3,3,0
1,frontcatalog,250,0,123,frontend,productcatalog,54,3,3,3,0
1,frontcatalog,250,0,123,frontend,server,60,3,3,3,0
1,frontcatalog,250,0,123,paymentservice,payment,65,3,3,3,0
1,frontcatalog,250,0,123,recommendationservice,server,58,3,3,2,0
1,frontcatalog,250,0,123,redis-cart,-,,1,1,1,0
1,frontcatalog,250,0,123,shippingservice,server,57,3,3,3,0
1,frontcatalog,250,0,138,adservice,server,126,4,4,2,0
1,frontcatalog,250,0,138,cartservice,server,53,3,3,3,0
1,frontcatalog,250,0,138,checkoutservice,checkout,51,3,3,3,0
1,frontcatalog,250,0,138,currencyservice,server,58,3,3,3,0
1,frontcatalog,250,0,138,emailservice,email,64,3,3,3,0
1,frontcatalog,250,0,138,frontend,productcatalog,54,3,3,3,0
1,frontcatalog,250,0,138,frontend,server,60,3,3,3,0
1,frontcatalog,250,0,138,paymentservice,payment,58,3,3,3,0
1,frontcatalog,250,0,138,recommendationservice,server,58,3,3,3,0
1,frontcatalog,250,0,138,redis-cart,-,,1,1,1,0
1,frontcatalog,250,0,138,shippingservice,server,55,3,3,3,0
1,frontcatalog,250,0,154,adservice,server,145,4,4,2,0
1,frontcatalog,250,0,154,cartservice,server,52,3,3,3,0
1,frontcatalog,250,0,154,checkoutservice,checkout,55,3,3,3,0
1,frontcatalog,250,0,154,currencyservice,server,61,3,3,3,0
1,frontcatalog,250,0,154,emailservice,email,65,3,3,3,0
1,frontcatalog,250,0,154,frontend,productcatalog,55,3,3,3,0
1,frontcatalog,250,0,154,frontend,server,64,3,3,3,0
1,frontcatalog,250,0,154,paymentservice,payment,61,3,3,3,0
1,frontcatalog,250,0,154,recommendationservice,server,0,3,3,3,0
1,frontcatalog,250,0,154,redis-cart,-,,1,1,1,0
1,frontcatalog,250,0,154,shippingservice,server,53,3,3,3,0
1,frontcatalog,250,0,169,adservice,server,147,4,4,4,0
1,frontcatalog,250,0,169,cartservice,server,57,3,3,3,0
1,frontcatalog,250,0,169,checkoutservice,checkout,63,3,3,3,0
1,frontcatalog,250,0,169,currencyservice,server,62,3,3,3,0
1,frontcatalog,250,0,169,emailservice,email,79,3,3,3,0
1,frontcatalog,250,0,169,frontend,productcatalog,62,3,3,3,0
1,frontcatalog,250,0,169,frontend,server,66,3,3,3,0
1,frontcatalog,250,0,169,paymentservice,payment,71,3,3,3,0
1,frontcatalog,250,0,169,recommendationservice,server,71,3,3,3,0
1,frontcatalog,250,0,169,redis-cart,-,,1,1,1,0
1,frontcatalog,250,0,169,shippingservice,server,59,3,3,3,0
1,frontcatalog,250,0,185,adservice,server,123,4,4,4,0
1,frontcatalog,250,0,185,cartservice,server,58,3,3,3,0
1,frontcatalog,250,0,185,checkoutservice,checkout,59,3,3,3,0
1,frontcatalog,250,0,185,currencyservice,server,61,3,3,3,0
1,frontcatalog,250,0,185,emailservice,email,71,3,3,3,0
1,frontcatalog,250,0,185,frontend,productcatalog,56,3,3,3,0
1,frontcatalog,250,0,185,frontend,server,61,3,3,3,0
1,frontcatalog,250,0,185,paymentservice,payment,71,3,3,3,0
1,frontcatalog,250,0,185,recommendationservice,server,70,3,3,3,0
1,frontcatalog,250,0,185,redis-cart,-,,1,1,1,0
1,frontcatalog,250,0,185,shippingservice,server,61,3,3,3,0
1,frontcatalog,250,0,200,adservice,server,56,4,4,4,0
1,frontcatalog,250,0,200,cartservice,server,65,3,3,3,0
1,frontcatalog,250,0,200,checkoutservice,checkout,65,3,3,3,0
1,frontcatalog,250,0,200,currencyservice,server,62,3,3,3,0
1,frontcatalog,250,0,200,emailservice,email,73,3,3,3,0
1,frontcatalog,250,0,200,frontend,productcatalog,56,3,3,3,0
1,frontcatalog,250,0,200,frontend,server,61,3,3,3,0
1,frontcatalog,250,0,200,paymentservice,payment,71,3,3,3,0
1,frontcatalog,250,0,200,recommendationservice,server,68,3,3,3,0
1,frontcatalog,250,0,200,redis-cart,-,,1,1,1,0
1,frontcatalog,250,0,200,shippingservice,server,61,3,3,3,0
1,frontcatalog,250,0,215,adservice,server,51,4,4,4,0
1,frontcatalog,250,0,215,cartservice,server,66,3,3,3,0
1,frontcatalog,250,0,215,checkoutservice,checkout,63,3,3,3,0
1,frontcatalog,250,0,215,currencyservice,server,60,3,3,3,0
1,frontcatalog,250,0,215,emailservice,email,74,3,3,3,0
1,frontcatalog,250,0,215,frontend,productcatalog,59,3,3,3,0
1,frontcatalog,250,0,215,frontend,server,62,3,3,3,0
1,frontcatalog,250,0,215,paymentservice,payment,73,3,3,3,0
1,frontcatalog,250,0,215,recommendationservice,server,64,3,3,3,0
1,frontcatalog,250,0,215,redis-cart,-,,1,1,1,0
1,frontcatalog,250,0,215,shippingservice,server,66,3,3,3,0
1,frontcatalog,250,0,231,adservice,server,50,4,4,4,0
1,frontcatalog,250,0,231,cartservice,server,61,3,3,3,0
1,frontcatalog,250,0,231,checkoutservice,checkout,61,3,3,3,0
1,frontcatalog,250,0,231,currencyservice,server,61,3,3,3,0
1,frontcatalog,250,0,231,emailservice,email,73,3,3,3,0
1,frontcatalog,250,0,231,frontend,productcatalog,57,3,3,3,0
1,frontcatalog,250,0,231,frontend,server,63,3,3,3,0
1,frontcatalog,250,0,231,paymentservice,payment,70,3,3,3,0
1,frontcatalog,250,0,231,recommendationservice,server,68,3,3,3,0
1,frontcatalog,250,0,231,redis-cart,-,,1,1,1,0
1,frontcatalog,250,0,231,shippingservice,server,64,3,3,3,0
1,frontcatalog,250,0,246,adservice,server,59,4,4,4,0
1,frontcatalog,250,0,246,cartservice,server,64,3,3,3,0
1,frontcatalog,250,0,246,checkoutservice,checkout,61,3,3,3,0
1,frontcatalog,250,0,246,currencyservice,server,60,3,3,3,0
1,frontcatalog,250,0,246,emailservice,email,73,3,3,3,0
1,frontcatalog,250,0,246,frontend,productcatalog,56,3,3,3,0
1,frontcatalog,250,0,246,frontend,server,60,3,3,3,0
1,frontcatalog,250,0,246,paymentservice,payment,75,3,3,3,0
1,frontcatalog,250,0,246,recommendationservice,server,65,3,3,3,0
1,frontcatalog,250,0,246,redis-cart,-,,1,1,1,0
1,frontcatalog,250,0,246,shippingservice,server,62,3,3,3,0
1,frontcatalog,250,0,261,adservice,server,52,4,4,4,0
1,frontcatalog,250,0,261,cartservice,server,76,3,3,3,0
1,frontcatalog,250,0,261,checkoutservice,checkout,64,3,3,3,0
1,frontcatalog,250,0,261,currencyservice,server,62,3,3,3,0
1,frontcatalog,250,0,261,emailservice,email,74,3,3,3,0
1,frontcatalog,250,0,261,frontend,productcatalog,58,3,3,3,0
1,frontcatalog,250,0,261,frontend,server,62,3,3,3,0
1,frontcatalog,250,0,261,paymentservice,payment,74,3,3,3,0
1,frontcatalog,250,0,261,recommendationservice,server,68,3,3,3,0
1,frontcatalog,250,0,261,redis-cart,-,,1,1,1,0
1,frontcatalog,250,0,261,shippingservice,server,65,3,3,3,0
1,frontcatalog,250,0,277,adservice,server,47,4,4,4,0
1,frontcatalog,250,0,277,cartservice,server,63,3,3,3,0
1,frontcatalog,250,0,277,checkoutservice,checkout,64,3,3,3,0
1,frontcatalog,250,0,277,currencyservice,server,62,3,3,3,0
1,frontcatalog,250,0,277,emailservice,email,73,3,3,3,0
1,frontcatalog,250,0,277,frontend,productcatalog,57,3,3,3,0
1,frontcatalog,250,0,277,frontend,server,61,3,3,3,0
1,frontcatalog,250,0,277,paymentservice,payment,74,3,3,3,0
1,frontcatalog,250,0,277,recommendationservice,server,67,3,3,3,0
1,frontcatalog,250,0,277,redis-cart,-,,1,1,1,0
1,frontcatalog,250,0,277,shippingservice,server,61,3,3,3,0
1,frontcatalog,250,0,292,adservice,server,46,4,4,4,0
1,frontcatalog,250,0,292,cartservice,server,65,3,3,3,0
1,frontcatalog,250,0,292,checkoutservice,checkout,59,3,3,3,0
1,frontcatalog,250,0,292,currencyservice,server,60,3,3,3,0
1,frontcatalog,250,0,292,emailservice,email,74,3,3,3,0
1,frontcatalog,250,0,292,frontend,productcatalog,59,3,3,3,0
1,frontcatalog,250,0,292,frontend,server,63,3,3,3,0
1,frontcatalog,250,0,292,paymentservice,payment,72,3,3,3,0
1,frontcatalog,250,0,292,recommendationservice,server,66,3,3,3,0
1,frontcatalog,250,0,292,redis-cart,-,,1,1,1,0
1,frontcatalog,250,0,292,shippingservice,server,62,3,3,3,0
1,frontcatalog,250,0,307,adservice,server,43,4,3,3,0
1,frontcatalog,250,0,307,cartservice,server,65,3,3,3,0
1,frontcatalog,250,0,307,checkoutservice,checkout,66,3,3,3,0
1,frontcatalog,250,0,307,currencyservice,server,59,3,3,3,0
1,frontcatalog,250,0,307,emailservice,email,74,3,3,3,0
1,frontcatalog,250,0,307,frontend,productcatalog,57,3,3,3,0
1,frontcatalog,250,0,307,frontend,server,62,3,3,3,0
1,frontcatalog,250,0,307,paymentservice,payment,69,3,3,3,0
1,frontcatalog,250,0,307,recommendationservice,server,67,3,3,3,0
1,frontcatalog,250,0,307,redis-cart,-,,1,1,1,0
1,frontcatalog,250,0,307,shippingservice,server,62,3,3,3,0
1,frontcatalog,250,0,323,adservice,server,79,3,3,3,0
1,frontcatalog,250,0,323,cartservice,server,62,3,3,3,0
1,frontcatalog,250,0,323,checkoutservice,checkout,60,3,3,3,0
1,frontcatalog,250,0,323,currencyservice,server,62,3,3,3,0
1,frontcatalog,250,0,323,emailservice,email,71,3,3,3,0
1,frontcatalog,250,0,323,frontend,productcatalog,58,3,3,3,0
1,frontcatalog,250,0,323,frontend,server,61,3,3,3,0
1,frontcatalog,250,0,323,paymentservice,payment,72,3,3,3,0
1,frontcatalog,250,0,323,recommendationservice,server,66,3,3,3,0
1,frontcatalog,250,0,323,redis-cart,-,,1,1,1,0
1,frontcatalog,250,0,323,shippingservice,server,63,3,3,3,0
1,frontcatalog,250,0,338,adservice,server,66,3,3,3,0
1,frontcatalog,250,0,338,cartservice,server,62,3,3,3,0
1,frontcatalog,250,0,338,checkoutservice,checkout,62,3,3,3,0
1,frontcatalog,250,0,338,currencyservice,server,61,3,3,3,0
1,frontcatalog,250,0,338,emailservice,email,74,3,3,3,0
1,frontcatalog,250,0,338,frontend,productcatalog,59,3,3,3,0
1,frontcatalog,250,0,338,frontend,server,62,3,3,3,0
1,frontcatalog,250,0,338,paymentservice,payment,69,3,3,3,0
1,frontcatalog,250,0,338,recommendationservice,server,68,3,3,3,0
1,frontcatalog,250,0,338,redis-cart,-,,1,1,1,0
1,frontcatalog,250,0,338,shippingservice,server,62,3,3,3,0
1,frontcatalog,250,0,353,adservice,server,53,3,3,3,0
1,frontcatalog,250,0,353,cartservice,server,68,3,3,3,0
1,frontcatalog,250,0,353,checkoutservice,checkout,62,3,3,3,0
1,frontcatalog,250,0,353,currencyservice,server,60,3,3,3,0
1,frontcatalog,250,0,353,emailservice,email,71,3,3,3,0
1,frontcatalog,250,0,353,frontend,productcatalog,55,3,3,3,0
1,frontcatalog,250,0,353,frontend,server,63,3,3,3,0
1,frontcatalog,250,0,353,paymentservice,payment,72,3,3,3,0
1,frontcatalog,250,0,353,recommendationservice,server,64,3,3,3,0
1,frontcatalog,250,0,353,redis-cart,-,,1,1,1,0
1,frontcatalog,250,0,353,shippingservice,server,62,3,3,3,0
1,frontcatalog,250,0,369,adservice,server,60,3,3,3,0
1,frontcatalog,250,0,369,cartservice,server,75,3,3,3,0
1,frontcatalog,250,0,369,checkoutservice,checkout,63,3,3,3,0
1,frontcatalog,250,0,369,currencyservice,server,62,3,3,3,0
1,frontcatalog,250,0,369,emailservice,email,76,3,3,3,0
1,frontcatalog,250,0,369,frontend,productcatalog,57,3,3,3,0
1,frontcatalog,250,0,369,frontend,server,61,3,3,3,0
1,frontcatalog,250,0,369,paymentservice,payment,75,3,3,3,0
1,frontcatalog,250,0,369,recommendationservice,server,66,3,3,3,0
1,frontcatalog,250,0,369,redis-cart,-,,1,1,1,0
1,frontcatalog,250,0,369,shippingservice,server,66,3,3,3,0
1,frontcatalog,250,0,384,adservice,server,54,3,3,3,0
1,frontcatalog,250,0,384,cartservice,server,75,3,3,3,0
1,frontcatalog,250,0,384,checkoutservice,checkout,63,3,3,3,0
1,frontcatalog,250,0,384,currencyservice,server,61,3,3,3,0
1,frontcatalog,250,0,384,emailservice,email,72,3,3,3,0
1,frontcatalog,250,0,384,frontend,productcatalog,58,3,3,3,0
1,frontcatalog,250,0,384,frontend,server,62,3,3,3,0
1,frontcatalog,250,0,384,paymentservice,payment,73,3,3,3,0
1,frontcatalog,250,0,384,recommendationservice,server,65,3,3,3,0
1,frontcatalog,250,0,384,redis-cart,-,,1,1,1,0
1,frontcatalog,250,0,384,shippingservice,server,64,3,3,3,0
1,frontcatalog,250,0,399,adservice,server,54,3,3,3,0
1,frontcatalog,250,0,399,cartservice,server,67,3,3,3,0
1,frontcatalog,250,0,399,checkoutservice,checkout,63,3,3,3,0
1,frontcatalog,250,0,399,currencyservice,server,60,3,3,3,0
1,frontcatalog,250,0,399,emailservice,email,71,3,3,3,0
1,frontcatalog,250,0,399,frontend,productcatalog,57,3,3,3,0
1,frontcatalog,250,0,399,frontend,server,60,3,3,3,0
1,frontcatalog,250,0,399,paymentservice,payment,71,3,3,3,0
1,frontcatalog,250,0,399,recommendationservice,server,63,3,3,3,0
1,frontcatalog,250,0,399,redis-cart,-,,1,1,1,0
1,frontcatalog,250,0,399,shippingservice,server,64,3,3,3,0
1,frontcatalog,250,0,414,adservice,server,56,3,3,3,0
1,frontcatalog,250,0,414,cartservice,server,62,3,3,3,0
1,frontcatalog,250,0,414,checkoutservice,checkout,63,3,3,3,0
1,frontcatalog,250,0,414,currencyservice,server,61,3,3,3,0
1,frontcatalog,250,0,414,emailservice,email,70,3,3,3,0
1,frontcatalog,250,0,414,frontend,productcatalog,58,3,3,3,0
1,frontcatalog,250,0,414,frontend,server,63,3,3,3,0
1,frontcatalog,250,0,414,paymentservice,payment,68,3,3,3,0
1,frontcatalog,250,0,414,recommendationservice,server,66,3,3,3,0
1,frontcatalog,250,0,414,redis-cart,-,,1,1,1,0
1,frontcatalog,250,0,414,shippingservice,server,62,3,3,3,0
1,frontcatalog,250,0,430,adservice,server,53,3,3,3,0
1,frontcatalog,250,0,430,cartservice,server,62,3,3,3,0
1,frontcatalog,250,0,430,checkoutservice,checkout,60,3,3,3,0
1,frontcatalog,250,0,430,currencyservice,server,59,3,3,3,0
1,frontcatalog,250,0,430,emailservice,email,71,3,3,3,0
1,frontcatalog,250,0,430,frontend,productcatalog,55,3,3,3,0
1,frontcatalog,250,0,430,frontend,server,60,3,3,3,0
1,frontcatalog,250,0,430,paymentservice,payment,69,3,3,3,0
1,frontcatalog,250,0,430,recommendationservice,server,66,3,3,3,0
1,frontcatalog,250,0,430,redis-cart,-,,1,1,1,0
1,frontcatalog,250,0,430,shippingservice,server,61,3,3,3,0
1,frontcatalog,250,0,445,adservice,server,57,3,3,3,0
1,frontcatalog,250,0,445,cartservice,server,58,3,3,3,0
1,frontcatalog,250,0,445,checkoutservice,checkout,37,3,3,3,0
1,frontcatalog,250,0,445,currencyservice,server,56,3,3,3,0
1,frontcatalog,250,0,445,emailservice,email,47,3,3,3,0
1,frontcatalog,250,0,445,frontend,productcatalog,50,3,3,3,0
1,frontcatalog,250,0,445,frontend,server,49,3,3,3,0
1,frontcatalog,250,0,445,paymentservice,payment,68,3,3,3,0
1,frontcatalog,250,0,445,recommendationservice,server,53,3,3,3,0
1,frontcatalog,250,0,445,redis-cart,-,,1,1,1,0
1,frontcatalog,250,0,445,shippingservice,server,58,3,3,3,0
2,frontcatalog,200,0,0,adservice,-,,1,0,1,0
2,frontcatalog,200,0,0,cartservice,server,1,1,1,1,0
2,frontcatalog,200,0,0,checkoutservice,checkout,0,1,1,1,0
2,frontcatalog,200,0,0,currencyservice,server,0,1,1,1,0
2,frontcatalog,200,0,0,emailservice,email,2,1,1,1,0
2,frontcatalog,200,0,0,frontend,productcatalog,0,1,1,1,0
2,frontcatalog,200,0,0,frontend,server,0,1,1,1,0
2,frontcatalog,200,0,0,paymentservice,payment,7,1,1,1,0
2,frontcatalog,200,0,0,recommendationservice,-,,,0,1,0
2,frontcatalog,200,0,0,redis-cart,-,,1,1,1,0
2,frontcatalog,200,0,0,shippingservice,-,,,0,1,0
2,frontcatalog,200,0,15,adservice,server,352,1,1,1,0
2,frontcatalog,200,0,15,cartservice,server,69,1,1,1,0
2,frontcatalog,200,0,15,checkoutservice,checkout,66,1,1,1,0
2,frontcatalog,200,0,15,currencyservice,server,10,1,1,1,0
2,frontcatalog,200,0,15,emailservice,email,45,1,1,1,0
2,frontcatalog,200,0,15,frontend,productcatalog,53,1,1,1,0
2,frontcatalog,200,0,15,frontend,server,61,1,1,1,0
2,frontcatalog,200,0,15,paymentservice,payment,48,1,1,1,0
2,frontcatalog,200,0,15,recommendationservice,server,0,1,1,1,0
2,frontcatalog,200,0,15,redis-cart,-,,1,1,1,0
2,frontcatalog,200,0,15,shippingservice,server,0,1,1,1,0
2,frontcatalog,200,0,30,adservice,server,450,1,5,1,0
2,frontcatalog,200,0,30,cartservice,server,159,1,1,1,0
2,frontcatalog,200,0,30,checkoutservice,checkout,128,1,1,1,0
2,frontcatalog,200,0,30,currencyservice,server,139,1,1,1,0
2,frontcatalog,200,0,30,emailservice,email,138,1,1,1,0
2,frontcatalog,200,0,30,frontend,productcatalog,111,1,1,1,0
2,frontcatalog,200,0,30,frontend,server,140,1,1,1,0
2,frontcatalog,200,0,30,paymentservice,payment,145,1,1,1,0
2,frontcatalog,200,0,30,recommendationservice,server,140,1,1,1,0
2,frontcatalog,200,0,30,redis-cart,-,,1,1,1,0
2,frontcatalog,200,0,30,shippingservice,server,59,1,1,1,0
2,frontcatalog,200,0,46,adservice,server,450,5,7,1,0
2,frontcatalog,200,0,46,cartservice,server,100,1,2,1,0
2,frontcatalog,200,0,46,checkoutservice,checkout,128,1,2,2,0
2,frontcatalog,200,0,46,currencyservice,server,84,1,2,2,0
2,frontcatalog,200,0,46,emailservice,email,133,1,2,1,0
2,frontcatalog,200,0,46,frontend,productcatalog,118,1,2,1,0
2,frontcatalog,200,0,46,frontend,server,140,1,2,1,0
2,frontcatalog,200,0,46,paymentservice,payment,121,1,2,1,1
2,frontcatalog,200,0,46,recommendationservice,server,148,1,2,1,1
2,frontcatalog,200,0,46,redis-cart,-,,1,1,1,0
2,frontcatalog,200,0,46,shippingservice,server,102,1,1,1,0
2,frontcatalog,200,0,61,adservice,server,347,7,7,5,0
2,frontcatalog,200,0,61,cartservice,server,132,2,2,1,0
2,frontcatalog,200,0,61,checkoutservice,checkout,123,2,2,2,0
2,frontcatalog,200,0,61,currencyservice,server,132,2,2,2,0
2,frontcatalog,200,0,61,emailservice,email,156,2,2,2,0
2,frontcatalog,200,0,61,frontend,productcatalog,118,2,2,2,0
2,frontcatalog,200,0,61,frontend,server,136,2,2,2,0
2,frontcatalog,200,0,61,paymentservice,payment,134,2,2,2,0
2,frontcatalog,200,0,61,recommendationservice,server,141,2,2,2,0
2,frontcatalog,200,0,61,redis-cart,-,,1,1,1,0
2,frontcatalog,200,0,61,shippingservice,server,141,1,2,1,1
2,frontcatalog,200,0,76,adservice,server,207,7,7,7,0
2,frontcatalog,200,0,76,cartservice,server,117,2,2,2,0
2,frontcatalog,200,0,76,checkoutservice,checkout,63,2,2,2,0
2,frontcatalog,200,0,76,currencyservice,server,60,2,2,2,0
2,frontcatalog,200,0,76,emailservice,email,133,2,2,2,0
2,frontcatalog,200,0,76,frontend,productcatalog,113,2,2,2,0
2,frontcatalog,200,0,76,frontend,server,137,2,2,2,0
2,frontcatalog,200,0,76,paymentservice,payment,65,2,2,2,0
2,frontcatalog,200,0,76,recommendationservice,server,73,2,2,2,0
2,frontcatalog,200,0,76,redis-cart,-,,1,1,1,0
2,frontcatalog,200,0,76,shippingservice,server,119,2,2,2,0
2,frontcatalog,200,0,91,adservice,server,36,7,7,7,0
2,frontcatalog,200,0,91,cartservice,server,75,2,2,2,0
2,frontcatalog,200,0,91,checkoutservice,checkout,47,2,2,2,0
2,frontcatalog,200,0,91,currencyservice,server,47,2,2,2,0
2,frontcatalog,200,0,91,emailservice,email,57,2,2,2,0
2,frontcatalog,200,0,91,frontend,productcatalog,55,2,2,2,0
2,frontcatalog,200,0,91,frontend,server,67,2,2,2,0
2,frontcatalog,200,0,91,paymentservice,payment,29,2,2,2,0
2,frontcatalog,200,0,91,recommendationservice,server,67,2,2,2,0
2,frontcatalog,200,0,91,redis-cart,-,,1,1,1,0
2,frontcatalog,200,0,91,shippingservice,server,43,2,2,2,0
2,frontcatalog,200,0,107,adservice,server,24,7,7,7,0
2,frontcatalog,200,0,107,cartservice,server,36,2,2,2,0
2,frontcatalog,200,0,107,checkoutservice,checkout,47,2,2,2,0
2,frontcatalog,200,0,107,currencyservice,server,44,2,2,2,0
2,frontcatalog,200,0,107,emailservice,email,54,2,2,2,0
2,frontcatalog,200,0,107,frontend,productcatalog,52,2,2,2,0
2,frontcatalog,200,0,107,frontend,server,72,2,2,2,0
2,frontcatalog,200,0,107,paymentservice,payment,32,2,2,2,0
2,frontcatalog,200,0,107,recommendationservice,server,72,2,2,2,0
2,frontcatalog,200,0,107,redis-cart,-,,1,1,1,0
2,frontcatalog,200,0,107,shippingservice,server,44,2,2,2,0
2,frontcatalog,200,0,122,adservice,server,24,7,7,7,0
2,frontcatalog,200,0,122,cartservice,server,58,2,2,2,0
2,frontcatalog,200,0,122,checkoutservice,checkout,47,2,2,2,0
2,frontcatalog,200,0,122,currencyservice,server,51,2,2,2,0
2,frontcatalog,200,0,122,emailservice,email,54,2,2,2,0
2,frontcatalog,200,0,122,frontend,productcatalog,58,2,2,2,0
2,frontcatalog,200,0,122,frontend,server,71,2,2,2,0
2,frontcatalog,200,0,122,paymentservice,payment,37,2,2,2,0
2,frontcatalog,200,0,122,recommendationservice,server,73,2,2,2,0
2,frontcatalog,200,0,122,redis-cart,-,,1,1,1,0
2,frontcatalog,200,0,122,shippingservice,server,51,2,2,2,0
2,frontcatalog,200,0,137,adservice,server,21,7,3,3,0
2,frontcatalog,200,0,137,cartservice,server,57,2,2,2,0
2,frontcatalog,200,0,137,checkoutservice,checkout,65,2,2,2,0
2,frontcatalog,200,0,137,currencyservice,server,67,2,2,2,0
2,frontcatalog,200,0,137,emailservice,email,74,2,2,2,0
2,frontcatalog,200,0,137,frontend,productcatalog,62,2,2,2,0
2,frontcatalog,200,0,137,frontend,server,69,2,2,2,0
2,frontcatalog,200,0,137,paymentservice,payment,75,2,2,2,0
2,frontcatalog,200,0,137,recommendationservice,server,70,2,2,2,0
2,frontcatalog,200,0,137,redis-cart,-,,1,1,1,0
2,frontcatalog,200,0,137,shippingservice,server,72,2,2,2,0
2,frontcatalog,200,0,152,adservice,server,47,3,3,3,0
2,frontcatalog,200,0,152,cartservice,server,72,2,2,2,0
2,frontcatalog,200,0,152,checkoutservice,checkout,73,2,2,2,0
2,frontcatalog,200,0,152,currencyservice,server,67,2,2,2,0
2,frontcatalog,200,0,152,emailservice,email,85,2,2,2,0
2,frontcatalog,200,0,152,frontend,productcatalog,60,2,2,2,0
2,frontcatalog,200,0,152,frontend,server,68,2,2,2,0
2,frontcatalog,200,0,152,paymentservice,payment,75,2,2,2,0
2,frontcatalog,200,0,152,recommendationservice,server,70,2,2,2,0
2,frontcatalog,200,0,152,redis-cart,-,,1,1,1,0
2,frontcatalog,200,0,152,shippingservice,server,69,2,2,2,0
2,frontcatalog,200,0,168,adservice,server,42,3,3,3,0
2,frontcatalog,200,0,168,cartservice,server,80,2,2,2,0
2,frontcatalog,200,0,168,checkoutservice,checkout,70,2,2,2,0
2,frontcatalog,200,0,168,currencyservice,server,67,2,2,2,0
2,frontcatalog,200,0,168,emailservice,email,80,2,3,2,0
2,frontcatalog,200,0,168,frontend,productcatalog,59,2,2,2,0
2,frontcatalog,200,0,168,frontend,server,65,2,2,2,0
2,frontcatalog,200,0,168,paymentservice,payment,88,2,2,2,0
2,frontcatalog,200,0,168,recommendationservice,server,69,2,2,2,0
2,frontcatalog,200,0,168,redis-cart,-,,1,1,1,0
2,frontcatalog,200,0,168,shippingservice,server,72,2,2,2,0
2,frontcatalog,200,0,183,adservice,server,45,3,3,3,0
2,frontcatalog,200,0,183,cartservice,server,73,2,2,2,0
2,frontcatalog,200,0,183,checkoutservice,checkout,73,2,2,2,0
2,frontcatalog,200,0,183,currencyservice,server,69,2,2,2,0
2,frontcatalog,200,0,183,emailservice,email,80,3,3,3,0
2,frontcatalog,200,0,183,frontend,productcatalog,65,2,2,2,0
2,frontcatalog,200,0,183,frontend,server,71,2,2,2,0
2,frontcatalog,200,0,183,paymentservice,payment,82,2,3,3,0
2,frontcatalog,200,0,183,recommendationservice,server,69,2,2,2,0
2,frontcatalog,200,0,183,redis-cart,-,,1,1,1,0
2,frontcatalog,200,0,183,shippingservice,server,71,2,2,2,0
2,frontcatalog,200,0,198,adservice,server,43,3,3,3,0
2,frontcatalog,200,0,198,cartservice,server,70,2,2,2,0
2,frontcatalog,200,0,198,checkoutservice,checkout,73,2,2,2,0
2,frontcatalog,200,0,198,currencyservice,server,63,2,2,2,0
2,frontcatalog,200,0,198,emailservice,email,80,3,3,3,0
2,frontcatalog,200,0,198,frontend,productcatalog,62,2,2,2,0
2,frontcatalog,200,0,198,frontend,server,70,2,2,2,0
2,frontcatalog,200,0,198,paymentservice,payment,70,3,3,3,0
2,frontcatalog,200,0,198,recommendationservice,server,69,2,2,2,0
2,frontcatalog,200,0,198,redis-cart,-,,1,1,1,0
2,frontcatalog,200,0,198,shippingservice,server,72,2,2,2,0
2,frontcatalog,200,0,213,adservice,server,43,3,2,2,0
2,frontcatalog,200,0,213,cartservice,server,77,2,2,2,0
2,frontcatalog,200,0,213,checkoutservice,checkout,73,2,2,2,0
2,frontcatalog,200,0,213,currencyservice,server,72,2,2,2,0
2,frontcatalog,200,0,213,emailservice,email,56,3,3,3,0
2,frontcatalog,200,0,213,frontend,productcatalog,63,2,2,2,0
2,frontcatalog,200,0,213,frontend,server,68,2,2,2,0
2,frontcatalog,200,0,213,paymentservice,payment,57,3,3,3,0
2,frontcatalog,200,0,213,recommendationservice,server,72,2,2,2,0
2,frontcatalog,200,0,213,redis-cart,-,,1,1,1,0
2,frontcatalog,200,0,213,shippingservice,server,71,2,2,2,0
2,frontcatalog,200,0,228,adservice,server,59,2,2,2,0
2,frontcatalog,200,0,228,cartservice,server,57,2,2,2,0
2,frontcatalog,200,0,228,checkoutservice,checkout,64,2,2,2,0
2,frontcatalog,200,0,228,currencyservice,server,62,2,2,2,0
2,frontcatalog,200,0,228,emailservice,email,51,3,3,3,0
2,frontcatalog,200,0,228,frontend,productcatalog,60,2,2,2,0
2,frontcatalog,200,0,228,frontend,server,69,2,2,2,0
2,frontcatalog,200,0,228,paymentservice,payment,45,3,3,3,0
2,frontcatalog,200,0,228,recommendationservice,server,70,2,2,2,0
2,frontcatalog,200,0,228,redis-cart,-,,1,1,1,0
2,frontcatalog,200,0,228,shippingservice,server,63,2,2,2,0
2,frontcatalog,200,0,244,adservice,server,60,2,2,2,0
2,frontcatalog,200,0,244,cartservice,server,72,2,2,2,0
2,frontcatalog,200,0,244,checkoutservice,checkout,74,2,2,2,0
2,frontcatalog,200,0,244,currencyservice,server,70,2,2,2,0
2,frontcatalog,200,0,244,emailservice,email,51,3,3,3,0
2,frontcatalog,200,0,244,frontend,productcatalog,63,2,2,2,0
2,frontcatalog,200,0,244,frontend,server,66,2,2,2,0
2,frontcatalog,200,0,244,paymentservice,payment,55,3,3,3,0
2,frontcatalog,200,0,244,recommendationservice,server,69,2,2,2,0
2,frontcatalog,200,0,244,redis-cart,-,,1,1,1,0
2,frontcatalog,200,0,244,shippingservice,server,73,2,2,2,0
2,frontcatalog,200,0,259,adservice,server,64,2,2,2,0
2,frontcatalog,200,0,259,cartservice,server,77,2,2,2,0
2,frontcatalog,200,0,259,checkoutservice,checkout,78,2,2,2,0
2,frontcatalog,200,0,259,currencyservice,server,67,2,2,2,0
2,frontcatalog,200,0,259,emailservice,email,56,3,3,3,0
2,frontcatalog,200,0,259,frontend,productcatalog,61,2,2,2,0
2,frontcatalog,200,0,259,frontend,server,68,2,2,2,0
2,frontcatalog,200,0,259,paymentservice,payment,51,3,3,3,0
2,frontcatalog,200,0,259,recommendationservice,server,69,2,2,2,0
2,frontcatalog,200,0,259,redis-cart,-,,1,1,1,0
2,frontcatalog,200,0,259,shippingservice,server,71,2,2,2,0
2,frontcatalog,200,0,274,adservice,server,63,2,2,2,0
2,frontcatalog,200,0,274,cartservice,server,80,2,3,2,0
2,frontcatalog,200,0,274,checkoutservice,checkout,72,2,2,2,0
2,frontcatalog,200,0,274,currencyservice,server,69,2,2,2,0
2,frontcatalog,200,0,274,emailservice,email,53,3,3,3,0
2,frontcatalog,200,0,274,frontend,productcatalog,64,2,2,2,0
2,frontcatalog,200,0,274,frontend,server,68,2,2,2,0
2,frontcatalog,200,0,274,paymentservice,payment,54,3,3,3,0
2,frontcatalog,200,0,274,recommendationservice,server,71,2,2,2,0
2,frontcatalog,200,0,274,redis-cart,-,,1,1,1,0
2,frontcatalog,200,0,274,shippingservice,server,71,2,2,2,0
2,frontcatalog,200,0,289,adservice,server,63,2,2,2,0
2,frontcatalog,200,0,289,cartservice,server,80,3,3,2,0
2,frontcatalog,200,0,289,checkoutservice,checkout,73,2,2,2,0
2,frontcatalog,200,0,289,currencyservice,server,69,2,2,2,0
2,frontcatalog,200,0,289,emailservice,email,52,3,3,3,0
2,frontcatalog,200,0,289,frontend,productcatalog,63,2,2,2,0
2,frontcatalog,200,0,289,frontend,server,71,2,2,2,0
2,frontcatalog,200,0,289,paymentservice,payment,54,3,3,3,0
2,frontcatalog,200,0,289,recommendationservice,server,70,2,2,2,0
2,frontcatalog,200,0,289,redis-cart,-,,1,1,1,0
2,frontcatalog,200,0,289,shippingservice,server,71,2,2,2,0
2,frontcatalog,200,0,305,adservice,server,61,2,2,2,0
2,frontcatalog,200,0,305,cartservice,server,74,3,3,3,0
2,frontcatalog,200,0,305,checkoutservice,checkout,73,2,2,2,0
2,frontcatalog,200,0,305,currencyservice,server,67,2,2,2,0
2,frontcatalog,200,0,305,emailservice,email,57,3,3,3,0
2,frontcatalog,200,0,305,frontend,productcatalog,63,2,2,2,0
2,frontcatalog,200,0,305,frontend,server,70,2,2,2,0
2,frontcatalog,200,0,305,paymentservice,payment,55,3,3,3,0
2,frontcatalog,200,0,305,recommendationservice,server,71,2,2,2,0
2,frontcatalog,200,0,305,redis-cart,-,,1,1,1,0
2,frontcatalog,200,0,305,shippingservice,server,76,2,2,2,0
2,frontcatalog,200,0,320,adservice,server,59,2,2,2,0
2,frontcatalog,200,0,320,cartservice,server,76,3,3,3,0
2,frontcatalog,200,0,320,checkoutservice,checkout,71,2,2,2,0
2,frontcatalog,200,0,320,currencyservice,server,71,2,2,2,0
2,frontcatalog,200,0,320,emailservice,email,52,3,3,3,0
2,frontcatalog,200,0,320,frontend,productcatalog,63,2,2,2,0
2,frontcatalog,200,0,320,frontend,server,68,2,2,2,0
2,frontcatalog,200,0,320,paymentservice,payment,52,3,3,3,0
2,frontcatalog,200,0,320,recommendationservice,server,70,2,2,2,0
2,frontcatalog,200,0,320,redis-cart,-,,1,1,1,0
2,frontcatalog,200,0,320,shippingservice,server,69,2,2,2,0
2,frontcatalog,200,0,335,adservice,server,61,2,2,2,0
2,frontcatalog,200,0,335,cartservice,server,55,3,3,3,0
2,frontcatalog,200,0,335,checkoutservice,checkout,72,2,2,2,0
2,frontcatalog,200,0,335,currencyservice,server,67,2,2,2,0
2,frontcatalog,200,0,335,emailservice,email,56,3,3,3,0
2,frontcatalog,200,0,335,frontend,productcatalog,62,2,2,2,0
2,frontcatalog,200,0,335,frontend,server,68,2,2,2,0
2,frontcatalog,200,0,335,paymentservice,payment,52,3,3,3,0
2,frontcatalog,200,0,335,recommendationservice,server,70,2,2,2,0
2,frontcatalog,200,0,335,redis-cart,-,,1,1,1,0
2,frontcatalog,200,0,335,shippingservice,server,72,2,2,2,0
2,frontcatalog,200,0,350,adservice,server,59,2,2,2,0
2,frontcatalog,200,0,350,cartservice,server,44,3,3,3,0
2,frontcatalog,200,0,350,checkoutservice,checkout,75,2,2,2,0
2,frontcatalog,200,0,350,currencyservice,server,67,2,2,2,0
2,frontcatalog,200,0,350,emailservice,email,52,3,3,3,0
2,frontcatalog,200,0,350,frontend,productcatalog,61,2,2,2,0
2,frontcatalog,200,0,350,frontend,server,68,2,2,2,0
2,frontcatalog,200,0,350,paymentservice,payment,50,3,3,3,0
2,frontcatalog,200,0,350,recommendationservice,server,69,2,2,2,0
2,frontcatalog,200,0,350,redis-cart,-,,1,1,1,0
2,frontcatalog,200,0,350,shippingservice,server,71,2,2,2,0
2,frontcatalog,200,0,366,adservice,server,60,2,2,2,0
2,frontcatalog,200,0,366,cartservice,server,49,3,3,3,0
2,frontcatalog,200,0,366,checkoutservice,checkout,69,2,2,2,0
2,frontcatalog,200,0,366,currencyservice,server,70,2,2,2,0
2,frontcatalog,200,0,366,emailservice,email,56,3,3,3,0
2,frontcatalog,200,0,366,frontend,productcatalog,61,2,2,2,0
2,frontcatalog,200,0,366,frontend,server,68,2,2,2,0
2,frontcatalog,200,0,366,paymentservice,payment,52,3,3,3,0
2,frontcatalog,200,0,366,recommendationservice,server,69,2,2,2,0
2,frontcatalog,200,0,366,redis-cart,-,,1,1,1,0
2,frontcatalog,200,0,366,shippingservice,server,71,2,2,2,0
2,frontcatalog,200,0,381,adservice,server,60,2,2,2,0
2,frontcatalog,200,0,381,cartservice,server,46,3,3,3,0
2,frontcatalog,200,0,381,checkoutservice,checkout,79,2,2,2,0
2,frontcatalog,200,0,381,currencyservice,server,70,2,2,2,0
2,frontcatalog,200,0,381,emailservice,email,51,3,3,3,0
2,frontcatalog,200,0,381,frontend,productcatalog,63,2,2,2,0
2,frontcatalog,200,0,381,frontend,server,67,2,2,2,0
2,frontcatalog,200,0,381,paymentservice,payment,55,3,3,3,0
2,frontcatalog,200,0,381,recommendationservice,server,68,2,2,2,0
2,frontcatalog,200,0,381,redis-cart,-,,1,1,1,0
2,frontcatalog,200,0,381,shippingservice,server,69,2,2,2,0
2,frontcatalog,200,0,396,adservice,server,60,2,2,2,0
2,frontcatalog,200,0,396,cartservice,server,46,3,3,3,0
2,frontcatalog,200,0,396,checkoutservice,checkout,60,2,2,2,0
2,frontcatalog,200,0,396,currencyservice,server,59,2,2,2,0
2,frontcatalog,200,0,396,emailservice,email,53,3,3,3,0
2,frontcatalog,200,0,396,frontend,productcatalog,62,2,2,2,0
2,frontcatalog,200,0,396,frontend,server,69,2,2,2,0
2,frontcatalog,200,0,396,paymentservice,payment,44,3,3,3,0
2,frontcatalog,200,0,396,recommendationservice,server,69,2,2,2,0
2,frontcatalog,200,0,396,redis-cart,-,,1,1,1,0
2,frontcatalog,200,0,396,shippingservice,server,69,2,2,2,0
2,frontcatalog,200,0,411,adservice,server,63,2,2,2,0
2,frontcatalog,200,0,411,cartservice,server,45,3,3,3,0
2,frontcatalog,200,0,411,checkoutservice,checkout,73,2,2,2,0
2,frontcatalog,200,0,411,currencyservice,server,73,2,2,2,0
2,frontcatalog,200,0,411,emailservice,email,53,3,3,3,0
2,frontcatalog,200,0,411,frontend,productcatalog,64,2,2,2,0
2,frontcatalog,200,0,411,frontend,server,69,2,2,2,0
2,frontcatalog,200,0,411,paymentservice,payment,50,3,3,3,0
2,frontcatalog,200,0,411,recommendationservice,server,72,2,2,2,0
2,frontcatalog,200,0,411,redis-cart,-,,1,1,1,0
2,frontcatalog,200,0,411,shippingservice,server,69,2,2,2,0
2,frontcatalog,200,0,427,adservice,server,63,2,2,2,0
2,frontcatalog,200,0,427,cartservice,server,56,3,3,3,0
2,frontcatalog,200,0,427,checkoutservice,checkout,78,2,2,2,0
2,frontcatalog,200,0,427,currencyservice,server,70,2,2,2,0
2,frontcatalog,200,0,427,emailservice,email,58,3,3,3,0
2,frontcatalog,200,0,427,frontend,productcatalog,63,2,2,2,0
2,frontcatalog,200,0,427,frontend,server,72,2,2,2,0
2,frontcatalog,200,0,427,paymentservice,payment,55,3,3,3,0
2,frontcatalog,200,0,427,recommendationservice,server,72,2,2,2,0
2,frontcatalog,200,0,427,redis-cart,-,,1,1,1,0
2,frontcatalog,200,0,427,shippingservice,server,75,2,2,2,0
2,frontcatalog,200,0,442,adservice,server,28,2,2,2,0
2,frontcatalog,200,0,442,cartservice,server,28,3,3,3,0
2,frontcatalog,200,0,442,checkoutservice,checkout,60,2,2,2,0
2,frontcatalog,200,0,442,currencyservice,server,38,2,2,2,0
2,frontcatalog,200,0,442,emailservice,email,37,3,3,3,0
2,frontcatalog,200,0,442,frontend,productcatalog,21,2,2,2,0
2,frontcatalog,200,0,442,frontend,server,39,2,2,2,0
2,frontcatalog,200,0,442,paymentservice,payment,41,3,3,3,0
2,frontcatalog,200,0,442,recommendationservice,server,34,2,2,2,0
2,frontcatalog,200,0,442,redis-cart,-,,1,1,1,0
2,frontcatalog,200,0,442,shippingservice,server,41,2,2,2,0
2,frontcatalog,250,0,0,adservice,server,4,2,2,2,0
2,frontcatalog,250,0,0,cartservice,server,1,3,3,3,0
2,frontcatalog,250,0,0,checkoutservice,checkout,0,2,2,2,0
2,frontcatalog,250,0,0,currencyservice,server,38,2,2,2,0
2,frontcatalog,250,0,0,emailservice,email,2,3,3,3,0
2,frontcatalog,250,0,0,frontend,productcatalog,0,2,2,2,0
2,frontcatalog,250,0,0,frontend,server,0,2,2,2,0
2,frontcatalog,250,0,0,paymentservice,payment,1,3,3,3,0
2,frontcatalog,250,0,0,recommendationservice,server,0,2,2,2,0
2,frontcatalog,250,0,0,redis-cart,-,,1,1,1,0
2,frontcatalog,250,0,0,shippingservice,server,1,2,2,2,0
2,frontcatalog,250,0,15,adservice,server,5,2,2,2,0
2,frontcatalog,250,0,15,cartservice,server,0,3,3,3,0
2,frontcatalog,250,0,15,checkoutservice,checkout,0,2,2,2,0
2,frontcatalog,250,0,15,currencyservice,server,1,2,2,2,0
2,frontcatalog,250,0,15,emailservice,email,2,3,3,3,0
2,frontcatalog,250,0,15,frontend,productcatalog,0,2,2,2,0
2,frontcatalog,250,0,15,frontend,server,0,2,2,2,0
2,frontcatalog,250,0,15,paymentservice,payment,1,3,3,3,0
2,frontcatalog,250,0,15,recommendationservice,server,0,2,2,2,0
2,frontcatalog,250,0,15,redis-cart,-,,1,1,1,0
2,frontcatalog,250,0,15,shippingservice,server,0,2,2,2,0
2,frontcatalog,250,0,30,adservice,server,3,2,1,1,0
2,frontcatalog,250,0,30,cartservice,server,55,3,3,3,0
2,frontcatalog,250,0,30,checkoutservice,checkout,26,2,2,2,0
2,frontcatalog,250,0,30,currencyservice,server,1,2,2,2,0
2,frontcatalog,250,0,30,emailservice,email,26,3,2,2,0
2,frontcatalog,250,0,30,frontend,productcatalog,29,2,2,2,0
2,frontcatalog,250,0,30,frontend,server,27,2,2,2,0
2,frontcatalog,250,0,30,paymentservice,payment,19,3,2,2,0
2,frontcatalog,250,0,30,recommendationservice,server,22,2,1,1,0
2,frontcatalog,250,0,30,redis-cart,-,,1,1,1,0
2,frontcatalog,250,0,30,shippingservice,server,44,2,2,2,0
2,frontcatalog,250,0,46,adservice,server,123,1,1,1,0
2,frontcatalog,250,0,46,cartservice,server,73,3,3,3,0
2,frontcatalog,250,0,46,checkoutservice,checkout,91,2,2,2,0
2,frontcatalog,250,0,46,currencyservice,server,86,2,2,2,0
2,frontcatalog,250,0,46,emailservice,email,15,2,2,2,0
2,frontcatalog,250,0,46,frontend,productcatalog,78,2,2,2,0
2,frontcatalog,250,0,46,frontend,server,86,2,2,2,0
2,frontcatalog,250,0,46,paymentservice,payment,107,2,2,2,0
2,frontcatalog,250,0,46,recommendationservice,server,165,1,1,1,0
2,frontcatalog,250,0,46,redis-cart,-,,1,1,1,0
2,frontcatalog,250,0,46,shippingservice,server,90,2,2,2,0
2,frontcatalog,250,0,61,adservice,server,144,1,2,1,0
2,frontcatalog,250,0,61,cartservice,server,73,3,3,3,0
2,frontcatalog,250,0,61,checkoutservice,checkout,89,2,3,3,0
2,frontcatalog,250,0,61,currencyservice,server,86,2,3,3,0
2,frontcatalog,250,0,61,emailservice,email,102,2,2,2,0
2,frontcatalog,250,0,61,frontend,productcatalog,81,2,3,2,0
2,frontcatalog,250,0,61,frontend,server,89,2,3,2,0
2,frontcatalog,250,0,61,paymentservice,payment,104,2,3,3,0
2,frontcatalog,250,0,61,recommendationservice,server,171,1,3,3,0
2,frontcatalog,250,0,61,redis-cart,-,,1,1,1,0
2,frontcatalog,250,0,61,shippingservice,server,89,2,3,3,0
2,frontcatalog,250,0,76,adservice,server,136,2,2,1,0
2,frontcatalog,250,0,76,cartservice,server,59,3,3,3,0
2,frontcatalog,250,0,76,checkoutservice,checkout,83,3,3,3,0
2,frontcatalog,250,0,76,currencyservice,server,84,3,3,3,0
2,frontcatalog,250,0,76,emailservice,email,93,2,3,3,0
2,frontcatalog,250,0,76,frontend,productcatalog,79,3,3,3,0
2,frontcatalog,250,0,76,frontend,server,89,3,3,3,0
2,frontcatalog,250,0,76,paymentservice,payment,93,3,3,3,0
2,frontcatalog,250,0,76,recommendationservice,server,168,3,3,3,0
2,frontcatalog,250,0,76,redis-cart,-,,1,1,1,0
2,frontcatalog,250,0,76,shippingservice,server,79,3,3,3,0
2,frontcatalog,250,0,92,adservice,server,142,2,2,2,0
2,frontcatalog,250,0,92,cartservice,server,58,3,3,3,0
2,frontcatalog,250,0,92,checkoutservice,checkout,80,3,3,3,0
2,frontcatalog,250,0,92,currencyservice,server,54,3,3,3,0
2,frontcatalog,250,0,92,emailservice,email,94,3,3,3,0
2,frontcatalog,250,0,92,frontend,productcatalog,79,3,3,3,0
2,frontcatalog,250,0,92,frontend,server,86,3,3,3,0
2,frontcatalog,250,0,92,paymentservice,payment,61,3,3,3,0
2,frontcatalog,250,0,92,recommendationservice,server,86,3,3,3,0
2,frontcatalog,250,0,92,redis-cart,-,,1,1,1,0
2,frontcatalog,250,0,92,shippingservice,server,84,3,3,3,0
2,frontcatalog,250,0,107,adservice,server,137,2,2,2,0
2,frontcatalog,250,0,107,cartservice,server,57,3,3,3,0
2,frontcatalog,250,0,107,checkoutservice,checkout,53,3,3,3,0
2,frontcatalog,250,0,107,currencyservice,server,55,3,3,3,0
2,frontcatalog,250,0,107,emailservice,email,64,3,3,3,0
2,frontcatalog,250,0,107,frontend,productcatalog,53,3,3,3,0
2,frontcatalog,250,0,107,frontend,server,59,3,3,3,0
2,frontcatalog,250,0,107,paymentservice,payment,59,3,3,3,0
2,frontcatalog,250,0,107,recommendationservice,server,58,3,3,3,0
2,frontcatalog,250,0,107,redis-cart,-,,1,1,1,0
2,frontcatalog,250,0,107,shippingservice,server,55,3,3,3,0
2,frontcatalog,250,0,122,adservice,server,140,2,2,2,0
2,frontcatalog,250,0,122,cartservice,server,52,3,3,3,0
2,frontcatalog,250,0,122,checkoutservice,checkout,51,3,3,3,0
2,frontcatalog,250,0,122,currencyservice,server,53,3,3,3,0
2,frontcatalog,250,0,122,emailservice,email,60,3,3,3,0
2,frontcatalog,250,0,122,frontend,productcatalog,54,3,3,3,0
2,frontcatalog,250,0,122,frontend,server,59,3,3,3,0
2,frontcatalog,250,0,122,paymentservice,payment,48,3,3,3,0
2,frontcatalog,250,0,122,recommendationservice,server,57,3,3,3,0
2,frontcatalog,250,0,122,redis-cart,-,,1,1,1,0
2,frontcatalog,250,0,122,shippingservice,server,48,3,3,3,0
2,frontcatalog,250,0,137,adservice,server,72,2,2,2,0
2,frontcatalog,250,0,137,cartservice,server,53,3,3,3,0
2,frontcatalog,250,0,137,checkoutservice,checkout,56,3,3,3,0
2,frontcatalog,250,0,137,currencyservice,server,53,3,3,3,0
2,frontcatalog,250,0,137,emailservice,email,61,3,3,3,0
2,frontcatalog,250,0,137,frontend,productcatalog,54,3,3,3,0
2,frontcatalog,250,0,137,frontend,server,59,3,3,3,0
2,frontcatalog,250,0,137,paymentservice,payment,48,3,3,3,0
2,frontcatalog,250,0,137,recommendationservice,server,58,3,3,2,0
2,frontcatalog,250,0,137,redis-cart,-,,1,1,1,0
2,frontcatalog,250,0,137,shippingservice,server,51,3,3,3,0
2,frontcatalog,250,0,153,adservice,server,73,2,2,2,0
2,frontcatalog,250,0,153,cartservice,server,61,3,3,3,0
2,frontcatalog,250,0,153,checkoutservice,checkout,55,3,3,3,0
2,frontcatalog,250,0,153,currencyservice,server,56,3,3,3,0
2,frontcatalog,250,0,153,emailservice,email,63,3,3,3,0
2,frontcatalog,250,0,153,frontend,productcatalog,54,3,3,3,0
2,frontcatalog,250,0,153,frontend,server,60,3,3,3,0
2,frontcatalog,250,0,153,paymentservice,payment,57,3,3,3,0
2,frontcatalog,250,0,153,recommendationservice,server,57,3,3,2,0
2,frontcatalog,250,0,153,redis-cart,-,,1,1,1,0
2,frontcatalog,250,0,153,shippingservice,server,57,3,3,3,0
2,frontcatalog,250,0,168,adservice,server,71,2,2,2,0
2,frontcatalog,250,0,168,cartservice,server,52,3,3,3,0
2,frontcatalog,250,0,168,checkoutservice,checkout,52,3,3,3,0
2,frontcatalog,250,0,168,currencyservice,server,54,3,3,3,0
2,frontcatalog,250,0,168,emailservice,email,64,3,3,3,0
2,frontcatalog,250,0,168,frontend,productcatalog,54,3,3,3,0
2,frontcatalog,250,0,168,frontend,server,60,3,3,3,0
2,frontcatalog,250,0,168,paymentservice,payment,65,3,3,3,0
2,frontcatalog,250,0,168,recommendationservice,server,57,3,3,2,0
2,frontcatalog,250,0,168,redis-cart,-,,1,1,1,0
2,frontcatalog,250,0,168,shippingservice,server,57,3,3,3,0
2,frontcatalog,250,0,183,adservice,server,71,2,2,2,0
2,frontcatalog,250,0,183,cartservice,server,59,3,3,3,0
2,frontcatalog,250,0,183,checkoutservice,checkout,57,3,3,3,0
2,frontcatalog,250,0,183,currencyservice,server,54,3,3,3,0
2,frontcatalog,250,0,183,emailservice,email,64,3,3,3,0
2,frontcatalog,250,0,183,frontend,productcatalog,54,3,3,3,0
2,frontcatalog,250,0,183,frontend,server,59,3,3,3,0
2,frontcatalog,250,0,183,paymentservice,payment,61,3,3,3,0
2,frontcatalog,250,0,183,recommendationservice,server,57,3,3,2,0
2,frontcatalog,250,0,183,redis-cart,-,,1,1,1,0
2,frontcatalog,250,0,183,shippingservice,server,55,3,3,3,0
2,frontcatalog,250,0,199,adservice,server,76,2,2,2,0
2,frontcatalog,250,0,199,cartservice,server,56,3,3,3,0
2,frontcatalog,250,0,199,checkoutservice,checkout,53,3,3,3,0
2,frontcatalog,250,0,199,currencyservice,server,54,3,3,3,0
2,frontcatalog,250,0,199,emailservice,email,64,3,3,3,0
2,frontcatalog,250,0,199,frontend,productcatalog,53,3,3,3,0
2,frontcatalog,250,0,199,frontend,server,62,3,3,3,0
2,frontcatalog,250,0,199,paymentservice,payment,60,3,3,3,0
2,frontcatalog,250,0,199,recommendationservice,server,0,3,3,3,0
2,frontcatalog,250,0,199,redis-cart,-,,1,1,1,0
2,frontcatalog,250,0,199,shippingservice,server,56,3,3,3,0
2,frontcatalog,250,0,214,adservice,server,84,2,2,2,0
2,frontcatalog,250,0,214,cartservice,server,61,3,3,3,0
2,frontcatalog,250,0,214,checkoutservice,checkout,62,3,3,3,0
2,frontcatalog,250,0,214,currencyservice,server,58,3,3,3,0
2,frontcatalog,250,0,214,emailservice,email,71,3,3,3,0
2,frontcatalog,250,0,214,frontend,productcatalog,65,3,3,3,0
2,frontcatalog,250,0,214,frontend,server,67,3,3,3,0
2,frontcatalog,250,0,214,paymentservice,payment,70,3,3,3,0
2,frontcatalog,250,0,214,recommendationservice,server,76,3,3,3,0
2,frontcatalog,250,0,214,redis-cart,-,,1,1,1,0
2,frontcatalog,250,0,214,shippingservice,server,63,3,3,3,0
2,frontcatalog,250,0,229,adservice,server,77,2,3,2,0
2,frontcatalog,250,0,229,cartservice,server,55,3,3,3,0
2,frontcatalog,250,0,229,checkoutservice,checkout,62,3,3,3,0
2,frontcatalog,250,0,229,currencyservice,server,57,3,3,3,0
2,frontcatalog,250,0,229,emailservice,email,75,3,3,3,0
2,frontcatalog,250,0,229,frontend,productcatalog,59,3,3,3,0
2,frontcatalog,250,0,229,frontend,server,67,3,3,3,0
2,frontcatalog,250,0,229,paymentservice,payment,68,3,3,3,0
2,frontcatalog,250,0,229,recommendationservice,server,66,3,3,3,0
2,frontcatalog,250,0,229,redis-cart,-,,1,1,1,0
2,frontcatalog,250,0,229,shippingservice,server,63,3,3,3,0
2,frontcatalog,250,0,245,adservice,server,78,3,3,2,0
2,frontcatalog,250,0,245,cartservice,server,64,3,3,3,0
2,frontcatalog,250,0,245,checkoutservice,checkout,58,3,3,3,0
2,frontcatalog,250,0,245,currencyservice,server,57,3,3,3,0
2,frontcatalog,250,0,245,emailservice,email,75,3,3,3,0
2,frontcatalog,250,0,245,frontend,productcatalog,57,3,3,3,0
2,frontcatalog,250,0,245,frontend,server,61,3,3,3,0
2,frontcatalog,250,0,245,paymentservice,payment,73,3,3,3,0
2,frontcatalog,250,0,245,recommendationservice,server,65,3,3,3,0
2,frontcatalog,250,0,245,redis-cart,-,,1,1,1,0
2,frontcatalog,250,0,245,shippingservice,server,61,3,3,3,0
2,frontcatalog,250,0,260,adservice,server,81,3,3,3,0
2,frontcatalog,250,0,260,cartservice,server,60,3,3,3,0
2,frontcatalog,250,0,260,checkoutservice,checkout,62,3,3,3,0
2,frontcatalog,250,0,260,currencyservice,server,59,3,3,3,0
2,frontcatalog,250,0,260,emailservice,email,73,3,3,3,0
2,frontcatalog,250,0,260,frontend,productcatalog,60,3,3,3,0
2,frontcatalog,250,0,260,frontend,server,61,3,3,3,0
2,frontcatalog,250,0,260,paymentservice,payment,67,3,3,3,0
2,frontcatalog,250,0,260,recommendationservice,server,67,3,3,3,0
2,frontcatalog,250,0,260,redis-cart,-,,1,1,1,0
2,frontcatalog,250,0,260,shippingservice,server,62,3,3,3,0
2,frontcatalog,250,0,275,adservice,server,80,3,3,3,0
2,frontcatalog,250,0,275,cartservice,server,67,3,3,3,0
2,frontcatalog,250,0,275,checkoutservice,checkout,58,3,3,3,0
2,frontcatalog,250,0,275,currencyservice,server,58,3,3,3,0
2,frontcatalog,250,0,275,emailservice,email,69,3,3,3,0
2,frontcatalog,250,0,275,frontend,productcatalog,58,3,3,3,0
2,frontcatalog,250,0,275,frontend,server,61,3,3,3,0
2,frontcatalog,250,0,275,paymentservice,payment,70,3,3,3,0
2,frontcatalog,250,0,275,recommendationservice,server,68,3,3,3,0
2,frontcatalog,250,0,275,redis-cart,-,,1,1,1,0
2,frontcatalog,250,0,275,shippingservice,server,61,3,3,3,0
2,frontcatalog,250,0,290,adservice,server,53,3,3,3,0
2,frontcatalog,250,0,290,cartservice,server,65,3,3,3,0
2,frontcatalog,250,0,290,checkoutservice,checkout,62,3,3,3,0
2,frontcatalog,250,0,290,currencyservice,server,57,3,3,3,0
2,frontcatalog,250,0,290,emailservice,email,71,3,3,3,0
2,frontcatalog,250,0,290,frontend,productcatalog,55,3,3,3,0
2,frontcatalog,250,0,290,frontend,server,63,3,3,3,0
2,frontcatalog,250,0,290,paymentservice,payment,71,3,3,3,0
2,frontcatalog,250,0,290,recommendationservice,server,63,3,3,3,0
2,frontcatalog,250,0,290,redis-cart,-,,1,1,1,0
2,frontcatalog,250,0,290,shippingservice,server,61,3,3,3,0
2,frontcatalog,250,0,306,adservice,server,53,3,3,3,0
2,frontcatalog,250,0,306,cartservice,server,66,3,3,3,0
2,frontcatalog,250,0,306,checkoutservice,checkout,59,3,3,3,0
2,frontcatalog,250,0,306,currencyservice,server,58,3,3,3,0
2,frontcatalog,250,0,306,emailservice,email,72,3,3,3,0
2,frontcatalog,250,0,306,frontend,productcatalog,56,3,3,3,0
2,frontcatalog,250,0,306,frontend,server,61,3,3,3,0
2,frontcatalog,250,0,306,paymentservice,payment,68,3,3,3,0
2,frontcatalog,250,0,306,recommendationservice,server,70,3,3,3,0
2,frontcatalog,250,0,306,redis-cart,-,,1,1,1,0
2,frontcatalog,250,0,306,shippingservice,server,61,3,3,3,0
2,frontcatalog,250,0,321,adservice,server,53,3,3,3,0
2,frontcatalog,250,0,321,cartservice,server,59,3,3,3,0
2,frontcatalog,250,0,321,checkoutservice,checkout,59,3,3,3,0
2,frontcatalog,250,0,321,currencyservice,server,55,3,3,3,0
2,frontcatalog,250,0,321,emailservice,email,68,3,3,3,0
2,frontcatalog,250,0,321,frontend,productcatalog,56,3,3,3,0
2,frontcatalog,250,0,321,frontend,server,57,3,3,3,0
2,frontcatalog,250,0,321,paymentservice,payment,67,3,3,3,0
2,frontcatalog,250,0,321,recommendationservice,server,64,3,3,3,0
2,frontcatalog,250,0,321,redis-cart,-,,1,1,1,0
2,frontcatalog,250,0,321,shippingservice,server,58,3,3,3,0
2,frontcatalog,250,0,337,adservice,server,54,3,3,3,0
2,frontcatalog,250,0,337,cartservice,server,59,3,3,3,0
2,frontcatalog,250,0,337,checkoutservice,checkout,57,3,3,3,0
2,frontcatalog,250,0,337,currencyservice,server,57,3,3,3,0
2,frontcatalog,250,0,337,emailservice,email,66,3,3,3,0
2,frontcatalog,250,0,337,frontend,productcatalog,57,3,3,3,0
2,frontcatalog,250,0,337,frontend,server,59,3,3,3,0
2,frontcatalog,250,0,337,paymentservice,payment,67,3,3,3,0
2,frontcatalog,250,0,337,recommendationservice,server,65,3,3,3,0
2,frontcatalog,250,0,337,redis-cart,-,,1,1,1,0
2,frontcatalog,250,0,337,shippingservice,server,60,3,3,3,0
2,frontcatalog,250,0,352,adservice,server,52,3,3,3,0
2,frontcatalog,250,0,352,cartservice,server,61,3,3,3,0
2,frontcatalog,250,0,352,checkoutservice,checkout,61,3,3,3,0
2,frontcatalog,250,0,352,currencyservice,server,57,3,3,3,0
2,frontcatalog,250,0,352,emailservice,email,72,3,3,3,0
2,frontcatalog,250,0,352,frontend,productcatalog,57,3,3,3,0
2,frontcatalog,250,0,352,frontend,server,64,3,3,3,0
2,frontcatalog,250,0,352,paymentservice,payment,69,3,3,3,0
2,frontcatalog,250,0,352,recommendationservice,server,69,3,3,3,0
2,frontcatalog,250,0,352,redis-cart,-,,1,1,1,0
2,frontcatalog,250,0,352,shippingservice,server,63,3,3,3,0
2,frontcatalog,250,0,367,adservice,server,53,3,3,3,0
2,frontcatalog,250,0,367,cartservice,server,61,3,3,3,0
2,frontcatalog,250,0,367,checkoutservice,checkout,57,3,3,3,0
2,frontcatalog,250,0,367,currencyservice,server,57,3,3,3,0
2,frontcatalog,250,0,367,emailservice,email,68,3,3,3,0
2,frontcatalog,250,0,367,frontend,productcatalog,57,3,3,3,0
2,frontcatalog,250,0,367,frontend,server,58,3,3,3,0
2,frontcatalog,250,0,367,paymentservice,payment,64,3,3,3,0
2,frontcatalog,250,0,367,recommendationservice,server,62,3,3,3,0
2,frontcatalog,250,0,367,redis-cart,-,,1,1,1,0
2,frontcatalog,250,0,367,shippingservice,server,58,3,3,3,0
2,frontcatalog,250,0,383,adservice,server,50,3,3,3,0
2,frontcatalog,250,0,383,cartservice,server,61,3,3,3,0
2,frontcatalog,250,0,383,checkoutservice,checkout,60,3,3,3,0
2,frontcatalog,250,0,383,currencyservice,server,57,3,3,3,0
2,frontcatalog,250,0,383,emailservice,email,70,3,3,3,0
2,frontcatalog,250,0,383,frontend,productcatalog,54,3,3,3,0
2,frontcatalog,250,0,383,frontend,server,61,3,3,3,0
2,frontcatalog,250,0,383,paymentservice,payment,75,3,3,3,0
2,frontcatalog,250,0,383,recommendationservice,server,62,3,3,3,0
2,frontcatalog,250,0,383,redis-cart,-,,1,1,1,0
2,frontcatalog,250,0,383,shippingservice,server,62,3,3,3,0
2,frontcatalog,250,0,398,adservice,server,53,3,3,3,0
2,frontcatalog,250,0,398,cartservice,server,59,3,3,3,0
2,frontcatalog,250,0,398,checkoutservice,checkout,61,3,3,3,0
2,frontcatalog,250,0,398,currencyservice,server,57,3,3,3,0
2,frontcatalog,250,0,398,emailservice,email,74,3,3,3,0
2,frontcatalog,250,0,398,frontend,productcatalog,56,3,3,3,0
2,frontcatalog,250,0,398,frontend,server,61,3,3,3,0
2,frontcatalog,250,0,398,paymentservice,payment,66,3,3,3,0
2,frontcatalog,250,0,398,recommendationservice,server,70,3,3,3,0
2,frontcatalog,250,0,398,redis-cart,-,,1,1,1,0
2,frontcatalog,250,0,398,shippingservice,server,61,3,3,3,0
2,frontcatalog,250,0,413,adservice,server,52,3,3,3,0
2,frontcatalog,250,0,413,cartservice,server,76,3,3,3,0
2,frontcatalog,250,0,413,checkoutservice,checkout,65,3,3,3,0
2,frontcatalog,250,0,413,currencyservice,server,60,3,3,3,0
2,frontcatalog,250,0,413,emailservice,email,75,3,3,3,0
2,frontcatalog,250,0,413,frontend,productcatalog,58,3,3,3,0
2,frontcatalog,250,0,413,frontend,server,61,3,3,3,0
2,frontcatalog,250,0,413,paymentservice,payment,74,3,3,3,0
2,frontcatalog,250,0,413,recommendationservice,server,64,3,3,3,0
2,frontcatalog,250,0,413,redis-cart,-,,1,1,1,0
2,frontcatalog,250,0,413,shippingservice,server,66,3,3,3,0
2,frontcatalog,250,0,428,adservice,server,51,3,3,3,0
2,frontcatalog,250,0,428,cartservice,server,70,3,3,3,0
2,frontcatalog,250,0,428,checkoutservice,checkout,62,3,3,3,0
2,frontcatalog,250,0,428,currencyservice,server,58,3,3,3,0
2,frontcatalog,250,0,428,emailservice,email,71,3,3,3,0
2,frontcatalog,250,0,428,frontend,productcatalog,56,3,3,3,0
2,frontcatalog,250,0,428,frontend,server,61,3,3,3,0
2,frontcatalog,250,0,428,paymentservice,payment,72,3,3,3,0
2,frontcatalog,250,0,428,recommendationservice,server,65,3,3,3,0
2,frontcatalog,250,0,428,redis-cart,-,,1,1,1,0
2,frontcatalog,250,0,428,shippingservice,server,62,3,3,3,0
2,frontcatalog,250,0,444,adservice,server,3,3,3,3,0
2,frontcatalog,250,0,444,cartservice,server,46,3,3,3,0
2,frontcatalog,250,0,444,checkoutservice,checkout,25,3,3,3,0
2,frontcatalog,250,0,444,currencyservice,server,58,3,3,3,0
2,frontcatalog,250,0,444,emailservice,email,22,3,3,3,0
2,frontcatalog,250,0,444,frontend,productcatalog,19,3,3,3,0
2,frontcatalog,250,0,444,frontend,server,11,3,3,3,0
2,frontcatalog,250,0,444,paymentservice,payment,45,3,3,3,0
2,frontcatalog,250,0,444,recommendationservice,server,52,3,3,3,0
2,frontcatalog,250,0,444,redis-cart,-,,1,1,1,0
2,frontcatalog,250,0,444,shippingservice,server,31,3,3,3,0
3,frontcatalog,200,0,1,adservice,-,,1,0,1,0
3,frontcatalog,200,0,1,cartservice,-,,1,0,1,0
3,frontcatalog,200,0,1,checkoutservice,checkout,0,1,1,1,0
3,frontcatalog,200,0,1,currencyservice,server,0,1,1,1,0
3,frontcatalog,200,0,1,emailservice,email,2,1,1,1,0
3,frontcatalog,200,0,1,frontend,-,,1,0,1,0
3,frontcatalog,200,0,1,paymentservice,payment,1,1,1,1,0
3,frontcatalog,200,0,1,recommendationservice,-,,,0,1,0
3,frontcatalog,200,0,1,redis-cart,-,,1,1,1,0
3,frontcatalog,200,0,1,shippingservice,-,,,0,1,0
3,frontcatalog,200,0,16,adservice,server,21,1,1,1,0
3,frontcatalog,200,0,16,cartservice,server,42,1,1,1,0
3,frontcatalog,200,0,16,checkoutservice,checkout,36,1,1,1,0
3,frontcatalog,200,0,16,currencyservice,server,32,1,1,1,0
3,frontcatalog,200,0,16,emailservice,email,36,1,1,1,0
3,frontcatalog,200,0,16,frontend,productcatalog,0,1,1,1,0
3,frontcatalog,200,0,16,frontend,server,30,1,1,1,0
3,frontcatalog,200,0,16,paymentservice,payment,5,1,1,1,0
3,frontcatalog,200,0,16,recommendationservice,server,0,1,1,1,0
3,frontcatalog,200,0,16,redis-cart,-,,1,1,1,0
3,frontcatalog,200,0,16,shippingservice,server,1,1,1,1,0
3,frontcatalog,200,0,31,adservice,server,631,1,1,1,0
3,frontcatalog,200,0,31,cartservice,server,178,1,1,1,0
3,frontcatalog,200,0,31,checkoutservice,checkout,147,1,1,1,0
3,frontcatalog,200,0,31,currencyservice,server,32,1,1,1,0
3,frontcatalog,200,0,31,emailservice,email,36,1,1,1,0
3,frontcatalog,200,0,31,frontend,productcatalog,68,1,1,1,0
3,frontcatalog,200,0,31,frontend,server,138,1,1,1,0
3,frontcatalog,200,0,31,paymentservice,payment,164,1,1,1,0
3,frontcatalog,200,0,31,recommendationservice,server,130,1,1,1,0
3,frontcatalog,200,0,31,redis-cart,-,,1,1,1,0
3,frontcatalog,200,0,31,shippingservice,server,1,1,1,1,0
3,frontcatalog,200,0,46,adservice,server,431,1,5,1,0
3,frontcatalog,200,0,46,cartservice,server,114,1,2,1,0
3,frontcatalog,200,0,46,checkoutservice,checkout,147,1,3,3,0
3,frontcatalog,200,0,46,currencyservice,server,134,1,1,1,0
3,frontcatalog,200,0,46,emailservice,email,163,1,1,1,0
3,frontcatalog,200,0,46,frontend,productcatalog,123,1,2,1,1
3,frontcatalog,200,0,46,frontend,server,136,1,2,1,1
3,frontcatalog,200,0,46,paymentservice,payment,147,1,3,1,2
3,frontcatalog,200,0,46,recommendationservice,server,141,1,2,1,1
3,frontcatalog,200,0,46,redis-cart,-,,1,1,1,0
3,frontcatalog,200,0,46,shippingservice,server,133,1,2,1,1
3,frontcatalog,200,0,62,adservice,server,205,5,5,1,0
3,frontcatalog,200,0,62,cartservice,server,147,2,2,1,0
3,frontcatalog,200,0,62,checkoutservice,checkout,134,3,3,3,0
3,frontcatalog,200,0,62,currencyservice,server,135,1,2,2,0
3,frontcatalog,200,0,62,emailservice,email,155,1,3,1,0
3,frontcatalog,200,0,62,frontend,productcatalog,120,2,2,2,0
3,frontcatalog,200,0,62,frontend,server,136,2,2,2,0
3,frontcatalog,200,0,62,paymentservice,payment,165,3,3,3,0
3,frontcatalog,200,0,62,recommendationservice,server,141,2,2,2,0
3,frontcatalog,200,0,62,redis-cart,-,,1,1,1,0
3,frontcatalog,200,0,62,shippingservice,server,144,2,2,2,0
3,frontcatalog,200,0,77,adservice,server,172,5,5,3,0
3,frontcatalog,200,0,77,cartservice,server,121,2,2,2,0
3,frontcatalog,200,0,77,checkoutservice,checkout,47,3,3,3,0
3,frontcatalog,200,0,77,currencyservice,server,114,2,2,2,0
3,frontcatalog,200,0,77,emailservice,email,148,3,3,3,0
3,frontcatalog,200,0,77,frontend,productcatalog,120,2,2,2,0
3,frontcatalog,200,0,77,frontend,server,136,2,2,2,0
3,frontcatalog,200,0,77,paymentservice,payment,104,3,3,3,0
3,frontcatalog,200,0,77,recommendationservice,server,149,2,2,2,0
3,frontcatalog,200,0,77,redis-cart,-,,1,1,1,0
3,frontcatalog,200,0,77,shippingservice,server,65,2,2,2,0
3,frontcatalog,200,0,92,adservice,server,186,5,5,5,0
3,frontcatalog,200,0,92,cartservice,server,138,2,2,2,0
3,frontcatalog,200,0,92,checkoutservice,checkout,39,3,3,3,0
3,frontcatalog,200,0,92,currencyservice,server,104,2,2,2,0
3,frontcatalog,200,0,92,emailservice,email,129,3,3,3,0
3,frontcatalog,200,0,92,frontend,productcatalog,59,2,2,2,0
3,frontcatalog,200,0,92,frontend,server,72,2,2,2,0
3,frontcatalog,200,0,92,paymentservice,payment,37,3,3,3,0
3,frontcatalog,200,0,92,recommendationservice,server,76,2,2,2,0
3,frontcatalog,200,0,92,redis-cart,-,,1,1,1,0
3,frontcatalog,200,0,92,shippingservice,server,54,2,2,2,0
3,frontcatalog,200,0,108,adservice,server,72,5,5,5,0
3,frontcatalog,200,0,108,cartservice,server,69,2,2,2,0
3,frontcatalog,200,0,108,checkoutservice,checkout,43,3,3,3,0
3,frontcatalog,200,0,108,currencyservice,server,68,2,2,2,0
3,frontcatalog,200,0,108,emailservice,email,51,3,3,3,0
3,frontcatalog,200,0,108,frontend,productcatalog,60,2,2,2,0
3,frontcatalog,200,0,108,frontend,server,63,2,2,2,0
3,frontcatalog,200,0,108,paymentservice,payment,50,3,3,3,0
3,frontcatalog,200,0,108,recommendationservice,server,76,2,2,2,0
3,frontcatalog,200,0,108,redis-cart,-,,1,1,1,0
3,frontcatalog,200,0,108,shippingservice,server,72,2,2,2,0
3,frontcatalog,200,0,123,adservice,server,27,5,5,5,0
3,frontcatalog,200,0,123,cartservice,server,67,2,2,2,0
3,frontcatalog,200,0,123,checkoutservice,checkout,43,3,3,3,0
3,frontcatalog,200,0,123,currencyservice,server,51,2,2,2,0
3,frontcatalog,200,0,123,emailservice,email,51,3,3,3,0
3,frontcatalog,200,0,123,frontend,productcatalog,53,2,2,2,0
3,frontcatalog,200,0,123,frontend,server,72,2,2,2,0
3,frontcatalog,200,0,123,paymentservice,payment,19,3,3,3,0
3,frontcatalog,200,0,123,recommendationservice,server,66,2,2,2,0
3,frontcatalog,200,0,123,redis-cart,-,,1,1,1,0
3,frontcatalog,200,0,123,shippingservice,server,47,2,2,2,0
3,frontcatalog,200,0,138,adservice,server,31,5,5,5,0
3,frontcatalog,200,0,138,cartservice,server,69,2,2,2,0
3,frontcatalog,200,0,138,checkoutservice,checkout,43,3,2,2,0
3,frontcatalog,200,0,138,currencyservice,server,64,2,2,2,0
3,frontcatalog,200,0,138,emailservice,email,38,3,3,3,0
3,frontcatalog,200,0,138,frontend,productcatalog,56,2,2,2,0
3,frontcatalog,200,0,138,frontend,server,69,2,2,2,0
3,frontcatalog,200,0,138,paymentservice,payment,19,3,3,3,0
3,frontcatalog,200,0,138,recommendationservice,server,75,2,2,2,0
3,frontcatalog,200,0,138,redis-cart,-,,1,1,1,0
3,frontcatalog,200,0,138,shippingservice,server,68,2,2,2,0
3,frontcatalog,200,0,153,adservice,server,27,5,5,5,0
3,frontcatalog,200,0,153,cartservice,server,88,2,2,2,0
3,frontcatalog,200,0,153,checkoutservice,checkout,65,2,2,2,0
3,frontcatalog,200,0,153,currencyservice,server,72,2,2,2,0
3,frontcatalog,200,0,153,emailservice,email,58,3,3,3,0
3,frontcatalog,200,0,153,frontend,productcatalog,61,2,2,2,0
3,frontcatalog,200,0,153,frontend,server,66,2,2,2,0
3,frontcatalog,200,0,153,paymentservice,payment,57,3,3,3,0
3,frontcatalog,200,0,153,recommendationservice,server,69,2,2,2,0
3,frontcatalog,200,0,153,redis-cart,-,,1,1,1,0
3,frontcatalog,200,0,153,shippingservice,server,76,2,2,2,0
3,frontcatalog,200,0,169,adservice,server,29,5,3,3,0
3,frontcatalog,200,0,169,cartservice,server,60,2,2,2,0
3,frontcatalog,200,0,169,checkoutservice,checkout,66,2,2,2,0
3,frontcatalog,200,0,169,currencyservice,server,72,2,2,2,0
3,frontcatalog,200,0,169,emailservice,email,51,3,3,3,0
3,frontcatalog,200,0,169,frontend,productcatalog,60,2,2,2,0
3,frontcatalog,200,0,169,frontend,server,70,2,2,2,0
3,frontcatalog,200,0,169,paymentservice,payment,30,3,3,3,0
3,frontcatalog,200,0,169,recommendationservice,server,68,2,2,2,0
3,frontcatalog,200,0,169,redis-cart,-,,1,1,1,0
3,frontcatalog,200,0,169,shippingservice,server,60,2,2,2,0
3,frontcatalog,200,0,184,adservice,server,49,3,3,3,0
3,frontcatalog,200,0,184,cartservice,server,49,2,2,2,0
3,frontcatalog,200,0,184,checkoutservice,checkout,57,2,2,2,0
3,frontcatalog,200,0,184,currencyservice,server,51,2,2,2,0
3,frontcatalog,200,0,184,emailservice,email,38,3,3,3,0
3,frontcatalog,200,0,184,frontend,productcatalog,58,2,2,2,0
3,frontcatalog,200,0,184,frontend,server,70,2,2,2,0
3,frontcatalog,200,0,184,paymentservice,payment,27,3,3,3,0
3,frontcatalog,200,0,184,recommendationservice,server,74,2,2,2,0
3,frontcatalog,200,0,184,redis-cart,-,,1,1,1,0
3,frontcatalog,200,0,184,shippingservice,server,48,2,2,2,0
3,frontcatalog,200,0,199,adservice,server,48,3,3,3,0
3,frontcatalog,200,0,199,cartservice,server,59,2,2,2,0
3,frontcatalog,200,0,199,checkoutservice,checkout,52,2,2,2,0
3,frontcatalog,200,0,199,currencyservice,server,48,2,2,2,0
3,frontcatalog,200,0,199,emailservice,email,40,3,3,3,0
3,frontcatalog,200,0,199,frontend,productcatalog,53,2,2,2,0
3,frontcatalog,200,0,199,frontend,server,74,2,2,2,0
3,frontcatalog,200,0,199,paymentservice,payment,21,3,3,3,0
3,frontcatalog,200,0,199,recommendationservice,server,73,2,2,2,0
3,frontcatalog,200,0,199,redis-cart,-,,1,1,1,0
3,frontcatalog,200,0,199,shippingservice,server,51,2,2,2,0
3,frontcatalog,200,0,214,adservice,server,49,3,3,3,0
3,frontcatalog,200,0,214,cartservice,server,56,2,2,2,0
3,frontcatalog,200,0,214,checkoutservice,checkout,57,2,2,2,0
3,frontcatalog,200,0,214,currencyservice,server,52,2,2,2,0
3,frontcatalog,200,0,214,emailservice,email,46,3,3,3,0
3,frontcatalog,200,0,214,frontend,productcatalog,58,2,2,2,0
3,frontcatalog,200,0,214,frontend,server,74,2,2,2,0
3,frontcatalog,200,0,214,paymentservice,payment,25,3,2,2,0
3,frontcatalog,200,0,214,recommendationservice,server,75,2,2,2,0
3,frontcatalog,200,0,214,redis-cart,-,,1,1,1,0
3,frontcatalog,200,0,214,shippingservice,server,50,2,2,2,0
3,frontcatalog,200,0,230,adservice,server,51,3,3,3,0
3,frontcatalog,200,0,230,cartservice,server,42,2,2,2,0
3,frontcatalog,200,0,230,checkoutservice,checkout,44,2,2,2,0
3,frontcatalog,200,0,230,currencyservice,server,45,2,2,2,0
3,frontcatalog,200,0,230,emailservice,email,46,3,2,2,0
3,frontcatalog,200,0,230,frontend,productcatalog,58,2,2,2,0
3,frontcatalog,200,0,230,frontend,server,71,2,2,2,0
3,frontcatalog,200,0,230,paymentservice,payment,1,2,2,2,0
3,frontcatalog,200,0,230,recommendationservice,server,67,2,2,2,0
3,frontcatalog,200,0,230,redis-cart,-,,1,1,1,0
3,frontcatalog,200,0,230,shippingservice,server,44,2,2,2,0
3,frontcatalog,200,0,245,adservice,server,44,3,3,3,0
3,frontcatalog,200,0,245,cartservice,server,46,2,2,2,0
3,frontcatalog,200,0,245,checkoutservice,checkout,60,2,2,2,0
3,frontcatalog,200,0,245,currencyservice,server,52,2,2,2,0
3,frontcatalog,200,0,245,emailservice,email,63,2,2,2,0
3,frontcatalog,200,0,245,frontend,productcatalog,51,2,2,2,0
3,frontcatalog,200,0,245,frontend,server,70,2,2,2,0
3,frontcatalog,200,0,245,paymentservice,payment,36,2,2,2,0
3,frontcatalog,200,0,245,recommendationservice,server,73,2,2,2,0
3,frontcatalog,200,0,245,redis-cart,-,,1,1,1,0
3,frontcatalog,200,0,245,shippingservice,server,46,2,2,2,0
3,frontcatalog,200,0,260,adservice,server,51,3,3,3,0
3,frontcatalog,200,0,260,cartservice,server,51,2,2,2,0
3,frontcatalog,200,0,260,checkoutservice,checkout,54,2,2,2,0
3,frontcatalog,200,0,260,currencyservice,server,52,2,2,2,0
3,frontcatalog,200,0,260,emailservice,email,65,2,2,2,0
3,frontcatalog,200,0,260,frontend,productcatalog,60,2,2,2,0
3,frontcatalog,200,0,260,frontend,server,71,2,2,2,0
3,frontcatalog,200,0,260,paymentservice,payment,47,2,2,2,0
3,frontcatalog,200,0,260,recommendationservice,server,73,2,2,2,0
3,frontcatalog,200,0,260,redis-cart,-,,1,1,1,0
3,frontcatalog,200,0,260,shippingservice,server,46,2,2,2,0
3,frontcatalog,200,0,275,adservice,server,50,3,3,3,0
3,frontcatalog,200,0,275,cartservice,server,48,2,2,2,0
3,frontcatalog,200,0,275,checkoutservice,checkout,52,2,2,2,0
3,frontcatalog,200,0,275,currencyservice,server,52,2,2,2,0
3,frontcatalog,200,0,275,emailservice,email,65,2,2,2,0
3,frontcatalog,200,0,275,frontend,productcatalog,55,2,2,2,0
3,frontcatalog,200,0,275,frontend,server,73,2,2,2,0
3,frontcatalog,200,0,275,paymentservice,payment,38,2,2,2,0
3,frontcatalog,200,0,275,recommendationservice,server,74,2,2,2,0
3,frontcatalog,200,0,275,redis-cart,-,,1,1,1,0
3,frontcatalog,200,0,275,shippingservice,server,54,2,2,2,0
3,frontcatalog,200,0,291,adservice,server,45,3,3,3,0
3,frontcatalog,200,0,291,cartservice,server,65,2,2,2,0
3,frontcatalog,200,0,291,checkoutservice,checkout,54,2,2,2,0
3,frontcatalog,200,0,291,currencyservice,server,49,2,2,2,0
3,frontcatalog,200,0,291,emailservice,email,60,2,2,2,0
3,frontcatalog,200,0,291,frontend,productcatalog,55,2,2,2,0
3,frontcatalog,200,0,291,frontend,server,75,2,2,2,0
3,frontcatalog,200,0,291,paymentservice,payment,36,2,2,2,0
3,frontcatalog,200,0,291,recommendationservice,server,76,2,2,2,0
3,frontcatalog,200,0,291,redis-cart,-,,1,1,1,0
3,frontcatalog,200,0,291,shippingservice,server,53,2,2,2,0
3,frontcatalog,200,0,306,adservice,server,40,3,3,3,0
3,frontcatalog,200,0,306,cartservice,server,91,2,2,2,0
3,frontcatalog,200,0,306,checkoutservice,checkout,75,2,2,2,0
3,frontcatalog,200,0,306,currencyservice,server,68,2,2,2,0
3,frontcatalog,200,0,306,emailservice,email,80,2,2,2,0
3,frontcatalog,200,0,306,frontend,productcatalog,63,2,2,2,0
3,frontcatalog,200,0,306,frontend,server,74,2,2,2,0
3,frontcatalog,200,0,306,paymentservice,payment,85,2,2,2,0
3,frontcatalog,200,0,306,recommendationservice,server,76,2,2,2,0
3,frontcatalog,200,0,306,redis-cart,-,,1,1,1,0
3,frontcatalog,200,0,306,shippingservice,server,76,2,2,2,0
3,frontcatalog,200,0,321,adservice,server,41,3,3,3,0
3,frontcatalog,200,0,321,cartservice,server,93,2,3,2,0
3,frontcatalog,200,0,321,checkoutservice,checkout,75,2,2,2,0
3,frontcatalog,200,0,321,currencyservice,server,71,2,2,2,0
3,frontcatalog,200,0,321,emailservice,email,85,2,3,2,0
3,frontcatalog,200,0,321,frontend,productcatalog,61,2,2,2,0
3,frontcatalog,200,0,321,frontend,server,66,2,2,2,0
3,frontcatalog,200,0,321,paymentservice,payment,88,2,3,3,0
3,frontcatalog,200,0,321,recommendationservice,server,69,2,2,2,0
3,frontcatalog,200,0,321,redis-cart,-,,1,1,1,0
3,frontcatalog,200,0,321,shippingservice,server,76,2,2,2,0
3,frontcatalog,200,0,336,adservice,server,42,3,2,2,0
3,frontcatalog,200,0,336,cartservice,server,86,3,3,2,0
3,frontcatalog,200,0,336,checkoutservice,checkout,76,2,2,2,0
3,frontcatalog,200,0,336,currencyservice,server,71,2,2,2,0
3,frontcatalog,200,0,336,emailservice,email,84,3,3,3,0
3,frontcatalog,200,0,336,frontend,productcatalog,62,2,2,2,0
3,frontcatalog,200,0,336,frontend,server,67,2,2,2,0
3,frontcatalog,200,0,336,paymentservice,payment,89,3,3,3,0
3,frontcatalog,200,0,336,recommendationservice,server,69,2,2,2,0
3,frontcatalog,200,0,336,redis-cart,-,,1,1,1,0
3,frontcatalog,200,0,336,shippingservice,server,77,2,2,2,0
3,frontcatalog,200,0,352,adservice,server,67,2,2,2,0
3,frontcatalog,200,0,352,cartservice,server,49,3,3,3,0
3,frontcatalog,200,0,352,checkoutservice,checkout,51,2,2,2,0
3,frontcatalog,200,0,352,currencyservice,server,64,2,2,2,0
3,frontcatalog,200,0,352,emailservice,email,61,3,3,3,0
3,frontcatalog,200,0,352,frontend,productcatalog,62,2,2,2,0
3,frontcatalog,200,0,352,frontend,server,67,2,2,2,0
3,frontcatalog,200,0,352,paymentservice,payment,61,3,3,3,0
3,frontcatalog,200,0,352,recommendationservice,server,72,2,2,2,0
3,frontcatalog,200,0,352,redis-cart,-,,1,1,1,0
3,frontcatalog,200,0,352,shippingservice,server,54,2,2,2,0
3,frontcatalog,200,0,367,adservice,server,64,2,2,2,0
3,frontcatalog,200,0,367,cartservice,server,36,3,3,3,0
3,frontcatalog,200,0,367,checkoutservice,checkout,48,2,2,2,0
3,frontcatalog,200,0,367,currencyservice,server,45,2,2,2,0
3,frontcatalog,200,0,367,emailservice,email,64,3,3,3,0
3,frontcatalog,200,0,367,frontend,productcatalog,49,2,2,2,0
3,frontcatalog,200,0,367,frontend,server,69,2,2,2,0
3,frontcatalog,200,0,367,paymentservice,payment,29,3,3,3,0
3,frontcatalog,200,0,367,recommendationservice,server,68,2,2,2,0
3,frontcatalog,200,0,367,redis-cart,-,,1,1,1,0
3,frontcatalog,200,0,367,shippingservice,server,54,2,2,2,0
3,frontcatalog,200,0,382,adservice,server,71,2,2,2,0
3,frontcatalog,200,0,382,cartservice,server,31,3,3,3,0
3,frontcatalog,200,0,382,checkoutservice,checkout,48,2,2,2,0
3,frontcatalog,200,0,382,currencyservice,server,47,2,2,2,0
3,frontcatalog,200,0,382,emailservice,email,43,3,3,3,0
3,frontcatalog,200,0,382,frontend,productcatalog,57,2,2,2,0
3,frontcatalog,200,0,382,frontend,server,73,2,2,2,0
3,frontcatalog,200,0,382,paymentservice,payment,23,3,3,3,0
3,frontcatalog,200,0,382,recommendationservice,server,74,2,2,2,0
3,frontcatalog,200,0,382,redis-cart,-,,1,1,1,0
3,frontcatalog,200,0,382,shippingservice,server,46,2,2,2,0
3,frontcatalog,200,0,397,adservice,server,71,2,2,2,0
3,frontcatalog,200,0,397,cartservice,server,31,3,2,2,0
3,frontcatalog,200,0,397,checkoutservice,checkout,53,2,2,2,0
3,frontcatalog,200,0,397,currencyservice,server,48,2,2,2,0
3,frontcatalog,200,0,397,emailservice,email,44,3,3,3,0
3,frontcatalog,200,0,397,frontend,productcatalog,54,2,2,2,0
3,frontcatalog,200,0,397,frontend,server,74,2,2,2,0
3,frontcatalog,200,0,397,paymentservice,payment,39,3,3,3,0
3,frontcatalog,200,0,397,recommendationservice,server,71,2,2,2,0
3,frontcatalog,200,0,397,redis-cart,-,,1,1,1,0
3,frontcatalog,200,0,397,shippingservice,server,50,2,2,2,0
3,frontcatalog,200,0,413,adservice,server,68,2,2,2,0
3,frontcatalog,200,0,413,cartservice,server,53,2,2,2,0
3,frontcatalog,200,0,413,checkoutservice,checkout,57,2,2,2,0
3,frontcatalog,200,0,413,currencyservice,server,52,2,2,2,0
3,frontcatalog,200,0,413,emailservice,email,43,3,3,3,0
3,frontcatalog,200,0,413,frontend,productcatalog,58,2,2,2,0
3,frontcatalog,200,0,413,frontend,server,75,2,2,2,0
3,frontcatalog,200,0,413,paymentservice,payment,29,3,2,2,0
3,frontcatalog,200,0,413,recommendationservice,server,76,2,2,2,0
3,frontcatalog,200,0,413,redis-cart,-,,1,1,1,0
3,frontcatalog,200,0,413,shippingservice,server,51,2,2,2,0
3,frontcatalog,200,0,428,adservice,server,68,2,2,2,0
3,frontcatalog,200,0,428,cartservice,server,63,2,2,2,0
3,frontcatalog,200,0,428,checkoutservice,checkout,51,2,2,2,0
3,frontcatalog,200,0,428,currencyservice,server,47,2,2,2,0
3,frontcatalog,200,0,428,emailservice,email,43,3,2,2,0
3,frontcatalog,200,0,428,frontend,productcatalog,56,2,2,2,0
3,frontcatalog,200,0,428,frontend,server,74,2,2,2,0
3,frontcatalog,200,0,428,paymentservice,payment,36,2,2,2,0
3,frontcatalog,200,0,428,recommendationservice,server,72,2,2,2,0
3,frontcatalog,200,0,428,redis-cart,-,,1,1,1,0
3,frontcatalog,200,0,428,shippingservice,server,48,2,2,2,0
3,frontcatalog,200,0,443,adservice,server,70,2,2,2,0
3,frontcatalog,200,0,443,cartservice,server,63,2,2,2,0
3,frontcatalog,200,0,443,checkoutservice,checkout,44,2,2,2,0
3,frontcatalog,200,0,443,currencyservice,server,36,2,2,2,0
3,frontcatalog,200,0,443,emailservice,email,59,2,2,2,0
3,frontcatalog,200,0,443,frontend,productcatalog,43,2,2,2,0
3,frontcatalog,200,0,443,frontend,server,53,2,2,2,0
3,frontcatalog,200,0,443,paymentservice,payment,66,2,2,2,0
3,frontcatalog,200,0,443,recommendationservice,server,73,2,2,2,0
3,frontcatalog,200,0,443,redis-cart,-,,1,1,1,0
3,frontcatalog,200,0,443,shippingservice,server,37,2,2,2,0
3,frontcatalog,250,0,0,adservice,server,33,2,2,2,0
3,frontcatalog,250,0,0,cartservice,server,21,2,2,2,0
3,frontcatalog,250,0,0,checkoutservice,checkout,0,2,2,2,0
3,frontcatalog,250,0,0,currencyservice,server,0,2,2,2,0
3,frontcatalog,250,0,0,emailservice,email,8,2,2,2,0
3,frontcatalog,250,0,0,frontend,productcatalog,0,2,2,2,0
3,frontcatalog,250,0,0,frontend,server,52,2,2,2,0
3,frontcatalog,250,0,0,paymentservice,payment,3,2,2,2,0
3,frontcatalog,250,0,0,recommendationservice,server,28,2,2,2,0
3,frontcatalog,250,0,0,redis-cart,-,,1,1,1,0
3,frontcatalog,250,0,0,shippingservice,server,1,2,2,2,0
3,frontcatalog,250,0,15,adservice,server,5,2,2,2,0
3,frontcatalog,250,0,15,cartservice,server,21,2,2,2,0
3,frontcatalog,250,0,15,checkoutservice,checkout,0,2,2,2,0
3,frontcatalog,250,0,15,currencyservice,server,0,2,2,2,0
3,frontcatalog,250,0,15,emailservice,email,2,2,2,2,0
3,frontcatalog,250,0,15,frontend,productcatalog,0,2,2,2,0
3,frontcatalog,250,0,15,frontend,server,0,2,2,2,0
3,frontcatalog,250,0,15,paymentservice,payment,1,2,2,2,0
3,frontcatalog,250,0,15,recommendationservice,server,0,2,2,2,0
3,frontcatalog,250,0,15,redis-cart,-,,1,1,1,0
3,frontcatalog,250,0,15,shippingservice,server,0,2,2,2,0
3,frontcatalog,250,0,31,adservice,server,39,2,2,2,0
3,frontcatalog,250,0,31,cartservice,server,0,2,2,2,0
3,frontcatalog,250,0,31,checkoutservice,checkout,9,2,2,2,0
3,frontcatalog,250,0,31,currencyservice,server,25,2,2,2,0
3,frontcatalog,250,0,31,emailservice,email,2,2,2,2,0
3,frontcatalog,250,0,31,frontend,productcatalog,21,2,2,2,0
3,frontcatalog,250,0,31,frontend,server,12,2,2,2,0
3,frontcatalog,250,0,31,paymentservice,payment,1,2,2,2,0
3,frontcatalog,250,0,31,recommendationservice,server,0,2,2,2,0
3,frontcatalog,250,0,31,redis-cart,-,,1,1,1,0
3,frontcatalog,250,0,31,shippingservice,server,14,2,2,2,0
3,frontcatalog,250,0,46,adservice,server,76,2,2,2,0
3,frontcatalog,250,0,46,cartservice,server,80,2,2,2,0
3,frontcatalog,250,0,46,checkoutservice,checkout,80,2,2,2,0
3,frontcatalog,250,0,46,currencyservice,server,25,2,1,1,0
3,frontcatalog,250,0,46,emailservice,email,86,2,2,2,0
3,frontcatalog,250,0,46,frontend,productcatalog,77,2,2,2,0
3,frontcatalog,250,0,46,frontend,server,83,2,2,2,0
3,frontcatalog,250,0,46,paymentservice,payment,88,2,2,2,0
3,frontcatalog,250,0,46,recommendationservice,server,71,2,2,2,0
3,frontcatalog,250,0,46,redis-cart,-,,1,1,1,0
3,frontcatalog,250,0,46,shippingservice,server,83,2,2,2,0
3,frontcatalog,250,0,61,adservice,server,75,2,2,2,0
3,frontcatalog,250,0,61,cartservice,server,96,2,3,2,0
3,frontcatalog,250,0,61,checkoutservice,checkout,83,2,3,3,0
3,frontcatalog,250,0,61,currencyservice,server,0,1,1,1,0
3,frontcatalog,250,0,61,emailservice,email,97,2,3,3,0
3,frontcatalog,250,0,61,frontend,productcatalog,78,2,3,2,0
3,frontcatalog,250,0,61,frontend,server,86,2,3,2,0
3,frontcatalog,250,0,61,paymentservice,payment,88,2,3,3,0
3,frontcatalog,250,0,61,recommendationservice,server,83,2,2,2,0
3,frontcatalog,250,0,61,redis-cart,-,,1,1,1,0
3,frontcatalog,250,0,61,shippingservice,server,82,2,3,3,0
3,frontcatalog,250,0,76,adservice,server,71,2,2,2,0
3,frontcatalog,250,0,76,cartservice,server,94,3,3,3,0
3,frontcatalog,250,0,76,checkoutservice,checkout,81,3,3,3,0
3,frontcatalog,250,0,76,currencyservice,server,0,1,1,1,0
3,frontcatalog,250,0,76,emailservice,email,97,3,3,3,0
3,frontcatalog,250,0,76,frontend,productcatalog,78,3,3,3,0
3,frontcatalog,250,0,76,frontend,server,90,3,3,3,0
3,frontcatalog,250,0,76,paymentservice,payment,86,3,3,3,0
3,frontcatalog,250,0,76,recommendationservice,server,85,2,3,3,0
3,frontcatalog,250,0,76,redis-cart,-,,1,1,1,0
3,frontcatalog,250,0,76,shippingservice,server,80,3,3,3,0
3,frontcatalog,250,0,92,adservice,server,73,2,2,2,0
3,frontcatalog,250,0,92,cartservice,server,94,3,3,3,0
3,frontcatalog,250,0,92,checkoutservice,checkout,55,3,3,3,0
3,frontcatalog,250,0,92,currencyservice,server,159,1,1,1,0
3,frontcatalog,250,0,92,emailservice,email,93,3,3,3,0
3,frontcatalog,250,0,92,frontend,productcatalog,79,3,3,3,0
3,frontcatalog,250,0,92,frontend,server,87,3,3,3,0
3,frontcatalog,250,0,92,paymentservice,payment,96,3,3,3,0
3,frontcatalog,250,0,92,recommendationservice,server,88,3,3,3,0
3,frontcatalog,250,0,92,redis-cart,-,,1,1,1,0
3,frontcatalog,250,0,92,shippingservice,server,57,3,3,3,0
3,frontcatalog,250,0,107,adservice,server,77,2,2,2,0
3,frontcatalog,250,0,107,cartservice,server,77,3,3,3,0
3,frontcatalog,250,0,107,checkoutservice,checkout,58,3,3,3,0
3,frontcatalog,250,0,107,currencyservice,server,171,1,3,3,0
3,frontcatalog,250,0,107,emailservice,email,64,3,3,3,0
3,frontcatalog,250,0,107,frontend,productcatalog,57,3,3,3,0
3,frontcatalog,250,0,107,frontend,server,63,3,3,3,0
3,frontcatalog,250,0,107,paymentservice,payment,63,3,3,3,0
3,frontcatalog,250,0,107,recommendationservice,server,63,3,3,3,0
3,frontcatalog,250,0,107,redis-cart,-,,1,1,1,0
3,frontcatalog,250,0,107,shippingservice,server,59,3,3,3,0
3,frontcatalog,250,0,122,adservice,server,77,2,3,2,1
3,frontcatalog,250,0,122,cartservice,server,75,3,3,3,0
3,frontcatalog,250,0,122,checkoutservice,checkout,61,3,3,3,0
3,frontcatalog,250,0,122,currencyservice,server,87,3,3,3,0
3,frontcatalog,250,0,122,emailservice,email,75,3,3,3,0
3,frontcatalog,250,0,122,frontend,productcatalog,58,3,3,3,0
3,frontcatalog,250,0,122,frontend,server,65,3,3,3,0
3,frontcatalog,250,0,122,paymentservice,payment,63,3,3,3,0
3,frontcatalog,250,0,122,recommendationservice,server,63,3,3,3,0
3,frontcatalog,250,0,122,redis-cart,-,,1,1,1,0
3,frontcatalog,250,0,122,shippingservice,server,64,3,3,3,0
3,frontcatalog,250,0,138,adservice,server,75,3,3,2,0
3,frontcatalog,250,0,138,cartservice,server,69,3,3,3,0
3,frontcatalog,250,0,138,checkoutservice,checkout,60,3,3,3,0
3,frontcatalog,250,0,138,currencyservice,server,56,3,3,3,0
3,frontcatalog,250,0,138,emailservice,email,71,3,3,3,0
3,frontcatalog,250,0,138,frontend,productcatalog,58,3,3,3,0
3,frontcatalog,250,0,138,frontend,server,65,3,3,3,0
3,frontcatalog,250,0,138,paymentservice,payment,72,3,3,3,0
3,frontcatalog,250,0,138,recommendationservice,server,64,3,3,3,0
3,frontcatalog,250,0,138,redis-cart,-,,1,1,1,0
3,frontcatalog,250,0,138,shippingservice,server,61,3,3,3,0
3,frontcatalog,250,0,153,adservice,server,78,3,3,2,0
3,frontcatalog,250,0,153,cartservice,server,79,3,3,3,0
3,frontcatalog,250,0,153,checkoutservice,checkout,61,3,3,3,0
3,frontcatalog,250,0,153,currencyservice,server,59,3,3,3,0
3,frontcatalog,250,0,153,emailservice,email,70,3,3,3,0
3,frontcatalog,250,0,153,frontend,productcatalog,59,3,3,3,0
3,frontcatalog,250,0,153,frontend,server,65,3,3,3,0
3,frontcatalog,250,0,153,paymentservice,payment,58,3,3,3,0
3,frontcatalog,250,0,153,recommendationservice,server,63,3,3,3,0
3,frontcatalog,250,0,153,redis-cart,-,,1,1,1,0
3,frontcatalog,250,0,153,shippingservice,server,59,3,3,3,0
3,frontcatalog,250,0,168,adservice,server,76,3,3,3,0
3,frontcatalog,250,0,168,cartservice,server,68,3,3,3,0
3,frontcatalog,250,0,168,checkoutservice,checkout,64,3,3,3,0
3,frontcatalog,250,0,168,currencyservice,server,57,3,3,3,0
3,frontcatalog,250,0,168,emailservice,email,70,3,3,3,0
3,frontcatalog,250,0,168,frontend,productcatalog,58,3,3,3,0
3,frontcatalog,250,0,168,frontend,server,66,3,3,3,0
3,frontcatalog,250,0,168,paymentservice,payment,67,3,3,3,0
3,frontcatalog,250,0,168,recommendationservice,server,64,3,3,3,0
3,frontcatalog,250,0,168,redis-cart,-,,1,1,1,0
3,frontcatalog,250,0,168,shippingservice,server,65,3,3,3,0
3,frontcatalog,250,0,184,adservice,server,76,3,3,3,0
3,frontcatalog,250,0,184,cartservice,server,66,3,3,3,0
3,frontcatalog,250,0,184,checkoutservice,checkout,58,3,3,3,0
3,frontcatalog,250,0,184,currencyservice,server,57,3,3,3,0
3,frontcatalog,250,0,184,emailservice,email,70,3,3,3,0
3,frontcatalog,250,0,184,frontend,productcatalog,59,3,3,3,0
3,frontcatalog,250,0,184,frontend,server,64,3,3,3,0
3,frontcatalog,250,0,184,paymentservice,payment,67,3,3,3,0
3,frontcatalog,250,0,184,recommendationservice,server,63,3,3,3,0
3,frontcatalog,250,0,184,redis-cart,-,,1,1,1,0
3,frontcatalog,250,0,184,shippingservice,server,60,3,3,3,0
3,frontcatalog,250,0,199,adservice,server,51,3,3,3,0
3,frontcatalog,250,0,199,cartservice,server,65,3,3,3,0
3,frontcatalog,250,0,199,checkoutservice,checkout,60,3,3,3,0
3,frontcatalog,250,0,199,currencyservice,server,57,3,3,3,0
3,frontcatalog,250,0,199,emailservice,email,71,3,3,3,0
3,frontcatalog,250,0,199,frontend,productcatalog,58,3,3,3,0
3,frontcatalog,250,0,199,frontend,server,64,3,3,3,0
3,frontcatalog,250,0,199,paymentservice,payment,66,3,3,3,0
3,frontcatalog,250,0,199,recommendationservice,server,63,3,3,3,0
3,frontcatalog,250,0,199,redis-cart,-,,1,1,1,0
3,frontcatalog,250,0,199,shippingservice,server,61,3,3,3,0
3,frontcatalog,250,0,214,adservice,server,50,3,3,3,0
3,frontcatalog,250,0,214,cartservice,server,65,3,3,3,0
3,frontcatalog,250,0,214,checkoutservice,checkout,61,3,3,3,0
3,frontcatalog,250,0,214,currencyservice,server,56,3,3,3,0
3,frontcatalog,250,0,214,emailservice,email,69,3,3,3,0
3,frontcatalog,250,0,214,frontend,productcatalog,57,3,3,3,0
3,frontcatalog,250,0,214,frontend,server,64,3,3,3,0
3,frontcatalog,250,0,214,paymentservice,payment,70,3,3,3,0
3,frontcatalog,250,0,214,recommendationservice,server,63,3,3,3,0
3,frontcatalog,250,0,214,redis-cart,-,,1,1,1,0
3,frontcatalog,250,0,214,shippingservice,server,61,3,3,3,0
3,frontcatalog,250,0,230,adservice,server,50,3,3,3,0
3,frontcatalog,250,0,230,cartservice,server,67,3,3,3,0
3,frontcatalog,250,0,230,checkoutservice,checkout,55,3,3,3,0
3,frontcatalog,250,0,230,currencyservice,server,56,3,3,3,0
3,frontcatalog,250,0,230,emailservice,email,68,3,3,3,0
3,frontcatalog,250,0,230,frontend,productcatalog,57,3,3,3,0
3,frontcatalog,250,0,230,frontend,server,62,3,3,3,0
3,frontcatalog,250,0,230,paymentservice,payment,62,3,3,3,0
3,frontcatalog,250,0,230,recommendationservice,server,62,3,3,3,0
3,frontcatalog,250,0,230,redis-cart,-,,1,1,1,0
3,frontcatalog,250,0,230,shippingservice,server,58,3,3,3,0
3,frontcatalog,250,0,245,adservice,server,51,3,3,3,0
3,frontcatalog,250,0,245,cartservice,server,68,3,3,3,0
3,frontcatalog,250,0,245,checkoutservice,checkout,60,3,3,3,0
3,frontcatalog,250,0,245,currencyservice,server,56,3,3,3,0
3,frontcatalog,250,0,245,emailservice,email,68,3,3,3,0
3,frontcatalog,250,0,245,frontend,productcatalog,57,3,3,3,0
3,frontcatalog,250,0,245,frontend,server,62,3,3,3,0
3,frontcatalog,250,0,245,paymentservice,payment,69,3,3,3,0
3,frontcatalog,250,0,245,recommendationservice,server,63,3,3,3,0
3,frontcatalog,250,0,245,redis-cart,-,,1,1,1,0
3,frontcatalog,250,0,245,shippingservice,server,60,3,3,3,0
3,frontcatalog,250,0,260,adservice,server,52,3,3,3,0
3,frontcatalog,250,0,260,cartservice,server,77,3,3,3,0
3,frontcatalog,250,0,260,checkoutservice,checkout,64,3,3,3,0
3,frontcatalog,250,0,260,currencyservice,server,56,3,3,3,0
3,frontcatalog,250,0,260,emailservice,email,72,3,3,3,0
3,frontcatalog,250,0,260,frontend,productcatalog,57,3,3,3,0
3,frontcatalog,250,0,260,frontend,server,65,3,3,3,0
3,frontcatalog,250,0,260,paymentservice,payment,72,3,3,3,0
3,frontcatalog,250,0,260,recommendationservice,server,63,3,3,3,0
3,frontcatalog,250,0,260,redis-cart,-,,1,1,1,0
3,frontcatalog,250,0,260,shippingservice,server,64,3,3,3,0
3,frontcatalog,250,0,275,adservice,server,52,3,3,3,0
3,frontcatalog,250,0,275,cartservice,server,70,3,3,3,0
3,frontcatalog,250,0,275,checkoutservice,checkout,65,3,3,3,0
3,frontcatalog,250,0,275,currencyservice,server,59,3,3,3,0
3,frontcatalog,250,0,275,emailservice,email,75,3,3,3,0
3,frontcatalog,250,0,275,frontend,productcatalog,60,3,3,3,0
3,frontcatalog,250,0,275,frontend,server,68,3,3,3,0
3,frontcatalog,250,0,275,paymentservice,payment,74,3,3,3,0
3,frontcatalog,250,0,275,recommendationservice,server,65,3,3,3,0
3,frontcatalog,250,0,275,redis-cart,-,,1,1,1,0
3,frontcatalog,250,0,275,shippingservice,server,63,3,3,3,0
3,frontcatalog,250,0,291,adservice,server,50,3,3,3,0
3,frontcatalog,250,0,291,cartservice,server,62,3,3,3,0
3,frontcatalog,250,0,291,checkoutservice,checkout,53,3,3,3,0
3,frontcatalog,250,0,291,currencyservice,server,55,3,3,3,0
3,frontcatalog,250,0,291,emailservice,email,66,3,3,3,0
3,frontcatalog,250,0,291,frontend,productcatalog,59,3,3,3,0
3,frontcatalog,250,0,291,frontend,server,64,3,3,3,0
3,frontcatalog,250,0,291,paymentservice,payment,58,3,3,3,0
3,frontcatalog,250,0,291,recommendationservice,server,64,3,3,3,0
3,frontcatalog,250,0,291,redis-cart,-,,1,1,1,0
3,frontcatalog,250,0,291,shippingservice,server,57,3,3,3,0
3,frontcatalog,250,0,306,adservice,server,50,3,3,3,0
3,frontcatalog,250,0,306,cartservice,server,61,3,3,3,0
3,frontcatalog,250,0,306,checkoutservice,checkout,60,3,3,3,0
3,frontcatalog,250,0,306,currencyservice,server,57,3,3,3,0
3,frontcatalog,250,0,306,emailservice,email,71,3,3,3,0
3,frontcatalog,250,0,306,frontend,productcatalog,56,3,3,3,0
3,frontcatalog,250,0,306,frontend,server,63,3,3,3,0
3,frontcatalog,250,0,306,paymentservice,payment,68,3,3,3,0
3,frontcatalog,250,0,306,recommendationservice,server,63,3,3,3,0
3,frontcatalog,250,0,306,redis-cart,-,,1,1,1,0
3,frontcatalog,250,0,306,shippingservice,server,60,3,3,3,0
3,frontcatalog,250,0,321,adservice,server,49,3,3,3,0
3,frontcatalog,250,0,321,cartservice,server,61,3,3,3,0
3,frontcatalog,250,0,321,checkoutservice,checkout,56,3,3,3,0
3,frontcatalog,250,0,321,currencyservice,server,54,3,3,3,0
3,frontcatalog,250,0,321,emailservice,email,63,3,3,3,0
3,frontcatalog,250,0,321,frontend,productcatalog,57,3,3,3,0
3,frontcatalog,250,0,321,frontend,server,63,3,3,3,0
3,frontcatalog,250,0,321,paymentservice,payment,59,3,3,3,0
3,frontcatalog,250,0,321,recommendationservice,server,62,3,3,3,0
3,frontcatalog,250,0,321,redis-cart,-,,1,1,1,0
3,frontcatalog,250,0,321,shippingservice,server,55,3,3,3,0
3,frontcatalog,250,0,337,adservice,server,54,3,3,3,0
3,frontcatalog,250,0,337,cartservice,server,60,3,3,3,0
3,frontcatalog,250,0,337,checkoutservice,checkout,55,3,3,3,0
3,frontcatalog,250,0,337,currencyservice,server,56,3,3,3,0
3,frontcatalog,250,0,337,emailservice,email,69,3,3,3,0
3,frontcatalog,250,0,337,frontend,productcatalog,57,3,3,3,0
3,frontcatalog,250,0,337,frontend,server,64,3,3,3,0
3,frontcatalog,250,0,337,paymentservice,payment,64,3,3,3,0
3,frontcatalog,250,0,337,recommendationservice,server,63,3,3,3,0
3,frontcatalog,250,0,337,redis-cart,-,,1,1,1,0
3,frontcatalog,250,0,337,shippingservice,server,62,3,3,3,0
3,frontcatalog,250,0,352,adservice,server,51,3,3,3,0
3,frontcatalog,250,0,352,cartservice,server,68,3,3,3,0
3,frontcatalog,250,0,352,checkoutservice,checkout,60,3,3,3,0
3,frontcatalog,250,0,352,currencyservice,server,56,3,3,3,0
3,frontcatalog,250,0,352,emailservice,email,68,3,3,3,0
3,frontcatalog,250,0,352,frontend,productcatalog,57,3,3,3,0
3,frontcatalog,250,0,352,frontend,server,64,3,3,3,0
3,frontcatalog,250,0,352,paymentservice,payment,67,3,3,3,0
3,frontcatalog,250,0,352,recommendationservice,server,63,3,3,3,0
3,frontcatalog,250,0,352,redis-cart,-,,1,1,1,0
3,frontcatalog,250,0,352,shippingservice,server,62,3,3,3,0
3,frontcatalog,250,0,367,adservice,server,51,3,3,3,0
3,frontcatalog,250,0,367,cartservice,server,68,3,3,3,0
3,frontcatalog,250,0,367,checkoutservice,checkout,57,3,3,3,0
3,frontcatalog,250,0,367,currencyservice,server,57,3,3,3,0
3,frontcatalog,250,0,367,emailservice,email,70,3,3,3,0
3,frontcatalog,250,0,367,frontend,productcatalog,56,3,3,3,0
3,frontcatalog,250,0,367,frontend,server,63,3,3,3,0
3,frontcatalog,250,0,367,paymentservice,payment,63,3,3,3,0
3,frontcatalog,250,0,367,recommendationservice,server,64,3,3,3,0
3,frontcatalog,250,0,367,redis-cart,-,,1,1,1,0
3,frontcatalog,250,0,367,shippingservice,server,59,3,3,3,0
3,frontcatalog,250,0,383,adservice,server,53,3,3,3,0
3,frontcatalog,250,0,383,cartservice,server,74,3,3,3,0
3,frontcatalog,250,0,383,checkoutservice,checkout,61,3,3,3,0
3,frontcatalog,250,0,383,currencyservice,server,59,3,3,3,0
3,frontcatalog,250,0,383,emailservice,email,75,3,3,3,0
3,frontcatalog,250,0,383,frontend,productcatalog,60,3,3,3,0
3,frontcatalog,250,0,383,frontend,server,66,3,3,3,0
3,frontcatalog,250,0,383,paymentservice,payment,71,3,3,3,0
3,frontcatalog,250,0,383,recommendationservice,server,65,3,3,3,0
3,frontcatalog,250,0,383,redis-cart,-,,1,1,1,0
3,frontcatalog,250,0,383,shippingservice,server,63,3,3,3,0
3,frontcatalog,250,0,398,adservice,server,51,3,3,3,0
3,frontcatalog,250,0,398,cartservice,server,59,3,3,3,0
3,frontcatalog,250,0,398,checkoutservice,checkout,53,3,3,3,0
3,frontcatalog,250,0,398,currencyservice,server,54,3,3,3,0
3,frontcatalog,250,0,398,emailservice,email,63,3,3,3,0
3,frontcatalog,250,0,398,frontend,productcatalog,56,3,3,3,0
3,frontcatalog,250,0,398,frontend,server,63,3,3,3,0
3,frontcatalog,250,0,398,paymentservice,payment,54,3,3,3,0
3,frontcatalog,250,0,398,recommendationservice,server,63,3,3,3,0
3,frontcatalog,250,0,398,redis-cart,-,,1,1,1,0
3,frontcatalog,250,0,398,shippingservice,server,53,3,3,3,0
3,frontcatalog,250,0,413,adservice,server,50,3,3,3,0
3,frontcatalog,250,0,413,cartservice,server,62,3,3,3,0
3,frontcatalog,250,0,413,checkoutservice,checkout,54,3,3,3,0
3,frontcatalog,250,0,413,currencyservice,server,55,3,3,3,0
3,frontcatalog,250,0,413,emailservice,email,66,3,3,3,0
3,frontcatalog,250,0,413,frontend,productcatalog,56,3,3,3,0
3,frontcatalog,250,0,413,frontend,server,61,3,3,3,0
3,frontcatalog,250,0,413,paymentservice,payment,61,3,3,3,0
3,frontcatalog,250,0,413,recommendationservice,server,63,3,3,3,0
3,frontcatalog,250,0,413,redis-cart,-,,1,1,1,0
3,frontcatalog,250,0,413,shippingservice,server,54,3,3,3,0
3,frontcatalog,250,0,428,adservice,server,52,3,3,3,0
3,frontcatalog,250,0,428,cartservice,server,66,3,3,3,0
3,frontcatalog,250,0,428,checkoutservice,checkout,61,3,3,3,0
3,frontcatalog,250,0,428,currencyservice,server,56,3,3,3,0
3,frontcatalog,250,0,428,emailservice,email,68,3,3,3,0
3,frontcatalog,250,0,428,frontend,productcatalog,58,3,3,3,0
3,frontcatalog,250,0,428,frontend,server,64,3,3,3,0
3,frontcatalog,250,0,428,paymentservice,payment,67,3,3,3,0
3,frontcatalog,250,0,428,recommendationservice,server,62,3,3,3,0
3,frontcatalog,250,0,428,redis-cart,-,,1,1,1,0
3,frontcatalog,250,0,428,shippingservice,server,59,3,3,3,0
3,frontcatalog,250,0,444,adservice,server,43,3,3,3,0
3,frontcatalog,250,0,444,cartservice,server,56,3,3,3,0
3,frontcatalog,250,0,444,checkoutservice,checkout,49,3,3,3,0
3,frontcatalog,250,0,444,currencyservice,server,55,3,3,3,0
3,frontcatalog,250,0,444,emailservice,email,57,3,3,3,0
3,frontcatalog,250,0,444,frontend,productcatalog,40,3,3,3,0
3,frontcatalog,250,0,444,frontend,server,57,3,3,3,0
3,frontcatalog,250,0,444,paymentservice,payment,53,3,3,3,0
3,frontcatalog,250,0,444,recommendationservice,server,52,3,3,3,0
3,frontcatalog,250,0,444,redis-cart,-,,1,1,1,0
3,frontcatalog,250,0,444,shippingservice,server,56,3,3,3,0
