cycle,arm,target_rate,limit_x,t_rel,deploy,container,hpa_util_pct,current_replicas,desired_replicas,ready_replicas,pending_pods
1,normal,100,0,0,adservice,-,,1,0,1,0
1,normal,100,0,0,cartservice,-,,1,0,1,0
1,normal,100,0,0,checkoutservice,checkout,0,1,1,1,0
1,normal,100,0,0,currencyservice,server,0,1,1,1,0
1,normal,100,0,0,emailservice,email,1,1,1,1,0
1,normal,100,0,0,frontend,server,0,1,1,1,0
1,normal,100,0,0,paymentservice,payment,1,1,1,1,0
1,normal,100,0,0,productcatalogservice,server,0,1,1,1,0
1,normal,100,0,0,recommendationservice,-,,,0,1,0
1,normal,100,0,0,redis-cart,-,,1,1,1,0
1,normal,100,0,0,shippingservice,-,,,0,1,0
1,normal,100,0,15,adservice,-,,1,0,1,0
1,normal,100,0,15,cartservice,server,1,1,1,1,0
1,normal,100,0,15,checkoutservice,checkout,0,1,1,1,0
1,normal,100,0,15,currencyservice,server,1,1,1,1,0
1,normal,100,0,15,emailservice,email,1,1,1,1,0
1,normal,100,0,15,frontend,server,2,1,1,1,0
1,normal,100,0,15,paymentservice,payment,8,1,1,1,0
1,normal,100,0,15,productcatalogservice,server,25,1,1,1,0
1,normal,100,0,15,recommendationservice,server,16,1,1,1,0
1,normal,100,0,15,redis-cart,-,,1,1,1,0
1,normal,100,0,15,shippingservice,server,0,1,1,1,0
1,normal,100,0,30,adservice,server,115,1,2,1,0
1,normal,100,0,30,cartservice,server,96,1,1,1,0
1,normal,100,0,30,checkoutservice,checkout,26,1,1,1,0
1,normal,100,0,30,currencyservice,server,70,1,1,1,0
1,normal,100,0,30,emailservice,email,50,1,1,1,0
1,normal,100,0,30,frontend,server,93,1,1,1,0
1,normal,100,0,30,paymentservice,payment,62,1,1,1,0
1,normal,100,0,30,productcatalogservice,server,77,1,1,1,0
1,normal,100,0,30,recommendationservice,server,76,1,1,1,0
1,normal,100,0,30,redis-cart,-,,1,1,1,0
1,normal,100,0,30,shippingservice,server,11,1,1,1,0
1,normal,100,0,46,adservice,server,63,2,2,1,0
1,normal,100,0,46,cartservice,server,87,1,2,1,0
1,normal,100,0,46,checkoutservice,checkout,29,1,1,1,0
1,normal,100,0,46,currencyservice,server,51,1,1,1,0
1,normal,100,0,46,emailservice,email,48,1,1,1,0
1,normal,100,0,46,frontend,server,71,1,1,1,0
1,normal,100,0,46,paymentservice,payment,42,1,1,1,0
1,normal,100,0,46,productcatalogservice,server,68,1,1,1,0
1,normal,100,0,46,recommendationservice,server,76,1,1,1,0
1,normal,100,0,46,redis-cart,-,,1,1,1,0
1,normal,100,0,46,shippingservice,server,32,1,1,1,0
1,normal,100,0,61,adservice,server,41,2,2,2,0
1,normal,100,0,61,cartservice,server,72,2,2,1,0
1,normal,100,0,61,checkoutservice,checkout,30,1,1,1,0
1,normal,100,0,61,currencyservice,server,50,1,1,1,0
1,normal,100,0,61,emailservice,email,49,1,1,1,0
1,normal,100,0,61,frontend,server,74,1,1,1,0
1,normal,100,0,61,paymentservice,payment,36,1,1,1,0
1,normal,100,0,61,productcatalogservice,server,68,1,1,1,0
1,normal,100,0,61,recommendationservice,server,69,1,1,1,0
1,normal,100,0,61,redis-cart,-,,1,1,1,0
1,normal,100,0,61,shippingservice,server,32,1,1,1,0
1,normal,100,0,76,adservice,server,36,2,2,2,0
1,normal,100,0,76,cartservice,server,83,2,2,2,0
1,normal,100,0,76,checkoutservice,checkout,28,1,1,1,0
1,normal,100,0,76,currencyservice,server,49,1,1,1,0
1,normal,100,0,76,emailservice,email,46,1,1,1,0
1,normal,100,0,76,frontend,server,70,1,1,1,0
1,normal,100,0,76,paymentservice,payment,36,1,1,1,0
1,normal,100,0,76,productcatalogservice,server,67,1,1,1,0
1,normal,100,0,76,recommendationservice,server,66,1,1,1,0
1,normal,100,0,76,redis-cart,-,,1,1,1,0
1,normal,100,0,76,shippingservice,server,30,1,1,1,0
1,normal,100,0,91,adservice,server,31,2,2,2,0
1,normal,100,0,91,cartservice,server,75,2,2,2,0
1,normal,100,0,91,checkoutservice,checkout,28,1,1,1,0
1,normal,100,0,91,currencyservice,server,49,1,1,1,0
1,normal,100,0,91,emailservice,email,48,1,1,1,0
1,normal,100,0,91,frontend,server,75,1,1,1,0
1,normal,100,0,91,paymentservice,payment,36,1,1,1,0
1,normal,100,0,91,productcatalogservice,server,69,1,1,1,0
1,normal,100,0,91,recommendationservice,server,68,1,1,1,0
1,normal,100,0,91,redis-cart,-,,1,1,1,0
1,normal,100,0,91,shippingservice,server,30,1,1,1,0
1,normal,100,0,107,adservice,server,10,2,1,1,0
1,normal,100,0,107,cartservice,server,36,2,2,2,0
1,normal,100,0,107,checkoutservice,checkout,29,1,1,1,0
1,normal,100,0,107,currencyservice,server,48,1,1,1,0
1,normal,100,0,107,emailservice,email,47,1,1,1,0
1,normal,100,0,107,frontend,server,70,1,1,1,0
1,normal,100,0,107,paymentservice,payment,34,1,1,1,0
1,normal,100,0,107,productcatalogservice,server,65,1,1,1,0
1,normal,100,0,107,recommendationservice,server,66,1,1,1,0
1,normal,100,0,107,redis-cart,-,,1,1,1,0
1,normal,100,0,107,shippingservice,server,30,1,1,1,0
1,normal,100,0,122,adservice,server,17,1,1,1,0
1,normal,100,0,122,cartservice,server,33,2,2,2,0
1,normal,100,0,122,checkoutservice,checkout,29,1,1,1,0
1,normal,100,0,122,currencyservice,server,48,1,1,1,0
1,normal,100,0,122,emailservice,email,47,1,1,1,0
1,normal,100,0,122,frontend,server,72,1,1,1,0
1,normal,100,0,122,paymentservice,payment,34,1,1,1,0
1,normal,100,0,122,productcatalogservice,server,68,1,1,1,0
1,normal,100,0,122,recommendationservice,server,69,1,1,1,0
1,normal,100,0,122,redis-cart,-,,1,1,1,0
1,normal,100,0,122,shippingservice,server,29,1,1,1,0
1,normal,100,0,137,adservice,server,20,1,1,1,0
1,normal,100,0,137,cartservice,server,38,2,2,2,0
1,normal,100,0,137,checkoutservice,checkout,27,1,1,1,0
1,normal,100,0,137,currencyservice,server,48,1,1,1,0
1,normal,100,0,137,emailservice,email,47,1,1,1,0
1,normal,100,0,137,frontend,server,72,1,1,1,0
1,normal,100,0,137,paymentservice,payment,31,1,1,1,0
1,normal,100,0,137,productcatalogservice,server,67,1,1,1,0
1,normal,100,0,137,recommendationservice,server,66,1,1,1,0
1,normal,100,0,137,redis-cart,-,,1,1,1,0
1,normal,100,0,137,shippingservice,server,29,1,1,1,0
1,normal,100,0,152,adservice,server,15,1,1,1,0
1,normal,100,0,152,cartservice,server,35,2,2,2,0
1,normal,100,0,152,checkoutservice,checkout,27,1,1,1,0
1,normal,100,0,152,currencyservice,server,48,1,1,1,0
1,normal,100,0,152,emailservice,email,45,1,1,1,0
1,normal,100,0,152,frontend,server,69,1,1,1,0
1,normal,100,0,152,paymentservice,payment,33,1,1,1,0
1,normal,100,0,152,productcatalogservice,server,65,1,1,1,0
1,normal,100,0,152,recommendationservice,server,65,1,1,1,0
1,normal,100,0,152,redis-cart,-,,1,1,1,0
1,normal,100,0,152,shippingservice,server,29,1,1,1,0
1,normal,100,0,167,adservice,server,15,1,1,1,0
1,normal,100,0,167,cartservice,server,37,2,2,2,0
1,normal,100,0,167,checkoutservice,checkout,27,1,1,1,0
1,normal,100,0,167,currencyservice,server,47,1,1,1,0
1,normal,100,0,167,emailservice,email,45,1,1,1,0
1,normal,100,0,167,frontend,server,72,1,1,1,0
1,normal,100,0,167,paymentservice,payment,33,1,1,1,0
1,normal,100,0,167,productcatalogservice,server,65,1,1,1,0
1,normal,100,0,167,recommendationservice,server,68,1,1,1,0
1,normal,100,0,167,redis-cart,-,,1,1,1,0
1,normal,100,0,167,shippingservice,server,30,1,1,1,0
1,normal,100,0,183,adservice,server,15,1,1,1,0
1,normal,100,0,183,cartservice,server,36,2,2,2,0
1,normal,100,0,183,checkoutservice,checkout,29,1,1,1,0
1,normal,100,0,183,currencyservice,server,49,1,1,1,0
1,normal,100,0,183,emailservice,email,47,1,1,1,0
1,normal,100,0,183,frontend,server,73,1,1,1,0
1,normal,100,0,183,paymentservice,payment,33,1,1,1,0
1,normal,100,0,183,productcatalogservice,server,68,1,1,1,0
1,normal,100,0,183,recommendationservice,server,68,1,1,1,0
1,normal,100,0,183,redis-cart,-,,1,1,1,0
1,normal,100,0,183,shippingservice,server,30,1,1,1,0
1,normal,100,0,198,adservice,server,14,1,1,1,0
1,normal,100,0,198,cartservice,server,39,2,2,2,0
1,normal,100,0,198,checkoutservice,checkout,29,1,1,1,0
1,normal,100,0,198,currencyservice,server,48,1,1,1,0
1,normal,100,0,198,emailservice,email,46,1,1,1,0
1,normal,100,0,198,frontend,server,69,1,1,1,0
1,normal,100,0,198,paymentservice,payment,34,1,1,1,0
1,normal,100,0,198,productcatalogservice,server,65,1,1,1,0
1,normal,100,0,198,recommendationservice,server,67,1,1,1,0
1,normal,100,0,198,redis-cart,-,,1,1,1,0
1,normal,100,0,198,shippingservice,server,30,1,1,1,0
1,normal,100,0,213,adservice,server,13,1,1,1,0
1,normal,100,0,213,cartservice,server,35,2,2,2,0
1,normal,100,0,213,checkoutservice,checkout,28,1,1,1,0
1,normal,100,0,213,currencyservice,server,48,1,1,1,0
1,normal,100,0,213,emailservice,email,46,1,1,1,0
1,normal,100,0,213,frontend,server,69,1,1,1,0
1,normal,100,0,213,paymentservice,payment,33,1,1,1,0
1,normal,100,0,213,productcatalogservice,server,65,1,1,1,0
1,normal,100,0,213,recommendationservice,server,66,1,1,1,0
1,normal,100,0,213,redis-cart,-,,1,1,1,0
1,normal,100,0,213,shippingservice,server,29,1,1,1,0
1,normal,100,0,228,adservice,server,13,1,1,1,0
1,normal,100,0,228,cartservice,server,35,2,2,2,0
1,normal,100,0,228,checkoutservice,checkout,28,1,1,1,0
1,normal,100,0,228,currencyservice,server,48,1,1,1,0
1,normal,100,0,228,emailservice,email,46,1,1,1,0
1,normal,100,0,228,frontend,server,74,1,1,1,0
1,normal,100,0,228,paymentservice,payment,32,1,1,1,0
1,normal,100,0,228,productcatalogservice,server,66,1,1,1,0
1,normal,100,0,228,recommendationservice,server,66,1,1,1,0
1,normal,100,0,228,redis-cart,-,,1,1,1,0
1,normal,100,0,228,shippingservice,server,30,1,1,1,0
1,normal,100,0,243,adservice,server,14,1,1,1,0
1,normal,100,0,243,cartservice,server,36,2,2,2,0
1,normal,100,0,243,checkoutservice,checkout,29,1,1,1,0
1,normal,100,0,243,currencyservice,server,49,1,1,1,0
1,normal,100,0,243,emailservice,email,46,1,1,1,0
1,normal,100,0,243,frontend,server,74,1,1,1,0
1,normal,100,0,243,paymentservice,payment,33,1,1,1,0
1,normal,100,0,243,productcatalogservice,server,71,1,1,1,0
1,normal,100,0,243,recommendationservice,server,71,1,1,1,0
1,normal,100,0,243,redis-cart,-,,1,1,1,0
1,normal,100,0,243,shippingservice,server,30,1,1,1,0
1,normal,100,0,259,adservice,server,13,1,1,1,0
1,normal,100,0,259,cartservice,server,36,2,2,2,0
1,normal,100,0,259,checkoutservice,checkout,29,1,1,1,0
1,normal,100,0,259,currencyservice,server,48,1,1,1,0
1,normal,100,0,259,emailservice,email,48,1,1,1,0
1,normal,100,0,259,frontend,server,72,1,1,1,0
1,normal,100,0,259,paymentservice,payment,32,1,1,1,0
1,normal,100,0,259,productcatalogservice,server,65,1,1,1,0
1,normal,100,0,259,recommendationservice,server,67,1,1,1,0
1,normal,100,0,259,redis-cart,-,,1,1,1,0
1,normal,100,0,259,shippingservice,server,29,1,1,1,0
1,normal,100,0,274,adservice,server,13,1,1,1,0
1,normal,100,0,274,cartservice,server,36,2,2,2,0
1,normal,100,0,274,checkoutservice,checkout,28,1,1,1,0
1,normal,100,0,274,currencyservice,server,49,1,1,1,0
1,normal,100,0,274,emailservice,email,48,1,1,1,0
1,normal,100,0,274,frontend,server,72,1,1,1,0
1,normal,100,0,274,paymentservice,payment,33,1,1,1,0
1,normal,100,0,274,productcatalogservice,server,69,1,1,1,0
1,normal,100,0,274,recommendationservice,server,70,1,1,1,0
1,normal,100,0,274,redis-cart,-,,1,1,1,0
1,normal,100,0,274,shippingservice,server,30,1,1,1,0
1,normal,100,0,289,adservice,server,13,1,1,1,0
1,normal,100,0,289,cartservice,server,36,2,2,2,0
1,normal,100,0,289,checkoutservice,checkout,28,1,1,1,0
1,normal,100,0,289,currencyservice,server,49,1,1,1,0
1,normal,100,0,289,emailservice,email,45,1,1,1,0
1,normal,100,0,289,frontend,server,72,1,1,1,0
1,normal,100,0,289,paymentservice,payment,32,1,1,1,0
1,normal,100,0,289,productcatalogservice,server,66,1,1,1,0
1,normal,100,0,289,recommendationservice,server,68,1,1,1,0
1,normal,100,0,289,redis-cart,-,,1,1,1,0
1,normal,100,0,289,shippingservice,server,30,1,1,1,0
1,normal,100,0,304,adservice,server,13,1,1,1,0
1,normal,100,0,304,cartservice,server,36,2,2,2,0
1,normal,100,0,304,checkoutservice,checkout,28,1,1,1,0
1,normal,100,0,304,currencyservice,server,48,1,1,1,0
1,normal,100,0,304,emailservice,email,45,1,1,1,0
1,normal,100,0,304,frontend,server,69,1,1,1,0
1,normal,100,0,304,paymentservice,payment,34,1,1,1,0
1,normal,100,0,304,productcatalogservice,server,65,1,1,1,0
1,normal,100,0,304,recommendationservice,server,67,1,1,1,0
1,normal,100,0,304,redis-cart,-,,1,1,1,0
1,normal,100,0,304,shippingservice,server,30,1,1,1,0
1,normal,100,0,320,adservice,server,13,1,1,1,0
1,normal,100,0,320,cartservice,server,36,2,2,2,0
1,normal,100,0,320,checkoutservice,checkout,28,1,1,1,0
1,normal,100,0,320,currencyservice,server,48,1,1,1,0
1,normal,100,0,320,emailservice,email,46,1,1,1,0
1,normal,100,0,320,frontend,server,71,1,1,1,0
1,normal,100,0,320,paymentservice,payment,34,1,1,1,0
1,normal,100,0,320,productcatalogservice,server,66,1,1,1,0
1,normal,100,0,320,recommendationservice,server,65,1,1,1,0
1,normal,100,0,320,redis-cart,-,,1,1,1,0
1,normal,100,0,320,shippingservice,server,30,1,1,1,0
1,normal,100,0,335,adservice,server,14,1,1,1,0
1,normal,100,0,335,cartservice,server,38,2,2,2,0
1,normal,100,0,335,checkoutservice,checkout,28,1,1,1,0
1,normal,100,0,335,currencyservice,server,48,1,1,1,0
1,normal,100,0,335,emailservice,email,46,1,1,1,0
1,normal,100,0,335,frontend,server,69,1,1,1,0
1,normal,100,0,335,paymentservice,payment,34,1,1,1,0
1,normal,100,0,335,productcatalogservice,server,65,1,1,1,0
1,normal,100,0,335,recommendationservice,server,66,1,1,1,0
1,normal,100,0,335,redis-cart,-,,1,1,1,0
1,normal,100,0,335,shippingservice,server,29,1,1,1,0
1,normal,100,0,350,adservice,server,13,1,1,1,0
1,normal,100,0,350,cartservice,server,36,2,2,2,0
1,normal,100,0,350,checkoutservice,checkout,29,1,1,1,0
1,normal,100,0,350,currencyservice,server,50,1,1,1,0
1,normal,100,0,350,emailservice,email,47,1,1,1,0
1,normal,100,0,350,frontend,server,77,1,1,1,0
1,normal,100,0,350,paymentservice,payment,33,1,1,1,0
1,normal,100,0,350,productcatalogservice,server,70,1,1,1,0
1,normal,100,0,350,recommendationservice,server,69,1,1,1,0
1,normal,100,0,350,redis-cart,-,,1,1,1,0
1,normal,100,0,350,shippingservice,server,30,1,1,1,0
1,normal,100,0,365,adservice,server,13,1,1,1,0
1,normal,100,0,365,cartservice,server,36,2,2,2,0
1,normal,100,0,365,checkoutservice,checkout,28,1,1,1,0
1,normal,100,0,365,currencyservice,server,48,1,1,1,0
1,normal,100,0,365,emailservice,email,47,1,1,1,0
1,normal,100,0,365,frontend,server,70,1,1,1,0
1,normal,100,0,365,paymentservice,payment,34,1,1,1,0
1,normal,100,0,365,productcatalogservice,server,64,1,1,1,0
1,normal,100,0,365,recommendationservice,server,66,1,1,1,0
1,normal,100,0,365,redis-cart,-,,1,1,1,0
1,normal,100,0,365,shippingservice,server,29,1,1,1,0
1,normal,100,0,380,adservice,server,13,1,1,1,0
1,normal,100,0,380,cartservice,server,35,2,2,2,0
1,normal,100,0,380,checkoutservice,checkout,28,1,1,1,0
1,normal,100,0,380,currencyservice,server,48,1,1,1,0
1,normal,100,0,380,emailservice,email,47,1,1,1,0
1,normal,100,0,380,frontend,server,70,1,1,1,0
1,normal,100,0,380,paymentservice,payment,34,1,1,1,0
1,normal,100,0,380,productcatalogservice,server,64,1,1,1,0
1,normal,100,0,380,recommendationservice,server,67,1,1,1,0
1,normal,100,0,380,redis-cart,-,,1,1,1,0
1,normal,100,0,380,shippingservice,server,30,1,1,1,0
1,normal,100,0,396,adservice,server,12,1,1,1,0
1,normal,100,0,396,cartservice,server,36,2,2,2,0
1,normal,100,0,396,checkoutservice,checkout,28,1,1,1,0
1,normal,100,0,396,currencyservice,server,49,1,1,1,0
1,normal,100,0,396,emailservice,email,46,1,1,1,0
1,normal,100,0,396,frontend,server,71,1,1,1,0
1,normal,100,0,396,paymentservice,payment,34,1,1,1,0
1,normal,100,0,396,productcatalogservice,server,66,1,1,1,0
1,normal,100,0,396,recommendationservice,server,67,1,1,1,0
1,normal,100,0,396,redis-cart,-,,1,1,1,0
1,normal,100,0,396,shippingservice,server,29,1,1,1,0
1,normal,100,0,411,adservice,server,12,1,1,1,0
1,normal,100,0,411,cartservice,server,36,2,2,2,0
1,normal,100,0,411,checkoutservice,checkout,28,1,1,1,0
1,normal,100,0,411,currencyservice,server,48,1,1,1,0
1,normal,100,0,411,emailservice,email,46,1,1,1,0
1,normal,100,0,411,frontend,server,73,1,1,1,0
1,normal,100,0,411,paymentservice,payment,32,1,1,1,0
1,normal,100,0,411,productcatalogservice,server,66,1,1,1,0
1,normal,100,0,411,recommendationservice,server,66,1,1,1,0
1,normal,100,0,411,redis-cart,-,,1,1,1,0
1,normal,100,0,411,shippingservice,server,29,1,1,1,0
1,normal,100,0,426,adservice,server,12,1,1,1,0
1,normal,100,0,426,cartservice,server,37,2,2,2,0
1,normal,100,0,426,checkoutservice,checkout,28,1,1,1,0
1,normal,100,0,426,currencyservice,server,48,1,1,1,0
1,normal,100,0,426,emailservice,email,47,1,1,1,0
1,normal,100,0,426,frontend,server,71,1,1,1,0
1,normal,100,0,426,paymentservice,payment,33,1,1,1,0
1,normal,100,0,426,productcatalogservice,server,64,1,1,1,0
1,normal,100,0,426,recommendationservice,server,68,1,1,1,0
1,normal,100,0,426,redis-cart,-,,1,1,1,0
1,normal,100,0,426,shippingservice,server,30,1,1,1,0
1,normal,100,0,441,adservice,server,9,1,1,1,0
1,normal,100,0,441,cartservice,server,37,2,2,2,0
1,normal,100,0,441,checkoutservice,checkout,17,1,1,1,0
1,normal,100,0,441,currencyservice,server,45,1,1,1,0
1,normal,100,0,441,emailservice,email,47,1,1,1,0
1,normal,100,0,441,frontend,server,50,1,1,1,0
1,normal,100,0,441,paymentservice,payment,30,1,1,1,0
1,normal,100,0,441,productcatalogservice,server,51,1,1,1,0
1,normal,100,0,441,recommendationservice,server,55,1,1,1,0
1,normal,100,0,441,redis-cart,-,,1,1,1,0
1,normal,100,0,441,shippingservice,server,29,1,1,1,0
1,normal,100,0,0,adservice,server,9,1,1,1,0
1,normal,100,0,0,cartservice,server,11,2,2,2,0
1,normal,100,0,0,checkoutservice,checkout,0,1,1,1,0
1,normal,100,0,0,currencyservice,server,0,1,1,1,0
1,normal,100,0,0,emailservice,email,31,1,1,1,0
1,normal,100,0,0,frontend,server,50,1,1,1,0
1,normal,100,0,0,paymentservice,payment,0,1,1,1,0
1,normal,100,0,0,productcatalogservice,server,0,1,1,1,0
1,normal,100,0,0,recommendationservice,server,0,1,1,1,0
1,normal,100,0,0,redis-cart,-,,1,1,1,0
1,normal,100,0,0,shippingservice,server,3,1,1,1,0
1,normal,100,0,15,adservice,server,1,1,1,1,0
1,normal,100,0,15,cartservice,server,1,2,2,2,0
1,normal,100,0,15,checkoutservice,checkout,0,1,1,1,0
1,normal,100,0,15,currencyservice,server,1,1,1,1,0
1,normal,100,0,15,emailservice,email,1,1,1,1,0
1,normal,100,0,15,frontend,server,0,1,1,1,0
1,normal,100,0,15,paymentservice,payment,0,1,1,1,0
1,normal,100,0,15,productcatalogservice,server,0,1,1,1,0
1,normal,100,0,15,recommendationservice,server,0,1,1,1,0
1,normal,100,0,15,redis-cart,-,,1,1,1,0
1,normal,100,0,15,shippingservice,server,0,1,1,1,0
1,normal,100,0,31,adservice,server,1,1,1,1,0
1,normal,100,0,31,cartservice,server,0,2,2,2,0
1,normal,100,0,31,checkoutservice,checkout,8,1,1,1,0
1,normal,100,0,31,currencyservice,server,0,1,1,1,0
1,normal,100,0,31,emailservice,email,1,1,1,1,0
1,normal,100,0,31,frontend,server,12,1,1,1,0
1,normal,100,0,31,paymentservice,payment,0,1,1,1,0
1,normal,100,0,31,productcatalogservice,server,34,1,1,1,0
1,normal,100,0,31,recommendationservice,server,0,1,1,1,0
1,normal,100,0,31,redis-cart,-,,1,1,1,0
1,normal,100,0,31,shippingservice,server,16,1,1,1,0
1,normal,100,0,46,adservice,server,20,1,1,1,0
1,normal,100,0,46,cartservice,server,38,2,2,2,0
1,normal,100,0,46,checkoutservice,checkout,30,1,1,1,0
1,normal,100,0,46,currencyservice,server,54,1,1,1,0
1,normal,100,0,46,emailservice,email,38,1,1,1,0
1,normal,100,0,46,frontend,server,89,1,1,1,0
1,normal,100,0,46,paymentservice,payment,29,1,1,1,0
1,normal,100,0,46,productcatalogservice,server,34,1,1,1,0
1,normal,100,0,46,recommendationservice,server,77,1,1,1,0
1,normal,100,0,46,redis-cart,-,,1,1,1,0
1,normal,100,0,46,shippingservice,server,31,1,1,1,0
1,normal,100,0,61,adservice,server,27,1,1,1,0
1,normal,100,0,61,cartservice,server,44,2,2,2,0
1,normal,100,0,61,checkoutservice,checkout,29,1,1,1,0
1,normal,100,0,61,currencyservice,server,56,1,1,1,0
1,normal,100,0,61,emailservice,email,46,1,1,1,0
1,normal,100,0,61,frontend,server,104,1,2,2,0
1,normal,100,0,61,paymentservice,payment,34,1,1,1,0
1,normal,100,0,61,productcatalogservice,server,86,1,1,1,0
1,normal,100,0,61,recommendationservice,server,95,1,2,2,0
1,normal,100,0,61,redis-cart,-,,1,1,1,0
1,normal,100,0,61,shippingservice,server,30,1,1,1,0
1,normal,100,0,76,adservice,server,25,1,1,1,0
1,normal,100,0,76,cartservice,server,52,2,2,2,0
1,normal,100,0,76,checkoutservice,checkout,31,1,1,1,0
1,normal,100,0,76,currencyservice,server,58,1,1,1,0
1,normal,100,0,76,emailservice,email,49,1,1,1,0
1,normal,100,0,76,frontend,server,89,2,2,2,0
1,normal,100,0,76,paymentservice,payment,37,1,1,1,0
1,normal,100,0,76,productcatalogservice,server,86,1,2,2,0
1,normal,100,0,76,recommendationservice,server,88,2,2,2,0
1,normal,100,0,76,redis-cart,-,,1,1,1,0
1,normal,100,0,76,shippingservice,server,32,1,1,1,0
1,normal,100,0,91,adservice,server,24,1,1,1,0
1,normal,100,0,91,cartservice,server,44,2,2,2,0
1,normal,100,0,91,checkoutservice,checkout,30,1,1,1,0
1,normal,100,0,91,currencyservice,server,58,1,1,1,0
1,normal,100,0,91,emailservice,email,49,1,1,1,0
1,normal,100,0,91,frontend,server,103,2,2,2,0
1,normal,100,0,91,paymentservice,payment,31,1,1,1,0
1,normal,100,0,91,productcatalogservice,server,87,2,2,2,0
1,normal,100,0,91,recommendationservice,server,44,2,2,2,0
1,normal,100,0,91,redis-cart,-,,1,1,1,0
1,normal,100,0,91,shippingservice,server,32,1,1,1,0
1,normal,100,0,107,adservice,server,25,1,1,1,0
1,normal,100,0,107,cartservice,server,47,2,2,2,0
1,normal,100,0,107,checkoutservice,checkout,30,1,1,1,0
1,normal,100,0,107,currencyservice,server,59,1,1,1,0
1,normal,100,0,107,emailservice,email,48,1,1,1,0
1,normal,100,0,107,frontend,server,51,2,2,2,0
1,normal,100,0,107,paymentservice,payment,32,1,1,1,0
1,normal,100,0,107,productcatalogservice,server,86,2,2,2,0
1,normal,100,0,107,recommendationservice,server,46,2,2,2,0
1,normal,100,0,107,redis-cart,-,,1,1,1,0
1,normal,100,0,107,shippingservice,server,30,1,1,1,0
1,normal,100,0,122,adservice,server,24,1,1,1,0
1,normal,100,0,122,cartservice,server,42,2,2,2,0
1,normal,100,0,122,checkoutservice,checkout,31,1,1,1,0
1,normal,100,0,122,currencyservice,server,59,1,1,1,0
1,normal,100,0,122,emailservice,email,48,1,1,1,0
1,normal,100,0,122,frontend,server,48,2,2,2,0
1,normal,100,0,122,paymentservice,payment,31,1,1,1,0
1,normal,100,0,122,productcatalogservice,server,45,2,2,2,0
1,normal,100,0,122,recommendationservice,server,45,2,2,2,0
1,normal,100,0,122,redis-cart,-,,1,1,1,0
1,normal,100,0,122,shippingservice,server,30,1,1,1,0
1,normal,100,0,137,adservice,server,24,1,1,1,0
1,normal,100,0,137,cartservice,server,45,2,2,2,0
1,normal,100,0,137,checkoutservice,checkout,28,1,1,1,0
1,normal,100,0,137,currencyservice,server,59,1,1,1,0
1,normal,100,0,137,emailservice,email,48,1,1,1,0
1,normal,100,0,137,frontend,server,47,2,2,2,0
1,normal,100,0,137,paymentservice,payment,35,1,1,1,0
1,normal,100,0,137,productcatalogservice,server,43,2,2,2,0
1,normal,100,0,137,recommendationservice,server,46,2,2,2,0
1,normal,100,0,137,redis-cart,-,,1,1,1,0
1,normal,100,0,137,shippingservice,server,32,1,1,1,0
1,normal,100,0,152,adservice,server,29,1,1,1,0
1,normal,100,0,152,cartservice,server,48,2,2,2,0
1,normal,100,0,152,checkoutservice,checkout,34,1,1,1,0
1,normal,100,0,152,currencyservice,server,61,1,1,1,0
1,normal,100,0,152,emailservice,email,51,1,1,1,0
1,normal,100,0,152,frontend,server,56,2,2,2,0
1,normal,100,0,152,paymentservice,payment,34,1,1,1,0
1,normal,100,0,152,productcatalogservice,server,49,2,2,2,0
1,normal,100,0,152,recommendationservice,server,48,2,2,2,0
1,normal,100,0,152,redis-cart,-,,1,1,1,0
1,normal,100,0,152,shippingservice,server,31,1,1,1,0
1,normal,100,0,168,adservice,server,25,1,1,1,0
1,normal,100,0,168,cartservice,server,46,2,2,2,0
1,normal,100,0,168,checkoutservice,checkout,31,1,1,1,0
1,normal,100,0,168,currencyservice,server,60,1,1,1,0
1,normal,100,0,168,emailservice,email,48,1,1,1,0
1,normal,100,0,168,frontend,server,46,2,2,2,0
1,normal,100,0,168,paymentservice,payment,33,1,1,1,0
1,normal,100,0,168,productcatalogservice,server,43,2,2,2,0
1,normal,100,0,168,recommendationservice,server,48,2,2,2,0
1,normal,100,0,168,redis-cart,-,,1,1,1,0
1,normal,100,0,168,shippingservice,server,31,1,1,1,0
1,normal,100,0,183,adservice,server,24,1,1,1,0
1,normal,100,0,183,cartservice,server,46,2,2,2,0
1,normal,100,0,183,checkoutservice,checkout,28,1,1,1,0
1,normal,100,0,183,currencyservice,server,57,1,1,1,0
1,normal,100,0,183,emailservice,email,49,1,1,1,0
1,normal,100,0,183,frontend,server,47,2,2,2,0
1,normal,100,0,183,paymentservice,payment,33,1,1,1,0
1,normal,100,0,183,productcatalogservice,server,44,2,2,2,0
1,normal,100,0,183,recommendationservice,server,44,2,2,2,0
1,normal,100,0,183,redis-cart,-,,1,1,1,0
1,normal,100,0,183,shippingservice,server,31,1,1,1,0
1,normal,100,0,198,adservice,server,24,1,1,1,0
1,normal,100,0,198,cartservice,server,40,2,2,2,0
1,normal,100,0,198,checkoutservice,checkout,29,1,1,1,0
1,normal,100,0,198,currencyservice,server,61,1,1,1,0
1,normal,100,0,198,emailservice,email,48,1,1,1,0
1,normal,100,0,198,frontend,server,49,2,2,2,0
1,normal,100,0,198,paymentservice,payment,32,1,1,1,0
1,normal,100,0,198,productcatalogservice,server,43,2,2,2,0
1,normal,100,0,198,recommendationservice,server,47,2,2,2,0
1,normal,100,0,198,redis-cart,-,,1,1,1,0
1,normal,100,0,198,shippingservice,server,31,1,1,1,0
1,normal,100,0,213,adservice,server,23,1,1,1,0
1,normal,100,0,213,cartservice,server,44,2,2,2,0
1,normal,100,0,213,checkoutservice,checkout,31,1,1,1,0
1,normal,100,0,213,currencyservice,server,58,1,1,1,0
1,normal,100,0,213,emailservice,email,48,1,1,1,0
1,normal,100,0,213,frontend,server,47,2,2,2,0
1,normal,100,0,213,paymentservice,payment,32,1,1,1,0
1,normal,100,0,213,productcatalogservice,server,42,2,2,2,0
1,normal,100,0,213,recommendationservice,server,44,2,2,2,0
1,normal,100,0,213,redis-cart,-,,1,1,1,0
1,normal,100,0,213,shippingservice,server,29,1,1,1,0
1,normal,100,0,229,adservice,server,29,1,1,1,0
1,normal,100,0,229,cartservice,server,44,2,2,2,0
1,normal,100,0,229,checkoutservice,checkout,29,1,1,1,0
1,normal,100,0,229,currencyservice,server,57,1,1,1,0
1,normal,100,0,229,emailservice,email,48,1,1,1,0
1,normal,100,0,229,frontend,server,46,2,2,2,0
1,normal,100,0,229,paymentservice,payment,34,1,1,1,0
1,normal,100,0,229,productcatalogservice,server,43,2,2,2,0
1,normal,100,0,229,recommendationservice,server,44,2,2,2,0
1,normal,100,0,229,redis-cart,-,,1,1,1,0
1,normal,100,0,229,shippingservice,server,31,1,1,1,0
1,normal,100,0,244,adservice,server,28,1,1,1,0
1,normal,100,0,244,cartservice,server,41,2,2,2,0
1,normal,100,0,244,checkoutservice,checkout,29,1,1,1,0
1,normal,100,0,244,currencyservice,server,61,1,1,1,0
1,normal,100,0,244,emailservice,email,48,1,1,1,0
1,normal,100,0,244,frontend,server,53,2,2,2,0
1,normal,100,0,244,paymentservice,payment,30,1,1,1,0
1,normal,100,0,244,productcatalogservice,server,45,2,2,2,0
1,normal,100,0,244,recommendationservice,server,48,2,2,2,0
1,normal,100,0,244,redis-cart,-,,1,1,1,0
1,normal,100,0,244,shippingservice,server,29,1,1,1,0
1,normal,100,0,259,adservice,server,23,1,1,1,0
1,normal,100,0,259,cartservice,server,46,2,2,2,0
1,normal,100,0,259,checkoutservice,checkout,31,1,1,1,0
1,normal,100,0,259,currencyservice,server,59,1,1,1,0
1,normal,100,0,259,emailservice,email,49,1,1,1,0
1,normal,100,0,259,frontend,server,45,2,2,2,0
1,normal,100,0,259,paymentservice,payment,31,1,1,1,0
1,normal,100,0,259,productcatalogservice,server,46,2,2,2,0
1,normal,100,0,259,recommendationservice,server,49,2,2,2,0
1,normal,100,0,259,redis-cart,-,,1,1,1,0
1,normal,100,0,259,shippingservice,server,31,1,1,1,0
1,normal,100,0,274,adservice,server,25,1,1,1,0
1,normal,100,0,274,cartservice,server,42,2,2,2,0
1,normal,100,0,274,checkoutservice,checkout,30,1,1,1,0
1,normal,100,0,274,currencyservice,server,59,1,1,1,0
1,normal,100,0,274,emailservice,email,48,1,1,1,0
1,normal,100,0,274,frontend,server,45,2,2,2,0
1,normal,100,0,274,paymentservice,payment,35,1,1,1,0
1,normal,100,0,274,productcatalogservice,server,42,2,2,2,0
1,normal,100,0,274,recommendationservice,server,43,2,2,2,0
1,normal,100,0,274,redis-cart,-,,1,1,1,0
1,normal,100,0,274,shippingservice,server,31,1,1,1,0
1,normal,100,0,289,adservice,server,24,1,1,1,0
1,normal,100,0,289,cartservice,server,47,2,2,2,0
1,normal,100,0,289,checkoutservice,checkout,30,1,1,1,0
1,normal,100,0,289,currencyservice,server,59,1,1,1,0
1,normal,100,0,289,emailservice,email,48,1,1,1,0
1,normal,100,0,289,frontend,server,47,2,2,2,0
1,normal,100,0,289,paymentservice,payment,34,1,1,1,0
1,normal,100,0,289,productcatalogservice,server,45,2,2,2,0
1,normal,100,0,289,recommendationservice,server,43,2,2,2,0
1,normal,100,0,289,redis-cart,-,,1,1,1,0
1,normal,100,0,289,shippingservice,server,30,1,1,1,0
1,normal,100,0,305,adservice,server,23,1,1,1,0
1,normal,100,0,305,cartservice,server,47,2,2,2,0
1,normal,100,0,305,checkoutservice,checkout,29,1,1,1,0
1,normal,100,0,305,currencyservice,server,61,1,1,1,0
1,normal,100,0,305,emailservice,email,48,1,1,1,0
1,normal,100,0,305,frontend,server,47,2,2,2,0
1,normal,100,0,305,paymentservice,payment,34,1,1,1,0
1,normal,100,0,305,productcatalogservice,server,42,2,2,2,0
1,normal,100,0,305,recommendationservice,server,45,2,2,2,0
1,normal,100,0,305,redis-cart,-,,1,1,1,0
1,normal,100,0,305,shippingservice,server,32,1,1,1,0
1,normal,100,0,320,adservice,server,24,1,1,1,0
1,normal,100,0,320,cartservice,server,43,2,2,2,0
1,normal,100,0,320,checkoutservice,checkout,30,1,1,1,0
1,normal,100,0,320,currencyservice,server,58,1,1,1,0
1,normal,100,0,320,emailservice,email,49,1,1,1,0
1,normal,100,0,320,frontend,server,47,2,2,2,0
1,normal,100,0,320,paymentservice,payment,32,1,1,1,0
1,normal,100,0,320,productcatalogservice,server,44,2,2,2,0
1,normal,100,0,320,recommendationservice,server,46,2,2,2,0
1,normal,100,0,320,redis-cart,-,,1,1,1,0
1,normal,100,0,320,shippingservice,server,31,1,1,1,0
1,normal,100,0,335,adservice,server,24,1,1,1,0
1,normal,100,0,335,cartservice,server,42,2,2,2,0
1,normal,100,0,335,checkoutservice,checkout,29,1,1,1,0
1,normal,100,0,335,currencyservice,server,60,1,1,1,0
1,normal,100,0,335,emailservice,email,48,1,1,1,0
1,normal,100,0,335,frontend,server,49,2,2,2,0
1,normal,100,0,335,paymentservice,payment,30,1,1,1,0
1,normal,100,0,335,productcatalogservice,server,44,2,2,2,0
1,normal,100,0,335,recommendationservice,server,45,2,2,2,0
1,normal,100,0,335,redis-cart,-,,1,1,1,0
1,normal,100,0,335,shippingservice,server,28,1,1,1,0
1,normal,100,0,350,adservice,server,27,1,1,1,0
1,normal,100,0,350,cartservice,server,50,2,2,2,0
1,normal,100,0,350,checkoutservice,checkout,33,1,1,1,0
1,normal,100,0,350,currencyservice,server,57,1,1,1,0
1,normal,100,0,350,emailservice,email,51,1,1,1,0
1,normal,100,0,350,frontend,server,55,2,2,2,0
1,normal,100,0,350,paymentservice,payment,35,1,1,1,0
1,normal,100,0,350,productcatalogservice,server,43,2,2,2,0
1,normal,100,0,350,recommendationservice,server,52,2,2,2,0
1,normal,100,0,350,redis-cart,-,,1,1,1,0
1,normal,100,0,350,shippingservice,server,32,1,1,1,0
1,normal,100,0,366,adservice,server,24,1,1,1,0
1,normal,100,0,366,cartservice,server,48,2,2,2,0
1,normal,100,0,366,checkoutservice,checkout,33,1,1,1,0
1,normal,100,0,366,currencyservice,server,62,1,1,1,0
1,normal,100,0,366,emailservice,email,49,1,1,1,0
1,normal,100,0,366,frontend,server,48,2,2,2,0
1,normal,100,0,366,paymentservice,payment,34,1,1,1,0
1,normal,100,0,366,productcatalogservice,server,49,2,2,2,0
1,normal,100,0,366,recommendationservice,server,45,2,2,2,0
1,normal,100,0,366,redis-cart,-,,1,1,1,0
1,normal,100,0,366,shippingservice,server,31,1,1,1,0
1,normal,100,0,381,adservice,server,26,1,1,1,0
1,normal,100,0,381,cartservice,server,52,2,2,2,0
1,normal,100,0,381,checkoutservice,checkout,31,1,1,1,0
1,normal,100,0,381,currencyservice,server,63,1,1,1,0
1,normal,100,0,381,emailservice,email,52,1,1,1,0
1,normal,100,0,381,frontend,server,50,2,2,2,0
1,normal,100,0,381,paymentservice,payment,38,1,1,1,0
1,normal,100,0,381,productcatalogservice,server,45,2,2,2,0
1,normal,100,0,381,recommendationservice,server,47,2,2,2,0
1,normal,100,0,381,redis-cart,-,,1,1,1,0
1,normal,100,0,381,shippingservice,server,33,1,1,1,0
1,normal,100,0,396,adservice,server,26,1,1,1,0
1,normal,100,0,396,cartservice,server,45,2,2,2,0
1,normal,100,0,396,checkoutservice,checkout,32,1,1,1,0
1,normal,100,0,396,currencyservice,server,60,1,1,1,0
1,normal,100,0,396,emailservice,email,51,1,1,1,0
1,normal,100,0,396,frontend,server,48,2,2,2,0
1,normal,100,0,396,paymentservice,payment,36,1,1,1,0
1,normal,100,0,396,productcatalogservice,server,46,2,2,2,0
1,normal,100,0,396,recommendationservice,server,46,2,2,2,0
1,normal,100,0,396,redis-cart,-,,1,1,1,0
1,normal,100,0,396,shippingservice,server,31,1,1,1,0
1,normal,100,0,411,adservice,server,25,1,1,1,0
1,normal,100,0,411,cartservice,server,42,2,2,2,0
1,normal,100,0,411,checkoutservice,checkout,30,1,1,1,0
1,normal,100,0,411,currencyservice,server,60,1,1,1,0
1,normal,100,0,411,emailservice,email,47,1,1,1,0
1,normal,100,0,411,frontend,server,50,2,2,2,0
1,normal,100,0,411,paymentservice,payment,30,1,1,1,0
1,normal,100,0,411,productcatalogservice,server,43,2,2,2,0
1,normal,100,0,411,recommendationservice,server,47,2,2,2,0
1,normal,100,0,411,redis-cart,-,,1,1,1,0
1,normal,100,0,411,shippingservice,server,29,1,1,1,0
1,normal,100,0,426,adservice,server,28,1,1,1,0
1,normal,100,0,426,cartservice,server,42,2,2,2,0
1,normal,100,0,426,checkoutservice,checkout,30,1,1,1,0
1,normal,100,0,426,currencyservice,server,58,1,1,1,0
1,normal,100,0,426,emailservice,email,47,1,1,1,0
1,normal,100,0,426,frontend,server,48,2,2,2,0
1,normal,100,0,426,paymentservice,payment,32,1,1,1,0
1,normal,100,0,426,productcatalogservice,server,45,2,2,2,0
1,normal,100,0,426,recommendationservice,server,44,2,2,2,0
1,normal,100,0,426,redis-cart,-,,1,1,1,0
1,normal,100,0,426,shippingservice,server,31,1,1,1,0
1,normal,100,0,442,adservice,server,24,1,1,1,0
1,normal,100,0,442,cartservice,server,31,2,2,2,0
1,normal,100,0,442,checkoutservice,checkout,24,1,1,1,0
1,normal,100,0,442,currencyservice,server,58,1,1,1,0
1,normal,100,0,442,emailservice,email,35,1,1,1,0
1,normal,100,0,442,frontend,server,31,2,2,2,0
1,normal,100,0,442,paymentservice,payment,28,1,1,1,0
1,normal,100,0,442,productcatalogservice,server,43,2,2,2,0
1,normal,100,0,442,recommendationservice,server,36,2,2,2,0
1,normal,100,0,442,redis-cart,-,,1,1,1,0
1,normal,100,0,442,shippingservice,server,18,1,1,1,0
1,normal,100,0,1,adservice,server,0,1,1,1,0
1,normal,100,0,1,cartservice,server,0,2,2,2,0
1,normal,100,0,1,checkoutservice,checkout,0,1,1,1,0
1,normal,100,0,1,currencyservice,server,13,1,1,1,0
1,normal,100,0,1,emailservice,email,1,1,1,1,0
1,normal,100,0,1,frontend,server,0,2,2,2,0
1,normal,100,0,1,paymentservice,payment,0,1,1,1,0
1,normal,100,0,1,productcatalogservice,server,11,2,2,2,0
1,normal,100,0,1,recommendationservice,server,0,2,2,2,0
1,normal,100,0,1,redis-cart,-,,1,1,1,0
1,normal,100,0,1,shippingservice,server,0,1,1,1,0
1,normal,100,0,16,adservice,server,1,1,1,1,0
1,normal,100,0,16,cartservice,server,0,2,2,2,0
1,normal,100,0,16,checkoutservice,checkout,0,1,1,1,0
1,normal,100,0,16,currencyservice,server,0,1,1,1,0
1,normal,100,0,16,emailservice,email,2,1,1,1,0
1,normal,100,0,16,frontend,server,0,2,2,2,0
1,normal,100,0,16,paymentservice,payment,0,1,1,1,0
1,normal,100,0,16,productcatalogservice,server,0,2,2,2,0
1,normal,100,0,16,recommendationservice,server,0,2,2,2,0
1,normal,100,0,16,redis-cart,-,,1,1,1,0
1,normal,100,0,16,shippingservice,server,0,1,1,1,0
1,normal,100,0,31,adservice,server,15,1,1,1,0
1,normal,100,0,31,cartservice,server,22,2,1,1,0
1,normal,100,0,31,checkoutservice,checkout,17,1,1,1,0
1,normal,100,0,31,currencyservice,server,0,1,1,1,0
1,normal,100,0,31,emailservice,email,32,1,1,1,0
1,normal,100,0,31,frontend,server,25,2,1,1,0
1,normal,100,0,31,paymentservice,payment,18,1,1,1,0
1,normal,100,0,31,productcatalogservice,server,8,2,2,2,0
1,normal,100,0,31,recommendationservice,server,35,2,2,2,0
1,normal,100,0,31,redis-cart,-,,1,1,1,0
1,normal,100,0,31,shippingservice,server,15,1,1,1,0
1,normal,100,0,46,adservice,server,49,1,1,1,0
1,normal,100,0,46,cartservice,server,52,1,1,1,0
1,normal,100,0,46,checkoutservice,checkout,33,1,1,1,0
1,normal,100,0,46,currencyservice,server,57,1,1,1,0
1,normal,100,0,46,emailservice,email,32,1,1,1,0
1,normal,100,0,46,frontend,server,77,1,1,1,0
1,normal,100,0,46,paymentservice,payment,33,1,1,1,0
1,normal,100,0,46,productcatalogservice,server,61,2,2,2,0
1,normal,100,0,46,recommendationservice,server,67,2,2,2,0
1,normal,100,0,46,redis-cart,-,,1,1,1,0
1,normal,100,0,46,shippingservice,server,36,1,1,1,0
1,normal,100,0,62,adservice,server,38,1,1,1,0
1,normal,100,0,62,cartservice,server,93,1,1,1,0
1,normal,100,0,62,checkoutservice,checkout,33,1,1,1,0
1,normal,100,0,62,currencyservice,server,72,1,1,1,0
1,normal,100,0,62,emailservice,email,51,1,1,1,0
1,normal,100,0,62,frontend,server,77,1,2,1,0
1,normal,100,0,62,paymentservice,payment,33,1,1,1,0
1,normal,100,0,62,productcatalogservice,server,54,2,2,2,0
1,normal,100,0,62,recommendationservice,server,63,2,2,2,0
1,normal,100,0,62,redis-cart,-,,1,1,1,0
1,normal,100,0,62,shippingservice,server,29,1,1,1,0
1,normal,100,0,77,adservice,server,35,1,1,1,0
1,normal,100,0,77,cartservice,server,107,1,2,1,0
1,normal,100,0,77,checkoutservice,checkout,32,1,1,1,0
1,normal,100,0,77,currencyservice,server,70,1,1,1,0
1,normal,100,0,77,emailservice,email,52,1,1,1,0
1,normal,100,0,77,frontend,server,119,2,2,2,0
1,normal,100,0,77,paymentservice,payment,31,1,1,1,0
1,normal,100,0,77,productcatalogservice,server,52,2,2,2,0
1,normal,100,0,77,recommendationservice,server,56,2,2,2,0
1,normal,100,0,77,redis-cart,-,,1,1,1,0
1,normal,100,0,77,shippingservice,server,34,1,1,1,0
1,normal,100,0,92,adservice,server,35,1,1,1,0
1,normal,100,0,92,cartservice,server,103,2,2,2,0
1,normal,100,0,92,checkoutservice,checkout,32,1,1,1,0
1,normal,100,0,92,currencyservice,server,70,1,1,1,0
1,normal,100,0,92,emailservice,email,52,1,1,1,0
1,normal,100,0,92,frontend,server,111,2,2,2,0
1,normal,100,0,92,paymentservice,payment,36,1,1,1,0
1,normal,100,0,92,productcatalogservice,server,52,2,2,2,0
1,normal,100,0,92,recommendationservice,server,56,2,2,2,0
1,normal,100,0,92,redis-cart,-,,1,1,1,0
1,normal,100,0,92,shippingservice,server,30,1,1,1,0
1,normal,100,0,107,adservice,server,40,1,1,1,0
1,normal,100,0,107,cartservice,server,98,2,2,2,0
1,normal,100,0,107,checkoutservice,checkout,32,1,1,1,0
1,normal,100,0,107,currencyservice,server,65,1,1,1,0
1,normal,100,0,107,emailservice,email,52,1,1,1,0
1,normal,100,0,107,frontend,server,63,2,2,2,0
1,normal,100,0,107,paymentservice,payment,28,1,1,1,0
1,normal,100,0,107,productcatalogservice,server,55,2,2,2,0
1,normal,100,0,107,recommendationservice,server,61,2,2,2,0
1,normal,100,0,107,redis-cart,-,,1,1,1,0
1,normal,100,0,107,shippingservice,server,32,1,1,1,0
1,normal,100,0,123,adservice,server,40,1,1,1,0
1,normal,100,0,123,cartservice,server,76,2,2,2,0
1,normal,100,0,123,checkoutservice,checkout,29,1,1,1,0
1,normal,100,0,123,currencyservice,server,65,1,1,1,0
1,normal,100,0,123,emailservice,email,45,1,1,1,0
1,normal,100,0,123,frontend,server,69,2,2,2,0
1,normal,100,0,123,paymentservice,payment,22,1,1,1,0
1,normal,100,0,123,productcatalogservice,server,53,2,2,2,0
1,normal,100,0,123,recommendationservice,server,63,2,2,2,0
1,normal,100,0,123,redis-cart,-,,1,1,1,0
1,normal,100,0,123,shippingservice,server,26,1,1,1,0
1,normal,100,0,138,adservice,server,43,1,1,1,0
1,normal,100,0,138,cartservice,server,46,2,2,2,0
1,normal,100,0,138,checkoutservice,checkout,31,1,1,1,0
1,normal,100,0,138,currencyservice,server,63,1,1,1,0
1,normal,100,0,138,emailservice,email,49,1,1,1,0
1,normal,100,0,138,frontend,server,69,2,2,2,0
1,normal,100,0,138,paymentservice,payment,31,1,1,1,0
1,normal,100,0,138,productcatalogservice,server,53,2,2,2,0
1,normal,100,0,138,recommendationservice,server,65,2,2,2,0
1,normal,100,0,138,redis-cart,-,,1,1,1,0
1,normal,100,0,138,shippingservice,server,32,1,1,1,0
1,normal,100,0,153,adservice,server,36,1,1,1,0
1,normal,100,0,153,cartservice,server,45,2,2,2,0
1,normal,100,0,153,checkoutservice,checkout,31,1,1,1,0
1,normal,100,0,153,currencyservice,server,67,1,1,1,0
1,normal,100,0,153,emailservice,email,50,1,1,1,0
1,normal,100,0,153,frontend,server,60,2,2,2,0
1,normal,100,0,153,paymentservice,payment,27,1,1,1,0
1,normal,100,0,153,productcatalogservice,server,56,2,2,2,0
1,normal,100,0,153,recommendationservice,server,59,2,2,2,0
1,normal,100,0,153,redis-cart,-,,1,1,1,0
1,normal,100,0,153,shippingservice,server,30,1,1,1,0
1,normal,100,0,168,adservice,server,43,1,1,1,0
1,normal,100,0,168,cartservice,server,48,2,2,2,0
1,normal,100,0,168,checkoutservice,checkout,34,1,1,1,0
1,normal,100,0,168,currencyservice,server,66,1,1,1,0
1,normal,100,0,168,emailservice,email,52,1,1,1,0
1,normal,100,0,168,frontend,server,67,2,2,2,0
1,normal,100,0,168,paymentservice,payment,33,1,1,1,0
1,normal,100,0,168,productcatalogservice,server,56,2,2,2,0
1,normal,100,0,168,recommendationservice,server,64,2,2,2,0
1,normal,100,0,168,redis-cart,-,,1,1,1,0
1,normal,100,0,168,shippingservice,server,32,1,1,1,0
1,normal,100,0,184,adservice,server,37,1,1,1,0
1,normal,100,0,184,cartservice,server,39,2,2,2,0
1,normal,100,0,184,checkoutservice,checkout,29,1,1,1,0
1,normal,100,0,184,currencyservice,server,66,1,1,1,0
1,normal,100,0,184,emailservice,email,49,1,1,1,0
1,normal,100,0,184,frontend,server,62,2,2,2,0
1,normal,100,0,184,paymentservice,payment,27,1,1,1,0
1,normal,100,0,184,productcatalogservice,server,55,2,2,2,0
1,normal,100,0,184,recommendationservice,server,60,2,2,2,0
1,normal,100,0,184,redis-cart,-,,1,1,1,0
1,normal,100,0,184,shippingservice,server,30,1,1,1,0
1,normal,100,0,199,adservice,server,36,1,1,1,0
1,normal,100,0,199,cartservice,server,50,2,2,2,0
1,normal,100,0,199,checkoutservice,checkout,32,1,1,1,0
1,normal,100,0,199,currencyservice,server,71,1,1,1,0
1,normal,100,0,199,emailservice,email,52,1,1,1,0
1,normal,100,0,199,frontend,server,60,2,2,2,0
1,normal,100,0,199,paymentservice,payment,27,1,1,1,0
1,normal,100,0,199,productcatalogservice,server,54,2,2,2,0
1,normal,100,0,199,recommendationservice,server,58,2,2,2,0
1,normal,100,0,199,redis-cart,-,,1,1,1,0
1,normal,100,0,199,shippingservice,server,31,1,1,1,0
1,normal,100,0,214,adservice,server,40,1,1,1,0
1,normal,100,0,214,cartservice,server,52,2,2,2,0
1,normal,100,0,214,checkoutservice,checkout,32,1,1,1,0
1,normal,100,0,214,currencyservice,server,70,1,1,1,0
1,normal,100,0,214,emailservice,email,50,1,1,1,0
1,normal,100,0,214,frontend,server,58,2,2,2,0
1,normal,100,0,214,paymentservice,payment,36,1,1,1,0
1,normal,100,0,214,productcatalogservice,server,54,2,2,2,0
1,normal,100,0,214,recommendationservice,server,57,2,2,2,0
1,normal,100,0,214,redis-cart,-,,1,1,1,0
1,normal,100,0,214,shippingservice,server,33,1,1,1,0
1,normal,100,0,229,adservice,server,40,1,1,1,0
1,normal,100,0,229,cartservice,server,55,2,2,2,0
1,normal,100,0,229,checkoutservice,checkout,32,1,1,1,0
1,normal,100,0,229,currencyservice,server,71,1,1,1,0
1,normal,100,0,229,emailservice,email,52,1,1,1,0
1,normal,100,0,229,frontend,server,60,2,2,2,0
1,normal,100,0,229,paymentservice,payment,34,1,1,1,0
1,normal,100,0,229,productcatalogservice,server,53,2,2,2,0
1,normal,100,0,229,recommendationservice,server,58,2,2,2,0
1,normal,100,0,229,redis-cart,-,,1,1,1,0
1,normal,100,0,229,shippingservice,server,33,1,1,1,0
1,normal,100,0,244,adservice,server,38,1,1,1,0
1,normal,100,0,244,cartservice,server,52,2,2,2,0
1,normal,100,0,244,checkoutservice,checkout,32,1,1,1,0
1,normal,100,0,244,currencyservice,server,70,1,1,1,0
1,normal,100,0,244,emailservice,email,51,1,1,1,0
1,normal,100,0,244,frontend,server,59,2,2,2,0
1,normal,100,0,244,paymentservice,payment,37,1,1,1,0
1,normal,100,0,244,productcatalogservice,server,53,2,2,2,0
1,normal,100,0,244,recommendationservice,server,58,2,2,2,0
1,normal,100,0,244,redis-cart,-,,1,1,1,0
1,normal,100,0,244,shippingservice,server,33,1,1,1,0
1,normal,100,0,260,adservice,server,36,1,1,1,0
1,normal,100,0,260,cartservice,server,54,2,2,2,0
1,normal,100,0,260,checkoutservice,checkout,33,1,1,1,0
1,normal,100,0,260,currencyservice,server,72,1,1,1,0
1,normal,100,0,260,emailservice,email,53,1,1,1,0
1,normal,100,0,260,frontend,server,60,2,2,2,0
1,normal,100,0,260,paymentservice,payment,38,1,1,1,0
1,normal,100,0,260,productcatalogservice,server,55,2,2,2,0
1,normal,100,0,260,recommendationservice,server,58,2,2,2,0
1,normal,100,0,260,redis-cart,-,,1,1,1,0
1,normal,100,0,260,shippingservice,server,34,1,1,1,0
1,normal,100,0,275,adservice,server,35,1,1,1,0
1,normal,100,0,275,cartservice,server,58,2,2,2,0
1,normal,100,0,275,checkoutservice,checkout,34,1,1,1,0
1,normal,100,0,275,currencyservice,server,70,1,1,1,0
1,normal,100,0,275,emailservice,email,50,1,1,1,0
1,normal,100,0,275,frontend,server,59,2,2,2,0
1,normal,100,0,275,paymentservice,payment,37,1,1,1,0
1,normal,100,0,275,productcatalogservice,server,53,2,2,2,0
1,normal,100,0,275,recommendationservice,server,57,2,2,2,0
1,normal,100,0,275,redis-cart,-,,1,1,1,0
1,normal,100,0,275,shippingservice,server,35,1,1,1,0
1,normal,100,0,290,adservice,server,36,1,1,1,0
1,normal,100,0,290,cartservice,server,48,2,2,2,0
1,normal,100,0,290,checkoutservice,checkout,32,1,1,1,0
1,normal,100,0,290,currencyservice,server,71,1,1,1,0
1,normal,100,0,290,emailservice,email,51,1,1,1,0
1,normal,100,0,290,frontend,server,60,2,2,2,0
1,normal,100,0,290,paymentservice,payment,33,1,1,1,0
1,normal,100,0,290,productcatalogservice,server,55,2,2,2,0
1,normal,100,0,290,recommendationservice,server,59,2,2,2,0
1,normal,100,0,290,redis-cart,-,,1,1,1,0
1,normal,100,0,290,shippingservice,server,32,1,1,1,0
1,normal,100,0,305,adservice,server,36,1,1,1,0
1,normal,100,0,305,cartservice,server,50,2,2,2,0
1,normal,100,0,305,checkoutservice,checkout,32,1,1,1,0
1,normal,100,0,305,currencyservice,server,71,1,1,1,0
1,normal,100,0,305,emailservice,email,50,1,1,1,0
1,normal,100,0,305,frontend,server,59,2,2,2,0
1,normal,100,0,305,paymentservice,payment,36,1,1,1,0
1,normal,100,0,305,productcatalogservice,server,54,2,2,2,0
1,normal,100,0,305,recommendationservice,server,57,2,2,2,0
1,normal,100,0,305,redis-cart,-,,1,1,1,0
1,normal,100,0,305,shippingservice,server,33,1,1,1,0
1,normal,100,0,321,adservice,server,35,1,1,1,0
1,normal,100,0,321,cartservice,server,51,2,2,2,0
1,normal,100,0,321,checkoutservice,checkout,31,1,1,1,0
1,normal,100,0,321,currencyservice,server,70,1,1,1,0
1,normal,100,0,321,emailservice,email,54,1,1,1,0
1,normal,100,0,321,frontend,server,59,2,2,2,0
1,normal,100,0,321,paymentservice,payment,34,1,1,1,0
1,normal,100,0,321,productcatalogservice,server,53,2,2,2,0
1,normal,100,0,321,recommendationservice,server,55,2,2,2,0
1,normal,100,0,321,redis-cart,-,,1,1,1,0
1,normal,100,0,321,shippingservice,server,32,1,1,1,0
1,normal,100,0,336,adservice,server,36,1,1,1,0
1,normal,100,0,336,cartservice,server,50,2,2,2,0
1,normal,100,0,336,checkoutservice,checkout,33,1,1,1,0
1,normal,100,0,336,currencyservice,server,72,1,1,1,0
1,normal,100,0,336,emailservice,email,52,1,1,1,0
1,normal,100,0,336,frontend,server,60,2,2,2,0
1,normal,100,0,336,paymentservice,payment,37,1,1,1,0
1,normal,100,0,336,productcatalogservice,server,54,2,2,2,0
1,normal,100,0,336,recommendationservice,server,62,2,2,2,0
1,normal,100,0,336,redis-cart,-,,1,1,1,0
1,normal,100,0,336,shippingservice,server,34,1,1,1,0
1,normal,100,0,351,adservice,server,36,1,1,1,0
1,normal,100,0,351,cartservice,server,51,2,2,2,0
1,normal,100,0,351,checkoutservice,checkout,31,1,1,1,0
1,normal,100,0,351,currencyservice,server,69,1,1,1,0
1,normal,100,0,351,emailservice,email,51,1,1,1,0
1,normal,100,0,351,frontend,server,60,2,2,2,0
1,normal,100,0,351,paymentservice,payment,35,1,1,1,0
1,normal,100,0,351,productcatalogservice,server,53,2,2,2,0
1,normal,100,0,351,recommendationservice,server,58,2,2,2,0
1,normal,100,0,351,redis-cart,-,,1,1,1,0
1,normal,100,0,351,shippingservice,server,33,1,1,1,0
1,normal,100,0,366,adservice,server,35,1,1,1,0
1,normal,100,0,366,cartservice,server,58,2,2,2,0
1,normal,100,0,366,checkoutservice,checkout,33,1,1,1,0
1,normal,100,0,366,currencyservice,server,69,1,1,1,0
1,normal,100,0,366,emailservice,email,52,1,1,1,0
1,normal,100,0,366,frontend,server,58,2,2,2,0
1,normal,100,0,366,paymentservice,payment,35,1,1,1,0
1,normal,100,0,366,productcatalogservice,server,54,2,2,2,0
1,normal,100,0,366,recommendationservice,server,57,2,2,2,0
1,normal,100,0,366,redis-cart,-,,1,1,1,0
1,normal,100,0,366,shippingservice,server,34,1,1,1,0
1,normal,100,0,381,adservice,server,34,1,1,1,0
1,normal,100,0,381,cartservice,server,51,2,2,2,0
1,normal,100,0,381,checkoutservice,checkout,32,1,1,1,0
1,normal,100,0,381,currencyservice,server,71,1,1,1,0
1,normal,100,0,381,emailservice,email,48,1,1,1,0
1,normal,100,0,381,frontend,server,59,2,2,2,0
1,normal,100,0,381,paymentservice,payment,39,1,1,1,0
1,normal,100,0,381,productcatalogservice,server,54,2,2,2,0
1,normal,100,0,381,recommendationservice,server,59,2,2,2,0
1,normal,100,0,381,redis-cart,-,,1,1,1,0
1,normal,100,0,381,shippingservice,server,33,1,1,1,0
1,normal,100,0,397,adservice,server,33,1,1,1,0
1,normal,100,0,397,cartservice,server,57,2,2,2,0
1,normal,100,0,397,checkoutservice,checkout,32,1,1,1,0
1,normal,100,0,397,currencyservice,server,69,1,1,1,0
1,normal,100,0,397,emailservice,email,53,1,1,1,0
1,normal,100,0,397,frontend,server,60,2,2,2,0
1,normal,100,0,397,paymentservice,payment,35,1,1,1,0
1,normal,100,0,397,productcatalogservice,server,53,2,2,2,0
1,normal,100,0,397,recommendationservice,server,57,2,2,2,0
1,normal,100,0,397,redis-cart,-,,1,1,1,0
1,normal,100,0,397,shippingservice,server,32,1,1,1,0
1,normal,100,0,412,adservice,server,37,1,1,1,0
1,normal,100,0,412,cartservice,server,45,2,2,2,0
1,normal,100,0,412,checkoutservice,checkout,32,1,1,1,0
1,normal,100,0,412,currencyservice,server,71,1,1,1,0
1,normal,100,0,412,emailservice,email,53,1,1,1,0
1,normal,100,0,412,frontend,server,59,2,2,2,0
1,normal,100,0,412,paymentservice,payment,34,1,1,1,0
1,normal,100,0,412,productcatalogservice,server,53,2,2,2,0
1,normal,100,0,412,recommendationservice,server,58,2,2,2,0
1,normal,100,0,412,redis-cart,-,,1,1,1,0
1,normal,100,0,412,shippingservice,server,32,1,1,1,0
1,normal,100,0,427,adservice,server,36,1,1,1,0
1,normal,100,0,427,cartservice,server,50,2,2,2,0
1,normal,100,0,427,checkoutservice,checkout,32,1,1,1,0
1,normal,100,0,427,currencyservice,server,71,1,1,1,0
1,normal,100,0,427,emailservice,email,51,1,1,1,0
1,normal,100,0,427,frontend,server,59,2,2,2,0
1,normal,100,0,427,paymentservice,payment,36,1,1,1,0
1,normal,100,0,427,productcatalogservice,server,55,2,2,2,0
1,normal,100,0,427,recommendationservice,server,58,2,2,2,0
1,normal,100,0,427,redis-cart,-,,1,1,1,0
1,normal,100,0,427,shippingservice,server,32,1,1,1,0
1,normal,100,0,442,adservice,server,9,1,1,1,0
1,normal,100,0,442,cartservice,server,25,2,2,2,0
1,normal,100,0,442,checkoutservice,checkout,32,1,1,1,0
1,normal,100,0,442,currencyservice,server,71,1,1,1,0
1,normal,100,0,442,emailservice,email,53,1,1,1,0
1,normal,100,0,442,frontend,server,60,2,2,2,0
1,normal,100,0,442,paymentservice,payment,36,1,1,1,0
1,normal,100,0,442,productcatalogservice,server,55,2,2,2,0
1,normal,100,0,442,recommendationservice,server,59,2,2,2,0
1,normal,100,0,442,redis-cart,-,,1,1,1,0
1,normal,100,0,442,shippingservice,server,34,1,1,1,0
1,normal,100,0,0,adservice,server,1,1,1,1,0
1,normal,100,0,0,cartservice,server,0,2,2,2,0
1,normal,100,0,0,checkoutservice,checkout,0,1,1,1,0
1,normal,100,0,0,currencyservice,server,18,1,1,1,0
1,normal,100,0,0,emailservice,email,2,1,1,1,0
1,normal,100,0,0,frontend,server,0,2,2,2,0
1,normal,100,0,0,paymentservice,payment,0,1,1,1,0
1,normal,100,0,0,productcatalogservice,server,0,2,2,2,0
1,normal,100,0,0,recommendationservice,server,3,2,2,2,0
1,normal,100,0,0,redis-cart,-,,1,1,1,0
1,normal,100,0,0,shippingservice,server,0,1,1,1,0
1,normal,100,0,16,adservice,server,1,1,1,1,0
1,normal,100,0,16,cartservice,server,0,2,2,2,0
1,normal,100,0,16,checkoutservice,checkout,3,1,1,1,0
1,normal,100,0,16,currencyservice,server,0,1,1,1,0
1,normal,100,0,16,emailservice,email,1,1,1,1,0
1,normal,100,0,16,frontend,server,0,2,2,2,0
1,normal,100,0,16,paymentservice,payment,0,1,1,1,0
1,normal,100,0,16,productcatalogservice,server,0,2,2,2,0
1,normal,100,0,16,recommendationservice,server,0,2,2,2,0
1,normal,100,0,16,redis-cart,-,,1,1,1,0
1,normal,100,0,16,shippingservice,server,0,1,1,1,0
1,normal,100,0,31,adservice,server,44,1,1,1,0
1,normal,100,0,31,cartservice,server,35,2,1,1,0
1,normal,100,0,31,checkoutservice,checkout,32,1,1,1,0
1,normal,100,0,31,currencyservice,server,83,1,1,1,0
1,normal,100,0,31,emailservice,email,23,1,1,1,0
1,normal,100,0,31,frontend,server,30,2,2,2,0
1,normal,100,0,31,paymentservice,payment,17,1,1,1,0
1,normal,100,0,31,productcatalogservice,server,27,2,2,2,0
1,normal,100,0,31,recommendationservice,server,58,2,2,2,0
1,normal,100,0,31,redis-cart,-,,1,1,1,0
1,normal,100,0,31,shippingservice,server,8,1,1,1,0
1,normal,100,0,46,adservice,server,49,1,1,1,0
1,normal,100,0,46,cartservice,server,114,1,1,1,0
1,normal,100,0,46,checkoutservice,checkout,34,1,1,1,0
1,normal,100,0,46,currencyservice,server,84,1,2,2,0
1,normal,100,0,46,emailservice,email,54,1,1,1,0
1,normal,100,0,46,frontend,server,77,2,2,2,0
1,normal,100,0,46,paymentservice,payment,37,1,1,1,0
1,normal,100,0,46,productcatalogservice,server,69,2,2,2,0
1,normal,100,0,46,recommendationservice,server,75,2,2,2,0
1,normal,100,0,46,redis-cart,-,,1,1,1,0
1,normal,100,0,46,shippingservice,server,37,1,1,1,0
1,normal,100,0,61,adservice,server,51,1,1,1,0
1,normal,100,0,61,cartservice,server,127,1,2,1,0
1,normal,100,0,61,checkoutservice,checkout,34,1,1,1,0
1,normal,100,0,61,currencyservice,server,84,2,2,2,0
1,normal,100,0,61,emailservice,email,53,1,1,1,0
1,normal,100,0,61,frontend,server,79,2,3,2,0
1,normal,100,0,61,paymentservice,payment,35,1,1,1,0
1,normal,100,0,61,productcatalogservice,server,70,2,2,2,0
1,normal,100,0,61,recommendationservice,server,77,2,2,2,0
1,normal,100,0,61,redis-cart,-,,1,1,1,0
1,normal,100,0,61,shippingservice,server,34,1,1,1,0
1,normal,100,0,76,adservice,server,49,1,1,1,0
1,normal,100,0,76,cartservice,server,124,2,2,1,0
1,normal,100,0,76,checkoutservice,checkout,34,1,1,1,0
1,normal,100,0,76,currencyservice,server,84,2,2,2,0
1,normal,100,0,76,emailservice,email,52,1,1,1,0
1,normal,100,0,76,frontend,server,77,3,3,3,0
1,normal,100,0,76,paymentservice,payment,38,1,1,1,0
1,normal,100,0,76,productcatalogservice,server,68,2,2,2,0
1,normal,100,0,76,recommendationservice,server,75,2,2,2,0
1,normal,100,0,76,redis-cart,-,,1,1,1,0
1,normal,100,0,76,shippingservice,server,34,1,1,1,0
1,normal,100,0,92,adservice,server,48,1,1,1,0
1,normal,100,0,92,cartservice,server,138,2,2,2,0
1,normal,100,0,92,checkoutservice,checkout,36,1,1,1,0
1,normal,100,0,92,currencyservice,server,42,2,2,2,0
1,normal,100,0,92,emailservice,email,52,1,1,1,0
1,normal,100,0,92,frontend,server,76,3,3,3,0
1,normal,100,0,92,paymentservice,payment,38,1,1,1,0
1,normal,100,0,92,productcatalogservice,server,68,2,2,2,0
1,normal,100,0,92,recommendationservice,server,74,2,2,2,0
1,normal,100,0,92,redis-cart,-,,1,1,1,0
1,normal,100,0,92,shippingservice,server,36,1,1,1,0
1,normal,100,0,107,adservice,server,48,1,1,1,0
1,normal,100,0,107,cartservice,server,109,2,2,2,0
1,normal,100,0,107,checkoutservice,checkout,33,1,1,1,0
1,normal,100,0,107,currencyservice,server,42,2,2,2,0
1,normal,100,0,107,emailservice,email,53,1,1,1,0
1,normal,100,0,107,frontend,server,76,3,3,3,0
1,normal,100,0,107,paymentservice,payment,36,1,1,1,0
1,normal,100,0,107,productcatalogservice,server,70,2,2,2,0
1,normal,100,0,107,recommendationservice,server,73,2,2,2,0
1,normal,100,0,107,redis-cart,-,,1,1,1,0
1,normal,100,0,107,shippingservice,server,35,1,1,1,0
1,normal,100,0,122,adservice,server,50,1,1,1,0
1,normal,100,0,122,cartservice,server,55,2,2,2,0
1,normal,100,0,122,checkoutservice,checkout,31,1,1,1,0
1,normal,100,0,122,currencyservice,server,42,2,2,2,0
1,normal,100,0,122,emailservice,email,53,1,1,1,0
1,normal,100,0,122,frontend,server,53,3,3,3,0
1,normal,100,0,122,paymentservice,payment,34,1,1,1,0
1,normal,100,0,122,productcatalogservice,server,68,2,2,2,0
1,normal,100,0,122,recommendationservice,server,76,2,2,2,0
1,normal,100,0,122,redis-cart,-,,1,1,1,0
1,normal,100,0,122,shippingservice,server,35,1,1,1,0
1,normal,100,0,137,adservice,server,51,1,1,1,0
1,normal,100,0,137,cartservice,server,59,2,2,2,0
1,normal,100,0,137,checkoutservice,checkout,37,1,1,1,0
1,normal,100,0,137,currencyservice,server,42,2,2,2,0
1,normal,100,0,137,emailservice,email,55,1,1,1,0
1,normal,100,0,137,frontend,server,54,3,3,3,0
1,normal,100,0,137,paymentservice,payment,34,1,1,1,0
1,normal,100,0,137,productcatalogservice,server,69,2,2,2,0
1,normal,100,0,137,recommendationservice,server,81,2,2,2,0
1,normal,100,0,137,redis-cart,-,,1,1,1,0
1,normal,100,0,137,shippingservice,server,34,1,1,1,0
1,normal,100,0,153,adservice,server,47,1,1,1,0
1,normal,100,0,153,cartservice,server,63,2,2,2,0
1,normal,100,0,153,checkoutservice,checkout,31,1,1,1,0
1,normal,100,0,153,currencyservice,server,42,2,2,2,0
1,normal,100,0,153,emailservice,email,53,1,1,1,0
1,normal,100,0,153,frontend,server,50,3,3,3,0
1,normal,100,0,153,paymentservice,payment,40,1,1,1,0
1,normal,100,0,153,productcatalogservice,server,68,2,2,2,0
1,normal,100,0,153,recommendationservice,server,73,2,2,2,0
1,normal,100,0,153,redis-cart,-,,1,1,1,0
1,normal,100,0,153,shippingservice,server,35,1,1,1,0
1,normal,100,0,168,adservice,server,50,1,1,1,0
1,normal,100,0,168,cartservice,server,59,2,2,2,0
1,normal,100,0,168,checkoutservice,checkout,31,1,1,1,0
1,normal,100,0,168,currencyservice,server,42,2,2,2,0
1,normal,100,0,168,emailservice,email,51,1,1,1,0
1,normal,100,0,168,frontend,server,52,3,3,3,0
1,normal,100,0,168,paymentservice,payment,35,1,1,1,0
1,normal,100,0,168,productcatalogservice,server,66,2,2,2,0
1,normal,100,0,168,recommendationservice,server,77,2,2,2,0
1,normal,100,0,168,redis-cart,-,,1,1,1,0
1,normal,100,0,168,shippingservice,server,34,1,1,1,0
1,normal,100,0,183,adservice,server,50,1,1,1,0
1,normal,100,0,183,cartservice,server,56,2,2,2,0
1,normal,100,0,183,checkoutservice,checkout,35,1,1,1,0
1,normal,100,0,183,currencyservice,server,42,2,2,2,0
1,normal,100,0,183,emailservice,email,55,1,1,1,0
1,normal,100,0,183,frontend,server,53,3,3,3,0
1,normal,100,0,183,paymentservice,payment,36,1,1,1,0
1,normal,100,0,183,productcatalogservice,server,71,2,2,2,0
1,normal,100,0,183,recommendationservice,server,78,2,3,3,0
1,normal,100,0,183,redis-cart,-,,1,1,1,0
1,normal,100,0,183,shippingservice,server,36,1,1,1,0
1,normal,100,0,198,adservice,server,51,1,1,1,0
1,normal,100,0,198,cartservice,server,58,2,2,2,0
1,normal,100,0,198,checkoutservice,checkout,33,1,1,1,0
1,normal,100,0,198,currencyservice,server,42,2,2,2,0
1,normal,100,0,198,emailservice,email,54,1,1,1,0
1,normal,100,0,198,frontend,server,52,3,3,3,0
1,normal,100,0,198,paymentservice,payment,36,1,1,1,0
1,normal,100,0,198,productcatalogservice,server,68,2,2,2,0
1,normal,100,0,198,recommendationservice,server,76,3,3,3,0
1,normal,100,0,198,redis-cart,-,,1,1,1,0
1,normal,100,0,198,shippingservice,server,34,1,1,1,0
1,normal,100,0,214,adservice,server,48,1,1,1,0
1,normal,100,0,214,cartservice,server,60,2,2,2,0
1,normal,100,0,214,checkoutservice,checkout,34,1,1,1,0
1,normal,100,0,214,currencyservice,server,42,2,2,2,0
1,normal,100,0,214,emailservice,email,53,1,1,1,0
1,normal,100,0,214,frontend,server,52,3,3,3,0
1,normal,100,0,214,paymentservice,payment,39,1,1,1,0
1,normal,100,0,214,productcatalogservice,server,67,2,2,2,0
1,normal,100,0,214,recommendationservice,server,48,3,3,3,0
1,normal,100,0,214,redis-cart,-,,1,1,1,0
1,normal,100,0,214,shippingservice,server,35,1,1,1,0
1,normal,100,0,229,adservice,server,48,1,1,1,0
1,normal,100,0,229,cartservice,server,59,2,2,2,0
1,normal,100,0,229,checkoutservice,checkout,34,1,1,1,0
1,normal,100,0,229,currencyservice,server,43,2,2,2,0
1,normal,100,0,229,emailservice,email,53,1,1,1,0
1,normal,100,0,229,frontend,server,51,3,3,3,0
1,normal,100,0,229,paymentservice,payment,38,1,1,1,0
1,normal,100,0,229,productcatalogservice,server,68,2,2,2,0
1,normal,100,0,229,recommendationservice,server,50,3,3,3,0
1,normal,100,0,229,redis-cart,-,,1,1,1,0
1,normal,100,0,229,shippingservice,server,35,1,1,1,0
1,normal,100,0,244,adservice,server,51,1,1,1,0
1,normal,100,0,244,cartservice,server,57,2,2,2,0
1,normal,100,0,244,checkoutservice,checkout,34,1,1,1,0
1,normal,100,0,244,currencyservice,server,42,2,2,2,0
1,normal,100,0,244,emailservice,email,52,1,1,1,0
1,normal,100,0,244,frontend,server,51,3,3,3,0
1,normal,100,0,244,paymentservice,payment,35,1,1,1,0
1,normal,100,0,244,productcatalogservice,server,70,2,2,2,0
1,normal,100,0,244,recommendationservice,server,53,3,3,3,0
1,normal,100,0,244,redis-cart,-,,1,1,1,0
1,normal,100,0,244,shippingservice,server,35,1,1,1,0
1,normal,100,0,259,adservice,server,48,1,1,1,0
1,normal,100,0,259,cartservice,server,57,2,2,2,0
1,normal,100,0,259,checkoutservice,checkout,34,1,1,1,0
1,normal,100,0,259,currencyservice,server,41,2,2,2,0
1,normal,100,0,259,emailservice,email,54,1,1,1,0
1,normal,100,0,259,frontend,server,53,3,3,3,0
1,normal,100,0,259,paymentservice,payment,35,1,1,1,0
1,normal,100,0,259,productcatalogservice,server,68,2,2,2,0
1,normal,100,0,259,recommendationservice,server,50,3,3,3,0
1,normal,100,0,259,redis-cart,-,,1,1,1,0
1,normal,100,0,259,shippingservice,server,35,1,1,1,0
1,normal,100,0,274,adservice,server,51,1,1,1,0
1,normal,100,0,274,cartservice,server,58,2,2,2,0
1,normal,100,0,274,checkoutservice,checkout,33,1,1,1,0
1,normal,100,0,274,currencyservice,server,42,2,2,2,0
1,normal,100,0,274,emailservice,email,52,1,1,1,0
1,normal,100,0,274,frontend,server,54,3,3,3,0
1,normal,100,0,274,paymentservice,payment,36,1,1,1,0
1,normal,100,0,274,productcatalogservice,server,68,2,2,2,0
1,normal,100,0,274,recommendationservice,server,51,3,3,3,0
1,normal,100,0,274,redis-cart,-,,1,1,1,0
1,normal,100,0,274,shippingservice,server,33,1,1,1,0
1,normal,100,0,290,adservice,server,48,1,1,1,0
1,normal,100,0,290,cartservice,server,62,2,2,2,0
1,normal,100,0,290,checkoutservice,checkout,33,1,1,1,0
1,normal,100,0,290,currencyservice,server,43,2,2,2,0
1,normal,100,0,290,emailservice,email,53,1,1,1,0
1,normal,100,0,290,frontend,server,52,3,3,3,0
1,normal,100,0,290,paymentservice,payment,39,1,1,1,0
1,normal,100,0,290,productcatalogservice,server,70,2,2,2,0
1,normal,100,0,290,recommendationservice,server,50,3,3,3,0
1,normal,100,0,290,redis-cart,-,,1,1,1,0
1,normal,100,0,290,shippingservice,server,33,1,1,1,0
1,normal,100,0,305,adservice,server,51,1,1,1,0
1,normal,100,0,305,cartservice,server,62,2,2,2,0
1,normal,100,0,305,checkoutservice,checkout,32,1,1,1,0
1,normal,100,0,305,currencyservice,server,43,2,2,2,0
1,normal,100,0,305,emailservice,email,53,1,1,1,0
1,normal,100,0,305,frontend,server,52,3,3,3,0
1,normal,100,0,305,paymentservice,payment,37,1,1,1,0
1,normal,100,0,305,productcatalogservice,server,70,2,2,2,0
1,normal,100,0,305,recommendationservice,server,55,3,3,3,0
1,normal,100,0,305,redis-cart,-,,1,1,1,0
1,normal,100,0,305,shippingservice,server,35,1,1,1,0
1,normal,100,0,320,adservice,server,48,1,1,1,0
1,normal,100,0,320,cartservice,server,56,2,2,2,0
1,normal,100,0,320,checkoutservice,checkout,36,1,1,1,0
1,normal,100,0,320,currencyservice,server,42,2,2,2,0
1,normal,100,0,320,emailservice,email,51,1,1,1,0
1,normal,100,0,320,frontend,server,49,3,3,3,0
1,normal,100,0,320,paymentservice,payment,38,1,1,1,0
1,normal,100,0,320,productcatalogservice,server,67,2,2,2,0
1,normal,100,0,320,recommendationservice,server,49,3,3,3,0
1,normal,100,0,320,redis-cart,-,,1,1,1,0
1,normal,100,0,320,shippingservice,server,34,1,1,1,0
1,normal,100,0,335,adservice,server,47,1,1,1,0
1,normal,100,0,335,cartservice,server,58,2,2,2,0
1,normal,100,0,335,checkoutservice,checkout,32,1,1,1,0
1,normal,100,0,335,currencyservice,server,41,2,2,2,0
1,normal,100,0,335,emailservice,email,50,1,1,1,0
1,normal,100,0,335,frontend,server,51,3,3,3,0
1,normal,100,0,335,paymentservice,payment,36,1,1,1,0
1,normal,100,0,335,productcatalogservice,server,67,2,2,2,0
1,normal,100,0,335,recommendationservice,server,47,3,3,3,0
1,normal,100,0,335,redis-cart,-,,1,1,1,0
1,normal,100,0,335,shippingservice,server,34,1,1,1,0
1,normal,100,0,351,adservice,server,47,1,1,1,0
1,normal,100,0,351,cartservice,server,62,2,2,2,0
1,normal,100,0,351,checkoutservice,checkout,32,1,1,1,0
1,normal,100,0,351,currencyservice,server,42,2,2,2,0
1,normal,100,0,351,emailservice,email,56,1,1,1,0
1,normal,100,0,351,frontend,server,52,3,3,3,0
1,normal,100,0,351,paymentservice,payment,35,1,1,1,0
1,normal,100,0,351,productcatalogservice,server,66,2,2,2,0
1,normal,100,0,351,recommendationservice,server,50,3,3,3,0
1,normal,100,0,351,redis-cart,-,,1,1,1,0
1,normal,100,0,351,shippingservice,server,35,1,1,1,0
1,normal,100,0,366,adservice,server,49,1,1,1,0
1,normal,100,0,366,cartservice,server,60,2,2,2,0
1,normal,100,0,366,checkoutservice,checkout,35,1,1,1,0
1,normal,100,0,366,currencyservice,server,42,2,2,2,0
1,normal,100,0,366,emailservice,email,53,1,1,1,0
1,normal,100,0,366,frontend,server,51,3,3,3,0
1,normal,100,0,366,paymentservice,payment,36,1,1,1,0
1,normal,100,0,366,productcatalogservice,server,69,2,2,2,0
1,normal,100,0,366,recommendationservice,server,50,3,3,3,0
1,normal,100,0,366,redis-cart,-,,1,1,1,0
1,normal,100,0,366,shippingservice,server,34,1,1,1,0
1,normal,100,0,381,adservice,server,49,1,1,1,0
1,normal,100,0,381,cartservice,server,60,2,2,2,0
1,normal,100,0,381,checkoutservice,checkout,34,1,1,1,0
1,normal,100,0,381,currencyservice,server,42,2,2,2,0
1,normal,100,0,381,emailservice,email,53,1,1,1,0
1,normal,100,0,381,frontend,server,51,3,3,3,0
1,normal,100,0,381,paymentservice,payment,37,1,1,1,0
1,normal,100,0,381,productcatalogservice,server,68,2,2,2,0
1,normal,100,0,381,recommendationservice,server,48,3,3,3,0
1,normal,100,0,381,redis-cart,-,,1,1,1,0
1,normal,100,0,381,shippingservice,server,36,1,1,1,0
1,normal,100,0,396,adservice,server,48,1,1,1,0
1,normal,100,0,396,cartservice,server,57,2,2,2,0
1,normal,100,0,396,checkoutservice,checkout,34,1,1,1,0
1,normal,100,0,396,currencyservice,server,42,2,2,2,0
1,normal,100,0,396,emailservice,email,52,1,1,1,0
1,normal,100,0,396,frontend,server,51,3,3,3,0
1,normal,100,0,396,paymentservice,payment,38,1,1,1,0
1,normal,100,0,396,productcatalogservice,server,67,2,2,2,0
1,normal,100,0,396,recommendationservice,server,50,3,3,3,0
1,normal,100,0,396,redis-cart,-,,1,1,1,0
1,normal,100,0,396,shippingservice,server,34,1,1,1,0
1,normal,100,0,412,adservice,server,50,1,1,1,0
1,normal,100,0,412,cartservice,server,58,2,2,2,0
1,normal,100,0,412,checkoutservice,checkout,32,1,1,1,0
1,normal,100,0,412,currencyservice,server,43,2,2,2,0
1,normal,100,0,412,emailservice,email,53,1,1,1,0
1,normal,100,0,412,frontend,server,51,3,3,3,0
1,normal,100,0,412,paymentservice,payment,35,1,1,1,0
1,normal,100,0,412,productcatalogservice,server,69,2,2,2,0
1,normal,100,0,412,recommendationservice,server,49,3,3,3,0
1,normal,100,0,412,redis-cart,-,,1,1,1,0
1,normal,100,0,412,shippingservice,server,35,1,1,1,0
1,normal,100,0,427,adservice,server,47,1,1,1,0
1,normal,100,0,427,cartservice,server,58,2,2,2,0
1,normal,100,0,427,checkoutservice,checkout,34,1,1,1,0
1,normal,100,0,427,currencyservice,server,42,2,2,2,0
1,normal,100,0,427,emailservice,email,55,1,1,1,0
1,normal,100,0,427,frontend,server,51,3,3,3,0
1,normal,100,0,427,paymentservice,payment,37,1,1,1,0
1,normal,100,0,427,productcatalogservice,server,67,2,2,2,0
1,normal,100,0,427,recommendationservice,server,50,3,3,3,0
1,normal,100,0,427,redis-cart,-,,1,1,1,0
1,normal,100,0,427,shippingservice,server,33,1,1,1,0
1,normal,100,0,442,adservice,server,50,1,1,1,0
1,normal,100,0,442,cartservice,server,57,2,2,2,0
1,normal,100,0,442,checkoutservice,checkout,32,1,1,1,0
1,normal,100,0,442,currencyservice,server,42,2,2,2,0
1,normal,100,0,442,emailservice,email,50,1,1,1,0
1,normal,100,0,442,frontend,server,50,3,3,3,0
1,normal,100,0,442,paymentservice,payment,37,1,1,1,0
1,normal,100,0,442,productcatalogservice,server,67,2,2,2,0
1,normal,100,0,442,recommendationservice,server,50,3,3,3,0
1,normal,100,0,442,redis-cart,-,,1,1,1,0
1,normal,100,0,442,shippingservice,server,32,1,1,1,0
1,frontcatalog,100,0,0,adservice,-,,1,0,1,0
1,frontcatalog,100,0,0,cartservice,-,,1,0,1,0
1,frontcatalog,100,0,0,checkoutservice,checkout,0,1,1,1,0
1,frontcatalog,100,0,0,currencyservice,server,0,1,1,1,0
1,frontcatalog,100,0,0,emailservice,-,,1,0,1,0
1,frontcatalog,100,0,0,frontend,-,,1,0,1,0
1,frontcatalog,100,0,0,paymentservice,-,,1,0,1,0
1,frontcatalog,100,0,0,recommendationservice,-,,,0,1,0
1,frontcatalog,100,0,0,redis-cart,-,,1,1,1,0
1,frontcatalog,100,0,0,shippingservice,-,,,0,1,0
1,frontcatalog,100,0,15,adservice,-,,1,0,1,0
1,frontcatalog,100,0,15,cartservice,-,,1,0,1,0
1,frontcatalog,100,0,15,checkoutservice,checkout,0,1,1,1,0
1,frontcatalog,100,0,15,currencyservice,server,0,1,1,1,0
1,frontcatalog,100,0,15,emailservice,email,1,1,1,1,0
1,frontcatalog,100,0,15,frontend,-,,1,0,1,0
1,frontcatalog,100,0,15,paymentservice,payment,1,1,1,1,0
1,frontcatalog,100,0,15,recommendationservice,server,26,1,1,1,0
1,frontcatalog,100,0,15,redis-cart,-,,1,1,1,0
1,frontcatalog,100,0,15,shippingservice,server,0,1,1,1,0
1,frontcatalog,100,0,30,adservice,server,21,1,1,1,0
1,frontcatalog,100,0,30,cartservice,server,27,1,1,1,0
1,frontcatalog,100,0,30,checkoutservice,checkout,21,1,1,1,0
1,frontcatalog,100,0,30,currencyservice,server,0,1,1,1,0
1,frontcatalog,100,0,30,emailservice,email,23,1,1,1,0
1,frontcatalog,100,0,30,frontend,productcatalog,18,1,1,1,0
1,frontcatalog,100,0,30,frontend,server,24,1,1,1,0
1,frontcatalog,100,0,30,paymentservice,payment,1,1,1,1,0
1,frontcatalog,100,0,30,recommendationservice,server,68,1,1,1,0
1,frontcatalog,100,0,30,redis-cart,-,,1,1,1,0
1,frontcatalog,100,0,30,shippingservice,server,17,1,1,1,0
1,frontcatalog,100,0,46,adservice,server,93,1,1,1,0
1,frontcatalog,100,0,46,cartservice,server,117,1,1,1,0
1,frontcatalog,100,0,46,checkoutservice,checkout,29,1,1,1,0
1,frontcatalog,100,0,46,currencyservice,server,57,1,1,1,0
1,frontcatalog,100,0,46,emailservice,email,47,1,1,1,0
1,frontcatalog,100,0,46,frontend,productcatalog,63,1,1,1,0
1,frontcatalog,100,0,46,frontend,server,69,1,1,1,0
1,frontcatalog,100,0,46,paymentservice,payment,55,1,1,1,0
1,frontcatalog,100,0,46,recommendationservice,server,68,1,1,1,0
1,frontcatalog,100,0,46,redis-cart,-,,1,1,1,0
1,frontcatalog,100,0,46,shippingservice,server,31,1,1,1,0
1,frontcatalog,100,0,61,adservice,server,47,1,1,1,0
1,frontcatalog,100,0,61,cartservice,server,75,1,1,1,0
1,frontcatalog,100,0,61,checkoutservice,checkout,29,1,1,1,0
1,frontcatalog,100,0,61,currencyservice,server,49,1,1,1,0
1,frontcatalog,100,0,61,emailservice,email,47,1,1,1,0
1,frontcatalog,100,0,61,frontend,productcatalog,60,1,1,1,0
1,frontcatalog,100,0,61,frontend,server,65,1,1,1,0
1,frontcatalog,100,0,61,paymentservice,payment,36,1,1,1,0
1,frontcatalog,100,0,61,recommendationservice,server,68,1,1,1,0
1,frontcatalog,100,0,61,redis-cart,-,,1,1,1,0
1,frontcatalog,100,0,61,shippingservice,server,30,1,1,1,0
1,frontcatalog,100,0,76,adservice,server,28,1,1,1,0
1,frontcatalog,100,0,76,cartservice,server,75,1,1,1,0
1,frontcatalog,100,0,76,checkoutservice,checkout,29,1,1,1,0
1,frontcatalog,100,0,76,currencyservice,server,50,1,1,1,0
1,frontcatalog,100,0,76,emailservice,email,47,1,1,1,0
1,frontcatalog,100,0,76,frontend,productcatalog,65,1,1,1,0
1,frontcatalog,100,0,76,frontend,server,73,1,1,1,0
1,frontcatalog,100,0,76,paymentservice,payment,38,1,1,1,0
1,frontcatalog,100,0,76,recommendationservice,server,66,1,1,1,0
1,frontcatalog,100,0,76,redis-cart,-,,1,1,1,0
1,frontcatalog,100,0,76,shippingservice,server,30,1,1,1,0
1,frontcatalog,100,0,91,adservice,server,34,1,1,1,0
1,frontcatalog,100,0,91,cartservice,server,71,1,1,1,0
1,frontcatalog,100,0,91,checkoutservice,checkout,28,1,1,1,0
1,frontcatalog,100,0,91,currencyservice,server,49,1,1,1,0
1,frontcatalog,100,0,91,emailservice,email,47,1,1,1,0
1,frontcatalog,100,0,91,frontend,productcatalog,60,1,1,1,0
1,frontcatalog,100,0,91,frontend,server,71,1,1,1,0
1,frontcatalog,100,0,91,paymentservice,payment,33,1,1,1,0
1,frontcatalog,100,0,91,recommendationservice,server,66,1,1,1,0
1,frontcatalog,100,0,91,redis-cart,-,,1,1,1,0
1,frontcatalog,100,0,91,shippingservice,server,29,1,1,1,0
1,frontcatalog,100,0,107,adservice,server,18,1,1,1,0
1,frontcatalog,100,0,107,cartservice,server,80,1,1,1,0
1,frontcatalog,100,0,107,checkoutservice,checkout,28,1,1,1,0
1,frontcatalog,100,0,107,currencyservice,server,49,1,1,1,0
1,frontcatalog,100,0,107,emailservice,email,46,1,1,1,0
1,frontcatalog,100,0,107,frontend,productcatalog,60,1,1,1,0
1,frontcatalog,100,0,107,frontend,server,67,1,1,1,0
1,frontcatalog,100,0,107,paymentservice,payment,34,1,1,1,0
1,frontcatalog,100,0,107,recommendationservice,server,67,1,1,1,0
1,frontcatalog,100,0,107,redis-cart,-,,1,1,1,0
1,frontcatalog,100,0,107,shippingservice,server,30,1,1,1,0
1,frontcatalog,100,0,122,adservice,server,18,1,1,1,0
1,frontcatalog,100,0,122,cartservice,server,84,1,2,1,0
1,frontcatalog,100,0,122,checkoutservice,checkout,29,1,1,1,0
1,frontcatalog,100,0,122,currencyservice,server,49,1,1,1,0
1,frontcatalog,100,0,122,emailservice,email,47,1,1,1,0
1,frontcatalog,100,0,122,frontend,productcatalog,63,1,1,1,0
1,frontcatalog,100,0,122,frontend,server,70,1,1,1,0
1,frontcatalog,100,0,122,paymentservice,payment,34,1,1,1,0
1,frontcatalog,100,0,122,recommendationservice,server,66,1,1,1,0
1,frontcatalog,100,0,122,redis-cart,-,,1,1,1,0
1,frontcatalog,100,0,122,shippingservice,server,31,1,1,1,0
1,frontcatalog,100,0,137,adservice,server,23,1,1,1,0
1,frontcatalog,100,0,137,cartservice,server,74,2,2,1,0
1,frontcatalog,100,0,137,checkoutservice,checkout,28,1,1,1,0
1,frontcatalog,100,0,137,currencyservice,server,49,1,1,1,0
1,frontcatalog,100,0,137,emailservice,email,45,1,1,1,0
1,frontcatalog,100,0,137,frontend,productcatalog,61,1,1,1,0
1,frontcatalog,100,0,137,frontend,server,68,1,1,1,0
1,frontcatalog,100,0,137,paymentservice,payment,35,1,1,1,0
1,frontcatalog,100,0,137,recommendationservice,server,68,1,1,1,0
1,frontcatalog,100,0,137,redis-cart,-,,1,1,1,0
1,frontcatalog,100,0,137,shippingservice,server,29,1,1,1,0
1,frontcatalog,100,0,152,adservice,server,18,1,1,1,0
1,frontcatalog,100,0,152,cartservice,server,72,2,2,2,0
1,frontcatalog,100,0,152,checkoutservice,checkout,28,1,1,1,0
1,frontcatalog,100,0,152,currencyservice,server,49,1,1,1,0
1,frontcatalog,100,0,152,emailservice,email,48,1,1,1,0
1,frontcatalog,100,0,152,frontend,productcatalog,61,1,1,1,0
1,frontcatalog,100,0,152,frontend,server,68,1,1,1,0
1,frontcatalog,100,0,152,paymentservice,payment,35,1,1,1,0
1,frontcatalog,100,0,152,recommendationservice,server,70,1,1,1,0
1,frontcatalog,100,0,152,redis-cart,-,,1,1,1,0
1,frontcatalog,100,0,152,shippingservice,server,30,1,1,1,0
1,frontcatalog,100,0,167,adservice,server,17,1,1,1,0
1,frontcatalog,100,0,167,cartservice,server,73,2,2,2,0
1,frontcatalog,100,0,167,checkoutservice,checkout,28,1,1,1,0
1,frontcatalog,100,0,167,currencyservice,server,49,1,1,1,0
1,frontcatalog,100,0,167,emailservice,email,48,1,1,1,0
1,frontcatalog,100,0,167,frontend,productcatalog,64,1,1,1,0
1,frontcatalog,100,0,167,frontend,server,72,1,1,1,0
1,frontcatalog,100,0,167,paymentservice,payment,32,1,1,1,0
1,frontcatalog,100,0,167,recommendationservice,server,66,1,1,1,0
1,frontcatalog,100,0,167,redis-cart,-,,1,1,1,0
1,frontcatalog,100,0,167,shippingservice,server,30,1,1,1,0
1,frontcatalog,100,0,183,adservice,server,15,1,1,1,0
1,frontcatalog,100,0,183,cartservice,server,69,2,2,2,0
1,frontcatalog,100,0,183,checkoutservice,checkout,28,1,1,1,0
1,frontcatalog,100,0,183,currencyservice,server,48,1,1,1,0
1,frontcatalog,100,0,183,emailservice,email,46,1,1,1,0
1,frontcatalog,100,0,183,frontend,productcatalog,59,1,1,1,0
1,frontcatalog,100,0,183,frontend,server,67,1,1,1,0
1,frontcatalog,100,0,183,paymentservice,payment,35,1,1,1,0
1,frontcatalog,100,0,183,recommendationservice,server,67,1,1,1,0
1,frontcatalog,100,0,183,redis-cart,-,,1,1,1,0
1,frontcatalog,100,0,183,shippingservice,server,29,1,1,1,0
1,frontcatalog,100,0,198,adservice,server,14,1,1,1,0
1,frontcatalog,100,0,198,cartservice,server,75,2,2,2,0
1,frontcatalog,100,0,198,checkoutservice,checkout,28,1,1,1,0
1,frontcatalog,100,0,198,currencyservice,server,49,1,1,1,0
1,frontcatalog,100,0,198,emailservice,email,46,1,1,1,0
1,frontcatalog,100,0,198,frontend,productcatalog,63,1,1,1,0
1,frontcatalog,100,0,198,frontend,server,68,1,1,1,0
1,frontcatalog,100,0,198,paymentservice,payment,34,1,1,1,0
1,frontcatalog,100,0,198,recommendationservice,server,69,1,1,1,0
1,frontcatalog,100,0,198,redis-cart,-,,1,1,1,0
1,frontcatalog,100,0,198,shippingservice,server,29,1,1,1,0
1,frontcatalog,100,0,213,adservice,server,16,1,1,1,0
1,frontcatalog,100,0,213,cartservice,server,38,2,2,2,0
1,frontcatalog,100,0,213,checkoutservice,checkout,29,1,1,1,0
1,frontcatalog,100,0,213,currencyservice,server,50,1,1,1,0
1,frontcatalog,100,0,213,emailservice,email,47,1,1,1,0
1,frontcatalog,100,0,213,frontend,productcatalog,63,1,1,1,0
1,frontcatalog,100,0,213,frontend,server,71,1,1,1,0
1,frontcatalog,100,0,213,paymentservice,payment,35,1,1,1,0
1,frontcatalog,100,0,213,recommendationservice,server,66,1,1,1,0
1,frontcatalog,100,0,213,redis-cart,-,,1,1,1,0
1,frontcatalog,100,0,213,shippingservice,server,31,1,1,1,0
1,frontcatalog,100,0,228,adservice,server,16,1,1,1,0
1,frontcatalog,100,0,228,cartservice,server,36,2,2,2,0
1,frontcatalog,100,0,228,checkoutservice,checkout,27,1,1,1,0
1,frontcatalog,100,0,228,currencyservice,server,49,1,1,1,0
1,frontcatalog,100,0,228,emailservice,email,45,1,1,1,0
1,frontcatalog,100,0,228,frontend,productcatalog,60,1,1,1,0
1,frontcatalog,100,0,228,frontend,server,67,1,1,1,0
1,frontcatalog,100,0,228,paymentservice,payment,32,1,1,1,0
1,frontcatalog,100,0,228,recommendationservice,server,70,1,1,1,0
1,frontcatalog,100,0,228,redis-cart,-,,1,1,1,0
1,frontcatalog,100,0,228,shippingservice,server,30,1,1,1,0
1,frontcatalog,100,0,243,adservice,server,13,1,1,1,0
1,frontcatalog,100,0,243,cartservice,server,36,2,2,2,0
1,frontcatalog,100,0,243,checkoutservice,checkout,29,1,1,1,0
1,frontcatalog,100,0,243,currencyservice,server,48,1,1,1,0
1,frontcatalog,100,0,243,emailservice,email,48,1,1,1,0
1,frontcatalog,100,0,243,frontend,productcatalog,66,1,1,1,0
1,frontcatalog,100,0,243,frontend,server,74,1,1,1,0
1,frontcatalog,100,0,243,paymentservice,payment,33,1,1,1,0
1,frontcatalog,100,0,243,recommendationservice,server,69,1,1,1,0
1,frontcatalog,100,0,243,redis-cart,-,,1,1,1,0
1,frontcatalog,100,0,243,shippingservice,server,30,1,1,1,0
1,frontcatalog,100,0,259,adservice,server,13,1,1,1,0
1,frontcatalog,100,0,259,cartservice,server,36,2,2,2,0
1,frontcatalog,100,0,259,checkoutservice,checkout,28,1,1,1,0
1,frontcatalog,100,0,259,currencyservice,server,49,1,1,1,0
1,frontcatalog,100,0,259,emailservice,email,46,1,1,1,0
1,frontcatalog,100,0,259,frontend,productcatalog,64,1,1,1,0
1,frontcatalog,100,0,259,frontend,server,70,1,1,1,0
1,frontcatalog,100,0,259,paymentservice,payment,33,1,1,1,0
1,frontcatalog,100,0,259,recommendationservice,server,67,1,1,1,0
1,frontcatalog,100,0,259,redis-cart,-,,1,1,1,0
1,frontcatalog,100,0,259,shippingservice,server,29,1,1,1,0
1,frontcatalog,100,0,274,adservice,server,13,1,1,1,0
1,frontcatalog,100,0,274,cartservice,server,36,2,2,2,0
1,frontcatalog,100,0,274,checkoutservice,checkout,28,1,1,1,0
1,frontcatalog,100,0,274,currencyservice,server,48,1,1,1,0
1,frontcatalog,100,0,274,emailservice,email,46,1,1,1,0
1,frontcatalog,100,0,274,frontend,productcatalog,61,1,1,1,0
1,frontcatalog,100,0,274,frontend,server,69,1,1,1,0
1,frontcatalog,100,0,274,paymentservice,payment,35,1,1,1,0
1,frontcatalog,100,0,274,recommendationservice,server,66,1,1,1,0
1,frontcatalog,100,0,274,redis-cart,-,,1,1,1,0
1,frontcatalog,100,0,274,shippingservice,server,30,1,1,1,0
1,frontcatalog,100,0,289,adservice,server,12,1,1,1,0
1,frontcatalog,100,0,289,cartservice,server,36,2,2,2,0
1,frontcatalog,100,0,289,checkoutservice,checkout,28,1,1,1,0
1,frontcatalog,100,0,289,currencyservice,server,48,1,1,1,0
1,frontcatalog,100,0,289,emailservice,email,46,1,1,1,0
1,frontcatalog,100,0,289,frontend,productcatalog,61,1,1,1,0
1,frontcatalog,100,0,289,frontend,server,67,1,1,1,0
1,frontcatalog,100,0,289,paymentservice,payment,34,1,1,1,0
1,frontcatalog,100,0,289,recommendationservice,server,68,1,1,1,0
1,frontcatalog,100,0,289,redis-cart,-,,1,1,1,0
1,frontcatalog,100,0,289,shippingservice,server,29,1,1,1,0
1,frontcatalog,100,0,304,adservice,server,13,1,1,1,0
1,frontcatalog,100,0,304,cartservice,server,35,2,2,2,0
1,frontcatalog,100,0,304,checkoutservice,checkout,28,1,1,1,0
1,frontcatalog,100,0,304,currencyservice,server,48,1,1,1,0
1,frontcatalog,100,0,304,emailservice,email,46,1,1,1,0
1,frontcatalog,100,0,304,frontend,productcatalog,61,1,1,1,0
1,frontcatalog,100,0,304,frontend,server,68,1,1,1,0
1,frontcatalog,100,0,304,paymentservice,payment,34,1,1,1,0
1,frontcatalog,100,0,304,recommendationservice,server,66,1,1,1,0
1,frontcatalog,100,0,304,redis-cart,-,,1,1,1,0
1,frontcatalog,100,0,304,shippingservice,server,30,1,1,1,0
1,frontcatalog,100,0,320,adservice,server,13,1,1,1,0
1,frontcatalog,100,0,320,cartservice,server,37,2,2,2,0
1,frontcatalog,100,0,320,checkoutservice,checkout,29,1,1,1,0
1,frontcatalog,100,0,320,currencyservice,server,48,1,1,1,0
1,frontcatalog,100,0,320,emailservice,email,46,1,1,1,0
1,frontcatalog,100,0,320,frontend,productcatalog,61,1,1,1,0
1,frontcatalog,100,0,320,frontend,server,68,1,1,1,0
1,frontcatalog,100,0,320,paymentservice,payment,35,1,1,1,0
1,frontcatalog,100,0,320,recommendationservice,server,68,1,1,1,0
1,frontcatalog,100,0,320,redis-cart,-,,1,1,1,0
1,frontcatalog,100,0,320,shippingservice,server,30,1,1,1,0
1,frontcatalog,100,0,335,adservice,server,19,1,1,1,0
1,frontcatalog,100,0,335,cartservice,server,38,2,2,2,0
1,frontcatalog,100,0,335,checkoutservice,checkout,28,1,1,1,0
1,frontcatalog,100,0,335,currencyservice,server,48,1,1,1,0
1,frontcatalog,100,0,335,emailservice,email,47,1,1,1,0
1,frontcatalog,100,0,335,frontend,productcatalog,61,1,1,1,0
1,frontcatalog,100,0,335,frontend,server,71,1,1,1,0
1,frontcatalog,100,0,335,paymentservice,payment,34,1,1,1,0
1,frontcatalog,100,0,335,recommendationservice,server,66,1,1,1,0
1,frontcatalog,100,0,335,redis-cart,-,,1,1,1,0
1,frontcatalog,100,0,335,shippingservice,server,30,1,1,1,0
1,frontcatalog,100,0,350,adservice,server,12,1,1,1,0
1,frontcatalog,100,0,350,cartservice,server,35,2,2,2,0
1,frontcatalog,100,0,350,checkoutservice,checkout,28,1,1,1,0
1,frontcatalog,100,0,350,currencyservice,server,49,1,1,1,0
1,frontcatalog,100,0,350,emailservice,email,47,1,1,1,0
1,frontcatalog,100,0,350,frontend,productcatalog,62,1,1,1,0
1,frontcatalog,100,0,350,frontend,server,67,1,1,1,0
1,frontcatalog,100,0,350,paymentservice,payment,33,1,1,1,0
1,frontcatalog,100,0,350,recommendationservice,server,68,1,1,1,0
1,frontcatalog,100,0,350,redis-cart,-,,1,1,1,0
1,frontcatalog,100,0,350,shippingservice,server,30,1,1,1,0
1,frontcatalog,100,0,365,adservice,server,14,1,1,1,0
1,frontcatalog,100,0,365,cartservice,server,35,2,2,2,0
1,frontcatalog,100,0,365,checkoutservice,checkout,29,1,1,1,0
1,frontcatalog,100,0,365,currencyservice,server,49,1,1,1,0
1,frontcatalog,100,0,365,emailservice,email,47,1,1,1,0
1,frontcatalog,100,0,365,frontend,productcatalog,65,1,1,1,0
1,frontcatalog,100,0,365,frontend,server,73,1,1,1,0
1,frontcatalog,100,0,365,paymentservice,payment,33,1,1,1,0
1,frontcatalog,100,0,365,recommendationservice,server,72,1,1,1,0
1,frontcatalog,100,0,365,redis-cart,-,,1,1,1,0
1,frontcatalog,100,0,365,shippingservice,server,30,1,1,1,0
1,frontcatalog,100,0,380,adservice,server,13,1,1,1,0
1,frontcatalog,100,0,380,cartservice,server,35,2,2,2,0
1,frontcatalog,100,0,380,checkoutservice,checkout,28,1,1,1,0
1,frontcatalog,100,0,380,currencyservice,server,49,1,1,1,0
1,frontcatalog,100,0,380,emailservice,email,47,1,1,1,0
1,frontcatalog,100,0,380,frontend,productcatalog,62,1,1,1,0
1,frontcatalog,100,0,380,frontend,server,69,1,1,1,0
1,frontcatalog,100,0,380,paymentservice,payment,34,1,1,1,0
1,frontcatalog,100,0,380,recommendationservice,server,67,1,1,1,0
1,frontcatalog,100,0,380,redis-cart,-,,1,1,1,0
1,frontcatalog,100,0,380,shippingservice,server,30,1,1,1,0
1,frontcatalog,100,0,396,adservice,server,13,1,1,1,0
1,frontcatalog,100,0,396,cartservice,server,35,2,1,1,0
1,frontcatalog,100,0,396,checkoutservice,checkout,29,1,1,1,0
1,frontcatalog,100,0,396,currencyservice,server,49,1,1,1,0
1,frontcatalog,100,0,396,emailservice,email,46,1,1,1,0
1,frontcatalog,100,0,396,frontend,productcatalog,61,1,1,1,0
1,frontcatalog,100,0,396,frontend,server,69,1,1,1,0
1,frontcatalog,100,0,396,paymentservice,payment,35,1,1,1,0
1,frontcatalog,100,0,396,recommendationservice,server,67,1,1,1,0
1,frontcatalog,100,0,396,redis-cart,-,,1,1,1,0
1,frontcatalog,100,0,396,shippingservice,server,30,1,1,1,0
1,frontcatalog,100,0,411,adservice,server,13,1,1,1,0
1,frontcatalog,100,0,411,cartservice,server,77,1,1,1,0
1,frontcatalog,100,0,411,checkoutservice,checkout,28,1,1,1,0
1,frontcatalog,100,0,411,currencyservice,server,47,1,1,1,0
1,frontcatalog,100,0,411,emailservice,email,45,1,1,1,0
1,frontcatalog,100,0,411,frontend,productcatalog,62,1,1,1,0
1,frontcatalog,100,0,411,frontend,server,69,1,1,1,0
1,frontcatalog,100,0,411,paymentservice,payment,34,1,1,1,0
1,frontcatalog,100,0,411,recommendationservice,server,67,1,1,1,0
1,frontcatalog,100,0,411,redis-cart,-,,1,1,1,0
1,frontcatalog,100,0,411,shippingservice,server,29,1,1,1,0
1,frontcatalog,100,0,426,adservice,server,12,1,1,1,0
1,frontcatalog,100,0,426,cartservice,server,77,1,2,1,0
1,frontcatalog,100,0,426,checkoutservice,checkout,29,1,1,1,0
1,frontcatalog,100,0,426,currencyservice,server,48,1,1,1,0
1,frontcatalog,100,0,426,emailservice,email,46,1,1,1,0
1,frontcatalog,100,0,426,frontend,productcatalog,59,1,1,1,0
1,frontcatalog,100,0,426,frontend,server,68,1,1,1,0
1,frontcatalog,100,0,426,paymentservice,payment,34,1,1,1,0
1,frontcatalog,100,0,426,recommendationservice,server,67,1,1,1,0
1,frontcatalog,100,0,426,redis-cart,-,,1,1,1,0
1,frontcatalog,100,0,426,shippingservice,server,30,1,1,1,0
1,frontcatalog,100,0,441,adservice,server,12,1,1,1,0
1,frontcatalog,100,0,441,cartservice,server,72,2,2,2,0
1,frontcatalog,100,0,441,checkoutservice,checkout,27,1,1,1,0
1,frontcatalog,100,0,441,currencyservice,server,50,1,1,1,0
1,frontcatalog,100,0,441,emailservice,email,47,1,1,1,0
1,frontcatalog,100,0,441,frontend,productcatalog,64,1,1,1,0
1,frontcatalog,100,0,441,frontend,server,69,1,1,1,0
1,frontcatalog,100,0,441,paymentservice,payment,12,1,1,1,0
1,frontcatalog,100,0,441,recommendationservice,server,25,1,1,1,0
1,frontcatalog,100,0,441,redis-cart,-,,1,1,1,0
1,frontcatalog,100,0,441,shippingservice,server,13,1,1,1,0
1,frontcatalog,100,0,0,adservice,server,8,1,1,1,0
1,frontcatalog,100,0,0,cartservice,server,24,2,2,2,0
1,frontcatalog,100,0,0,checkoutservice,checkout,10,1,1,1,0
1,frontcatalog,100,0,0,currencyservice,server,4,1,1,1,0
1,frontcatalog,100,0,0,emailservice,email,7,1,1,1,0
1,frontcatalog,100,0,0,frontend,productcatalog,64,1,1,1,0
1,frontcatalog,100,0,0,frontend,server,29,1,1,1,0
1,frontcatalog,100,0,0,paymentservice,payment,0,1,1,1,0
1,frontcatalog,100,0,0,recommendationservice,server,0,1,1,1,0
1,frontcatalog,100,0,0,redis-cart,-,,1,1,1,0
1,frontcatalog,100,0,0,shippingservice,server,0,1,1,1,0
1,frontcatalog,100,0,15,adservice,server,1,1,1,1,0
1,frontcatalog,100,0,15,cartservice,server,1,2,2,2,0
1,frontcatalog,100,0,15,checkoutservice,checkout,0,1,1,1,0
1,frontcatalog,100,0,15,currencyservice,server,0,1,1,1,0
1,frontcatalog,100,0,15,emailservice,email,1,1,1,1,0
1,frontcatalog,100,0,15,frontend,productcatalog,1,1,1,1,0
1,frontcatalog,100,0,15,frontend,server,0,1,1,1,0
1,frontcatalog,100,0,15,paymentservice,payment,0,1,1,1,0
1,frontcatalog,100,0,15,recommendationservice,server,22,1,1,1,0
1,frontcatalog,100,0,15,redis-cart,-,,1,1,1,0
1,frontcatalog,100,0,15,shippingservice,server,0,1,1,1,0
1,frontcatalog,100,0,31,adservice,server,1,1,1,1,0
1,frontcatalog,100,0,31,cartservice,server,3,2,2,2,0
1,frontcatalog,100,0,31,checkoutservice,checkout,0,1,1,1,0
1,frontcatalog,100,0,31,currencyservice,server,17,1,1,1,0
1,frontcatalog,100,0,31,emailservice,email,1,1,1,1,0
1,frontcatalog,100,0,31,frontend,productcatalog,14,1,1,1,0
1,frontcatalog,100,0,31,frontend,server,0,1,1,1,0
1,frontcatalog,100,0,31,paymentservice,payment,27,1,1,1,0
1,frontcatalog,100,0,31,recommendationservice,server,90,1,1,1,0
1,frontcatalog,100,0,31,redis-cart,-,,1,1,1,0
1,frontcatalog,100,0,31,shippingservice,server,23,1,1,1,0
1,frontcatalog,100,0,46,adservice,server,10,1,1,1,0
1,frontcatalog,100,0,46,cartservice,server,37,2,2,2,0
1,frontcatalog,100,0,46,checkoutservice,checkout,28,1,1,1,0
1,frontcatalog,100,0,46,currencyservice,server,17,1,1,1,0
1,frontcatalog,100,0,46,emailservice,email,39,1,1,1,0
1,frontcatalog,100,0,46,frontend,productcatalog,79,1,1,1,0
1,frontcatalog,100,0,46,frontend,server,41,1,1,1,0
1,frontcatalog,100,0,46,paymentservice,payment,35,1,1,1,0
1,frontcatalog,100,0,46,recommendationservice,server,90,1,2,2,0
1,frontcatalog,100,0,46,redis-cart,-,,1,1,1,0
1,frontcatalog,100,0,46,shippingservice,server,31,1,1,1,0
1,frontcatalog,100,0,61,adservice,server,24,1,1,1,0
1,frontcatalog,100,0,61,cartservice,server,48,2,2,2,0
1,frontcatalog,100,0,61,checkoutservice,checkout,31,1,1,1,0
1,frontcatalog,100,0,61,currencyservice,server,55,1,1,1,0
1,frontcatalog,100,0,61,emailservice,email,47,1,1,1,0
1,frontcatalog,100,0,61,frontend,productcatalog,80,1,2,1,0
1,frontcatalog,100,0,61,frontend,server,89,1,2,1,0
1,frontcatalog,100,0,61,paymentservice,payment,36,1,1,1,0
1,frontcatalog,100,0,61,recommendationservice,server,86,2,2,2,0
1,frontcatalog,100,0,61,redis-cart,-,,1,1,1,0
1,frontcatalog,100,0,61,shippingservice,server,31,1,1,1,0
1,frontcatalog,100,0,76,adservice,server,22,1,1,1,0
1,frontcatalog,100,0,76,cartservice,server,46,2,2,2,0
1,frontcatalog,100,0,76,checkoutservice,checkout,30,1,1,1,0
1,frontcatalog,100,0,76,currencyservice,server,56,1,1,1,0
1,frontcatalog,100,0,76,emailservice,email,48,1,1,1,0
1,frontcatalog,100,0,76,frontend,productcatalog,78,2,2,2,0
1,frontcatalog,100,0,76,frontend,server,89,2,2,2,0
1,frontcatalog,100,0,76,paymentservice,payment,30,1,1,1,0
1,frontcatalog,100,0,76,recommendationservice,server,45,2,2,2,0
1,frontcatalog,100,0,76,redis-cart,-,,1,1,1,0
1,frontcatalog,100,0,76,shippingservice,server,31,1,1,1,0
1,frontcatalog,100,0,91,adservice,server,24,1,1,1,0
1,frontcatalog,100,0,91,cartservice,server,40,2,2,2,0
1,frontcatalog,100,0,91,checkoutservice,checkout,30,1,1,1,0
1,frontcatalog,100,0,91,currencyservice,server,54,1,1,1,0
1,frontcatalog,100,0,91,emailservice,email,46,1,1,1,0
1,frontcatalog,100,0,91,frontend,productcatalog,79,2,2,2,0
1,frontcatalog,100,0,91,frontend,server,91,2,2,2,0
1,frontcatalog,100,0,91,paymentservice,payment,34,1,1,1,0
1,frontcatalog,100,0,91,recommendationservice,server,47,2,2,2,0
1,frontcatalog,100,0,91,redis-cart,-,,1,1,1,0
1,frontcatalog,100,0,91,shippingservice,server,31,1,1,1,0
1,frontcatalog,100,0,107,adservice,server,27,1,1,1,0
1,frontcatalog,100,0,107,cartservice,server,42,2,2,2,0
1,frontcatalog,100,0,107,checkoutservice,checkout,28,1,1,1,0
1,frontcatalog,100,0,107,currencyservice,server,59,1,1,1,0
1,frontcatalog,100,0,107,emailservice,email,50,1,1,1,0
1,frontcatalog,100,0,107,frontend,productcatalog,87,2,2,2,0
1,frontcatalog,100,0,107,frontend,server,97,2,2,2,0
1,frontcatalog,100,0,107,paymentservice,payment,34,1,1,1,0
1,frontcatalog,100,0,107,recommendationservice,server,50,2,2,2,0
1,frontcatalog,100,0,107,redis-cart,-,,1,1,1,0
1,frontcatalog,100,0,107,shippingservice,server,33,1,1,1,0
1,frontcatalog,100,0,122,adservice,server,28,1,1,1,0
1,frontcatalog,100,0,122,cartservice,server,43,2,2,2,0
1,frontcatalog,100,0,122,checkoutservice,checkout,33,1,1,1,0
1,frontcatalog,100,0,122,currencyservice,server,56,1,1,1,0
1,frontcatalog,100,0,122,emailservice,email,53,1,1,1,0
1,frontcatalog,100,0,122,frontend,productcatalog,44,2,2,2,0
1,frontcatalog,100,0,122,frontend,server,46,2,2,2,0
1,frontcatalog,100,0,122,paymentservice,payment,34,1,1,1,0
1,frontcatalog,100,0,122,recommendationservice,server,46,2,2,2,0
1,frontcatalog,100,0,122,redis-cart,-,,1,1,1,0
1,frontcatalog,100,0,122,shippingservice,server,33,1,1,1,0
1,frontcatalog,100,0,137,adservice,server,25,1,1,1,0
1,frontcatalog,100,0,137,cartservice,server,43,2,2,2,0
1,frontcatalog,100,0,137,checkoutservice,checkout,32,1,1,1,0
1,frontcatalog,100,0,137,currencyservice,server,58,1,1,1,0
1,frontcatalog,100,0,137,emailservice,email,48,1,1,1,0
1,frontcatalog,100,0,137,frontend,productcatalog,38,2,2,2,0
1,frontcatalog,100,0,137,frontend,server,42,2,2,2,0
1,frontcatalog,100,0,137,paymentservice,payment,36,1,1,1,0
1,frontcatalog,100,0,137,recommendationservice,server,42,2,2,2,0
1,frontcatalog,100,0,137,redis-cart,-,,1,1,1,0
1,frontcatalog,100,0,137,shippingservice,server,31,1,1,1,0
1,frontcatalog,100,0,152,adservice,server,22,1,1,1,0
1,frontcatalog,100,0,152,cartservice,server,49,2,2,2,0
1,frontcatalog,100,0,152,checkoutservice,checkout,30,1,1,1,0
1,frontcatalog,100,0,152,currencyservice,server,57,1,1,1,0
1,frontcatalog,100,0,152,emailservice,email,48,1,1,1,0
1,frontcatalog,100,0,152,frontend,productcatalog,40,2,2,2,0
1,frontcatalog,100,0,152,frontend,server,44,2,2,2,0
1,frontcatalog,100,0,152,paymentservice,payment,36,1,1,1,0
1,frontcatalog,100,0,152,recommendationservice,server,44,2,2,2,0
1,frontcatalog,100,0,152,redis-cart,-,,1,1,1,0
1,frontcatalog,100,0,152,shippingservice,server,31,1,1,1,0
1,frontcatalog,100,0,168,adservice,server,22,1,1,1,0
1,frontcatalog,100,0,168,cartservice,server,41,2,2,2,0
1,frontcatalog,100,0,168,checkoutservice,checkout,29,1,1,1,0
1,frontcatalog,100,0,168,currencyservice,server,56,1,1,1,0
1,frontcatalog,100,0,168,emailservice,email,48,1,1,1,0
1,frontcatalog,100,0,168,frontend,productcatalog,40,2,2,2,0
1,frontcatalog,100,0,168,frontend,server,45,2,2,2,0
1,frontcatalog,100,0,168,paymentservice,payment,34,1,1,1,0
1,frontcatalog,100,0,168,recommendationservice,server,44,2,2,2,0
1,frontcatalog,100,0,168,redis-cart,-,,1,1,1,0
1,frontcatalog,100,0,168,shippingservice,server,31,1,1,1,0
1,frontcatalog,100,0,183,adservice,server,21,1,1,1,0
1,frontcatalog,100,0,183,cartservice,server,41,2,2,2,0
1,frontcatalog,100,0,183,checkoutservice,checkout,30,1,1,1,0
1,frontcatalog,100,0,183,currencyservice,server,56,1,1,1,0
1,frontcatalog,100,0,183,emailservice,email,48,1,1,1,0
1,frontcatalog,100,0,183,frontend,productcatalog,42,2,2,2,0
1,frontcatalog,100,0,183,frontend,server,42,2,2,2,0
1,frontcatalog,100,0,183,paymentservice,payment,35,1,1,1,0
1,frontcatalog,100,0,183,recommendationservice,server,46,2,2,2,0
1,frontcatalog,100,0,183,redis-cart,-,,1,1,1,0
1,frontcatalog,100,0,183,shippingservice,server,30,1,1,1,0
1,frontcatalog,100,0,198,adservice,server,25,1,1,1,0
1,frontcatalog,100,0,198,cartservice,server,44,2,2,2,0
1,frontcatalog,100,0,198,checkoutservice,checkout,30,1,1,1,0
1,frontcatalog,100,0,198,currencyservice,server,56,1,1,1,0
1,frontcatalog,100,0,198,emailservice,email,48,1,1,1,0
1,frontcatalog,100,0,198,frontend,productcatalog,45,2,2,2,0
1,frontcatalog,100,0,198,frontend,server,48,2,2,2,0
1,frontcatalog,100,0,198,paymentservice,payment,28,1,1,1,0
1,frontcatalog,100,0,198,recommendationservice,server,45,2,2,2,0
1,frontcatalog,100,0,198,redis-cart,-,,1,1,1,0
1,frontcatalog,100,0,198,shippingservice,server,34,1,1,1,0
1,frontcatalog,100,0,213,adservice,server,27,1,1,1,0
1,frontcatalog,100,0,213,cartservice,server,52,2,2,2,0
1,frontcatalog,100,0,213,checkoutservice,checkout,30,1,1,1,0
1,frontcatalog,100,0,213,currencyservice,server,57,1,1,1,0
1,frontcatalog,100,0,213,emailservice,email,51,1,1,1,0
1,frontcatalog,100,0,213,frontend,productcatalog,42,2,2,2,0
1,frontcatalog,100,0,213,frontend,server,51,2,2,2,0
1,frontcatalog,100,0,213,paymentservice,payment,38,1,1,1,0
1,frontcatalog,100,0,213,recommendationservice,server,49,2,2,2,0
1,frontcatalog,100,0,213,redis-cart,-,,1,1,1,0
1,frontcatalog,100,0,213,shippingservice,server,30,1,1,1,0
1,frontcatalog,100,0,228,adservice,server,22,1,1,1,0
1,frontcatalog,100,0,228,cartservice,server,45,2,2,2,0
1,frontcatalog,100,0,228,checkoutservice,checkout,31,1,1,1,0
1,frontcatalog,100,0,228,currencyservice,server,56,1,1,1,0
1,frontcatalog,100,0,228,emailservice,email,49,1,1,1,0
1,frontcatalog,100,0,228,frontend,productcatalog,41,2,2,2,0
1,frontcatalog,100,0,228,frontend,server,45,2,2,2,0
1,frontcatalog,100,0,228,paymentservice,payment,33,1,1,1,0
1,frontcatalog,100,0,228,recommendationservice,server,45,2,2,2,0
1,frontcatalog,100,0,228,redis-cart,-,,1,1,1,0
1,frontcatalog,100,0,228,shippingservice,server,32,1,1,1,0
1,frontcatalog,100,0,244,adservice,server,25,1,1,1,0
1,frontcatalog,100,0,244,cartservice,server,44,2,2,2,0
1,frontcatalog,100,0,244,checkoutservice,checkout,30,1,1,1,0
1,frontcatalog,100,0,244,currencyservice,server,59,1,1,1,0
1,frontcatalog,100,0,244,emailservice,email,49,1,1,1,0
1,frontcatalog,100,0,244,frontend,productcatalog,39,2,2,2,0
1,frontcatalog,100,0,244,frontend,server,43,2,2,2,0
1,frontcatalog,100,0,244,paymentservice,payment,36,1,1,1,0
1,frontcatalog,100,0,244,recommendationservice,server,42,2,2,2,0
1,frontcatalog,100,0,244,redis-cart,-,,1,1,1,0
1,frontcatalog,100,0,244,shippingservice,server,32,1,1,1,0
1,frontcatalog,100,0,259,adservice,server,24,1,1,1,0
1,frontcatalog,100,0,259,cartservice,server,41,2,2,2,0
1,frontcatalog,100,0,259,checkoutservice,checkout,29,1,1,1,0
1,frontcatalog,100,0,259,currencyservice,server,57,1,1,1,0
1,frontcatalog,100,0,259,emailservice,email,47,1,1,1,0
1,frontcatalog,100,0,259,frontend,productcatalog,41,2,2,2,0
1,frontcatalog,100,0,259,frontend,server,43,2,2,2,0
1,frontcatalog,100,0,259,paymentservice,payment,35,1,1,1,0
1,frontcatalog,100,0,259,recommendationservice,server,47,2,2,2,0
1,frontcatalog,100,0,259,redis-cart,-,,1,1,1,0
1,frontcatalog,100,0,259,shippingservice,server,31,1,1,1,0
1,frontcatalog,100,0,274,adservice,server,22,1,1,1,0
1,frontcatalog,100,0,274,cartservice,server,41,2,2,2,0
1,frontcatalog,100,0,274,checkoutservice,checkout,29,1,1,1,0
1,frontcatalog,100,0,274,currencyservice,server,56,1,1,1,0
1,frontcatalog,100,0,274,emailservice,email,48,1,1,1,0
1,frontcatalog,100,0,274,frontend,productcatalog,39,2,2,2,0
1,frontcatalog,100,0,274,frontend,server,49,2,2,2,0
1,frontcatalog,100,0,274,paymentservice,payment,32,1,1,1,0
1,frontcatalog,100,0,274,recommendationservice,server,46,2,2,2,0
1,frontcatalog,100,0,274,redis-cart,-,,1,1,1,0
1,frontcatalog,100,0,274,shippingservice,server,30,1,1,1,0
1,frontcatalog,100,0,289,adservice,server,24,1,1,1,0
1,frontcatalog,100,0,289,cartservice,server,43,2,2,2,0
1,frontcatalog,100,0,289,checkoutservice,checkout,28,1,1,1,0
1,frontcatalog,100,0,289,currencyservice,server,54,1,1,1,0
1,frontcatalog,100,0,289,emailservice,email,44,1,1,1,0
1,frontcatalog,100,0,289,frontend,productcatalog,41,2,2,2,0
1,frontcatalog,100,0,289,frontend,server,47,2,2,2,0
1,frontcatalog,100,0,289,paymentservice,payment,35,1,1,1,0
1,frontcatalog,100,0,289,recommendationservice,server,45,2,2,2,0
1,frontcatalog,100,0,289,redis-cart,-,,1,1,1,0
1,frontcatalog,100,0,289,shippingservice,server,32,1,1,1,0
1,frontcatalog,100,0,305,adservice,server,24,1,1,1,0
1,frontcatalog,100,0,305,cartservice,server,42,2,2,2,0
1,frontcatalog,100,0,305,checkoutservice,checkout,32,1,1,1,0
1,frontcatalog,100,0,305,currencyservice,server,59,1,1,1,0
1,frontcatalog,100,0,305,emailservice,email,48,1,1,1,0
1,frontcatalog,100,0,305,frontend,productcatalog,39,2,2,2,0
1,frontcatalog,100,0,305,frontend,server,43,2,2,2,0
1,frontcatalog,100,0,305,paymentservice,payment,36,1,1,1,0
1,frontcatalog,100,0,305,recommendationservice,server,45,2,2,2,0
1,frontcatalog,100,0,305,redis-cart,-,,1,1,1,0
1,frontcatalog,100,0,305,shippingservice,server,31,1,1,1,0
1,frontcatalog,100,0,320,adservice,server,22,1,1,1,0
1,frontcatalog,100,0,320,cartservice,server,50,2,2,2,0
1,frontcatalog,100,0,320,checkoutservice,checkout,30,1,1,1,0
1,frontcatalog,100,0,320,currencyservice,server,56,1,1,1,0
1,frontcatalog,100,0,320,emailservice,email,51,1,1,1,0
1,frontcatalog,100,0,320,frontend,productcatalog,40,2,2,2,0
1,frontcatalog,100,0,320,frontend,server,45,2,2,2,0
1,frontcatalog,100,0,320,paymentservice,payment,34,1,1,1,0
1,frontcatalog,100,0,320,recommendationservice,server,44,2,2,2,0
1,frontcatalog,100,0,320,redis-cart,-,,1,1,1,0
1,frontcatalog,100,0,320,shippingservice,server,32,1,1,1,0
1,frontcatalog,100,0,335,adservice,server,22,1,1,1,0
1,frontcatalog,100,0,335,cartservice,server,47,2,2,2,0
1,frontcatalog,100,0,335,checkoutservice,checkout,30,1,1,1,0
1,frontcatalog,100,0,335,currencyservice,server,57,1,1,1,0
1,frontcatalog,100,0,335,emailservice,email,47,1,1,1,0
1,frontcatalog,100,0,335,frontend,productcatalog,40,2,2,2,0
1,frontcatalog,100,0,335,frontend,server,44,2,2,2,0
1,frontcatalog,100,0,335,paymentservice,payment,35,1,1,1,0
1,frontcatalog,100,0,335,recommendationservice,server,44,2,2,2,0
1,frontcatalog,100,0,335,redis-cart,-,,1,1,1,0
1,frontcatalog,100,0,335,shippingservice,server,31,1,1,1,0
1,frontcatalog,100,0,350,adservice,server,22,1,1,1,0
1,frontcatalog,100,0,350,cartservice,server,43,2,2,2,0
1,frontcatalog,100,0,350,checkoutservice,checkout,30,1,1,1,0
1,frontcatalog,100,0,350,currencyservice,server,57,1,1,1,0
1,frontcatalog,100,0,350,emailservice,email,50,1,1,1,0
1,frontcatalog,100,0,350,frontend,productcatalog,40,2,2,2,0
1,frontcatalog,100,0,350,frontend,server,46,2,2,2,0
1,frontcatalog,100,0,350,paymentservice,payment,35,1,1,1,0
1,frontcatalog,100,0,350,recommendationservice,server,44,2,2,2,0
1,frontcatalog,100,0,350,redis-cart,-,,1,1,1,0
1,frontcatalog,100,0,350,shippingservice,server,30,1,1,1,0
1,frontcatalog,100,0,365,adservice,server,22,1,1,1,0
1,frontcatalog,100,0,365,cartservice,server,44,2,2,2,0
1,frontcatalog,100,0,365,checkoutservice,checkout,31,1,1,1,0
1,frontcatalog,100,0,365,currencyservice,server,57,1,1,1,0
1,frontcatalog,100,0,365,emailservice,email,49,1,1,1,0
1,frontcatalog,100,0,365,frontend,productcatalog,41,2,2,2,0
1,frontcatalog,100,0,365,frontend,server,43,2,2,2,0
1,frontcatalog,100,0,365,paymentservice,payment,35,1,1,1,0
1,frontcatalog,100,0,365,recommendationservice,server,44,2,2,2,0
1,frontcatalog,100,0,365,redis-cart,-,,1,1,1,0
1,frontcatalog,100,0,365,shippingservice,server,33,1,1,1,0
1,frontcatalog,100,0,381,adservice,server,22,1,1,1,0
1,frontcatalog,100,0,381,cartservice,server,47,2,2,2,0
1,frontcatalog,100,0,381,checkoutservice,checkout,30,1,1,1,0
1,frontcatalog,100,0,381,currencyservice,server,58,1,1,1,0
1,frontcatalog,100,0,381,emailservice,email,48,1,1,1,0
1,frontcatalog,100,0,381,frontend,productcatalog,40,2,2,2,0
1,frontcatalog,100,0,381,frontend,server,46,2,2,2,0
1,frontcatalog,100,0,381,paymentservice,payment,35,1,1,1,0
1,frontcatalog,100,0,381,recommendationservice,server,45,2,2,2,0
1,frontcatalog,100,0,381,redis-cart,-,,1,1,1,0
1,frontcatalog,100,0,381,shippingservice,server,31,1,1,1,0
1,frontcatalog,100,0,396,adservice,server,23,1,1,1,0
1,frontcatalog,100,0,396,cartservice,server,47,2,2,2,0
1,frontcatalog,100,0,396,checkoutservice,checkout,30,1,1,1,0
1,frontcatalog,100,0,396,currencyservice,server,56,1,1,1,0
1,frontcatalog,100,0,396,emailservice,email,45,1,1,1,0
1,frontcatalog,100,0,396,frontend,productcatalog,39,2,2,2,0
1,frontcatalog,100,0,396,frontend,server,43,2,2,2,0
1,frontcatalog,100,0,396,paymentservice,payment,35,1,1,1,0
1,frontcatalog,100,0,396,recommendationservice,server,44,2,2,2,0
1,frontcatalog,100,0,396,redis-cart,-,,1,1,1,0
1,frontcatalog,100,0,396,shippingservice,server,31,1,1,1,0
1,frontcatalog,100,0,411,adservice,server,23,1,1,1,0
1,frontcatalog,100,0,411,cartservice,server,43,2,2,2,0
1,frontcatalog,100,0,411,checkoutservice,checkout,29,1,1,1,0
1,frontcatalog,100,0,411,currencyservice,server,56,1,1,1,0
1,frontcatalog,100,0,411,emailservice,email,49,1,1,1,0
1,frontcatalog,100,0,411,frontend,productcatalog,39,2,2,2,0
1,frontcatalog,100,0,411,frontend,server,43,2,2,2,0
1,frontcatalog,100,0,411,paymentservice,payment,35,1,1,1,0
1,frontcatalog,100,0,411,recommendationservice,server,44,2,2,2,0
1,frontcatalog,100,0,411,redis-cart,-,,1,1,1,0
1,frontcatalog,100,0,411,shippingservice,server,31,1,1,1,0
1,frontcatalog,100,0,426,adservice,server,22,1,1,1,0
1,frontcatalog,100,0,426,cartservice,server,42,2,2,2,0
1,frontcatalog,100,0,426,checkoutservice,checkout,30,1,1,1,0
1,frontcatalog,100,0,426,currencyservice,server,56,1,1,1,0
1,frontcatalog,100,0,426,emailservice,email,48,1,1,1,0
1,frontcatalog,100,0,426,frontend,productcatalog,38,2,2,2,0
1,frontcatalog,100,0,426,frontend,server,43,2,2,2,0
1,frontcatalog,100,0,426,paymentservice,payment,33,1,1,1,0
1,frontcatalog,100,0,426,recommendationservice,server,44,2,2,2,0
1,frontcatalog,100,0,426,redis-cart,-,,1,1,1,0
1,frontcatalog,100,0,426,shippingservice,server,24,1,1,1,0
1,frontcatalog,100,0,441,adservice,server,22,1,1,1,0
1,frontcatalog,100,0,441,cartservice,server,37,2,2,2,0
1,frontcatalog,100,0,441,checkoutservice,checkout,29,1,1,1,0
1,frontcatalog,100,0,441,currencyservice,server,48,1,1,1,0
1,frontcatalog,100,0,441,emailservice,email,48,1,1,1,0
1,frontcatalog,100,0,441,frontend,productcatalog,16,2,2,2,0
1,frontcatalog,100,0,441,frontend,server,3,2,2,2,0
1,frontcatalog,100,0,441,paymentservice,payment,11,1,1,1,0
1,frontcatalog,100,0,441,recommendationservice,server,10,2,2,2,0
1,frontcatalog,100,0,441,redis-cart,-,,1,1,1,0
1,frontcatalog,100,0,441,shippingservice,server,0,1,1,1,0
1,frontcatalog,100,0,1,adservice,server,3,1,1,1,0
1,frontcatalog,100,0,1,cartservice,server,1,2,2,2,0
1,frontcatalog,100,0,1,checkoutservice,checkout,11,1,1,1,0
1,frontcatalog,100,0,1,currencyservice,server,48,1,1,1,0
1,frontcatalog,100,0,1,emailservice,email,28,1,1,1,0
1,frontcatalog,100,0,1,frontend,productcatalog,0,2,2,2,0
1,frontcatalog,100,0,1,frontend,server,0,2,2,2,0
1,frontcatalog,100,0,1,paymentservice,payment,0,1,1,1,0
1,frontcatalog,100,0,1,recommendationservice,server,0,2,2,2,0
1,frontcatalog,100,0,1,redis-cart,-,,1,1,1,0
1,frontcatalog,100,0,1,shippingservice,server,0,1,1,1,0
1,frontcatalog,100,0,16,adservice,server,3,1,1,1,0
1,frontcatalog,100,0,16,cartservice,server,1,2,2,2,0
1,frontcatalog,100,0,16,checkoutservice,checkout,0,1,1,1,0
1,frontcatalog,100,0,16,currencyservice,server,0,1,1,1,0
1,frontcatalog,100,0,16,emailservice,email,1,1,1,1,0
1,frontcatalog,100,0,16,frontend,productcatalog,15,2,2,2,0
1,frontcatalog,100,0,16,frontend,server,22,2,2,2,0
1,frontcatalog,100,0,16,paymentservice,payment,0,1,1,1,0
1,frontcatalog,100,0,16,recommendationservice,server,21,2,2,2,0
1,frontcatalog,100,0,16,redis-cart,-,,1,1,1,0
1,frontcatalog,100,0,16,shippingservice,server,0,1,1,1,0
1,frontcatalog,100,0,31,adservice,server,9,1,1,1,0
1,frontcatalog,100,0,31,cartservice,server,31,2,2,2,0
1,frontcatalog,100,0,31,checkoutservice,checkout,4,1,1,1,0
1,frontcatalog,100,0,31,currencyservice,server,0,1,1,1,0
1,frontcatalog,100,0,31,emailservice,email,4,1,1,1,0
1,frontcatalog,100,0,31,frontend,productcatalog,55,2,2,2,0
1,frontcatalog,100,0,31,frontend,server,61,2,2,2,0
1,frontcatalog,100,0,31,paymentservice,payment,39,1,1,1,0
1,frontcatalog,100,0,31,recommendationservice,server,59,2,2,2,0
1,frontcatalog,100,0,31,redis-cart,-,,1,1,1,0
1,frontcatalog,100,0,31,shippingservice,server,24,1,1,1,0
1,frontcatalog,100,0,46,adservice,server,9,1,1,1,0
1,frontcatalog,100,0,46,cartservice,server,65,2,2,2,0
1,frontcatalog,100,0,46,checkoutservice,checkout,34,1,1,1,0
1,frontcatalog,100,0,46,currencyservice,server,58,1,1,1,0
1,frontcatalog,100,0,46,emailservice,email,52,1,1,1,0
1,frontcatalog,100,0,46,frontend,productcatalog,53,2,2,2,0
1,frontcatalog,100,0,46,frontend,server,60,2,2,2,0
1,frontcatalog,100,0,46,paymentservice,payment,40,1,1,1,0
1,frontcatalog,100,0,46,recommendationservice,server,60,2,2,2,0
1,frontcatalog,100,0,46,redis-cart,-,,1,1,1,0
1,frontcatalog,100,0,46,shippingservice,server,35,1,1,1,0
1,frontcatalog,100,0,61,adservice,server,36,1,1,1,0
1,frontcatalog,100,0,61,cartservice,server,68,2,2,2,0
1,frontcatalog,100,0,61,checkoutservice,checkout,35,1,1,1,0
1,frontcatalog,100,0,61,currencyservice,server,75,1,1,1,0
1,frontcatalog,100,0,61,emailservice,email,53,1,1,1,0
1,frontcatalog,100,0,61,frontend,productcatalog,52,2,2,2,0
1,frontcatalog,100,0,61,frontend,server,60,2,2,2,0
1,frontcatalog,100,0,61,paymentservice,payment,35,1,1,1,0
1,frontcatalog,100,0,61,recommendationservice,server,58,2,2,2,0
1,frontcatalog,100,0,61,redis-cart,-,,1,1,1,0
1,frontcatalog,100,0,61,shippingservice,server,34,1,1,1,0
1,frontcatalog,100,0,77,adservice,server,35,1,1,1,0
1,frontcatalog,100,0,77,cartservice,server,60,2,2,2,0
1,frontcatalog,100,0,77,checkoutservice,checkout,33,1,1,1,0
1,frontcatalog,100,0,77,currencyservice,server,75,1,1,1,0
1,frontcatalog,100,0,77,emailservice,email,52,1,1,1,0
1,frontcatalog,100,0,77,frontend,productcatalog,54,2,2,2,0
1,frontcatalog,100,0,77,frontend,server,59,2,2,2,0
1,frontcatalog,100,0,77,paymentservice,payment,39,1,1,1,0
1,frontcatalog,100,0,77,recommendationservice,server,60,2,2,2,0
1,frontcatalog,100,0,77,redis-cart,-,,1,1,1,0
1,frontcatalog,100,0,77,shippingservice,server,34,1,1,1,0
1,frontcatalog,100,0,92,adservice,server,35,1,1,1,0
1,frontcatalog,100,0,92,cartservice,server,60,2,2,2,0
1,frontcatalog,100,0,92,checkoutservice,checkout,33,1,1,1,0
1,frontcatalog,100,0,92,currencyservice,server,72,1,1,1,0
1,frontcatalog,100,0,92,emailservice,email,52,1,1,1,0
1,frontcatalog,100,0,92,frontend,productcatalog,54,2,2,2,0
1,frontcatalog,100,0,92,frontend,server,60,2,2,2,0
1,frontcatalog,100,0,92,paymentservice,payment,37,1,1,1,0
1,frontcatalog,100,0,92,recommendationservice,server,61,2,2,2,0
1,frontcatalog,100,0,92,redis-cart,-,,1,1,1,0
1,frontcatalog,100,0,92,shippingservice,server,35,1,1,1,0
1,frontcatalog,100,0,107,adservice,server,36,1,1,1,0
1,frontcatalog,100,0,107,cartservice,server,60,2,2,2,0
1,frontcatalog,100,0,107,checkoutservice,checkout,33,1,1,1,0
1,frontcatalog,100,0,107,currencyservice,server,73,1,1,1,0
1,frontcatalog,100,0,107,emailservice,email,52,1,1,1,0
1,frontcatalog,100,0,107,frontend,productcatalog,53,2,2,2,0
1,frontcatalog,100,0,107,frontend,server,59,2,2,2,0
1,frontcatalog,100,0,107,paymentservice,payment,37,1,1,1,0
1,frontcatalog,100,0,107,recommendationservice,server,58,2,2,2,0
1,frontcatalog,100,0,107,redis-cart,-,,1,1,1,0
1,frontcatalog,100,0,107,shippingservice,server,33,1,1,1,0
1,frontcatalog,100,0,122,adservice,server,36,1,1,1,0
1,frontcatalog,100,0,122,cartservice,server,61,2,2,2,0
1,frontcatalog,100,0,122,checkoutservice,checkout,33,1,1,1,0
1,frontcatalog,100,0,122,currencyservice,server,73,1,1,1,0
1,frontcatalog,100,0,122,emailservice,email,51,1,1,1,0
1,frontcatalog,100,0,122,frontend,productcatalog,52,2,2,2,0
1,frontcatalog,100,0,122,frontend,server,60,2,2,2,0
1,frontcatalog,100,0,122,paymentservice,payment,33,1,1,1,0
1,frontcatalog,100,0,122,recommendationservice,server,60,2,2,2,0
1,frontcatalog,100,0,122,redis-cart,-,,1,1,1,0
1,frontcatalog,100,0,122,shippingservice,server,33,1,1,1,0
1,frontcatalog,100,0,138,adservice,server,35,1,1,1,0
1,frontcatalog,100,0,138,cartservice,server,52,2,2,2,0
1,frontcatalog,100,0,138,checkoutservice,checkout,32,1,1,1,0
1,frontcatalog,100,0,138,currencyservice,server,73,1,1,1,0
1,frontcatalog,100,0,138,emailservice,email,50,1,1,1,0
1,frontcatalog,100,0,138,frontend,productcatalog,54,2,2,2,0
1,frontcatalog,100,0,138,frontend,server,59,2,2,2,0
1,frontcatalog,100,0,138,paymentservice,payment,37,1,1,1,0
1,frontcatalog,100,0,138,recommendationservice,server,58,2,2,2,0
1,frontcatalog,100,0,138,redis-cart,-,,1,1,1,0
1,frontcatalog,100,0,138,shippingservice,server,33,1,1,1,0
1,frontcatalog,100,0,153,adservice,server,35,1,1,1,0
1,frontcatalog,100,0,153,cartservice,server,64,2,2,2,0
1,frontcatalog,100,0,153,checkoutservice,checkout,33,1,1,1,0
1,frontcatalog,100,0,153,currencyservice,server,71,1,1,1,0
1,frontcatalog,100,0,153,emailservice,email,53,1,1,1,0
1,frontcatalog,100,0,153,frontend,productcatalog,52,2,2,2,0
1,frontcatalog,100,0,153,frontend,server,58,2,2,2,0
1,frontcatalog,100,0,153,paymentservice,payment,36,1,1,1,0
1,frontcatalog,100,0,153,recommendationservice,server,58,2,2,2,0
1,frontcatalog,100,0,153,redis-cart,-,,1,1,1,0
1,frontcatalog,100,0,153,shippingservice,server,34,1,1,1,0
1,frontcatalog,100,0,168,adservice,server,35,1,1,1,0
1,frontcatalog,100,0,168,cartservice,server,59,2,2,2,0
1,frontcatalog,100,0,168,checkoutservice,checkout,33,1,1,1,0
1,frontcatalog,100,0,168,currencyservice,server,72,1,1,1,0
1,frontcatalog,100,0,168,emailservice,email,51,1,1,1,0
1,frontcatalog,100,0,168,frontend,productcatalog,52,2,2,2,0
1,frontcatalog,100,0,168,frontend,server,59,2,2,2,0
1,frontcatalog,100,0,168,paymentservice,payment,38,1,1,1,0
1,frontcatalog,100,0,168,recommendationservice,server,59,2,2,2,0
1,frontcatalog,100,0,168,redis-cart,-,,1,1,1,0
1,frontcatalog,100,0,168,shippingservice,server,33,1,1,1,0
1,frontcatalog,100,0,183,adservice,server,35,1,1,1,0
1,frontcatalog,100,0,183,cartservice,server,56,2,2,2,0
1,frontcatalog,100,0,183,checkoutservice,checkout,32,1,1,1,0
1,frontcatalog,100,0,183,currencyservice,server,72,1,1,1,0
1,frontcatalog,100,0,183,emailservice,email,51,1,1,1,0
1,frontcatalog,100,0,183,frontend,productcatalog,52,2,2,2,0
1,frontcatalog,100,0,183,frontend,server,57,2,2,2,0
1,frontcatalog,100,0,183,paymentservice,payment,34,1,1,1,0
1,frontcatalog,100,0,183,recommendationservice,server,59,2,2,2,0
1,frontcatalog,100,0,183,redis-cart,-,,1,1,1,0
1,frontcatalog,100,0,183,shippingservice,server,32,1,1,1,0
1,frontcatalog,100,0,198,adservice,server,35,1,1,1,0
1,frontcatalog,100,0,198,cartservice,server,51,2,2,2,0
1,frontcatalog,100,0,198,checkoutservice,checkout,31,1,1,1,0
1,frontcatalog,100,0,198,currencyservice,server,71,1,1,1,0
1,frontcatalog,100,0,198,emailservice,email,50,1,1,1,0
1,frontcatalog,100,0,198,frontend,productcatalog,53,2,2,2,0
1,frontcatalog,100,0,198,frontend,server,59,2,2,2,0
1,frontcatalog,100,0,198,paymentservice,payment,38,1,1,1,0
1,frontcatalog,100,0,198,recommendationservice,server,58,2,2,2,0
1,frontcatalog,100,0,198,redis-cart,-,,1,1,1,0
1,frontcatalog,100,0,198,shippingservice,server,35,1,1,1,0
1,frontcatalog,100,0,214,adservice,server,34,1,1,1,0
1,frontcatalog,100,0,214,cartservice,server,58,2,2,2,0
1,frontcatalog,100,0,214,checkoutservice,checkout,33,1,1,1,0
1,frontcatalog,100,0,214,currencyservice,server,71,1,1,1,0
1,frontcatalog,100,0,214,emailservice,email,52,1,1,1,0
1,frontcatalog,100,0,214,frontend,productcatalog,53,2,2,2,0
1,frontcatalog,100,0,214,frontend,server,61,2,2,2,0
1,frontcatalog,100,0,214,paymentservice,payment,36,1,1,1,0
1,frontcatalog,100,0,214,recommendationservice,server,61,2,2,2,0
1,frontcatalog,100,0,214,redis-cart,-,,1,1,1,0
1,frontcatalog,100,0,214,shippingservice,server,32,1,1,1,0
1,frontcatalog,100,0,229,adservice,server,35,1,1,1,0
1,frontcatalog,100,0,229,cartservice,server,56,2,2,2,0
1,frontcatalog,100,0,229,checkoutservice,checkout,31,1,1,1,0
1,frontcatalog,100,0,229,currencyservice,server,73,1,1,1,0
1,frontcatalog,100,0,229,emailservice,email,51,1,1,1,0
1,frontcatalog,100,0,229,frontend,productcatalog,52,2,2,2,0
1,frontcatalog,100,0,229,frontend,server,58,2,2,2,0
1,frontcatalog,100,0,229,paymentservice,payment,35,1,1,1,0
1,frontcatalog,100,0,229,recommendationservice,server,61,2,2,2,0
1,frontcatalog,100,0,229,redis-cart,-,,1,1,1,0
1,frontcatalog,100,0,229,shippingservice,server,33,1,1,1,0
1,frontcatalog,100,0,244,adservice,server,35,1,1,1,0
1,frontcatalog,100,0,244,cartservice,server,53,2,2,2,0
1,frontcatalog,100,0,244,checkoutservice,checkout,32,1,1,1,0
1,frontcatalog,100,0,244,currencyservice,server,71,1,1,1,0
1,frontcatalog,100,0,244,emailservice,email,51,1,1,1,0
1,frontcatalog,100,0,244,frontend,productcatalog,51,2,2,2,0
1,frontcatalog,100,0,244,frontend,server,57,2,2,2,0
1,frontcatalog,100,0,244,paymentservice,payment,37,1,1,1,0
1,frontcatalog,100,0,244,recommendationservice,server,59,2,2,2,0
1,frontcatalog,100,0,244,redis-cart,-,,1,1,1,0
1,frontcatalog,100,0,244,shippingservice,server,33,1,1,1,0
1,frontcatalog,100,0,259,adservice,server,35,1,1,1,0
1,frontcatalog,100,0,259,cartservice,server,53,2,2,2,0
1,frontcatalog,100,0,259,checkoutservice,checkout,32,1,1,1,0
1,frontcatalog,100,0,259,currencyservice,server,72,1,1,1,0
1,frontcatalog,100,0,259,emailservice,email,51,1,1,1,0
1,frontcatalog,100,0,259,frontend,productcatalog,52,2,2,2,0
1,frontcatalog,100,0,259,frontend,server,60,2,2,2,0
1,frontcatalog,100,0,259,paymentservice,payment,37,1,1,1,0
1,frontcatalog,100,0,259,recommendationservice,server,58,2,2,2,0
1,frontcatalog,100,0,259,redis-cart,-,,1,1,1,0
1,frontcatalog,100,0,259,shippingservice,server,34,1,1,1,0
1,frontcatalog,100,0,275,adservice,server,35,1,1,1,0
1,frontcatalog,100,0,275,cartservice,server,63,2,2,2,0
1,frontcatalog,100,0,275,checkoutservice,checkout,34,1,1,1,0
1,frontcatalog,100,0,275,currencyservice,server,72,1,1,1,0
1,frontcatalog,100,0,275,emailservice,email,53,1,1,1,0
1,frontcatalog,100,0,275,frontend,productcatalog,53,2,2,2,0
1,frontcatalog,100,0,275,frontend,server,61,2,2,2,0
1,frontcatalog,100,0,275,paymentservice,payment,38,1,1,1,0
1,frontcatalog,100,0,275,recommendationservice,server,60,2,2,2,0
1,frontcatalog,100,0,275,redis-cart,-,,1,1,1,0
1,frontcatalog,100,0,275,shippingservice,server,34,1,1,1,0
1,frontcatalog,100,0,290,adservice,server,37,1,1,1,0
1,frontcatalog,100,0,290,cartservice,server,62,2,2,2,0
1,frontcatalog,100,0,290,checkoutservice,checkout,33,1,1,1,0
1,frontcatalog,100,0,290,currencyservice,server,73,1,1,1,0
1,frontcatalog,100,0,290,emailservice,email,53,1,1,1,0
1,frontcatalog,100,0,290,frontend,productcatalog,52,2,2,2,0
1,frontcatalog,100,0,290,frontend,server,59,2,2,2,0
1,frontcatalog,100,0,290,paymentservice,payment,38,1,1,1,0
1,frontcatalog,100,0,290,recommendationservice,server,59,2,2,2,0
1,frontcatalog,100,0,290,redis-cart,-,,1,1,1,0
1,frontcatalog,100,0,290,shippingservice,server,35,1,1,1,0
1,frontcatalog,100,0,305,adservice,server,35,1,1,1,0
1,frontcatalog,100,0,305,cartservice,server,65,2,2,2,0
1,frontcatalog,100,0,305,checkoutservice,checkout,35,1,1,1,0
1,frontcatalog,100,0,305,currencyservice,server,74,1,1,1,0
1,frontcatalog,100,0,305,emailservice,email,53,1,1,1,0
1,frontcatalog,100,0,305,frontend,productcatalog,55,2,2,2,0
1,frontcatalog,100,0,305,frontend,server,60,2,2,2,0
1,frontcatalog,100,0,305,paymentservice,payment,38,1,1,1,0
1,frontcatalog,100,0,305,recommendationservice,server,59,2,2,2,0
1,frontcatalog,100,0,305,redis-cart,-,,1,1,1,0
1,frontcatalog,100,0,305,shippingservice,server,35,1,1,1,0
1,frontcatalog,100,0,320,adservice,server,35,1,1,1,0
1,frontcatalog,100,0,320,cartservice,server,66,2,2,2,0
1,frontcatalog,100,0,320,checkoutservice,checkout,34,1,1,1,0
1,frontcatalog,100,0,320,currencyservice,server,74,1,1,1,0
1,frontcatalog,100,0,320,emailservice,email,52,1,1,1,0
1,frontcatalog,100,0,320,frontend,productcatalog,54,2,2,2,0
1,frontcatalog,100,0,320,frontend,server,61,2,2,2,0
1,frontcatalog,100,0,320,paymentservice,payment,37,1,1,1,0
1,frontcatalog,100,0,320,recommendationservice,server,59,2,2,2,0
1,frontcatalog,100,0,320,redis-cart,-,,1,1,1,0
1,frontcatalog,100,0,320,shippingservice,server,35,1,1,1,0
1,frontcatalog,100,0,336,adservice,server,36,1,1,1,0
1,frontcatalog,100,0,336,cartservice,server,63,2,2,2,0
1,frontcatalog,100,0,336,checkoutservice,checkout,34,1,1,1,0
1,frontcatalog,100,0,336,currencyservice,server,75,1,1,1,0
1,frontcatalog,100,0,336,emailservice,email,52,1,1,1,0
1,frontcatalog,100,0,336,frontend,productcatalog,53,2,2,2,0
1,frontcatalog,100,0,336,frontend,server,58,2,2,2,0
1,frontcatalog,100,0,336,paymentservice,payment,38,1,1,1,0
1,frontcatalog,100,0,336,recommendationservice,server,58,2,2,2,0
1,frontcatalog,100,0,336,redis-cart,-,,1,1,1,0
1,frontcatalog,100,0,336,shippingservice,server,34,1,1,1,0
1,frontcatalog,100,0,351,adservice,server,35,1,1,1,0
1,frontcatalog,100,0,351,cartservice,server,57,2,2,2,0
1,frontcatalog,100,0,351,checkoutservice,checkout,33,1,1,1,0
1,frontcatalog,100,0,351,currencyservice,server,72,1,1,1,0
1,frontcatalog,100,0,351,emailservice,email,53,1,1,1,0
1,frontcatalog,100,0,351,frontend,productcatalog,52,2,2,2,0
1,frontcatalog,100,0,351,frontend,server,60,2,2,2,0
1,frontcatalog,100,0,351,paymentservice,payment,37,1,1,1,0
1,frontcatalog,100,0,351,recommendationservice,server,61,2,2,2,0
1,frontcatalog,100,0,351,redis-cart,-,,1,1,1,0
1,frontcatalog,100,0,351,shippingservice,server,34,1,1,1,0
1,frontcatalog,100,0,366,adservice,server,35,1,1,1,0
1,frontcatalog,100,0,366,cartservice,server,61,2,2,2,0
1,frontcatalog,100,0,366,checkoutservice,checkout,34,1,1,1,0
1,frontcatalog,100,0,366,currencyservice,server,72,1,1,1,0
1,frontcatalog,100,0,366,emailservice,email,50,1,1,1,0
1,frontcatalog,100,0,366,frontend,productcatalog,52,2,2,2,0
1,frontcatalog,100,0,366,frontend,server,61,2,2,2,0
1,frontcatalog,100,0,366,paymentservice,payment,33,1,1,1,0
1,frontcatalog,100,0,366,recommendationservice,server,59,2,2,2,0
1,frontcatalog,100,0,366,redis-cart,-,,1,1,1,0
1,frontcatalog,100,0,366,shippingservice,server,31,1,1,1,0
1,frontcatalog,100,0,381,adservice,server,36,1,1,1,0
1,frontcatalog,100,0,381,cartservice,server,51,2,2,2,0
1,frontcatalog,100,0,381,checkoutservice,checkout,29,1,1,1,0
1,frontcatalog,100,0,381,currencyservice,server,69,1,1,1,0
1,frontcatalog,100,0,381,emailservice,email,51,1,1,1,0
1,frontcatalog,100,0,381,frontend,productcatalog,52,2,2,2,0
1,frontcatalog,100,0,381,frontend,server,57,2,2,2,0
1,frontcatalog,100,0,381,paymentservice,payment,36,1,1,1,0
1,frontcatalog,100,0,381,recommendationservice,server,60,2,2,2,0
1,frontcatalog,100,0,381,redis-cart,-,,1,1,1,0
1,frontcatalog,100,0,381,shippingservice,server,34,1,1,1,0
1,frontcatalog,100,0,397,adservice,server,35,1,1,1,0
1,frontcatalog,100,0,397,cartservice,server,56,2,2,2,0
1,frontcatalog,100,0,397,checkoutservice,checkout,32,1,1,1,0
1,frontcatalog,100,0,397,currencyservice,server,74,1,1,1,0
1,frontcatalog,100,0,397,emailservice,email,51,1,1,1,0
1,frontcatalog,100,0,397,frontend,productcatalog,53,2,2,2,0
1,frontcatalog,100,0,397,frontend,server,61,2,2,2,0
1,frontcatalog,100,0,397,paymentservice,payment,35,1,1,1,0
1,frontcatalog,100,0,397,recommendationservice,server,59,2,2,2,0
1,frontcatalog,100,0,397,redis-cart,-,,1,1,1,0
1,frontcatalog,100,0,397,shippingservice,server,33,1,1,1,0
1,frontcatalog,100,0,412,adservice,server,36,1,1,1,0
1,frontcatalog,100,0,412,cartservice,server,61,2,2,2,0
1,frontcatalog,100,0,412,checkoutservice,checkout,33,1,1,1,0
1,frontcatalog,100,0,412,currencyservice,server,72,1,1,1,0
1,frontcatalog,100,0,412,emailservice,email,53,1,1,1,0
1,frontcatalog,100,0,412,frontend,productcatalog,54,2,2,2,0
1,frontcatalog,100,0,412,frontend,server,59,2,2,2,0
1,frontcatalog,100,0,412,paymentservice,payment,38,1,1,1,0
1,frontcatalog,100,0,412,recommendationservice,server,61,2,2,2,0
1,frontcatalog,100,0,412,redis-cart,-,,1,1,1,0
1,frontcatalog,100,0,412,shippingservice,server,33,1,1,1,0
1,frontcatalog,100,0,427,adservice,server,36,1,1,1,0
1,frontcatalog,100,0,427,cartservice,server,58,2,2,2,0
1,frontcatalog,100,0,427,checkoutservice,checkout,34,1,1,1,0
1,frontcatalog,100,0,427,currencyservice,server,72,1,1,1,0
1,frontcatalog,100,0,427,emailservice,email,53,1,1,1,0
1,frontcatalog,100,0,427,frontend,productcatalog,54,2,2,2,0
1,frontcatalog,100,0,427,frontend,server,60,2,2,2,0
1,frontcatalog,100,0,427,paymentservice,payment,37,1,1,1,0
1,frontcatalog,100,0,427,recommendationservice,server,59,2,2,2,0
1,frontcatalog,100,0,427,redis-cart,-,,1,1,1,0
1,frontcatalog,100,0,427,shippingservice,server,35,1,1,1,0
1,frontcatalog,100,0,442,adservice,server,36,1,1,1,0
1,frontcatalog,100,0,442,cartservice,server,66,2,2,2,0
1,frontcatalog,100,0,442,checkoutservice,checkout,33,1,1,1,0
1,frontcatalog,100,0,442,currencyservice,server,74,1,1,1,0
1,frontcatalog,100,0,442,emailservice,email,48,1,1,1,0
1,frontcatalog,100,0,442,frontend,productcatalog,55,2,2,2,0
1,frontcatalog,100,0,442,frontend,server,61,2,2,2,0
1,frontcatalog,100,0,442,paymentservice,payment,38,1,1,1,0
1,frontcatalog,100,0,442,recommendationservice,server,35,2,2,2,0
1,frontcatalog,100,0,442,redis-cart,-,,1,1,1,0
1,frontcatalog,100,0,442,shippingservice,server,35,1,1,1,0
1,frontcatalog,100,0,0,adservice,server,9,1,1,1,0
1,frontcatalog,100,0,0,cartservice,server,0,2,2,2,0
1,frontcatalog,100,0,0,checkoutservice,checkout,0,1,1,1,0
1,frontcatalog,100,0,0,currencyservice,server,43,1,1,1,0
1,frontcatalog,100,0,0,emailservice,email,1,1,1,1,0
1,frontcatalog,100,0,0,frontend,productcatalog,0,2,2,2,0
1,frontcatalog,100,0,0,frontend,server,0,2,2,2,0
1,frontcatalog,100,0,0,paymentservice,payment,0,1,1,1,0
1,frontcatalog,100,0,0,recommendationservice,server,0,2,2,2,0
1,frontcatalog,100,0,0,redis-cart,-,,1,1,1,0
1,frontcatalog,100,0,0,shippingservice,server,0,1,1,1,0
1,frontcatalog,100,0,15,adservice,server,1,1,1,1,0
1,frontcatalog,100,0,15,cartservice,server,0,2,2,2,0
1,frontcatalog,100,0,15,checkoutservice,checkout,0,1,1,1,0
1,frontcatalog,100,0,15,currencyservice,server,0,1,1,1,0
1,frontcatalog,100,0,15,emailservice,email,37,1,1,1,0
1,frontcatalog,100,0,15,frontend,productcatalog,11,2,2,2,0
1,frontcatalog,100,0,15,frontend,server,28,2,2,2,0
1,frontcatalog,100,0,15,paymentservice,payment,14,1,1,1,0
1,frontcatalog,100,0,15,recommendationservice,server,0,2,1,1,0
1,frontcatalog,100,0,15,redis-cart,-,,1,1,1,0
1,frontcatalog,100,0,15,shippingservice,server,18,1,1,1,0
1,frontcatalog,100,0,31,adservice,server,39,1,1,1,0
1,frontcatalog,100,0,31,cartservice,server,7,2,2,2,0
1,frontcatalog,100,0,31,checkoutservice,checkout,15,1,1,1,0
1,frontcatalog,100,0,31,currencyservice,server,44,1,1,1,0
1,frontcatalog,100,0,31,emailservice,email,47,1,1,1,0
1,frontcatalog,100,0,31,frontend,productcatalog,65,2,2,2,0
1,frontcatalog,100,0,31,frontend,server,66,2,2,2,0
1,frontcatalog,100,0,31,paymentservice,payment,39,1,1,1,0
1,frontcatalog,100,0,31,recommendationservice,server,71,1,1,1,0
1,frontcatalog,100,0,31,redis-cart,-,,1,1,1,0
1,frontcatalog,100,0,31,shippingservice,server,18,1,1,1,0
1,frontcatalog,100,0,46,adservice,server,39,1,1,1,0
1,frontcatalog,100,0,46,cartservice,server,64,2,2,2,0
1,frontcatalog,100,0,46,checkoutservice,checkout,34,1,1,1,0
1,frontcatalog,100,0,46,currencyservice,server,85,1,1,1,0
1,frontcatalog,100,0,46,emailservice,email,49,1,1,1,0
1,frontcatalog,100,0,46,frontend,productcatalog,64,2,2,2,0
1,frontcatalog,100,0,46,frontend,server,71,2,2,2,0
1,frontcatalog,100,0,46,paymentservice,payment,28,1,1,1,0
1,frontcatalog,100,0,46,recommendationservice,server,137,1,1,1,0
1,frontcatalog,100,0,46,redis-cart,-,,1,1,1,0
1,frontcatalog,100,0,46,shippingservice,server,31,1,1,1,0
1,frontcatalog,100,0,61,adservice,server,47,1,1,1,0
1,frontcatalog,100,0,61,cartservice,server,52,2,2,2,0
1,frontcatalog,100,0,61,checkoutservice,checkout,27,1,1,1,0
1,frontcatalog,100,0,61,currencyservice,server,81,1,2,2,0
1,frontcatalog,100,0,61,emailservice,email,52,1,1,1,0
1,frontcatalog,100,0,61,frontend,productcatalog,65,2,2,2,0
1,frontcatalog,100,0,61,frontend,server,71,2,2,2,0
1,frontcatalog,100,0,61,paymentservice,payment,35,1,1,1,0
1,frontcatalog,100,0,61,recommendationservice,server,126,1,2,2,0
1,frontcatalog,100,0,61,redis-cart,-,,1,1,1,0
1,frontcatalog,100,0,61,shippingservice,server,31,1,1,1,0
1,frontcatalog,100,0,76,adservice,server,47,1,1,1,0
1,frontcatalog,100,0,76,cartservice,server,68,2,2,2,0
1,frontcatalog,100,0,76,checkoutservice,checkout,32,1,1,1,0
1,frontcatalog,100,0,76,currencyservice,server,81,2,2,2,0
1,frontcatalog,100,0,76,emailservice,email,53,1,1,1,0
1,frontcatalog,100,0,76,frontend,productcatalog,64,2,2,2,0
1,frontcatalog,100,0,76,frontend,server,73,2,2,2,0
1,frontcatalog,100,0,76,paymentservice,payment,38,1,1,1,0
1,frontcatalog,100,0,76,recommendationservice,server,145,2,2,2,0
1,frontcatalog,100,0,76,redis-cart,-,,1,1,1,0
1,frontcatalog,100,0,76,shippingservice,server,32,1,1,1,0
1,frontcatalog,100,0,92,adservice,server,49,1,1,1,0
1,frontcatalog,100,0,92,cartservice,server,67,2,2,2,0
1,frontcatalog,100,0,92,checkoutservice,checkout,33,1,1,1,0
1,frontcatalog,100,0,92,currencyservice,server,83,2,2,2,0
1,frontcatalog,100,0,92,emailservice,email,51,1,1,1,0
1,frontcatalog,100,0,92,frontend,productcatalog,65,2,2,2,0
1,frontcatalog,100,0,92,frontend,server,71,2,2,2,0
1,frontcatalog,100,0,92,paymentservice,payment,35,1,1,1,0
1,frontcatalog,100,0,92,recommendationservice,server,68,2,2,2,0
1,frontcatalog,100,0,92,redis-cart,-,,1,1,1,0
1,frontcatalog,100,0,92,shippingservice,server,33,1,1,1,0
1,frontcatalog,100,0,107,adservice,server,48,1,1,1,0
1,frontcatalog,100,0,107,cartservice,server,58,2,2,2,0
1,frontcatalog,100,0,107,checkoutservice,checkout,31,1,1,1,0
1,frontcatalog,100,0,107,currencyservice,server,41,2,2,2,0
1,frontcatalog,100,0,107,emailservice,email,53,1,1,1,0
1,frontcatalog,100,0,107,frontend,productcatalog,64,2,2,2,0
1,frontcatalog,100,0,107,frontend,server,73,2,2,2,0
1,frontcatalog,100,0,107,paymentservice,payment,37,1,1,1,0
1,frontcatalog,100,0,107,recommendationservice,server,69,2,2,2,0
1,frontcatalog,100,0,107,redis-cart,-,,1,1,1,0
1,frontcatalog,100,0,107,shippingservice,server,35,1,1,1,0
1,frontcatalog,100,0,122,adservice,server,48,1,1,1,0
1,frontcatalog,100,0,122,cartservice,server,67,2,2,2,0
1,frontcatalog,100,0,122,checkoutservice,checkout,34,1,1,1,0
1,frontcatalog,100,0,122,currencyservice,server,43,2,2,2,0
1,frontcatalog,100,0,122,emailservice,email,53,1,1,1,0
1,frontcatalog,100,0,122,frontend,productcatalog,66,2,2,2,0
1,frontcatalog,100,0,122,frontend,server,73,2,2,2,0
1,frontcatalog,100,0,122,paymentservice,payment,40,1,1,1,0
1,frontcatalog,100,0,122,recommendationservice,server,70,2,2,2,0
1,frontcatalog,100,0,122,redis-cart,-,,1,1,1,0
1,frontcatalog,100,0,122,shippingservice,server,35,1,1,1,0
1,frontcatalog,100,0,137,adservice,server,48,1,1,1,0
1,frontcatalog,100,0,137,cartservice,server,73,2,2,2,0
1,frontcatalog,100,0,137,checkoutservice,checkout,35,1,1,1,0
1,frontcatalog,100,0,137,currencyservice,server,42,2,2,2,0
1,frontcatalog,100,0,137,emailservice,email,53,1,1,1,0
1,frontcatalog,100,0,137,frontend,productcatalog,64,2,2,2,0
1,frontcatalog,100,0,137,frontend,server,73,2,2,2,0
1,frontcatalog,100,0,137,paymentservice,payment,38,1,1,1,0
1,frontcatalog,100,0,137,recommendationservice,server,68,2,2,2,0
1,frontcatalog,100,0,137,redis-cart,-,,1,1,1,0
1,frontcatalog,100,0,137,shippingservice,server,35,1,1,1,0
1,frontcatalog,100,0,152,adservice,server,48,1,1,1,0
1,frontcatalog,100,0,152,cartservice,server,75,2,2,2,0
1,frontcatalog,100,0,152,checkoutservice,checkout,35,1,1,1,0
1,frontcatalog,100,0,152,currencyservice,server,43,2,2,2,0
1,frontcatalog,100,0,152,emailservice,email,53,1,1,1,0
1,frontcatalog,100,0,152,frontend,productcatalog,66,2,2,2,0
1,frontcatalog,100,0,152,frontend,server,72,2,2,2,0
1,frontcatalog,100,0,152,paymentservice,payment,39,1,1,1,0
1,frontcatalog,100,0,152,recommendationservice,server,70,2,2,2,0
1,frontcatalog,100,0,152,redis-cart,-,,1,1,1,0
1,frontcatalog,100,0,152,shippingservice,server,36,1,1,1,0
1,frontcatalog,100,0,168,adservice,server,48,1,1,1,0
1,frontcatalog,100,0,168,cartservice,server,81,2,2,2,0
1,frontcatalog,100,0,168,checkoutservice,checkout,35,1,1,1,0
1,frontcatalog,100,0,168,currencyservice,server,44,2,2,2,0
1,frontcatalog,100,0,168,emailservice,email,52,1,1,1,0
1,frontcatalog,100,0,168,frontend,productcatalog,67,2,2,2,0
1,frontcatalog,100,0,168,frontend,server,73,2,2,2,0
1,frontcatalog,100,0,168,paymentservice,payment,38,1,1,1,0
1,frontcatalog,100,0,168,recommendationservice,server,71,2,2,2,0
1,frontcatalog,100,0,168,redis-cart,-,,1,1,1,0
1,frontcatalog,100,0,168,shippingservice,server,37,1,1,1,0
1,frontcatalog,100,0,183,adservice,server,49,1,1,1,0
1,frontcatalog,100,0,183,cartservice,server,79,2,3,2,0
1,frontcatalog,100,0,183,checkoutservice,checkout,37,1,1,1,0
1,frontcatalog,100,0,183,currencyservice,server,42,2,2,2,0
1,frontcatalog,100,0,183,emailservice,email,54,1,1,1,0
1,frontcatalog,100,0,183,frontend,productcatalog,66,2,2,2,0
1,frontcatalog,100,0,183,frontend,server,72,2,2,2,0
1,frontcatalog,100,0,183,paymentservice,payment,38,1,1,1,0
1,frontcatalog,100,0,183,recommendationservice,server,69,2,2,2,0
1,frontcatalog,100,0,183,redis-cart,-,,1,1,1,0
1,frontcatalog,100,0,183,shippingservice,server,34,1,1,1,0
1,frontcatalog,100,0,198,adservice,server,48,1,1,1,0
1,frontcatalog,100,0,198,cartservice,server,64,3,3,3,0
1,frontcatalog,100,0,198,checkoutservice,checkout,36,1,1,1,0
1,frontcatalog,100,0,198,currencyservice,server,42,2,2,2,0
1,frontcatalog,100,0,198,emailservice,email,54,1,1,1,0
1,frontcatalog,100,0,198,frontend,productcatalog,65,2,2,2,0
1,frontcatalog,100,0,198,frontend,server,71,2,2,2,0
1,frontcatalog,100,0,198,paymentservice,payment,38,1,1,1,0
1,frontcatalog,100,0,198,recommendationservice,server,69,2,2,2,0
1,frontcatalog,100,0,198,redis-cart,-,,1,1,1,0
1,frontcatalog,100,0,198,shippingservice,server,35,1,1,1,0
1,frontcatalog,100,0,213,adservice,server,48,1,1,1,0
1,frontcatalog,100,0,213,cartservice,server,66,3,3,3,0
1,frontcatalog,100,0,213,checkoutservice,checkout,34,1,1,1,0
1,frontcatalog,100,0,213,currencyservice,server,43,2,2,2,0
1,frontcatalog,100,0,213,emailservice,email,51,1,1,1,0
1,frontcatalog,100,0,213,frontend,productcatalog,66,2,2,2,0
1,frontcatalog,100,0,213,frontend,server,74,2,2,2,0
1,frontcatalog,100,0,213,paymentservice,payment,37,1,1,1,0
1,frontcatalog,100,0,213,recommendationservice,server,70,2,2,2,0
1,frontcatalog,100,0,213,redis-cart,-,,1,1,1,0
1,frontcatalog,100,0,213,shippingservice,server,35,1,1,1,0
1,frontcatalog,100,0,229,adservice,server,49,1,1,1,0
1,frontcatalog,100,0,229,cartservice,server,76,3,3,3,0
1,frontcatalog,100,0,229,checkoutservice,checkout,35,1,1,1,0
1,frontcatalog,100,0,229,currencyservice,server,43,2,2,2,0
1,frontcatalog,100,0,229,emailservice,email,55,1,1,1,0
1,frontcatalog,100,0,229,frontend,productcatalog,66,2,2,2,0
1,frontcatalog,100,0,229,frontend,server,73,2,2,2,0
1,frontcatalog,100,0,229,paymentservice,payment,37,1,1,1,0
1,frontcatalog,100,0,229,recommendationservice,server,69,2,2,2,0
1,frontcatalog,100,0,229,redis-cart,-,,1,1,1,0
1,frontcatalog,100,0,229,shippingservice,server,35,1,1,1,0
1,frontcatalog,100,0,244,adservice,server,48,1,1,1,0
1,frontcatalog,100,0,244,cartservice,server,70,3,3,3,0
1,frontcatalog,100,0,244,checkoutservice,checkout,34,1,1,1,0
1,frontcatalog,100,0,244,currencyservice,server,43,2,2,2,0
1,frontcatalog,100,0,244,emailservice,email,54,1,1,1,0
1,frontcatalog,100,0,244,frontend,productcatalog,68,2,2,2,0
1,frontcatalog,100,0,244,frontend,server,73,2,2,2,0
1,frontcatalog,100,0,244,paymentservice,payment,38,1,1,1,0
1,frontcatalog,100,0,244,recommendationservice,server,71,2,2,2,0
1,frontcatalog,100,0,244,redis-cart,-,,1,1,1,0
1,frontcatalog,100,0,244,shippingservice,server,35,1,1,1,0
1,frontcatalog,100,0,259,adservice,server,49,1,1,1,0
1,frontcatalog,100,0,259,cartservice,server,46,3,3,3,0
1,frontcatalog,100,0,259,checkoutservice,checkout,36,1,1,1,0
1,frontcatalog,100,0,259,currencyservice,server,43,2,2,2,0
1,frontcatalog,100,0,259,emailservice,email,54,1,1,1,0
1,frontcatalog,100,0,259,frontend,productcatalog,66,2,2,2,0
1,frontcatalog,100,0,259,frontend,server,73,2,2,2,0
1,frontcatalog,100,0,259,paymentservice,payment,36,1,1,1,0
1,frontcatalog,100,0,259,recommendationservice,server,67,2,2,2,0
1,frontcatalog,100,0,259,redis-cart,-,,1,1,1,0
1,frontcatalog,100,0,259,shippingservice,server,35,1,1,1,0
1,frontcatalog,100,0,274,adservice,server,47,1,1,1,0
1,frontcatalog,100,0,274,cartservice,server,45,3,3,3,0
1,frontcatalog,100,0,274,checkoutservice,checkout,35,1,1,1,0
1,frontcatalog,100,0,274,currencyservice,server,43,2,2,2,0
1,frontcatalog,100,0,274,emailservice,email,53,1,1,1,0
1,frontcatalog,100,0,274,frontend,productcatalog,66,2,2,2,0
1,frontcatalog,100,0,274,frontend,server,73,2,2,2,0
1,frontcatalog,100,0,274,paymentservice,payment,40,1,1,1,0
1,frontcatalog,100,0,274,recommendationservice,server,71,2,2,2,0
1,frontcatalog,100,0,274,redis-cart,-,,1,1,1,0
1,frontcatalog,100,0,274,shippingservice,server,36,1,1,1,0
1,frontcatalog,100,0,289,adservice,server,49,1,1,1,0
1,frontcatalog,100,0,289,cartservice,server,47,3,3,3,0
1,frontcatalog,100,0,289,checkoutservice,checkout,36,1,1,1,0
1,frontcatalog,100,0,289,currencyservice,server,42,2,2,2,0
1,frontcatalog,100,0,289,emailservice,email,53,1,1,1,0
1,frontcatalog,100,0,289,frontend,productcatalog,66,2,2,2,0
1,frontcatalog,100,0,289,frontend,server,74,2,2,2,0
1,frontcatalog,100,0,289,paymentservice,payment,39,1,1,1,0
1,frontcatalog,100,0,289,recommendationservice,server,70,2,2,2,0
1,frontcatalog,100,0,289,redis-cart,-,,1,1,1,0
1,frontcatalog,100,0,289,shippingservice,server,36,1,1,1,0
1,frontcatalog,100,0,305,adservice,server,49,1,1,1,0
1,frontcatalog,100,0,305,cartservice,server,47,3,3,3,0
1,frontcatalog,100,0,305,checkoutservice,checkout,36,1,1,1,0
1,frontcatalog,100,0,305,currencyservice,server,42,2,2,2,0
1,frontcatalog,100,0,305,emailservice,email,53,1,1,1,0
1,frontcatalog,100,0,305,frontend,productcatalog,65,2,2,2,0
1,frontcatalog,100,0,305,frontend,server,71,2,2,2,0
1,frontcatalog,100,0,305,paymentservice,payment,37,1,1,1,0
1,frontcatalog,100,0,305,recommendationservice,server,69,2,2,2,0
1,frontcatalog,100,0,305,redis-cart,-,,1,1,1,0
1,frontcatalog,100,0,305,shippingservice,server,35,1,1,1,0
1,frontcatalog,100,0,320,adservice,server,48,1,1,1,0
1,frontcatalog,100,0,320,cartservice,server,50,3,3,3,0
1,frontcatalog,100,0,320,checkoutservice,checkout,34,1,1,1,0
1,frontcatalog,100,0,320,currencyservice,server,43,2,2,2,0
1,frontcatalog,100,0,320,emailservice,email,54,1,1,1,0
1,frontcatalog,100,0,320,frontend,productcatalog,65,2,2,2,0
1,frontcatalog,100,0,320,frontend,server,72,2,2,2,0
1,frontcatalog,100,0,320,paymentservice,payment,37,1,1,1,0
1,frontcatalog,100,0,320,recommendationservice,server,70,2,2,2,0
1,frontcatalog,100,0,320,redis-cart,-,,1,1,1,0
1,frontcatalog,100,0,320,shippingservice,server,35,1,1,1,0
1,frontcatalog,100,0,335,adservice,server,48,1,1,1,0
1,frontcatalog,100,0,335,cartservice,server,46,3,3,3,0
1,frontcatalog,100,0,335,checkoutservice,checkout,35,1,1,1,0
1,frontcatalog,100,0,335,currencyservice,server,42,2,2,2,0
1,frontcatalog,100,0,335,emailservice,email,52,1,1,1,0
1,frontcatalog,100,0,335,frontend,productcatalog,65,2,2,2,0
1,frontcatalog,100,0,335,frontend,server,71,2,2,2,0
1,frontcatalog,100,0,335,paymentservice,payment,37,1,1,1,0
1,frontcatalog,100,0,335,recommendationservice,server,68,2,2,2,0
1,frontcatalog,100,0,335,redis-cart,-,,1,1,1,0
1,frontcatalog,100,0,335,shippingservice,server,36,1,1,1,0
1,frontcatalog,100,0,350,adservice,server,47,1,1,1,0
1,frontcatalog,100,0,350,cartservice,server,47,3,3,3,0
1,frontcatalog,100,0,350,checkoutservice,checkout,34,1,1,1,0
1,frontcatalog,100,0,350,currencyservice,server,42,2,2,2,0
1,frontcatalog,100,0,350,emailservice,email,51,1,1,1,0
1,frontcatalog,100,0,350,frontend,productcatalog,66,2,2,2,0
1,frontcatalog,100,0,350,frontend,server,74,2,2,2,0
1,frontcatalog,100,0,350,paymentservice,payment,35,1,1,1,0
1,frontcatalog,100,0,350,recommendationservice,server,69,2,2,2,0
1,frontcatalog,100,0,350,redis-cart,-,,1,1,1,0
1,frontcatalog,100,0,350,shippingservice,server,33,1,1,1,0
1,frontcatalog,100,0,366,adservice,server,50,1,1,1,0
1,frontcatalog,100,0,366,cartservice,server,43,3,3,3,0
1,frontcatalog,100,0,366,checkoutservice,checkout,33,1,1,1,0
1,frontcatalog,100,0,366,currencyservice,server,42,2,2,2,0
1,frontcatalog,100,0,366,emailservice,email,54,1,1,1,0
1,frontcatalog,100,0,366,frontend,productcatalog,66,2,2,2,0
1,frontcatalog,100,0,366,frontend,server,73,2,2,2,0
1,frontcatalog,100,0,366,paymentservice,payment,35,1,1,1,0
1,frontcatalog,100,0,366,recommendationservice,server,71,2,2,2,0
1,frontcatalog,100,0,366,redis-cart,-,,1,1,1,0
1,frontcatalog,100,0,366,shippingservice,server,34,1,1,1,0
1,frontcatalog,100,0,381,adservice,server,50,1,1,1,0
1,frontcatalog,100,0,381,cartservice,server,41,3,3,3,0
1,frontcatalog,100,0,381,checkoutservice,checkout,33,1,1,1,0
1,frontcatalog,100,0,381,currencyservice,server,43,2,2,2,0
1,frontcatalog,100,0,381,emailservice,email,53,1,1,1,0
1,frontcatalog,100,0,381,frontend,productcatalog,66,2,2,2,0
1,frontcatalog,100,0,381,frontend,server,74,2,2,2,0
1,frontcatalog,100,0,381,paymentservice,payment,38,1,1,1,0
1,frontcatalog,100,0,381,recommendationservice,server,69,2,2,2,0
1,frontcatalog,100,0,381,redis-cart,-,,1,1,1,0
1,frontcatalog,100,0,381,shippingservice,server,36,1,1,1,0
1,frontcatalog,100,0,396,adservice,server,48,1,1,1,0
1,frontcatalog,100,0,396,cartservice,server,47,3,3,3,0
1,frontcatalog,100,0,396,checkoutservice,checkout,36,1,1,1,0
1,frontcatalog,100,0,396,currencyservice,server,43,2,2,2,0
1,frontcatalog,100,0,396,emailservice,email,54,1,1,1,0
1,frontcatalog,100,0,396,frontend,productcatalog,66,2,2,2,0
1,frontcatalog,100,0,396,frontend,server,74,2,2,2,0
1,frontcatalog,100,0,396,paymentservice,payment,38,1,1,1,0
1,frontcatalog,100,0,396,recommendationservice,server,69,2,2,2,0
1,frontcatalog,100,0,396,redis-cart,-,,1,1,1,0
1,frontcatalog,100,0,396,shippingservice,server,36,1,1,1,0
1,frontcatalog,100,0,411,adservice,server,49,1,1,1,0
1,frontcatalog,100,0,411,cartservice,server,49,3,3,3,0
1,frontcatalog,100,0,411,checkoutservice,checkout,35,1,1,1,0
1,frontcatalog,100,0,411,currencyservice,server,44,2,2,2,0
1,frontcatalog,100,0,411,emailservice,email,53,1,1,1,0
1,frontcatalog,100,0,411,frontend,productcatalog,68,2,2,2,0
1,frontcatalog,100,0,411,frontend,server,74,2,2,2,0
1,frontcatalog,100,0,411,paymentservice,payment,36,1,1,1,0
1,frontcatalog,100,0,411,recommendationservice,server,71,2,2,2,0
1,frontcatalog,100,0,411,redis-cart,-,,1,1,1,0
1,frontcatalog,100,0,411,shippingservice,server,36,1,1,1,0
1,frontcatalog,100,0,426,adservice,server,49,1,1,1,0
1,frontcatalog,100,0,426,cartservice,server,46,3,3,3,0
1,frontcatalog,100,0,426,checkoutservice,checkout,36,1,1,1,0
1,frontcatalog,100,0,426,currencyservice,server,43,2,2,2,0
1,frontcatalog,100,0,426,emailservice,email,53,1,1,1,0
1,frontcatalog,100,0,426,frontend,productcatalog,65,2,2,2,0
1,frontcatalog,100,0,426,frontend,server,72,2,2,2,0
1,frontcatalog,100,0,426,paymentservice,payment,36,1,1,1,0
1,frontcatalog,100,0,426,recommendationservice,server,70,2,2,2,0
1,frontcatalog,100,0,426,redis-cart,-,,1,1,1,0
1,frontcatalog,100,0,426,shippingservice,server,35,1,1,1,0
1,frontcatalog,100,0,442,adservice,server,49,1,1,1,0
1,frontcatalog,100,0,442,cartservice,server,46,3,3,3,0
1,frontcatalog,100,0,442,checkoutservice,checkout,34,1,1,1,0
1,frontcatalog,100,0,442,currencyservice,server,11,2,2,2,0
1,frontcatalog,100,0,442,emailservice,email,31,1,1,1,0
1,frontcatalog,100,0,442,frontend,productcatalog,29,2,2,2,0
1,frontcatalog,100,0,442,frontend,server,26,2,2,2,0
1,frontcatalog,100,0,442,paymentservice,payment,39,1,1,1,0
1,frontcatalog,100,0,442,recommendationservice,server,36,2,2,2,0
1,frontcatalog,100,0,442,redis-cart,-,,1,1,1,0
1,frontcatalog,100,0,442,shippingservice,server,20,1,1,1,0
1,frontreco,100,0,0,adservice,-,,1,0,1,0
1,frontreco,100,0,0,cartservice,-,,1,0,1,0
1,frontreco,100,0,0,checkoutservice,checkout,0,1,1,1,0
1,frontreco,100,0,0,currencyservice,server,0,1,1,1,0
1,frontreco,100,0,0,emailservice,email,1,1,1,1,0
1,frontreco,100,0,0,frontend,recommendation,0,1,0,1,0
1,frontreco,100,0,0,paymentservice,-,,,0,1,0
1,frontreco,100,0,0,productcatalogservice,-,,,0,1,0
1,frontreco,100,0,0,redis-cart,-,,1,1,1,0
1,frontreco,100,0,0,shippingservice,-,,,0,1,0
1,frontreco,100,0,15,adservice,server,77,1,1,1,0
1,frontreco,100,0,15,cartservice,server,92,1,1,1,0
1,frontreco,100,0,15,checkoutservice,checkout,3,1,1,1,0
1,frontreco,100,0,15,currencyservice,server,50,1,1,1,0
1,frontreco,100,0,15,emailservice,email,22,1,1,1,0
1,frontreco,100,0,15,frontend,recommendation,9,1,1,1,0
1,frontreco,100,0,15,frontend,server,36,1,1,1,0
1,frontreco,100,0,15,paymentservice,payment,18,1,1,1,0
1,frontreco,100,0,15,productcatalogservice,server,0,1,1,1,0
1,frontreco,100,0,15,redis-cart,-,,1,1,1,0
1,frontreco,100,0,15,shippingservice,server,0,1,1,1,0
1,frontreco,100,0,30,adservice,server,95,1,2,1,0
1,frontreco,100,0,30,cartservice,server,92,1,2,1,0
1,frontreco,100,0,30,checkoutservice,checkout,34,1,1,1,0
1,frontreco,100,0,30,currencyservice,server,50,1,1,1,0
1,frontreco,100,0,30,emailservice,email,55,1,1,1,0
1,frontreco,100,0,30,frontend,recommendation,76,1,1,1,0
1,frontreco,100,0,30,frontend,server,87,1,1,1,0
1,frontreco,100,0,30,paymentservice,payment,64,1,1,1,0
1,frontreco,100,0,30,productcatalogservice,server,81,1,1,1,0
1,frontreco,100,0,30,redis-cart,-,,1,1,1,0
1,frontreco,100,0,30,shippingservice,server,6,1,1,1,0
1,frontreco,100,0,46,adservice,server,46,2,2,1,0
1,frontreco,100,0,46,cartservice,server,82,2,2,1,0
1,frontreco,100,0,46,checkoutservice,checkout,29,1,1,1,0
1,frontreco,100,0,46,currencyservice,server,52,1,1,1,0
1,frontreco,100,0,46,emailservice,email,47,1,1,1,0
1,frontreco,100,0,46,frontend,recommendation,76,1,1,1,0
1,frontreco,100,0,46,frontend,server,70,1,1,1,0
1,frontreco,100,0,46,paymentservice,payment,40,1,1,1,0
1,frontreco,100,0,46,productcatalogservice,server,67,1,1,1,0
1,frontreco,100,0,46,redis-cart,-,,1,1,1,0
1,frontreco,100,0,46,shippingservice,server,30,1,1,1,0
1,frontreco,100,0,61,adservice,server,28,2,2,2,0
1,frontreco,100,0,61,cartservice,server,77,2,2,2,0
1,frontreco,100,0,61,checkoutservice,checkout,28,1,1,1,0
1,frontreco,100,0,61,currencyservice,server,48,1,1,1,0
1,frontreco,100,0,61,emailservice,email,46,1,1,1,0
1,frontreco,100,0,61,frontend,recommendation,67,1,1,1,0
1,frontreco,100,0,61,frontend,server,70,1,1,1,0
1,frontreco,100,0,61,paymentservice,payment,34,1,1,1,0
1,frontreco,100,0,61,productcatalogservice,server,66,1,1,1,0
1,frontreco,100,0,61,redis-cart,-,,1,1,1,0
1,frontreco,100,0,61,shippingservice,server,30,1,1,1,0
1,frontreco,100,0,76,adservice,server,40,2,2,2,0
1,frontreco,100,0,76,cartservice,server,38,2,2,2,0
1,frontreco,100,0,76,checkoutservice,checkout,28,1,1,1,0
1,frontreco,100,0,76,currencyservice,server,49,1,1,1,0
1,frontreco,100,0,76,emailservice,email,47,1,1,1,0
1,frontreco,100,0,76,frontend,recommendation,67,1,1,1,0
1,frontreco,100,0,76,frontend,server,72,1,1,1,0
1,frontreco,100,0,76,paymentservice,payment,34,1,1,1,0
1,frontreco,100,0,76,productcatalogservice,server,67,1,1,1,0
1,frontreco,100,0,76,redis-cart,-,,1,1,1,0
1,frontreco,100,0,76,shippingservice,server,30,1,1,1,0
1,frontreco,100,0,91,adservice,server,20,2,1,1,0
1,frontreco,100,0,91,cartservice,server,38,2,2,2,0
1,frontreco,100,0,91,checkoutservice,checkout,29,1,1,1,0
1,frontreco,100,0,91,currencyservice,server,50,1,1,1,0
1,frontreco,100,0,91,emailservice,email,48,1,1,1,0
1,frontreco,100,0,91,frontend,recommendation,72,1,1,1,0
1,frontreco,100,0,91,frontend,server,73,1,1,1,0
1,frontreco,100,0,91,paymentservice,payment,35,1,1,1,0
1,frontreco,100,0,91,productcatalogservice,server,72,1,1,1,0
1,frontreco,100,0,91,redis-cart,-,,1,1,1,0
1,frontreco,100,0,91,shippingservice,server,30,1,1,1,0
1,frontreco,100,0,107,adservice,server,19,1,1,1,0
1,frontreco,100,0,107,cartservice,server,38,2,2,2,0
1,frontreco,100,0,107,checkoutservice,checkout,29,1,1,1,0
1,frontreco,100,0,107,currencyservice,server,48,1,1,1,0
1,frontreco,100,0,107,emailservice,email,46,1,1,1,0
1,frontreco,100,0,107,frontend,recommendation,64,1,1,1,0
1,frontreco,100,0,107,frontend,server,73,1,1,1,0
1,frontreco,100,0,107,paymentservice,payment,33,1,1,1,0
1,frontreco,100,0,107,productcatalogservice,server,67,1,1,1,0
1,frontreco,100,0,107,redis-cart,-,,1,1,1,0
1,frontreco,100,0,107,shippingservice,server,30,1,1,1,0
1,frontreco,100,0,122,adservice,server,20,1,1,1,0
1,frontreco,100,0,122,cartservice,server,37,2,2,2,0
1,frontreco,100,0,122,checkoutservice,checkout,29,1,1,1,0
1,frontreco,100,0,122,currencyservice,server,47,1,1,1,0
1,frontreco,100,0,122,emailservice,email,46,1,1,1,0
1,frontreco,100,0,122,frontend,recommendation,67,1,1,1,0
1,frontreco,100,0,122,frontend,server,69,1,1,1,0
1,frontreco,100,0,122,paymentservice,payment,33,1,1,1,0
1,frontreco,100,0,122,productcatalogservice,server,65,1,1,1,0
1,frontreco,100,0,122,redis-cart,-,,1,1,1,0
1,frontreco,100,0,122,shippingservice,server,29,1,1,1,0
1,frontreco,100,0,137,adservice,server,17,1,1,1,0
1,frontreco,100,0,137,cartservice,server,36,2,2,2,0
1,frontreco,100,0,137,checkoutservice,checkout,27,1,1,1,0
1,frontreco,100,0,137,currencyservice,server,48,1,1,1,0
1,frontreco,100,0,137,emailservice,email,45,1,1,1,0
1,frontreco,100,0,137,frontend,recommendation,66,1,1,1,0
1,frontreco,100,0,137,frontend,server,69,1,1,1,0
1,frontreco,100,0,137,paymentservice,payment,33,1,1,1,0
1,frontreco,100,0,137,productcatalogservice,server,66,1,1,1,0
1,frontreco,100,0,137,redis-cart,-,,1,1,1,0
1,frontreco,100,0,137,shippingservice,server,29,1,1,1,0
1,frontreco,100,0,152,adservice,server,15,1,1,1,0
1,frontreco,100,0,152,cartservice,server,38,2,2,2,0
1,frontreco,100,0,152,checkoutservice,checkout,28,1,1,1,0
1,frontreco,100,0,152,currencyservice,server,48,1,1,1,0
1,frontreco,100,0,152,emailservice,email,46,1,1,1,0
1,frontreco,100,0,152,frontend,recommendation,70,1,1,1,0
1,frontreco,100,0,152,frontend,server,72,1,1,1,0
1,frontreco,100,0,152,paymentservice,payment,32,1,1,1,0
1,frontreco,100,0,152,productcatalogservice,server,69,1,1,1,0
1,frontreco,100,0,152,redis-cart,-,,1,1,1,0
1,frontreco,100,0,152,shippingservice,server,30,1,1,1,0
1,frontreco,100,0,167,adservice,server,15,1,1,1,0
1,frontreco,100,0,167,cartservice,server,38,2,2,2,0
1,frontreco,100,0,167,checkoutservice,checkout,28,1,1,1,0
1,frontreco,100,0,167,currencyservice,server,48,1,1,1,0
1,frontreco,100,0,167,emailservice,email,46,1,1,1,0
1,frontreco,100,0,167,frontend,recommendation,67,1,1,1,0
1,frontreco,100,0,167,frontend,server,72,1,1,1,0
1,frontreco,100,0,167,paymentservice,payment,34,1,1,1,0
1,frontreco,100,0,167,productcatalogservice,server,67,1,1,1,0
1,frontreco,100,0,167,redis-cart,-,,1,1,1,0
1,frontreco,100,0,167,shippingservice,server,30,1,1,1,0
1,frontreco,100,0,183,adservice,server,14,1,1,1,0
1,frontreco,100,0,183,cartservice,server,36,2,2,2,0
1,frontreco,100,0,183,checkoutservice,checkout,28,1,1,1,0
1,frontreco,100,0,183,currencyservice,server,48,1,1,1,0
1,frontreco,100,0,183,emailservice,email,47,1,1,1,0
1,frontreco,100,0,183,frontend,recommendation,71,1,1,1,0
1,frontreco,100,0,183,frontend,server,74,1,1,1,0
1,frontreco,100,0,183,paymentservice,payment,33,1,1,1,0
1,frontreco,100,0,183,productcatalogservice,server,69,1,1,1,0
1,frontreco,100,0,183,redis-cart,-,,1,1,1,0
1,frontreco,100,0,183,shippingservice,server,30,1,1,1,0
1,frontreco,100,0,198,adservice,server,13,1,1,1,0
1,frontreco,100,0,198,cartservice,server,42,2,2,2,0
1,frontreco,100,0,198,checkoutservice,checkout,28,1,1,1,0
1,frontreco,100,0,198,currencyservice,server,49,1,1,1,0
1,frontreco,100,0,198,emailservice,email,47,1,1,1,0
1,frontreco,100,0,198,frontend,recommendation,67,1,1,1,0
1,frontreco,100,0,198,frontend,server,74,1,1,1,0
1,frontreco,100,0,198,paymentservice,payment,34,1,1,1,0
1,frontreco,100,0,198,productcatalogservice,server,69,1,1,1,0
1,frontreco,100,0,198,redis-cart,-,,1,1,1,0
1,frontreco,100,0,198,shippingservice,server,30,1,1,1,0
1,frontreco,100,0,213,adservice,server,14,1,1,1,0
1,frontreco,100,0,213,cartservice,server,37,2,2,2,0
1,frontreco,100,0,213,checkoutservice,checkout,28,1,1,1,0
1,frontreco,100,0,213,currencyservice,server,49,1,1,1,0
1,frontreco,100,0,213,emailservice,email,47,1,1,1,0
1,frontreco,100,0,213,frontend,recommendation,71,1,1,1,0
1,frontreco,100,0,213,frontend,server,72,1,1,1,0
1,frontreco,100,0,213,paymentservice,payment,34,1,1,1,0
1,frontreco,100,0,213,productcatalogservice,server,69,1,1,1,0
1,frontreco,100,0,213,redis-cart,-,,1,1,1,0
1,frontreco,100,0,213,shippingservice,server,30,1,1,1,0
1,frontreco,100,0,228,adservice,server,12,1,1,1,0
1,frontreco,100,0,228,cartservice,server,35,2,2,2,0
1,frontreco,100,0,228,checkoutservice,checkout,30,1,1,1,0
1,frontreco,100,0,228,currencyservice,server,49,1,1,1,0
1,frontreco,100,0,228,emailservice,email,46,1,1,1,0
1,frontreco,100,0,228,frontend,recommendation,63,1,1,1,0
1,frontreco,100,0,228,frontend,server,70,1,1,1,0
1,frontreco,100,0,228,paymentservice,payment,35,1,1,1,0
1,frontreco,100,0,228,productcatalogservice,server,66,1,1,1,0
1,frontreco,100,0,228,redis-cart,-,,1,1,1,0
1,frontreco,100,0,228,shippingservice,server,30,1,1,1,0
1,frontreco,100,0,243,adservice,server,13,1,1,1,0
1,frontreco,100,0,243,cartservice,server,35,2,2,2,0
1,frontreco,100,0,243,checkoutservice,checkout,28,1,1,1,0
1,frontreco,100,0,243,currencyservice,server,47,1,1,1,0
1,frontreco,100,0,243,emailservice,email,46,1,1,1,0
1,frontreco,100,0,243,frontend,recommendation,65,1,1,1,0
1,frontreco,100,0,243,frontend,server,74,1,1,1,0
1,frontreco,100,0,243,paymentservice,payment,35,1,1,1,0
1,frontreco,100,0,243,productcatalogservice,server,68,1,1,1,0
1,frontreco,100,0,243,redis-cart,-,,1,1,1,0
1,frontreco,100,0,243,shippingservice,server,28,1,1,1,0
1,frontreco,100,0,259,adservice,server,22,1,1,1,0
1,frontreco,100,0,259,cartservice,server,36,2,2,2,0
1,frontreco,100,0,259,checkoutservice,checkout,28,1,1,1,0
1,frontreco,100,0,259,currencyservice,server,49,1,1,1,0
1,frontreco,100,0,259,emailservice,email,45,1,1,1,0
1,frontreco,100,0,259,frontend,recommendation,65,1,1,1,0
1,frontreco,100,0,259,frontend,server,69,1,1,1,0
1,frontreco,100,0,259,paymentservice,payment,31,1,1,1,0
1,frontreco,100,0,259,productcatalogservice,server,65,1,1,1,0
1,frontreco,100,0,259,redis-cart,-,,1,1,1,0
1,frontreco,100,0,259,shippingservice,server,30,1,1,1,0
1,frontreco,100,0,274,adservice,server,18,1,1,1,0
1,frontreco,100,0,274,cartservice,server,35,2,2,2,0
1,frontreco,100,0,274,checkoutservice,checkout,29,1,1,1,0
1,frontreco,100,0,274,currencyservice,server,49,1,1,1,0
1,frontreco,100,0,274,emailservice,email,47,1,1,1,0
1,frontreco,100,0,274,frontend,recommendation,72,1,1,1,0
1,frontreco,100,0,274,frontend,server,72,1,1,1,0
1,frontreco,100,0,274,paymentservice,payment,33,1,1,1,0
1,frontreco,100,0,274,productcatalogservice,server,65,1,1,1,0
1,frontreco,100,0,274,redis-cart,-,,1,1,1,0
1,frontreco,100,0,274,shippingservice,server,30,1,1,1,0
1,frontreco,100,0,289,adservice,server,13,1,1,1,0
1,frontreco,100,0,289,cartservice,server,35,2,2,2,0
1,frontreco,100,0,289,checkoutservice,checkout,29,1,1,1,0
1,frontreco,100,0,289,currencyservice,server,49,1,1,1,0
1,frontreco,100,0,289,emailservice,email,50,1,1,1,0
1,frontreco,100,0,289,frontend,recommendation,68,1,1,1,0
1,frontreco,100,0,289,frontend,server,73,1,1,1,0
1,frontreco,100,0,289,paymentservice,payment,36,1,1,1,0
1,frontreco,100,0,289,productcatalogservice,server,71,1,1,1,0
1,frontreco,100,0,289,redis-cart,-,,1,1,1,0
1,frontreco,100,0,289,shippingservice,server,30,1,1,1,0
1,frontreco,100,0,304,adservice,server,13,1,1,1,0
1,frontreco,100,0,304,cartservice,server,37,2,2,2,0
1,frontreco,100,0,304,checkoutservice,checkout,28,1,1,1,0
1,frontreco,100,0,304,currencyservice,server,49,1,1,1,0
1,frontreco,100,0,304,emailservice,email,46,1,1,1,0
1,frontreco,100,0,304,frontend,recommendation,67,1,1,1,0
1,frontreco,100,0,304,frontend,server,73,1,1,1,0
1,frontreco,100,0,304,paymentservice,payment,33,1,1,1,0
1,frontreco,100,0,304,productcatalogservice,server,67,1,1,1,0
1,frontreco,100,0,304,redis-cart,-,,1,1,1,0
1,frontreco,100,0,304,shippingservice,server,30,1,1,1,0
1,frontreco,100,0,319,adservice,server,13,1,1,1,0
1,frontreco,100,0,319,cartservice,server,36,2,2,2,0
1,frontreco,100,0,319,checkoutservice,checkout,27,1,1,1,0
1,frontreco,100,0,319,currencyservice,server,49,1,1,1,0
1,frontreco,100,0,319,emailservice,email,49,1,1,1,0
1,frontreco,100,0,319,frontend,recommendation,68,1,1,1,0
1,frontreco,100,0,319,frontend,server,75,1,1,1,0
1,frontreco,100,0,319,paymentservice,payment,33,1,1,1,0
1,frontreco,100,0,319,productcatalogservice,server,68,1,1,1,0
1,frontreco,100,0,319,redis-cart,-,,1,1,1,0
1,frontreco,100,0,319,shippingservice,server,29,1,1,1,0
1,frontreco,100,0,335,adservice,server,13,1,1,1,0
1,frontreco,100,0,335,cartservice,server,37,2,2,2,0
1,frontreco,100,0,335,checkoutservice,checkout,29,1,1,1,0
1,frontreco,100,0,335,currencyservice,server,49,1,1,1,0
1,frontreco,100,0,335,emailservice,email,47,1,1,1,0
1,frontreco,100,0,335,frontend,recommendation,64,1,1,1,0
1,frontreco,100,0,335,frontend,server,71,1,1,1,0
1,frontreco,100,0,335,paymentservice,payment,34,1,1,1,0
1,frontreco,100,0,335,productcatalogservice,server,67,1,1,1,0
1,frontreco,100,0,335,redis-cart,-,,1,1,1,0
1,frontreco,100,0,335,shippingservice,server,30,1,1,1,0
1,frontreco,100,0,350,adservice,server,13,1,1,1,0
1,frontreco,100,0,350,cartservice,server,39,2,2,2,0
1,frontreco,100,0,350,checkoutservice,checkout,29,1,1,1,0
1,frontreco,100,0,350,currencyservice,server,49,1,1,1,0
1,frontreco,100,0,350,emailservice,email,46,1,1,1,0
1,frontreco,100,0,350,frontend,recommendation,70,1,1,1,0
1,frontreco,100,0,350,frontend,server,66,1,1,1,0
1,frontreco,100,0,350,paymentservice,payment,35,1,1,1,0
1,frontreco,100,0,350,productcatalogservice,server,66,1,1,1,0
1,frontreco,100,0,350,redis-cart,-,,1,1,1,0
1,frontreco,100,0,350,shippingservice,server,30,1,1,1,0
1,frontreco,100,0,365,adservice,server,12,1,1,1,0
1,frontreco,100,0,365,cartservice,server,37,2,2,2,0
1,frontreco,100,0,365,checkoutservice,checkout,28,1,1,1,0
1,frontreco,100,0,365,currencyservice,server,48,1,1,1,0
1,frontreco,100,0,365,emailservice,email,47,1,1,1,0
1,frontreco,100,0,365,frontend,recommendation,67,1,1,1,0
1,frontreco,100,0,365,frontend,server,74,1,1,1,0
1,frontreco,100,0,365,paymentservice,payment,34,1,1,1,0
1,frontreco,100,0,365,productcatalogservice,server,67,1,1,1,0
1,frontreco,100,0,365,redis-cart,-,,1,1,1,0
1,frontreco,100,0,365,shippingservice,server,29,1,1,1,0
1,frontreco,100,0,380,adservice,server,13,1,1,1,0
1,frontreco,100,0,380,cartservice,server,37,2,2,2,0
1,frontreco,100,0,380,checkoutservice,checkout,28,1,1,1,0
1,frontreco,100,0,380,currencyservice,server,48,1,1,1,0
1,frontreco,100,0,380,emailservice,email,47,1,1,1,0
1,frontreco,100,0,380,frontend,recommendation,67,1,1,1,0
1,frontreco,100,0,380,frontend,server,71,1,1,1,0
1,frontreco,100,0,380,paymentservice,payment,34,1,1,1,0
1,frontreco,100,0,380,productcatalogservice,server,67,1,1,1,0
1,frontreco,100,0,380,redis-cart,-,,1,1,1,0
1,frontreco,100,0,380,shippingservice,server,30,1,1,1,0
1,frontreco,100,0,396,adservice,server,13,1,1,1,0
1,frontreco,100,0,396,cartservice,server,36,2,2,2,0
1,frontreco,100,0,396,checkoutservice,checkout,28,1,1,1,0
1,frontreco,100,0,396,currencyservice,server,48,1,1,1,0
1,frontreco,100,0,396,emailservice,email,47,1,1,1,0
1,frontreco,100,0,396,frontend,recommendation,68,1,1,1,0
1,frontreco,100,0,396,frontend,server,72,1,1,1,0
1,frontreco,100,0,396,paymentservice,payment,34,1,1,1,0
1,frontreco,100,0,396,productcatalogservice,server,66,1,1,1,0
1,frontreco,100,0,396,redis-cart,-,,1,1,1,0
1,frontreco,100,0,396,shippingservice,server,30,1,1,1,0
1,frontreco,100,0,411,adservice,server,12,1,1,1,0
1,frontreco,100,0,411,cartservice,server,41,2,2,2,0
1,frontreco,100,0,411,checkoutservice,checkout,28,1,1,1,0
1,frontreco,100,0,411,currencyservice,server,48,1,1,1,0
1,frontreco,100,0,411,emailservice,email,45,1,1,1,0
1,frontreco,100,0,411,frontend,recommendation,66,1,1,1,0
1,frontreco,100,0,411,frontend,server,71,1,1,1,0
1,frontreco,100,0,411,paymentservice,payment,34,1,1,1,0
1,frontreco,100,0,411,productcatalogservice,server,65,1,1,1,0
1,frontreco,100,0,411,redis-cart,-,,1,1,1,0
1,frontreco,100,0,411,shippingservice,server,30,1,1,1,0
1,frontreco,100,0,426,adservice,server,12,1,1,1,0
1,frontreco,100,0,426,cartservice,server,39,2,2,2,0
1,frontreco,100,0,426,checkoutservice,checkout,28,1,1,1,0
1,frontreco,100,0,426,currencyservice,server,48,1,1,1,0
1,frontreco,100,0,426,emailservice,email,46,1,1,1,0
1,frontreco,100,0,426,frontend,recommendation,66,1,1,1,0
1,frontreco,100,0,426,frontend,server,70,1,1,1,0
1,frontreco,100,0,426,paymentservice,payment,35,1,1,1,0
1,frontreco,100,0,426,productcatalogservice,server,66,1,1,1,0
1,frontreco,100,0,426,redis-cart,-,,1,1,1,0
1,frontreco,100,0,426,shippingservice,server,29,1,1,1,0
1,frontreco,100,0,441,adservice,server,11,1,1,1,0
1,frontreco,100,0,441,cartservice,server,6,2,2,2,0
1,frontreco,100,0,441,checkoutservice,checkout,10,1,1,1,0
1,frontreco,100,0,441,currencyservice,server,46,1,1,1,0
1,frontreco,100,0,441,emailservice,email,34,1,1,1,0
1,frontreco,100,0,441,frontend,recommendation,21,1,1,1,0
1,frontreco,100,0,441,frontend,server,37,1,1,1,0
1,frontreco,100,0,441,paymentservice,payment,19,1,1,1,0
1,frontreco,100,0,441,productcatalogservice,server,66,1,1,1,0
1,frontreco,100,0,441,redis-cart,-,,1,1,1,0
1,frontreco,100,0,441,shippingservice,server,30,1,1,1,0
1,frontreco,100,0,0,adservice,server,1,1,1,1,0
1,frontreco,100,0,0,cartservice,server,0,2,2,2,0
1,frontreco,100,0,0,checkoutservice,checkout,0,1,1,1,0
1,frontreco,100,0,0,currencyservice,server,0,1,1,1,0
1,frontreco,100,0,0,emailservice,email,2,1,1,1,0
1,frontreco,100,0,0,frontend,recommendation,0,1,1,1,0
1,frontreco,100,0,0,frontend,server,0,1,1,1,0
1,frontreco,100,0,0,paymentservice,payment,0,1,1,1,0
1,frontreco,100,0,0,productcatalogservice,server,10,1,1,1,0
1,frontreco,100,0,0,redis-cart,-,,1,1,1,0
1,frontreco,100,0,0,shippingservice,server,0,1,1,1,0
1,frontreco,100,0,15,adservice,server,3,1,1,1,0
1,frontreco,100,0,15,cartservice,server,0,2,2,2,0
1,frontreco,100,0,15,checkoutservice,checkout,0,1,1,1,0
1,frontreco,100,0,15,currencyservice,server,0,1,1,1,0
1,frontreco,100,0,15,emailservice,email,1,1,1,1,0
1,frontreco,100,0,15,frontend,recommendation,0,1,1,1,0
1,frontreco,100,0,15,frontend,server,0,1,1,1,0
1,frontreco,100,0,15,paymentservice,payment,0,1,1,1,0
1,frontreco,100,0,15,productcatalogservice,server,0,1,1,1,0
1,frontreco,100,0,15,redis-cart,-,,1,1,1,0
1,frontreco,100,0,15,shippingservice,server,0,1,1,1,0
1,frontreco,100,0,31,adservice,server,23,1,1,1,0
1,frontreco,100,0,31,cartservice,server,38,2,2,2,0
1,frontreco,100,0,31,checkoutservice,checkout,0,1,1,1,0
1,frontreco,100,0,31,currencyservice,server,47,1,1,1,0
1,frontreco,100,0,31,emailservice,email,36,1,1,1,0
1,frontreco,100,0,31,frontend,recommendation,57,1,1,1,0
1,frontreco,100,0,31,frontend,server,33,1,1,1,0
1,frontreco,100,0,31,paymentservice,payment,14,1,1,1,0
1,frontreco,100,0,31,productcatalogservice,server,45,1,1,1,0
1,frontreco,100,0,31,redis-cart,-,,1,1,1,0
1,frontreco,100,0,31,shippingservice,server,22,1,1,1,0
1,frontreco,100,0,46,adservice,server,22,1,1,1,0
1,frontreco,100,0,46,cartservice,server,53,2,2,2,0
1,frontreco,100,0,46,checkoutservice,checkout,30,1,1,1,0
1,frontreco,100,0,46,currencyservice,server,57,1,1,1,0
1,frontreco,100,0,46,emailservice,email,48,1,1,1,0
1,frontreco,100,0,46,frontend,recommendation,87,1,1,1,0
1,frontreco,100,0,46,frontend,server,95,1,1,1,0
1,frontreco,100,0,46,paymentservice,payment,36,1,1,1,0
1,frontreco,100,0,46,productcatalogservice,server,84,1,1,1,0
1,frontreco,100,0,46,redis-cart,-,,1,1,1,0
1,frontreco,100,0,46,shippingservice,server,31,1,1,1,0
1,frontreco,100,0,61,adservice,server,25,1,1,1,0
1,frontreco,100,0,61,cartservice,server,43,2,2,2,0
1,frontreco,100,0,61,checkoutservice,checkout,30,1,1,1,0
1,frontreco,100,0,61,currencyservice,server,57,1,1,1,0
1,frontreco,100,0,61,emailservice,email,48,1,1,1,0
1,frontreco,100,0,61,frontend,recommendation,97,1,2,1,0
1,frontreco,100,0,61,frontend,server,99,1,2,1,0
1,frontreco,100,0,61,paymentservice,payment,33,1,1,1,0
1,frontreco,100,0,61,productcatalogservice,server,91,1,2,2,0
1,frontreco,100,0,61,redis-cart,-,,1,1,1,0
1,frontreco,100,0,61,shippingservice,server,30,1,1,1,0
1,frontreco,100,0,76,adservice,server,25,1,1,1,0
1,frontreco,100,0,76,cartservice,server,46,2,2,2,0
1,frontreco,100,0,76,checkoutservice,checkout,30,1,1,1,0
1,frontreco,100,0,76,currencyservice,server,59,1,1,1,0
1,frontreco,100,0,76,emailservice,email,47,1,1,1,0
1,frontreco,100,0,76,frontend,recommendation,90,2,2,2,0
1,frontreco,100,0,76,frontend,server,97,2,2,2,0
1,frontreco,100,0,76,paymentservice,payment,32,1,1,1,0
1,frontreco,100,0,76,productcatalogservice,server,44,2,2,2,0
1,frontreco,100,0,76,redis-cart,-,,1,1,1,0
1,frontreco,100,0,76,shippingservice,server,30,1,1,1,0
1,frontreco,100,0,92,adservice,server,23,1,1,1,0
1,frontreco,100,0,92,cartservice,server,51,2,2,2,0
1,frontreco,100,0,92,checkoutservice,checkout,29,1,1,1,0
1,frontreco,100,0,92,currencyservice,server,58,1,1,1,0
1,frontreco,100,0,92,emailservice,email,48,1,1,1,0
1,frontreco,100,0,92,frontend,recommendation,88,2,2,2,0
1,frontreco,100,0,92,frontend,server,92,2,2,2,0
1,frontreco,100,0,92,paymentservice,payment,33,1,1,1,0
1,frontreco,100,0,92,productcatalogservice,server,43,2,2,2,0
1,frontreco,100,0,92,redis-cart,-,,1,1,1,0
1,frontreco,100,0,92,shippingservice,server,31,1,1,1,0
1,frontreco,100,0,107,adservice,server,25,1,1,1,0
1,frontreco,100,0,107,cartservice,server,44,2,2,2,0
1,frontreco,100,0,107,checkoutservice,checkout,31,1,1,1,0
1,frontreco,100,0,107,currencyservice,server,58,1,1,1,0
1,frontreco,100,0,107,emailservice,email,47,1,1,1,0
1,frontreco,100,0,107,frontend,recommendation,44,2,2,2,0
1,frontreco,100,0,107,frontend,server,47,2,2,2,0
1,frontreco,100,0,107,paymentservice,payment,33,1,1,1,0
1,frontreco,100,0,107,productcatalogservice,server,44,2,2,2,0
1,frontreco,100,0,107,redis-cart,-,,1,1,1,0
1,frontreco,100,0,107,shippingservice,server,32,1,1,1,0
1,frontreco,100,0,122,adservice,server,26,1,1,1,0
1,frontreco,100,0,122,cartservice,server,46,2,2,2,0
1,frontreco,100,0,122,checkoutservice,checkout,30,1,1,1,0
1,frontreco,100,0,122,currencyservice,server,58,1,1,1,0
1,frontreco,100,0,122,emailservice,email,50,1,1,1,0
1,frontreco,100,0,122,frontend,recommendation,47,2,2,2,0
1,frontreco,100,0,122,frontend,server,47,2,2,2,0
1,frontreco,100,0,122,paymentservice,payment,34,1,1,1,0
1,frontreco,100,0,122,productcatalogservice,server,44,2,2,2,0
1,frontreco,100,0,122,redis-cart,-,,1,1,1,0
1,frontreco,100,0,122,shippingservice,server,31,1,1,1,0
1,frontreco,100,0,137,adservice,server,28,1,1,1,0
1,frontreco,100,0,137,cartservice,server,43,2,2,2,0
1,frontreco,100,0,137,checkoutservice,checkout,31,1,1,1,0
1,frontreco,100,0,137,currencyservice,server,60,1,1,1,0
1,frontreco,100,0,137,emailservice,email,49,1,1,1,0
1,frontreco,100,0,137,frontend,recommendation,48,2,2,2,0
1,frontreco,100,0,137,frontend,server,48,2,2,2,0
1,frontreco,100,0,137,paymentservice,payment,34,1,1,1,0
1,frontreco,100,0,137,productcatalogservice,server,44,2,2,2,0
1,frontreco,100,0,137,redis-cart,-,,1,1,1,0
1,frontreco,100,0,137,shippingservice,server,31,1,1,1,0
1,frontreco,100,0,152,adservice,server,24,1,1,1,0
1,frontreco,100,0,152,cartservice,server,45,2,2,2,0
1,frontreco,100,0,152,checkoutservice,checkout,31,1,1,1,0
1,frontreco,100,0,152,currencyservice,server,60,1,1,1,0
1,frontreco,100,0,152,emailservice,email,51,1,1,1,0
1,frontreco,100,0,152,frontend,recommendation,46,2,2,2,0
1,frontreco,100,0,152,frontend,server,48,2,2,2,0
1,frontreco,100,0,152,paymentservice,payment,36,1,1,1,0
1,frontreco,100,0,152,productcatalogservice,server,45,2,2,2,0
1,frontreco,100,0,152,redis-cart,-,,1,1,1,0
1,frontreco,100,0,152,shippingservice,server,31,1,1,1,0
1,frontreco,100,0,168,adservice,server,22,1,1,1,0
1,frontreco,100,0,168,cartservice,server,49,2,2,2,0
1,frontreco,100,0,168,checkoutservice,checkout,31,1,1,1,0
1,frontreco,100,0,168,currencyservice,server,57,1,1,1,0
1,frontreco,100,0,168,emailservice,email,47,1,1,1,0
1,frontreco,100,0,168,frontend,recommendation,42,2,2,2,0
1,frontreco,100,0,168,frontend,server,47,2,2,2,0
1,frontreco,100,0,168,paymentservice,payment,35,1,1,1,0
1,frontreco,100,0,168,productcatalogservice,server,44,2,2,2,0
1,frontreco,100,0,168,redis-cart,-,,1,1,1,0
1,frontreco,100,0,168,shippingservice,server,33,1,1,1,0
1,frontreco,100,0,183,adservice,server,23,1,1,1,0
1,frontreco,100,0,183,cartservice,server,50,2,2,2,0
1,frontreco,100,0,183,checkoutservice,checkout,30,1,1,1,0
1,frontreco,100,0,183,currencyservice,server,60,1,1,1,0
1,frontreco,100,0,183,emailservice,email,49,1,1,1,0
1,frontreco,100,0,183,frontend,recommendation,47,2,2,2,0
1,frontreco,100,0,183,frontend,server,45,2,2,2,0
1,frontreco,100,0,183,paymentservice,payment,36,1,1,1,0
1,frontreco,100,0,183,productcatalogservice,server,44,2,2,2,0
1,frontreco,100,0,183,redis-cart,-,,1,1,1,0
1,frontreco,100,0,183,shippingservice,server,31,1,1,1,0
1,frontreco,100,0,198,adservice,server,24,1,1,1,0
1,frontreco,100,0,198,cartservice,server,38,2,2,2,0
1,frontreco,100,0,198,checkoutservice,checkout,28,1,1,1,0
1,frontreco,100,0,198,currencyservice,server,57,1,1,1,0
1,frontreco,100,0,198,emailservice,email,46,1,1,1,0
1,frontreco,100,0,198,frontend,recommendation,45,2,2,2,0
1,frontreco,100,0,198,frontend,server,49,2,2,2,0
1,frontreco,100,0,198,paymentservice,payment,30,1,1,1,0
1,frontreco,100,0,198,productcatalogservice,server,42,2,2,2,0
1,frontreco,100,0,198,redis-cart,-,,1,1,1,0
1,frontreco,100,0,198,shippingservice,server,29,1,1,1,0
1,frontreco,100,0,213,adservice,server,29,1,1,1,0
1,frontreco,100,0,213,cartservice,server,46,2,2,2,0
1,frontreco,100,0,213,checkoutservice,checkout,32,1,1,1,0
1,frontreco,100,0,213,currencyservice,server,57,1,1,1,0
1,frontreco,100,0,213,emailservice,email,49,1,1,1,0
1,frontreco,100,0,213,frontend,recommendation,47,2,2,2,0
1,frontreco,100,0,213,frontend,server,46,2,2,2,0
1,frontreco,100,0,213,paymentservice,payment,33,1,1,1,0
1,frontreco,100,0,213,productcatalogservice,server,45,2,2,2,0
1,frontreco,100,0,213,redis-cart,-,,1,1,1,0
1,frontreco,100,0,213,shippingservice,server,32,1,1,1,0
1,frontreco,100,0,229,adservice,server,23,1,1,1,0
1,frontreco,100,0,229,cartservice,server,45,2,2,2,0
1,frontreco,100,0,229,checkoutservice,checkout,30,1,1,1,0
1,frontreco,100,0,229,currencyservice,server,63,1,1,1,0
1,frontreco,100,0,229,emailservice,email,55,1,1,1,0
1,frontreco,100,0,229,frontend,recommendation,47,2,2,2,0
1,frontreco,100,0,229,frontend,server,59,2,2,2,0
1,frontreco,100,0,229,paymentservice,payment,33,1,1,1,0
1,frontreco,100,0,229,productcatalogservice,server,52,2,2,2,0
1,frontreco,100,0,229,redis-cart,-,,1,1,1,0
1,frontreco,100,0,229,shippingservice,server,34,1,1,1,0
1,frontreco,100,0,244,adservice,server,28,1,1,1,0
1,frontreco,100,0,244,cartservice,server,45,2,2,2,0
1,frontreco,100,0,244,checkoutservice,checkout,32,1,1,1,0
1,frontreco,100,0,244,currencyservice,server,60,1,1,1,0
1,frontreco,100,0,244,emailservice,email,55,1,1,1,0
1,frontreco,100,0,244,frontend,recommendation,50,2,2,2,0
1,frontreco,100,0,244,frontend,server,46,2,2,2,0
1,frontreco,100,0,244,paymentservice,payment,34,1,1,1,0
1,frontreco,100,0,244,productcatalogservice,server,44,2,2,2,0
1,frontreco,100,0,244,redis-cart,-,,1,1,1,0
1,frontreco,100,0,244,shippingservice,server,31,1,1,1,0
1,frontreco,100,0,259,adservice,server,22,1,1,1,0
1,frontreco,100,0,259,cartservice,server,47,2,2,2,0
1,frontreco,100,0,259,checkoutservice,checkout,30,1,1,1,0
1,frontreco,100,0,259,currencyservice,server,59,1,1,1,0
1,frontreco,100,0,259,emailservice,email,47,1,1,1,0
1,frontreco,100,0,259,frontend,recommendation,50,2,2,2,0
1,frontreco,100,0,259,frontend,server,53,2,2,2,0
1,frontreco,100,0,259,paymentservice,payment,33,1,1,1,0
1,frontreco,100,0,259,productcatalogservice,server,48,2,2,2,0
1,frontreco,100,0,259,redis-cart,-,,1,1,1,0
1,frontreco,100,0,259,shippingservice,server,30,1,1,1,0
1,frontreco,100,0,274,adservice,server,27,1,1,1,0
1,frontreco,100,0,274,cartservice,server,47,2,2,2,0
1,frontreco,100,0,274,checkoutservice,checkout,33,1,1,1,0
1,frontreco,100,0,274,currencyservice,server,58,1,1,1,0
1,frontreco,100,0,274,emailservice,email,54,1,1,1,0
1,frontreco,100,0,274,frontend,recommendation,45,2,2,2,0
1,frontreco,100,0,274,frontend,server,45,2,2,2,0
1,frontreco,100,0,274,paymentservice,payment,32,1,1,1,0
1,frontreco,100,0,274,productcatalogservice,server,48,2,2,2,0
1,frontreco,100,0,274,redis-cart,-,,1,1,1,0
1,frontreco,100,0,274,shippingservice,server,32,1,1,1,0
1,frontreco,100,0,289,adservice,server,27,1,1,1,0
1,frontreco,100,0,289,cartservice,server,47,2,2,2,0
1,frontreco,100,0,289,checkoutservice,checkout,30,1,1,1,0
1,frontreco,100,0,289,currencyservice,server,63,1,1,1,0
1,frontreco,100,0,289,emailservice,email,48,1,1,1,0
1,frontreco,100,0,289,frontend,recommendation,48,2,2,2,0
1,frontreco,100,0,289,frontend,server,50,2,2,2,0
1,frontreco,100,0,289,paymentservice,payment,35,1,1,1,0
1,frontreco,100,0,289,productcatalogservice,server,46,2,2,2,0
1,frontreco,100,0,289,redis-cart,-,,1,1,1,0
1,frontreco,100,0,289,shippingservice,server,30,1,1,1,0
1,frontreco,100,0,305,adservice,server,24,1,1,1,0
1,frontreco,100,0,305,cartservice,server,40,2,2,2,0
1,frontreco,100,0,305,checkoutservice,checkout,29,1,1,1,0
1,frontreco,100,0,305,currencyservice,server,55,1,1,1,0
1,frontreco,100,0,305,emailservice,email,45,1,1,1,0
1,frontreco,100,0,305,frontend,recommendation,45,2,2,2,0
1,frontreco,100,0,305,frontend,server,47,2,2,2,0
1,frontreco,100,0,305,paymentservice,payment,31,1,1,1,0
1,frontreco,100,0,305,productcatalogservice,server,45,2,2,2,0
1,frontreco,100,0,305,redis-cart,-,,1,1,1,0
1,frontreco,100,0,305,shippingservice,server,35,1,1,1,0
1,frontreco,100,0,320,adservice,server,23,1,1,1,0
1,frontreco,100,0,320,cartservice,server,48,2,2,2,0
1,frontreco,100,0,320,checkoutservice,checkout,29,1,1,1,0
1,frontreco,100,0,320,currencyservice,server,58,1,1,1,0
1,frontreco,100,0,320,emailservice,email,46,1,1,1,0
1,frontreco,100,0,320,frontend,recommendation,43,2,2,2,0
1,frontreco,100,0,320,frontend,server,44,2,2,2,0
1,frontreco,100,0,320,paymentservice,payment,36,1,1,1,0
1,frontreco,100,0,320,productcatalogservice,server,42,2,2,2,0
1,frontreco,100,0,320,redis-cart,-,,1,1,1,0
1,frontreco,100,0,320,shippingservice,server,30,1,1,1,0
1,frontreco,100,0,335,adservice,server,28,1,1,1,0
1,frontreco,100,0,335,cartservice,server,50,2,2,2,0
1,frontreco,100,0,335,checkoutservice,checkout,29,1,1,1,0
1,frontreco,100,0,335,currencyservice,server,60,1,1,1,0
1,frontreco,100,0,335,emailservice,email,53,1,1,1,0
1,frontreco,100,0,335,frontend,recommendation,43,2,2,2,0
1,frontreco,100,0,335,frontend,server,51,2,2,2,0
1,frontreco,100,0,335,paymentservice,payment,31,1,1,1,0
1,frontreco,100,0,335,productcatalogservice,server,46,2,2,2,0
1,frontreco,100,0,335,redis-cart,-,,1,1,1,0
1,frontreco,100,0,335,shippingservice,server,31,1,1,1,0
1,frontreco,100,0,350,adservice,server,22,1,1,1,0
1,frontreco,100,0,350,cartservice,server,50,2,2,2,0
1,frontreco,100,0,350,checkoutservice,checkout,31,1,1,1,0
1,frontreco,100,0,350,currencyservice,server,58,1,1,1,0
1,frontreco,100,0,350,emailservice,email,48,1,1,1,0
1,frontreco,100,0,350,frontend,recommendation,49,2,2,2,0
1,frontreco,100,0,350,frontend,server,49,2,2,2,0
1,frontreco,100,0,350,paymentservice,payment,32,1,1,1,0
1,frontreco,100,0,350,productcatalogservice,server,43,2,2,2,0
1,frontreco,100,0,350,redis-cart,-,,1,1,1,0
1,frontreco,100,0,350,shippingservice,server,31,1,1,1,0
1,frontreco,100,0,366,adservice,server,25,1,1,1,0
1,frontreco,100,0,366,cartservice,server,46,2,2,2,0
1,frontreco,100,0,366,checkoutservice,checkout,30,1,1,1,0
1,frontreco,100,0,366,currencyservice,server,59,1,1,1,0
1,frontreco,100,0,366,emailservice,email,48,1,1,1,0
1,frontreco,100,0,366,frontend,recommendation,46,2,2,2,0
1,frontreco,100,0,366,frontend,server,47,2,2,2,0
1,frontreco,100,0,366,paymentservice,payment,36,1,1,1,0
1,frontreco,100,0,366,productcatalogservice,server,45,2,2,2,0
1,frontreco,100,0,366,redis-cart,-,,1,1,1,0
1,frontreco,100,0,366,shippingservice,server,31,1,1,1,0
1,frontreco,100,0,381,adservice,server,25,1,1,1,0
1,frontreco,100,0,381,cartservice,server,49,2,2,2,0
1,frontreco,100,0,381,checkoutservice,checkout,30,1,1,1,0
1,frontreco,100,0,381,currencyservice,server,58,1,1,1,0
1,frontreco,100,0,381,emailservice,email,47,1,1,1,0
1,frontreco,100,0,381,frontend,recommendation,46,2,2,2,0
1,frontreco,100,0,381,frontend,server,47,2,2,2,0
1,frontreco,100,0,381,paymentservice,payment,36,1,1,1,0
1,frontreco,100,0,381,productcatalogservice,server,46,2,2,2,0
1,frontreco,100,0,381,redis-cart,-,,1,1,1,0
1,frontreco,100,0,381,shippingservice,server,30,1,1,1,0
1,frontreco,100,0,396,adservice,server,23,1,1,1,0
1,frontreco,100,0,396,cartservice,server,47,2,2,2,0
1,frontreco,100,0,396,checkoutservice,checkout,30,1,1,1,0
1,frontreco,100,0,396,currencyservice,server,57,1,1,1,0
1,frontreco,100,0,396,emailservice,email,47,1,1,1,0
1,frontreco,100,0,396,frontend,recommendation,43,2,2,2,0
1,frontreco,100,0,396,frontend,server,48,2,2,2,0
1,frontreco,100,0,396,paymentservice,payment,34,1,1,1,0
1,frontreco,100,0,396,productcatalogservice,server,43,2,2,2,0
1,frontreco,100,0,396,redis-cart,-,,1,1,1,0
1,frontreco,100,0,396,shippingservice,server,33,1,1,1,0
1,frontreco,100,0,411,adservice,server,23,1,1,1,0
1,frontreco,100,0,411,cartservice,server,50,2,2,2,0
1,frontreco,100,0,411,checkoutservice,checkout,30,1,1,1,0
1,frontreco,100,0,411,currencyservice,server,58,1,1,1,0
1,frontreco,100,0,411,emailservice,email,48,1,1,1,0
1,frontreco,100,0,411,frontend,recommendation,45,2,2,2,0
1,frontreco,100,0,411,frontend,server,44,2,2,2,0
1,frontreco,100,0,411,paymentservice,payment,33,1,1,1,0
1,frontreco,100,0,411,productcatalogservice,server,42,2,2,2,0
1,frontreco,100,0,411,redis-cart,-,,1,1,1,0
1,frontreco,100,0,411,shippingservice,server,31,1,1,1,0
1,frontreco,100,0,426,adservice,server,23,1,1,1,0
1,frontreco,100,0,426,cartservice,server,45,2,2,2,0
1,frontreco,100,0,426,checkoutservice,checkout,29,1,1,1,0
1,frontreco,100,0,426,currencyservice,server,58,1,1,1,0
1,frontreco,100,0,426,emailservice,email,48,1,1,1,0
1,frontreco,100,0,426,frontend,recommendation,43,2,2,2,0
1,frontreco,100,0,426,frontend,server,44,2,2,2,0
1,frontreco,100,0,426,paymentservice,payment,35,1,1,1,0
1,frontreco,100,0,426,productcatalogservice,server,38,2,2,2,0
1,frontreco,100,0,426,redis-cart,-,,1,1,1,0
1,frontreco,100,0,426,shippingservice,server,31,1,1,1,0
1,frontreco,100,0,442,adservice,server,1,1,1,1,0
1,frontreco,100,0,442,cartservice,server,0,2,2,2,0
1,frontreco,100,0,442,checkoutservice,checkout,4,1,1,1,0
1,frontreco,100,0,442,currencyservice,server,15,1,1,1,0
1,frontreco,100,0,442,emailservice,email,20,1,1,1,0
1,frontreco,100,0,442,frontend,recommendation,24,2,2,2,0
1,frontreco,100,0,442,frontend,server,16,2,2,2,0
1,frontreco,100,0,442,paymentservice,payment,7,1,1,1,0
1,frontreco,100,0,442,productcatalogservice,server,0,2,2,2,0
1,frontreco,100,0,442,redis-cart,-,,1,1,1,0
1,frontreco,100,0,442,shippingservice,server,17,1,1,1,0
1,frontreco,100,0,1,adservice,server,1,1,1,1,0
1,frontreco,100,0,1,cartservice,server,0,2,2,2,0
1,frontreco,100,0,1,checkoutservice,checkout,0,1,1,1,0
1,frontreco,100,0,1,currencyservice,server,0,1,1,1,0
1,frontreco,100,0,1,emailservice,email,1,1,1,1,0
1,frontreco,100,0,1,frontend,recommendation,0,2,2,2,0
1,frontreco,100,0,1,frontend,server,0,2,2,2,0
1,frontreco,100,0,1,paymentservice,payment,0,1,1,1,0
1,frontreco,100,0,1,productcatalogservice,server,0,2,2,2,0
1,frontreco,100,0,1,redis-cart,-,,1,1,1,0
1,frontreco,100,0,1,shippingservice,server,0,1,1,1,0
1,frontreco,100,0,16,adservice,server,6,1,1,1,0
1,frontreco,100,0,16,cartservice,server,0,2,2,2,0
1,frontreco,100,0,16,checkoutservice,checkout,3,1,1,1,0
1,frontreco,100,0,16,currencyservice,server,0,1,1,1,0
1,frontreco,100,0,16,emailservice,email,1,1,1,1,0
1,frontreco,100,0,16,frontend,recommendation,10,2,2,2,0
1,frontreco,100,0,16,frontend,server,10,2,2,2,0
1,frontreco,100,0,16,paymentservice,payment,1,1,1,1,0
1,frontreco,100,0,16,productcatalogservice,server,7,2,2,2,0
1,frontreco,100,0,16,redis-cart,-,,1,1,1,0
1,frontreco,100,0,16,shippingservice,server,0,1,1,1,0
1,frontreco,100,0,31,adservice,server,52,1,1,1,0
1,frontreco,100,0,31,cartservice,server,66,2,2,2,0
1,frontreco,100,0,31,checkoutservice,checkout,34,1,1,1,0
1,frontreco,100,0,31,currencyservice,server,66,1,1,1,0
1,frontreco,100,0,31,emailservice,email,42,1,1,1,0
1,frontreco,100,0,31,frontend,recommendation,31,2,2,2,0
1,frontreco,100,0,31,frontend,server,48,2,2,2,0
1,frontreco,100,0,31,paymentservice,payment,28,1,1,1,0
1,frontreco,100,0,31,productcatalogservice,server,67,2,2,2,0
1,frontreco,100,0,31,redis-cart,-,,1,1,1,0
1,frontreco,100,0,31,shippingservice,server,28,1,1,1,0
1,frontreco,100,0,46,adservice,server,46,1,1,1,0
1,frontreco,100,0,46,cartservice,server,73,2,2,2,0
1,frontreco,100,0,46,checkoutservice,checkout,33,1,1,1,0
1,frontreco,100,0,46,currencyservice,server,76,1,1,1,0
1,frontreco,100,0,46,emailservice,email,53,1,1,1,0
1,frontreco,100,0,46,frontend,recommendation,81,2,2,2,0
1,frontreco,100,0,46,frontend,server,79,2,2,2,0
1,frontreco,100,0,46,paymentservice,payment,34,1,1,1,0
1,frontreco,100,0,46,productcatalogservice,server,63,2,2,2,0
1,frontreco,100,0,46,redis-cart,-,,1,1,1,0
1,frontreco,100,0,46,shippingservice,server,37,1,1,1,0
1,frontreco,100,0,62,adservice,server,40,1,1,1,0
1,frontreco,100,0,62,cartservice,server,69,2,2,2,0
1,frontreco,100,0,62,checkoutservice,checkout,34,1,1,1,0
1,frontreco,100,0,62,currencyservice,server,76,1,1,1,0
1,frontreco,100,0,62,emailservice,email,53,1,1,1,0
1,frontreco,100,0,62,frontend,recommendation,68,2,2,2,0
1,frontreco,100,0,62,frontend,server,70,2,2,2,0
1,frontreco,100,0,62,paymentservice,payment,38,1,1,1,0
1,frontreco,100,0,62,productcatalogservice,server,58,2,2,2,0
1,frontreco,100,0,62,redis-cart,-,,1,1,1,0
1,frontreco,100,0,62,shippingservice,server,35,1,1,1,0
1,frontreco,100,0,77,adservice,server,43,1,1,1,0
1,frontreco,100,0,77,cartservice,server,69,2,2,2,0
1,frontreco,100,0,77,checkoutservice,checkout,31,1,1,1,0
1,frontreco,100,0,77,currencyservice,server,74,1,1,1,0
1,frontreco,100,0,77,emailservice,email,49,1,1,1,0
1,frontreco,100,0,77,frontend,recommendation,75,2,2,2,0
1,frontreco,100,0,77,frontend,server,75,2,2,2,0
1,frontreco,100,0,77,paymentservice,payment,33,1,1,1,0
1,frontreco,100,0,77,productcatalogservice,server,63,2,2,2,0
1,frontreco,100,0,77,redis-cart,-,,1,1,1,0
1,frontreco,100,0,77,shippingservice,server,36,1,1,1,0
1,frontreco,100,0,92,adservice,server,42,1,1,1,0
1,frontreco,100,0,92,cartservice,server,72,2,2,2,0
1,frontreco,100,0,92,checkoutservice,checkout,37,1,1,1,0
1,frontreco,100,0,92,currencyservice,server,78,1,1,1,0
1,frontreco,100,0,92,emailservice,email,52,1,1,1,0
1,frontreco,100,0,92,frontend,recommendation,78,2,2,2,0
1,frontreco,100,0,92,frontend,server,71,2,2,2,0
1,frontreco,100,0,92,paymentservice,payment,40,1,1,1,0
1,frontreco,100,0,92,productcatalogservice,server,55,2,2,2,0
1,frontreco,100,0,92,redis-cart,-,,1,1,1,0
1,frontreco,100,0,92,shippingservice,server,37,1,1,1,0
1,frontreco,100,0,107,adservice,server,36,1,1,1,0
1,frontreco,100,0,107,cartservice,server,69,2,2,2,0
1,frontreco,100,0,107,checkoutservice,checkout,33,1,1,1,0
1,frontreco,100,0,107,currencyservice,server,73,1,1,1,0
1,frontreco,100,0,107,emailservice,email,52,1,1,1,0
1,frontreco,100,0,107,frontend,recommendation,60,2,2,2,0
1,frontreco,100,0,107,frontend,server,61,2,2,2,0
1,frontreco,100,0,107,paymentservice,payment,37,1,1,1,0
1,frontreco,100,0,107,productcatalogservice,server,55,2,2,2,0
1,frontreco,100,0,107,redis-cart,-,,1,1,1,0
1,frontreco,100,0,107,shippingservice,server,35,1,1,1,0
1,frontreco,100,0,123,adservice,server,57,1,1,1,0
1,frontreco,100,0,123,cartservice,server,65,2,2,2,0
1,frontreco,100,0,123,checkoutservice,checkout,33,1,1,1,0
1,frontreco,100,0,123,currencyservice,server,73,1,1,1,0
1,frontreco,100,0,123,emailservice,email,50,1,1,1,0
1,frontreco,100,0,123,frontend,recommendation,91,2,2,2,0
1,frontreco,100,0,123,frontend,server,89,2,2,2,0
1,frontreco,100,0,123,paymentservice,payment,31,1,1,1,0
1,frontreco,100,0,123,productcatalogservice,server,68,2,2,2,0
1,frontreco,100,0,123,redis-cart,-,,1,1,1,0
1,frontreco,100,0,123,shippingservice,server,39,1,1,1,0
1,frontreco,100,0,138,adservice,server,51,1,1,1,0
1,frontreco,100,0,138,cartservice,server,69,2,2,2,0
1,frontreco,100,0,138,checkoutservice,checkout,33,1,1,1,0
1,frontreco,100,0,138,currencyservice,server,81,1,1,1,0
1,frontreco,100,0,138,emailservice,email,50,1,1,1,0
1,frontreco,100,0,138,frontend,recommendation,90,2,3,2,0
1,frontreco,100,0,138,frontend,server,91,2,3,2,0
1,frontreco,100,0,138,paymentservice,payment,30,1,1,1,0
1,frontreco,100,0,138,productcatalogservice,server,72,2,2,2,0
1,frontreco,100,0,138,redis-cart,-,,1,1,1,0
1,frontreco,100,0,138,shippingservice,server,38,1,1,1,0
1,frontreco,100,0,153,adservice,server,51,1,1,1,0
1,frontreco,100,0,153,cartservice,server,70,2,2,2,0
1,frontreco,100,0,153,checkoutservice,checkout,34,1,1,1,0
1,frontreco,100,0,153,currencyservice,server,77,1,2,2,0
1,frontreco,100,0,153,emailservice,email,50,1,1,1,0
1,frontreco,100,0,153,frontend,recommendation,59,3,3,3,0
1,frontreco,100,0,153,frontend,server,62,3,3,3,0
1,frontreco,100,0,153,paymentservice,payment,38,1,1,1,0
1,frontreco,100,0,153,productcatalogservice,server,59,2,2,2,0
1,frontreco,100,0,153,redis-cart,-,,1,1,1,0
1,frontreco,100,0,153,shippingservice,server,35,1,1,1,0
1,frontreco,100,0,168,adservice,server,35,1,1,1,0
1,frontreco,100,0,168,cartservice,server,73,2,2,2,0
1,frontreco,100,0,168,checkoutservice,checkout,34,1,1,1,0
1,frontreco,100,0,168,currencyservice,server,74,2,2,2,0
1,frontreco,100,0,168,emailservice,email,52,1,1,1,0
1,frontreco,100,0,168,frontend,recommendation,60,3,3,3,0
1,frontreco,100,0,168,frontend,server,62,3,3,3,0
1,frontreco,100,0,168,paymentservice,payment,38,1,1,1,0
1,frontreco,100,0,168,productcatalogservice,server,54,2,2,2,0
1,frontreco,100,0,168,redis-cart,-,,1,1,1,0
1,frontreco,100,0,168,shippingservice,server,35,1,1,1,0
1,frontreco,100,0,184,adservice,server,46,1,1,1,0
1,frontreco,100,0,184,cartservice,server,72,2,2,2,0
1,frontreco,100,0,184,checkoutservice,checkout,34,1,1,1,0
1,frontreco,100,0,184,currencyservice,server,37,2,2,2,0
1,frontreco,100,0,184,emailservice,email,50,1,1,1,0
1,frontreco,100,0,184,frontend,recommendation,46,3,3,3,0
1,frontreco,100,0,184,frontend,server,44,3,3,3,0
1,frontreco,100,0,184,paymentservice,payment,36,1,1,1,0
1,frontreco,100,0,184,productcatalogservice,server,55,2,2,2,0
1,frontreco,100,0,184,redis-cart,-,,1,1,1,0
1,frontreco,100,0,184,shippingservice,server,35,1,1,1,0
1,frontreco,100,0,199,adservice,server,42,1,1,1,0
1,frontreco,100,0,199,cartservice,server,74,2,2,2,0
1,frontreco,100,0,199,checkoutservice,checkout,35,1,1,1,0
1,frontreco,100,0,199,currencyservice,server,39,2,2,2,0
1,frontreco,100,0,199,emailservice,email,50,1,1,1,0
1,frontreco,100,0,199,frontend,recommendation,56,3,3,3,0
1,frontreco,100,0,199,frontend,server,52,3,3,3,0
1,frontreco,100,0,199,paymentservice,payment,36,1,1,1,0
1,frontreco,100,0,199,productcatalogservice,server,64,2,2,2,0
1,frontreco,100,0,199,redis-cart,-,,1,1,1,0
1,frontreco,100,0,199,shippingservice,server,38,1,1,1,0
1,frontreco,100,0,214,adservice,server,49,1,1,1,0
1,frontreco,100,0,214,cartservice,server,69,2,2,2,0
1,frontreco,100,0,214,checkoutservice,checkout,32,1,1,1,0
1,frontreco,100,0,214,currencyservice,server,39,2,2,2,0
1,frontreco,100,0,214,emailservice,email,51,1,1,1,0
1,frontreco,100,0,214,frontend,recommendation,48,3,3,3,0
1,frontreco,100,0,214,frontend,server,48,3,3,3,0
1,frontreco,100,0,214,paymentservice,payment,31,1,1,1,0
1,frontreco,100,0,214,productcatalogservice,server,63,2,2,2,0
1,frontreco,100,0,214,redis-cart,-,,1,1,1,0
1,frontreco,100,0,214,shippingservice,server,34,1,1,1,0
1,frontreco,100,0,229,adservice,server,54,1,1,1,0
1,frontreco,100,0,229,cartservice,server,64,2,2,2,0
1,frontreco,100,0,229,checkoutservice,checkout,33,1,1,1,0
1,frontreco,100,0,229,currencyservice,server,39,2,2,2,0
1,frontreco,100,0,229,emailservice,email,54,1,1,1,0
1,frontreco,100,0,229,frontend,recommendation,63,3,3,3,0
1,frontreco,100,0,229,frontend,server,56,3,3,3,0
1,frontreco,100,0,229,paymentservice,payment,31,1,1,1,0
1,frontreco,100,0,229,productcatalogservice,server,70,2,2,2,0
1,frontreco,100,0,229,redis-cart,-,,1,1,1,0
1,frontreco,100,0,229,shippingservice,server,36,1,1,1,0
1,frontreco,100,0,245,adservice,server,54,1,1,1,0
1,frontreco,100,0,245,cartservice,server,64,2,2,2,0
1,frontreco,100,0,245,checkoutservice,checkout,35,1,1,1,0
1,frontreco,100,0,245,currencyservice,server,39,2,2,2,0
1,frontreco,100,0,245,emailservice,email,52,1,1,1,0
1,frontreco,100,0,245,frontend,recommendation,57,3,3,3,0
1,frontreco,100,0,245,frontend,server,58,3,3,3,0
1,frontreco,100,0,245,paymentservice,payment,34,1,1,1,0
1,frontreco,100,0,245,productcatalogservice,server,64,2,2,2,0
1,frontreco,100,0,245,redis-cart,-,,1,1,1,0
1,frontreco,100,0,245,shippingservice,server,40,1,1,1,0
1,frontreco,100,0,260,adservice,server,43,1,1,1,0
1,frontreco,100,0,260,cartservice,server,61,2,2,2,0
1,frontreco,100,0,260,checkoutservice,checkout,35,1,1,1,0
1,frontreco,100,0,260,currencyservice,server,39,2,2,2,0
1,frontreco,100,0,260,emailservice,email,46,1,1,1,0
1,frontreco,100,0,260,frontend,recommendation,55,3,3,3,0
1,frontreco,100,0,260,frontend,server,49,3,3,3,0
1,frontreco,100,0,260,paymentservice,payment,34,1,1,1,0
1,frontreco,100,0,260,productcatalogservice,server,69,2,2,2,0
1,frontreco,100,0,260,redis-cart,-,,1,1,1,0
1,frontreco,100,0,260,shippingservice,server,37,1,1,1,0
1,frontreco,100,0,275,adservice,server,55,1,1,1,0
1,frontreco,100,0,275,cartservice,server,74,2,2,2,0
1,frontreco,100,0,275,checkoutservice,checkout,33,1,1,1,0
1,frontreco,100,0,275,currencyservice,server,39,2,2,2,0
1,frontreco,100,0,275,emailservice,email,53,1,1,1,0
1,frontreco,100,0,275,frontend,recommendation,61,3,3,3,0
1,frontreco,100,0,275,frontend,server,57,3,3,3,0
1,frontreco,100,0,275,paymentservice,payment,30,1,1,1,0
1,frontreco,100,0,275,productcatalogservice,server,69,2,2,2,0
1,frontreco,100,0,275,redis-cart,-,,1,1,1,0
1,frontreco,100,0,275,shippingservice,server,37,1,1,1,0
1,frontreco,100,0,290,adservice,server,44,1,1,1,0
1,frontreco,100,0,290,cartservice,server,63,2,2,2,0
1,frontreco,100,0,290,checkoutservice,checkout,33,1,1,1,0
1,frontreco,100,0,290,currencyservice,server,39,2,2,2,0
1,frontreco,100,0,290,emailservice,email,51,1,1,1,0
1,frontreco,100,0,290,frontend,recommendation,53,3,3,3,0
1,frontreco,100,0,290,frontend,server,46,3,3,3,0
1,frontreco,100,0,290,paymentservice,payment,36,1,1,1,0
1,frontreco,100,0,290,productcatalogservice,server,61,2,2,2,0
1,frontreco,100,0,290,redis-cart,-,,1,1,1,0
1,frontreco,100,0,290,shippingservice,server,37,1,1,1,0
1,frontreco,100,0,305,adservice,server,36,1,1,1,0
1,frontreco,100,0,305,cartservice,server,64,2,2,2,0
1,frontreco,100,0,305,checkoutservice,checkout,33,1,1,1,0
1,frontreco,100,0,305,currencyservice,server,37,2,2,2,0
1,frontreco,100,0,305,emailservice,email,52,1,1,1,0
1,frontreco,100,0,305,frontend,recommendation,42,3,3,3,0
1,frontreco,100,0,305,frontend,server,44,3,3,3,0
1,frontreco,100,0,305,paymentservice,payment,36,1,1,1,0
1,frontreco,100,0,305,productcatalogservice,server,56,2,2,2,0
1,frontreco,100,0,305,redis-cart,-,,1,1,1,0
1,frontreco,100,0,305,shippingservice,server,35,1,1,1,0
1,frontreco,100,0,321,adservice,server,36,1,1,1,0
1,frontreco,100,0,321,cartservice,server,61,2,2,2,0
1,frontreco,100,0,321,checkoutservice,checkout,33,1,1,1,0
1,frontreco,100,0,321,currencyservice,server,37,2,2,2,0
1,frontreco,100,0,321,emailservice,email,51,1,1,1,0
1,frontreco,100,0,321,frontend,recommendation,41,3,3,3,0
1,frontreco,100,0,321,frontend,server,41,3,3,3,0
1,frontreco,100,0,321,paymentservice,payment,38,1,1,1,0
1,frontreco,100,0,321,productcatalogservice,server,56,2,2,2,0
1,frontreco,100,0,321,redis-cart,-,,1,1,1,0
1,frontreco,100,0,321,shippingservice,server,35,1,1,1,0
1,frontreco,100,0,336,adservice,server,35,1,1,1,0
1,frontreco,100,0,336,cartservice,server,66,2,2,2,0
1,frontreco,100,0,336,checkoutservice,checkout,33,1,1,1,0
1,frontreco,100,0,336,currencyservice,server,37,2,2,2,0
1,frontreco,100,0,336,emailservice,email,50,1,1,1,0
1,frontreco,100,0,336,frontend,recommendation,45,3,3,3,0
1,frontreco,100,0,336,frontend,server,47,3,3,3,0
1,frontreco,100,0,336,paymentservice,payment,35,1,1,1,0
1,frontreco,100,0,336,productcatalogservice,server,62,2,2,2,0
1,frontreco,100,0,336,redis-cart,-,,1,1,1,0
1,frontreco,100,0,336,shippingservice,server,35,1,1,1,0
1,frontreco,100,0,351,adservice,server,59,1,1,1,0
1,frontreco,100,0,351,cartservice,server,79,2,2,2,0
1,frontreco,100,0,351,checkoutservice,checkout,35,1,1,1,0
1,frontreco,100,0,351,currencyservice,server,40,2,2,2,0
1,frontreco,100,0,351,emailservice,email,55,1,1,1,0
1,frontreco,100,0,351,frontend,recommendation,63,3,3,3,0
1,frontreco,100,0,351,frontend,server,58,3,3,3,0
1,frontreco,100,0,351,paymentservice,payment,34,1,1,1,0
1,frontreco,100,0,351,productcatalogservice,server,71,2,2,2,0
1,frontreco,100,0,351,redis-cart,-,,1,1,1,0
1,frontreco,100,0,351,shippingservice,server,40,1,1,1,0
1,frontreco,100,0,366,adservice,server,35,1,1,1,0
1,frontreco,100,0,366,cartservice,server,67,2,2,2,0
1,frontreco,100,0,366,checkoutservice,checkout,34,1,1,1,0
1,frontreco,100,0,366,currencyservice,server,37,2,2,2,0
1,frontreco,100,0,366,emailservice,email,51,1,1,1,0
1,frontreco,100,0,366,frontend,recommendation,40,3,3,3,0
1,frontreco,100,0,366,frontend,server,41,3,3,3,0
1,frontreco,100,0,366,paymentservice,payment,34,1,1,1,0
1,frontreco,100,0,366,productcatalogservice,server,54,2,2,2,0
1,frontreco,100,0,366,redis-cart,-,,1,1,1,0
1,frontreco,100,0,366,shippingservice,server,36,1,1,1,0
1,frontreco,100,0,382,adservice,server,34,1,1,1,0
1,frontreco,100,0,382,cartservice,server,59,2,2,2,0
1,frontreco,100,0,382,checkoutservice,checkout,33,1,1,1,0
1,frontreco,100,0,382,currencyservice,server,37,2,2,2,0
1,frontreco,100,0,382,emailservice,email,52,1,1,1,0
1,frontreco,100,0,382,frontend,recommendation,43,3,3,3,0
1,frontreco,100,0,382,frontend,server,40,3,3,3,0
1,frontreco,100,0,382,paymentservice,payment,39,1,1,1,0
1,frontreco,100,0,382,productcatalogservice,server,57,2,2,2,0
1,frontreco,100,0,382,redis-cart,-,,1,1,1,0
1,frontreco,100,0,382,shippingservice,server,35,1,1,1,0
1,frontreco,100,0,397,adservice,server,44,1,1,1,0
1,frontreco,100,0,397,cartservice,server,62,2,2,2,0
1,frontreco,100,0,397,checkoutservice,checkout,32,1,1,1,0
1,frontreco,100,0,397,currencyservice,server,38,2,2,2,0
1,frontreco,100,0,397,emailservice,email,49,1,1,1,0
1,frontreco,100,0,397,frontend,recommendation,49,3,3,3,0
1,frontreco,100,0,397,frontend,server,49,3,3,3,0
1,frontreco,100,0,397,paymentservice,payment,32,1,1,1,0
1,frontreco,100,0,397,productcatalogservice,server,69,2,2,2,0
1,frontreco,100,0,397,redis-cart,-,,1,1,1,0
1,frontreco,100,0,397,shippingservice,server,39,1,1,1,0
1,frontreco,100,0,412,adservice,server,58,1,1,1,0
1,frontreco,100,0,412,cartservice,server,67,2,2,2,0
1,frontreco,100,0,412,checkoutservice,checkout,34,1,1,1,0
1,frontreco,100,0,412,currencyservice,server,41,2,2,2,0
1,frontreco,100,0,412,emailservice,email,50,1,1,1,0
1,frontreco,100,0,412,frontend,recommendation,61,3,3,3,0
1,frontreco,100,0,412,frontend,server,62,3,3,3,0
1,frontreco,100,0,412,paymentservice,payment,32,1,1,1,0
1,frontreco,100,0,412,productcatalogservice,server,69,2,2,2,0
1,frontreco,100,0,412,redis-cart,-,,1,1,1,0
1,frontreco,100,0,412,shippingservice,server,38,1,1,1,0
1,frontreco,100,0,427,adservice,server,48,1,1,1,0
1,frontreco,100,0,427,cartservice,server,62,2,2,2,0
1,frontreco,100,0,427,checkoutservice,checkout,32,1,1,1,0
1,frontreco,100,0,427,currencyservice,server,38,2,2,2,0
1,frontreco,100,0,427,emailservice,email,51,1,1,1,0
1,frontreco,100,0,427,frontend,recommendation,59,3,3,3,0
1,frontreco,100,0,427,frontend,server,51,3,3,3,0
1,frontreco,100,0,427,paymentservice,payment,32,1,1,1,0
1,frontreco,100,0,427,productcatalogservice,server,64,2,2,2,0
1,frontreco,100,0,427,redis-cart,-,,1,1,1,0
1,frontreco,100,0,427,shippingservice,server,38,1,1,1,0
1,frontreco,100,0,443,adservice,server,43,1,1,1,0
1,frontreco,100,0,443,cartservice,server,56,2,2,2,0
1,frontreco,100,0,443,checkoutservice,checkout,32,1,1,1,0
1,frontreco,100,0,443,currencyservice,server,37,2,2,2,0
1,frontreco,100,0,443,emailservice,email,50,1,1,1,0
1,frontreco,100,0,443,frontend,recommendation,46,3,3,3,0
1,frontreco,100,0,443,frontend,server,46,3,3,3,0
1,frontreco,100,0,443,paymentservice,payment,28,1,1,1,0
1,frontreco,100,0,443,productcatalogservice,server,53,2,2,2,0
1,frontreco,100,0,443,redis-cart,-,,1,1,1,0
1,frontreco,100,0,443,shippingservice,server,32,1,1,1,0
1,frontreco,100,0,1,adservice,server,1,1,1,1,0
1,frontreco,100,0,1,cartservice,server,0,2,2,2,0
1,frontreco,100,0,1,checkoutservice,checkout,0,1,1,1,0
1,frontreco,100,0,1,currencyservice,server,0,2,2,2,0
1,frontreco,100,0,1,emailservice,email,11,1,1,1,0
1,frontreco,100,0,1,frontend,recommendation,0,3,3,3,0
1,frontreco,100,0,1,frontend,server,0,3,3,3,0
1,frontreco,100,0,1,paymentservice,payment,0,1,1,1,0
1,frontreco,100,0,1,productcatalogservice,server,0,2,2,2,0
1,frontreco,100,0,1,redis-cart,-,,1,1,1,0
1,frontreco,100,0,1,shippingservice,server,0,1,1,1,0
1,frontreco,100,0,16,adservice,server,15,1,1,1,0
1,frontreco,100,0,16,cartservice,server,26,2,2,2,0
1,frontreco,100,0,16,checkoutservice,checkout,1,1,1,1,0
1,frontreco,100,0,16,currencyservice,server,17,2,2,2,0
1,frontreco,100,0,16,emailservice,email,2,1,1,1,0
1,frontreco,100,0,16,frontend,recommendation,8,3,2,2,0
1,frontreco,100,0,16,frontend,server,15,3,2,2,0
1,frontreco,100,0,16,paymentservice,payment,4,1,1,1,0
1,frontreco,100,0,16,productcatalogservice,server,11,2,2,2,0
1,frontreco,100,0,16,redis-cart,-,,1,1,1,0
1,frontreco,100,0,16,shippingservice,server,12,1,1,1,0
1,frontreco,100,0,31,adservice,server,15,1,1,1,0
1,frontreco,100,0,31,cartservice,server,43,2,2,2,0
1,frontreco,100,0,31,checkoutservice,checkout,34,1,1,1,0
1,frontreco,100,0,31,currencyservice,server,43,2,2,2,0
1,frontreco,100,0,31,emailservice,email,45,1,1,1,0
1,frontreco,100,0,31,frontend,recommendation,57,2,2,2,0
1,frontreco,100,0,31,paymentservice,payment,39,1,1,1,0
1,frontreco,100,0,31,productcatalogservice,server,55,2,2,2,0
1,frontreco,100,0,31,redis-cart,-,,1,1,1,0
1,frontreco,100,0,31,shippingservice,server,35,1,1,1,0
1,frontreco,100,0,46,adservice,server,47,1,1,1,0
1,frontreco,100,0,46,cartservice,server,61,2,2,2,0
1,frontreco,100,0,46,checkoutservice,checkout,32,1,1,1,0
1,frontreco,100,0,46,currencyservice,server,40,2,2,2,0
1,frontreco,100,0,46,emailservice,email,49,1,1,1,0
1,frontreco,100,0,46,frontend,recommendation,69,2,2,2,0
1,frontreco,100,0,46,paymentservice,payment,24,1,1,1,0
1,frontreco,100,0,46,productcatalogservice,server,72,2,2,2,0
1,frontreco,100,0,46,redis-cart,-,,1,1,1,0
1,frontreco,100,0,46,shippingservice,server,31,1,1,1,0
1,frontreco,100,0,62,adservice,server,67,1,1,1,0
1,frontreco,100,0,62,cartservice,server,57,2,2,2,0
1,frontreco,100,0,62,checkoutservice,checkout,29,1,1,1,0
1,frontreco,100,0,62,currencyservice,server,42,2,2,2,0
1,frontreco,100,0,62,emailservice,email,42,1,1,1,0
1,frontreco,100,0,62,frontend,recommendation,99,2,2,1,0
1,frontreco,100,0,62,frontend,server,98,2,2,1,0
1,frontreco,100,0,62,paymentservice,payment,24,1,1,1,0
1,frontreco,100,0,62,productcatalogservice,server,72,2,2,2,0
1,frontreco,100,0,62,redis-cart,-,,1,1,1,0
1,frontreco,100,0,62,shippingservice,server,36,1,1,1,0
1,frontreco,100,0,77,adservice,server,66,1,1,1,0
1,frontreco,100,0,77,cartservice,server,72,2,2,2,0
1,frontreco,100,0,77,checkoutservice,checkout,31,1,1,1,0
1,frontreco,100,0,77,currencyservice,server,41,2,2,2,0
1,frontreco,100,0,77,emailservice,email,45,1,1,1,0
1,frontreco,100,0,77,frontend,recommendation,107,2,3,0,0
1,frontreco,100,0,77,frontend,server,99,2,3,0,0
1,frontreco,100,0,77,paymentservice,payment,26,1,1,1,0
1,frontreco,100,0,77,productcatalogservice,server,75,2,2,2,0
1,frontreco,100,0,77,redis-cart,-,,1,1,1,0
1,frontreco,100,0,77,shippingservice,server,35,1,1,1,0
1,frontreco,100,0,92,adservice,server,67,1,1,1,0
1,frontreco,100,0,92,cartservice,server,61,2,2,2,0
1,frontreco,100,0,92,checkoutservice,checkout,30,1,1,1,0
1,frontreco,100,0,92,currencyservice,server,42,2,2,2,0
1,frontreco,100,0,92,emailservice,email,46,1,1,1,0
1,frontreco,100,0,92,frontend,recommendation,106,3,3,1,0
1,frontreco,100,0,92,frontend,server,97,3,3,1,0
1,frontreco,100,0,92,paymentservice,payment,28,1,1,1,0
1,frontreco,100,0,92,productcatalogservice,server,75,2,2,2,0
1,frontreco,100,0,92,redis-cart,-,,1,1,1,0
1,frontreco,100,0,92,shippingservice,server,36,1,1,1,0
1,frontreco,100,0,107,adservice,server,67,1,1,1,0
1,frontreco,100,0,107,cartservice,server,61,2,2,2,0
1,frontreco,100,0,107,checkoutservice,checkout,30,1,1,1,0
1,frontreco,100,0,107,currencyservice,server,42,2,2,2,0
1,frontreco,100,0,107,emailservice,email,42,1,1,1,0
1,frontreco,100,0,107,frontend,recommendation,108,3,3,1,0
1,frontreco,100,0,107,frontend,server,95,3,3,1,0
1,frontreco,100,0,107,paymentservice,payment,26,1,1,1,0
1,frontreco,100,0,107,productcatalogservice,server,75,2,2,2,0
1,frontreco,100,0,107,redis-cart,-,,1,1,1,0
1,frontreco,100,0,107,shippingservice,server,35,1,1,1,0
1,frontreco,100,0,123,adservice,server,71,1,1,1,0
1,frontreco,100,0,123,cartservice,server,51,2,2,2,0
1,frontreco,100,0,123,checkoutservice,checkout,27,1,1,1,0
1,frontreco,100,0,123,currencyservice,server,42,2,2,2,0
1,frontreco,100,0,123,emailservice,email,41,1,1,1,0
1,frontreco,100,0,123,frontend,recommendation,82,3,3,1,0
1,frontreco,100,0,123,frontend,server,73,3,3,1,0
1,frontreco,100,0,123,paymentservice,payment,28,1,1,1,0
1,frontreco,100,0,123,productcatalogservice,server,75,2,2,2,0
1,frontreco,100,0,123,redis-cart,-,,1,1,1,0
1,frontreco,100,0,123,shippingservice,server,32,1,1,1,0
1,frontreco,100,0,138,adservice,server,76,1,1,1,0
1,frontreco,100,0,138,cartservice,server,49,2,2,2,0
1,frontreco,100,0,138,checkoutservice,checkout,24,1,1,1,0
1,frontreco,100,0,138,currencyservice,server,38,2,2,2,0
1,frontreco,100,0,138,emailservice,email,46,1,1,1,0
1,frontreco,100,0,138,frontend,recommendation,85,3,4,3,0
1,frontreco,100,0,138,frontend,server,71,3,4,3,0
1,frontreco,100,0,138,paymentservice,payment,32,1,1,1,0
1,frontreco,100,0,138,productcatalogservice,server,75,2,2,2,0
1,frontreco,100,0,138,redis-cart,-,,1,1,1,0
1,frontreco,100,0,138,shippingservice,server,36,1,1,1,0
1,frontreco,100,0,153,adservice,server,76,1,1,1,0
1,frontreco,100,0,153,cartservice,server,62,2,2,2,0
1,frontreco,100,0,153,checkoutservice,checkout,31,1,1,1,0
1,frontreco,100,0,153,currencyservice,server,41,2,2,2,0
1,frontreco,100,0,153,emailservice,email,50,1,1,1,0
1,frontreco,100,0,153,frontend,recommendation,76,4,4,4,0
1,frontreco,100,0,153,frontend,server,63,4,4,4,0
1,frontreco,100,0,153,paymentservice,payment,27,1,1,1,0
1,frontreco,100,0,153,productcatalogservice,server,74,2,2,2,0
1,frontreco,100,0,153,redis-cart,-,,1,1,1,0
1,frontreco,100,0,153,shippingservice,server,37,1,1,1,0
1,frontreco,100,0,169,adservice,server,70,1,1,1,0
1,frontreco,100,0,169,cartservice,server,68,2,2,2,0
1,frontreco,100,0,169,checkoutservice,checkout,31,1,1,1,0
1,frontreco,100,0,169,currencyservice,server,42,2,2,2,0
1,frontreco,100,0,169,emailservice,email,50,1,1,1,0
1,frontreco,100,0,169,frontend,recommendation,74,4,4,4,0
1,frontreco,100,0,169,frontend,server,67,4,4,4,0
1,frontreco,100,0,169,paymentservice,payment,28,1,1,1,0
1,frontreco,100,0,169,productcatalogservice,server,75,2,2,2,0
1,frontreco,100,0,169,redis-cart,-,,1,1,1,0
1,frontreco,100,0,169,shippingservice,server,35,1,1,1,0
1,frontreco,100,0,184,adservice,server,67,1,1,1,0
1,frontreco,100,0,184,cartservice,server,63,2,2,2,0
1,frontreco,100,0,184,checkoutservice,checkout,29,1,1,1,0
1,frontreco,100,0,184,currencyservice,server,42,2,2,2,0
1,frontreco,100,0,184,emailservice,email,45,1,1,1,0
1,frontreco,100,0,184,frontend,recommendation,57,4,4,4,0
1,frontreco,100,0,184,frontend,server,48,4,4,4,0
1,frontreco,100,0,184,paymentservice,payment,27,1,1,1,0
1,frontreco,100,0,184,productcatalogservice,server,73,2,2,2,0
1,frontreco,100,0,184,redis-cart,-,,1,1,1,0
1,frontreco,100,0,184,shippingservice,server,35,1,1,1,0
1,frontreco,100,0,199,adservice,server,70,1,1,1,0
1,frontreco,100,0,199,cartservice,server,59,2,2,2,0
1,frontreco,100,0,199,checkoutservice,checkout,29,1,1,1,0
1,frontreco,100,0,199,currencyservice,server,43,2,2,2,0
1,frontreco,100,0,199,emailservice,email,46,1,1,1,0
1,frontreco,100,0,199,frontend,recommendation,58,4,4,4,0
1,frontreco,100,0,199,frontend,server,51,4,4,4,0
1,frontreco,100,0,199,paymentservice,payment,25,1,1,1,0
1,frontreco,100,0,199,productcatalogservice,server,74,2,2,2,0
1,frontreco,100,0,199,redis-cart,-,,1,1,1,0
1,frontreco,100,0,199,shippingservice,server,34,1,1,1,0
1,frontreco,100,0,214,adservice,server,72,1,1,1,0
1,frontreco,100,0,214,cartservice,server,54,2,2,2,0
1,frontreco,100,0,214,checkoutservice,checkout,29,1,1,1,0
1,frontreco,100,0,214,currencyservice,server,41,2,2,2,0
1,frontreco,100,0,214,emailservice,email,42,1,1,1,0
1,frontreco,100,0,214,frontend,recommendation,56,4,4,4,0
1,frontreco,100,0,214,frontend,server,52,4,4,4,0
1,frontreco,100,0,214,paymentservice,payment,18,1,1,1,0
1,frontreco,100,0,214,productcatalogservice,server,74,2,2,2,0
1,frontreco,100,0,214,redis-cart,-,,1,1,1,0
1,frontreco,100,0,214,shippingservice,server,35,1,1,1,0
1,frontreco,100,0,230,adservice,server,73,1,1,1,0
1,frontreco,100,0,230,cartservice,server,53,2,2,2,0
1,frontreco,100,0,230,checkoutservice,checkout,27,1,1,1,0
1,frontreco,100,0,230,currencyservice,server,40,2,2,2,0
1,frontreco,100,0,230,emailservice,email,42,1,1,1,0
1,frontreco,100,0,230,frontend,recommendation,59,4,4,4,0
1,frontreco,100,0,230,frontend,server,50,4,4,4,0
1,frontreco,100,0,230,paymentservice,payment,21,1,1,1,0
1,frontreco,100,0,230,productcatalogservice,server,75,2,2,2,0
1,frontreco,100,0,230,redis-cart,-,,1,1,1,0
1,frontreco,100,0,230,shippingservice,server,35,1,1,1,0
1,frontreco,100,0,245,adservice,server,72,1,1,1,0
1,frontreco,100,0,245,cartservice,server,62,2,2,2,0
1,frontreco,100,0,245,checkoutservice,checkout,27,1,1,1,0
1,frontreco,100,0,245,currencyservice,server,41,2,2,2,0
1,frontreco,100,0,245,emailservice,email,45,1,1,1,0
1,frontreco,100,0,245,frontend,recommendation,59,4,4,4,0
1,frontreco,100,0,245,frontend,server,51,4,4,4,0
1,frontreco,100,0,245,paymentservice,payment,23,1,1,1,0
1,frontreco,100,0,245,productcatalogservice,server,75,2,2,2,0
1,frontreco,100,0,245,redis-cart,-,,1,1,1,0
1,frontreco,100,0,245,shippingservice,server,35,1,1,1,0
1,frontreco,100,0,260,adservice,server,72,1,1,1,0
1,frontreco,100,0,260,cartservice,server,58,2,2,2,0
1,frontreco,100,0,260,checkoutservice,checkout,26,1,1,1,0
1,frontreco,100,0,260,currencyservice,server,40,2,2,2,0
1,frontreco,100,0,260,emailservice,email,44,1,1,1,0
1,frontreco,100,0,260,frontend,recommendation,58,4,4,4,0
1,frontreco,100,0,260,frontend,server,52,4,4,4,0
1,frontreco,100,0,260,paymentservice,payment,22,1,1,1,0
1,frontreco,100,0,260,productcatalogservice,server,75,2,2,2,0
1,frontreco,100,0,260,redis-cart,-,,1,1,1,0
1,frontreco,100,0,260,shippingservice,server,38,1,1,1,0
1,frontreco,100,0,275,adservice,server,69,1,1,1,0
1,frontreco,100,0,275,cartservice,server,56,2,2,2,0
1,frontreco,100,0,275,checkoutservice,checkout,28,1,1,1,0
1,frontreco,100,0,275,currencyservice,server,40,2,2,2,0
1,frontreco,100,0,275,emailservice,email,49,1,1,1,0
1,frontreco,100,0,275,frontend,recommendation,56,4,4,4,0
1,frontreco,100,0,275,frontend,server,47,4,4,4,0
1,frontreco,100,0,275,paymentservice,payment,26,1,1,1,0
1,frontreco,100,0,275,productcatalogservice,server,75,2,2,2,0
1,frontreco,100,0,275,redis-cart,-,,1,1,1,0
1,frontreco,100,0,275,shippingservice,server,32,1,1,1,0
1,frontreco,100,0,291,adservice,server,69,1,1,1,0
1,frontreco,100,0,291,cartservice,server,57,2,2,2,0
1,frontreco,100,0,291,checkoutservice,checkout,28,1,1,1,0
1,frontreco,100,0,291,currencyservice,server,41,2,2,2,0
1,frontreco,100,0,291,emailservice,email,44,1,1,1,0
1,frontreco,100,0,291,frontend,recommendation,57,4,4,4,0
1,frontreco,100,0,291,frontend,server,52,4,4,4,0
1,frontreco,100,0,291,paymentservice,payment,24,1,1,1,0
1,frontreco,100,0,291,productcatalogservice,server,73,2,2,2,0
1,frontreco,100,0,291,redis-cart,-,,1,1,1,0
1,frontreco,100,0,291,shippingservice,server,35,1,1,1,0
1,frontreco,100,0,306,adservice,server,70,1,1,1,0
1,frontreco,100,0,306,cartservice,server,50,2,2,2,0
1,frontreco,100,0,306,checkoutservice,checkout,28,1,1,1,0
1,frontreco,100,0,306,currencyservice,server,40,2,2,2,0
1,frontreco,100,0,306,emailservice,email,46,1,1,1,0
1,frontreco,100,0,306,frontend,recommendation,57,4,4,4,0
1,frontreco,100,0,306,frontend,server,51,4,4,4,0
1,frontreco,100,0,306,paymentservice,payment,25,1,1,1,0
1,frontreco,100,0,306,productcatalogservice,server,75,2,2,2,0
1,frontreco,100,0,306,redis-cart,-,,1,1,1,0
1,frontreco,100,0,306,shippingservice,server,35,1,1,1,0
1,frontreco,100,0,321,adservice,server,73,1,1,1,0
1,frontreco,100,0,321,cartservice,server,62,2,2,2,0
1,frontreco,100,0,321,checkoutservice,checkout,29,1,1,1,0
1,frontreco,100,0,321,currencyservice,server,42,2,2,2,0
1,frontreco,100,0,321,emailservice,email,44,1,1,1,0
1,frontreco,100,0,321,frontend,recommendation,59,4,4,4,0
1,frontreco,100,0,321,frontend,server,52,4,4,4,0
1,frontreco,100,0,321,paymentservice,payment,23,1,1,1,0
1,frontreco,100,0,321,productcatalogservice,server,75,2,2,2,0
1,frontreco,100,0,321,redis-cart,-,,1,1,1,0
1,frontreco,100,0,321,shippingservice,server,35,1,1,1,0
1,frontreco,100,0,337,adservice,server,70,1,1,1,0
1,frontreco,100,0,337,cartservice,server,56,2,2,2,0
1,frontreco,100,0,337,checkoutservice,checkout,27,1,1,1,0
1,frontreco,100,0,337,currencyservice,server,42,2,2,2,0
1,frontreco,100,0,337,emailservice,email,42,1,1,1,0
1,frontreco,100,0,337,frontend,recommendation,58,4,4,4,0
1,frontreco,100,0,337,frontend,server,50,4,4,4,0
1,frontreco,100,0,337,paymentservice,payment,22,1,1,1,0
1,frontreco,100,0,337,productcatalogservice,server,75,2,2,2,0
1,frontreco,100,0,337,redis-cart,-,,1,1,1,0
1,frontreco,100,0,337,shippingservice,server,34,1,1,1,0
1,frontreco,100,0,352,adservice,server,67,1,1,1,0
1,frontreco,100,0,352,cartservice,server,58,2,2,2,0
1,frontreco,100,0,352,checkoutservice,checkout,28,1,1,1,0
1,frontreco,100,0,352,currencyservice,server,41,2,2,2,0
1,frontreco,100,0,352,emailservice,email,44,1,1,1,0
1,frontreco,100,0,352,frontend,recommendation,56,4,4,4,0
1,frontreco,100,0,352,frontend,server,50,4,4,4,0
1,frontreco,100,0,352,paymentservice,payment,26,1,1,1,0
1,frontreco,100,0,352,productcatalogservice,server,72,2,2,2,0
1,frontreco,100,0,352,redis-cart,-,,1,1,1,0
1,frontreco,100,0,352,shippingservice,server,35,1,1,1,0
1,frontreco,100,0,367,adservice,server,69,1,1,1,0
1,frontreco,100,0,367,cartservice,server,59,2,2,2,0
1,frontreco,100,0,367,checkoutservice,checkout,26,1,1,1,0
1,frontreco,100,0,367,currencyservice,server,41,2,2,2,0
1,frontreco,100,0,367,emailservice,email,40,1,1,1,0
1,frontreco,100,0,367,frontend,recommendation,55,4,4,3,0
1,frontreco,100,0,367,frontend,server,49,4,4,3,0
1,frontreco,100,0,367,paymentservice,payment,20,1,1,1,0
1,frontreco,100,0,367,productcatalogservice,server,75,2,2,2,0
1,frontreco,100,0,367,redis-cart,-,,1,1,1,0
1,frontreco,100,0,367,shippingservice,server,35,1,1,1,0
1,frontreco,100,0,382,adservice,server,72,1,1,1,0
1,frontreco,100,0,382,cartservice,server,51,2,2,2,0
1,frontreco,100,0,382,checkoutservice,checkout,27,1,1,1,0
1,frontreco,100,0,382,currencyservice,server,40,2,2,2,0
1,frontreco,100,0,382,emailservice,email,40,1,1,1,0
1,frontreco,100,0,382,frontend,recommendation,58,4,4,4,0
1,frontreco,100,0,382,frontend,server,50,4,4,4,0
1,frontreco,100,0,382,paymentservice,payment,21,1,1,1,0
1,frontreco,100,0,382,productcatalogservice,server,75,2,2,2,0
1,frontreco,100,0,382,redis-cart,-,,1,1,1,0
1,frontreco,100,0,382,shippingservice,server,32,1,1,1,0
1,frontreco,100,0,398,adservice,server,72,1,1,1,0
1,frontreco,100,0,398,cartservice,server,53,2,2,2,0
1,frontreco,100,0,398,checkoutservice,checkout,25,1,1,1,0
1,frontreco,100,0,398,currencyservice,server,40,2,2,2,0
1,frontreco,100,0,398,emailservice,email,43,1,1,1,0
1,frontreco,100,0,398,frontend,recommendation,58,4,4,4,0
1,frontreco,100,0,398,frontend,server,51,4,4,4,0
1,frontreco,100,0,398,paymentservice,payment,20,1,1,1,0
1,frontreco,100,0,398,productcatalogservice,server,75,2,2,2,0
1,frontreco,100,0,398,redis-cart,-,,1,1,1,0
1,frontreco,100,0,398,shippingservice,server,35,1,1,1,0
1,frontreco,100,0,413,adservice,server,69,1,1,1,0
1,frontreco,100,0,413,cartservice,server,58,2,2,2,0
1,frontreco,100,0,413,checkoutservice,checkout,27,1,1,1,0
1,frontreco,100,0,413,currencyservice,server,40,2,2,2,0
1,frontreco,100,0,413,emailservice,email,43,1,1,1,0
1,frontreco,100,0,413,frontend,recommendation,59,4,4,4,0
1,frontreco,100,0,413,frontend,server,51,4,4,4,0
1,frontreco,100,0,413,paymentservice,payment,22,1,1,1,0
1,frontreco,100,0,413,productcatalogservice,server,75,2,2,2,0
1,frontreco,100,0,413,redis-cart,-,,1,1,1,0
1,frontreco,100,0,413,shippingservice,server,34,1,1,1,0
1,frontreco,100,0,428,adservice,server,74,1,1,1,0
1,frontreco,100,0,428,cartservice,server,71,2,2,2,0
1,frontreco,100,0,428,checkoutservice,checkout,28,1,1,1,0
1,frontreco,100,0,428,currencyservice,server,42,2,2,2,0
1,frontreco,100,0,428,emailservice,email,46,1,1,1,0
1,frontreco,100,0,428,frontend,recommendation,58,4,4,4,0
1,frontreco,100,0,428,frontend,server,50,4,4,4,0
1,frontreco,100,0,428,paymentservice,payment,22,1,1,1,0
1,frontreco,100,0,428,productcatalogservice,server,75,2,2,2,0
1,frontreco,100,0,428,redis-cart,-,,1,1,1,0
1,frontreco,100,0,428,shippingservice,server,35,1,1,1,0
1,frontreco,100,0,443,adservice,server,72,1,1,1,0
1,frontreco,100,0,443,cartservice,server,49,2,2,2,0
1,frontreco,100,0,443,checkoutservice,checkout,19,1,1,1,0
1,frontreco,100,0,443,currencyservice,server,40,2,2,2,0
1,frontreco,100,0,443,emailservice,email,42,1,1,1,0
1,frontreco,100,0,443,frontend,recommendation,43,4,4,4,0
1,frontreco,100,0,443,frontend,server,41,4,4,4,0
1,frontreco,100,0,443,paymentservice,payment,21,1,1,1,0
1,frontreco,100,0,443,productcatalogservice,server,75,2,2,2,0
1,frontreco,100,0,443,redis-cart,-,,1,1,1,0
1,frontreco,100,0,443,shippingservice,server,28,1,1,1,0
1,frontcart,100,0,0,adservice,-,,1,0,1,0
1,frontcart,100,0,0,checkoutservice,checkout,0,1,1,1,0
1,frontcart,100,0,0,currencyservice,server,0,1,1,1,0
1,frontcart,100,0,0,emailservice,email,1,1,1,1,0
1,frontcart,100,0,0,frontend,-,,1,0,1,0
1,frontcart,100,0,0,paymentservice,payment,2,1,1,1,0
1,frontcart,100,0,0,productcatalogservice,server,0,1,1,1,0
1,frontcart,100,0,0,recommendationservice,-,,,0,1,0
1,frontcart,100,0,0,redis-cart,-,,1,1,1,0
1,frontcart,100,0,0,shippingservice,-,,,0,1,0
1,frontcart,100,0,15,adservice,server,1,1,1,1,0
1,frontcart,100,0,15,checkoutservice,checkout,4,1,1,1,0
1,frontcart,100,0,15,currencyservice,server,0,1,1,1,0
1,frontcart,100,0,15,emailservice,email,8,1,1,1,0
1,frontcart,100,0,15,frontend,-,,1,0,1,0
1,frontcart,100,0,15,paymentservice,payment,1,1,1,1,0
1,frontcart,100,0,15,productcatalogservice,server,0,1,1,1,0
1,frontcart,100,0,15,recommendationservice,server,0,1,1,1,0
1,frontcart,100,0,15,redis-cart,-,,1,1,1,0
1,frontcart,100,0,15,shippingservice,server,0,1,1,1,0
1,frontcart,100,0,31,adservice,server,117,1,1,1,0
1,frontcart,100,0,31,checkoutservice,checkout,34,1,1,1,0
1,frontcart,100,0,31,currencyservice,server,46,1,1,1,0
1,frontcart,100,0,31,emailservice,email,8,1,1,1,0
1,frontcart,100,0,31,frontend,cartservice,80,1,2,1,1
1,frontcart,100,0,31,frontend,server,57,1,2,1,1
1,frontcart,100,0,31,paymentservice,payment,52,1,1,1,0
1,frontcart,100,0,31,productcatalogservice,server,46,1,1,1,0
1,frontcart,100,0,31,recommendationservice,server,21,1,1,1,0
1,frontcart,100,0,31,redis-cart,-,,1,1,1,0
1,frontcart,100,0,31,shippingservice,server,5,1,1,1,0
1,frontcart,100,0,46,adservice,server,68,1,1,1,0
1,frontcart,100,0,46,checkoutservice,checkout,34,1,1,1,0
1,frontcart,100,0,46,currencyservice,server,55,1,1,1,0
1,frontcart,100,0,46,emailservice,email,53,1,1,1,0
1,frontcart,100,0,46,frontend,cartservice,116,2,2,1,0
1,frontcart,100,0,46,frontend,server,78,2,2,1,0
1,frontcart,100,0,46,paymentservice,payment,48,1,1,1,0
1,frontcart,100,0,46,productcatalogservice,server,76,1,1,1,0
1,frontcart,100,0,46,recommendationservice,server,78,1,1,1,0
1,frontcart,100,0,46,redis-cart,-,,1,1,1,0
1,frontcart,100,0,46,shippingservice,server,31,1,1,1,0
1,frontcart,100,0,61,adservice,server,34,1,1,1,0
1,frontcart,100,0,61,checkoutservice,checkout,30,1,1,1,0
1,frontcart,100,0,61,currencyservice,server,50,1,1,1,0
1,frontcart,100,0,61,emailservice,email,53,1,1,1,0
1,frontcart,100,0,61,frontend,cartservice,75,2,2,2,0
1,frontcart,100,0,61,frontend,server,69,2,2,2,0
1,frontcart,100,0,61,paymentservice,payment,38,1,1,1,0
1,frontcart,100,0,61,productcatalogservice,server,65,1,1,1,0
1,frontcart,100,0,61,recommendationservice,server,67,1,1,1,0
1,frontcart,100,0,61,redis-cart,-,,1,1,1,0
1,frontcart,100,0,61,shippingservice,server,30,1,1,1,0
1,frontcart,100,0,76,adservice,server,39,1,1,1,0
1,frontcart,100,0,76,checkoutservice,checkout,27,1,1,1,0
1,frontcart,100,0,76,currencyservice,server,49,1,1,1,0
1,frontcart,100,0,76,emailservice,email,46,1,1,1,0
1,frontcart,100,0,76,frontend,cartservice,75,2,2,2,0
1,frontcart,100,0,76,frontend,server,69,2,2,2,0
1,frontcart,100,0,76,paymentservice,payment,36,1,1,1,0
1,frontcart,100,0,76,productcatalogservice,server,66,1,1,1,0
1,frontcart,100,0,76,recommendationservice,server,67,1,1,1,0
1,frontcart,100,0,76,redis-cart,-,,1,1,1,0
1,frontcart,100,0,76,shippingservice,server,31,1,1,1,0
1,frontcart,100,0,91,adservice,server,26,1,1,1,0
1,frontcart,100,0,91,checkoutservice,checkout,29,1,1,1,0
1,frontcart,100,0,91,currencyservice,server,49,1,1,1,0
1,frontcart,100,0,91,emailservice,email,48,1,1,1,0
1,frontcart,100,0,91,frontend,cartservice,39,2,2,2,0
1,frontcart,100,0,91,frontend,server,36,2,2,2,0
1,frontcart,100,0,91,paymentservice,payment,33,1,1,1,0
1,frontcart,100,0,91,productcatalogservice,server,68,1,1,1,0
1,frontcart,100,0,91,recommendationservice,server,68,1,1,1,0
1,frontcart,100,0,91,redis-cart,-,,1,1,1,0
1,frontcart,100,0,91,shippingservice,server,30,1,1,1,0
1,frontcart,100,0,107,adservice,server,19,1,1,1,0
1,frontcart,100,0,107,checkoutservice,checkout,29,1,1,1,0
1,frontcart,100,0,107,currencyservice,server,49,1,1,1,0
1,frontcart,100,0,107,emailservice,email,48,1,1,1,0
1,frontcart,100,0,107,frontend,cartservice,35,2,2,2,0
1,frontcart,100,0,107,frontend,server,37,2,2,2,0
1,frontcart,100,0,107,paymentservice,payment,34,1,1,1,0
1,frontcart,100,0,107,productcatalogservice,server,68,1,1,1,0
1,frontcart,100,0,107,recommendationservice,server,69,1,1,1,0
1,frontcart,100,0,107,redis-cart,-,,1,1,1,0
1,frontcart,100,0,107,shippingservice,server,30,1,1,1,0
1,frontcart,100,0,122,adservice,server,25,1,1,1,0
1,frontcart,100,0,122,checkoutservice,checkout,29,1,1,1,0
1,frontcart,100,0,122,currencyservice,server,49,1,1,1,0
1,frontcart,100,0,122,emailservice,email,46,1,1,1,0
1,frontcart,100,0,122,frontend,cartservice,38,2,2,2,0
1,frontcart,100,0,122,frontend,server,34,2,2,2,0
1,frontcart,100,0,122,paymentservice,payment,35,1,1,1,0
1,frontcart,100,0,122,productcatalogservice,server,66,1,1,1,0
1,frontcart,100,0,122,recommendationservice,server,66,1,1,1,0
1,frontcart,100,0,122,redis-cart,-,,1,1,1,0
1,frontcart,100,0,122,shippingservice,server,29,1,1,1,0
1,frontcart,100,0,137,adservice,server,24,1,1,1,0
1,frontcart,100,0,137,checkoutservice,checkout,29,1,1,1,0
1,frontcart,100,0,137,currencyservice,server,49,1,1,1,0
1,frontcart,100,0,137,emailservice,email,49,1,1,1,0
1,frontcart,100,0,137,frontend,cartservice,35,2,2,2,0
1,frontcart,100,0,137,frontend,server,35,2,2,2,0
1,frontcart,100,0,137,paymentservice,payment,36,1,1,1,0
1,frontcart,100,0,137,productcatalogservice,server,66,1,1,1,0
1,frontcart,100,0,137,recommendationservice,server,66,1,1,1,0
1,frontcart,100,0,137,redis-cart,-,,1,1,1,0
1,frontcart,100,0,137,shippingservice,server,30,1,1,1,0
1,frontcart,100,0,152,adservice,server,16,1,1,1,0
1,frontcart,100,0,152,checkoutservice,checkout,28,1,1,1,0
1,frontcart,100,0,152,currencyservice,server,48,1,1,1,0
1,frontcart,100,0,152,emailservice,email,46,1,1,1,0
1,frontcart,100,0,152,frontend,cartservice,38,2,2,2,0
1,frontcart,100,0,152,frontend,server,36,2,2,2,0
1,frontcart,100,0,152,paymentservice,payment,35,1,1,1,0
1,frontcart,100,0,152,productcatalogservice,server,65,1,1,1,0
1,frontcart,100,0,152,recommendationservice,server,66,1,1,1,0
1,frontcart,100,0,152,redis-cart,-,,1,1,1,0
1,frontcart,100,0,152,shippingservice,server,30,1,1,1,0
1,frontcart,100,0,168,adservice,server,15,1,1,1,0
1,frontcart,100,0,168,checkoutservice,checkout,29,1,1,1,0
1,frontcart,100,0,168,currencyservice,server,49,1,1,1,0
1,frontcart,100,0,168,emailservice,email,47,1,1,1,0
1,frontcart,100,0,168,frontend,cartservice,36,2,2,2,0
1,frontcart,100,0,168,frontend,server,36,2,2,2,0
1,frontcart,100,0,168,paymentservice,payment,33,1,1,1,0
1,frontcart,100,0,168,productcatalogservice,server,68,1,1,1,0
1,frontcart,100,0,168,recommendationservice,server,68,1,1,1,0
1,frontcart,100,0,168,redis-cart,-,,1,1,1,0
1,frontcart,100,0,168,shippingservice,server,30,1,1,1,0
1,frontcart,100,0,183,adservice,server,14,1,1,1,0
1,frontcart,100,0,183,checkoutservice,checkout,28,1,1,1,0
1,frontcart,100,0,183,currencyservice,server,50,1,1,1,0
1,frontcart,100,0,183,emailservice,email,47,1,1,1,0
1,frontcart,100,0,183,frontend,cartservice,36,2,2,2,0
1,frontcart,100,0,183,frontend,server,36,2,2,2,0
1,frontcart,100,0,183,paymentservice,payment,34,1,1,1,0
1,frontcart,100,0,183,productcatalogservice,server,67,1,1,1,0
1,frontcart,100,0,183,recommendationservice,server,66,1,1,1,0
1,frontcart,100,0,183,redis-cart,-,,1,1,1,0
1,frontcart,100,0,183,shippingservice,server,30,1,1,1,0
1,frontcart,100,0,198,adservice,server,13,1,1,1,0
1,frontcart,100,0,198,checkoutservice,checkout,28,1,1,1,0
1,frontcart,100,0,198,currencyservice,server,48,1,1,1,0
1,frontcart,100,0,198,emailservice,email,46,1,1,1,0
1,frontcart,100,0,198,frontend,cartservice,37,2,2,2,0
1,frontcart,100,0,198,frontend,server,36,2,2,2,0
1,frontcart,100,0,198,paymentservice,payment,33,1,1,1,0
1,frontcart,100,0,198,productcatalogservice,server,67,1,1,1,0
1,frontcart,100,0,198,recommendationservice,server,68,1,1,1,0
1,frontcart,100,0,198,redis-cart,-,,1,1,1,0
1,frontcart,100,0,198,shippingservice,server,30,1,1,1,0
1,frontcart,100,0,213,adservice,server,15,1,1,1,0
1,frontcart,100,0,213,checkoutservice,checkout,27,1,1,1,0
1,frontcart,100,0,213,currencyservice,server,49,1,1,1,0
1,frontcart,100,0,213,emailservice,email,47,1,1,1,0
1,frontcart,100,0,213,frontend,cartservice,35,2,2,2,0
1,frontcart,100,0,213,frontend,server,34,2,2,2,0
1,frontcart,100,0,213,paymentservice,payment,31,1,1,1,0
1,frontcart,100,0,213,productcatalogservice,server,67,1,1,1,0
1,frontcart,100,0,213,recommendationservice,server,71,1,1,1,0
1,frontcart,100,0,213,redis-cart,-,,1,1,1,0
1,frontcart,100,0,213,shippingservice,server,29,1,1,1,0
1,frontcart,100,0,228,adservice,server,13,1,1,1,0
1,frontcart,100,0,228,checkoutservice,checkout,29,1,1,1,0
1,frontcart,100,0,228,currencyservice,server,48,1,1,1,0
1,frontcart,100,0,228,emailservice,email,47,1,1,1,0
1,frontcart,100,0,228,frontend,cartservice,35,2,2,2,0
1,frontcart,100,0,228,frontend,server,38,2,2,2,0
1,frontcart,100,0,228,paymentservice,payment,34,1,1,1,0
1,frontcart,100,0,228,productcatalogservice,server,68,1,1,1,0
1,frontcart,100,0,228,recommendationservice,server,66,1,1,1,0
1,frontcart,100,0,228,redis-cart,-,,1,1,1,0
1,frontcart,100,0,228,shippingservice,server,30,1,1,1,0
1,frontcart,100,0,244,adservice,server,13,1,1,1,0
1,frontcart,100,0,244,checkoutservice,checkout,28,1,1,1,0
1,frontcart,100,0,244,currencyservice,server,46,1,1,1,0
1,frontcart,100,0,244,emailservice,email,45,1,1,1,0
1,frontcart,100,0,244,frontend,cartservice,34,2,2,2,0
1,frontcart,100,0,244,frontend,server,35,2,2,2,0
1,frontcart,100,0,244,paymentservice,payment,34,1,1,1,0
1,frontcart,100,0,244,productcatalogservice,server,66,1,1,1,0
1,frontcart,100,0,244,recommendationservice,server,67,1,1,1,0
1,frontcart,100,0,244,redis-cart,-,,1,1,1,0
1,frontcart,100,0,244,shippingservice,server,29,1,1,1,0
1,frontcart,100,0,259,adservice,server,12,1,1,1,0
1,frontcart,100,0,259,checkoutservice,checkout,28,1,1,1,0
1,frontcart,100,0,259,currencyservice,server,50,1,1,1,0
1,frontcart,100,0,259,emailservice,email,46,1,1,1,0
1,frontcart,100,0,259,frontend,cartservice,34,2,2,2,0
1,frontcart,100,0,259,frontend,server,36,2,2,2,0
1,frontcart,100,0,259,paymentservice,payment,34,1,1,1,0
1,frontcart,100,0,259,productcatalogservice,server,67,1,1,1,0
1,frontcart,100,0,259,recommendationservice,server,67,1,1,1,0
1,frontcart,100,0,259,redis-cart,-,,1,1,1,0
1,frontcart,100,0,259,shippingservice,server,30,1,1,1,0
1,frontcart,100,0,274,adservice,server,12,1,1,1,0
1,frontcart,100,0,274,checkoutservice,checkout,28,1,1,1,0
1,frontcart,100,0,274,currencyservice,server,48,1,1,1,0
1,frontcart,100,0,274,emailservice,email,46,1,1,1,0
1,frontcart,100,0,274,frontend,cartservice,32,2,2,2,0
1,frontcart,100,0,274,frontend,server,35,2,2,2,0
1,frontcart,100,0,274,paymentservice,payment,33,1,1,1,0
1,frontcart,100,0,274,productcatalogservice,server,66,1,1,1,0
1,frontcart,100,0,274,recommendationservice,server,67,1,1,1,0
1,frontcart,100,0,274,redis-cart,-,,1,1,1,0
1,frontcart,100,0,274,shippingservice,server,29,1,1,1,0
1,frontcart,100,0,289,adservice,server,12,1,1,1,0
1,frontcart,100,0,289,checkoutservice,checkout,27,1,1,1,0
1,frontcart,100,0,289,currencyservice,server,48,1,1,1,0
1,frontcart,100,0,289,emailservice,email,46,1,1,1,0
1,frontcart,100,0,289,frontend,cartservice,35,2,2,2,0
1,frontcart,100,0,289,frontend,server,37,2,2,2,0
1,frontcart,100,0,289,paymentservice,payment,33,1,1,1,0
1,frontcart,100,0,289,productcatalogservice,server,69,1,1,1,0
1,frontcart,100,0,289,recommendationservice,server,67,1,1,1,0
1,frontcart,100,0,289,redis-cart,-,,1,1,1,0
1,frontcart,100,0,289,shippingservice,server,29,1,1,1,0
1,frontcart,100,0,304,adservice,server,13,1,1,1,0
1,frontcart,100,0,304,checkoutservice,checkout,28,1,1,1,0
1,frontcart,100,0,304,currencyservice,server,49,1,1,1,0
1,frontcart,100,0,304,emailservice,email,45,1,1,1,0
1,frontcart,100,0,304,frontend,cartservice,34,2,2,2,0
1,frontcart,100,0,304,frontend,server,35,2,2,2,0
1,frontcart,100,0,304,paymentservice,payment,33,1,1,1,0
1,frontcart,100,0,304,productcatalogservice,server,66,1,1,1,0
1,frontcart,100,0,304,recommendationservice,server,68,1,1,1,0
1,frontcart,100,0,304,redis-cart,-,,1,1,1,0
1,frontcart,100,0,304,shippingservice,server,29,1,1,1,0
1,frontcart,100,0,320,adservice,server,12,1,1,1,0
1,frontcart,100,0,320,checkoutservice,checkout,28,1,1,1,0
1,frontcart,100,0,320,currencyservice,server,48,1,1,1,0
1,frontcart,100,0,320,emailservice,email,44,1,1,1,0
1,frontcart,100,0,320,frontend,cartservice,39,2,2,2,0
1,frontcart,100,0,320,frontend,server,36,2,2,2,0
1,frontcart,100,0,320,paymentservice,payment,34,1,1,1,0
1,frontcart,100,0,320,productcatalogservice,server,67,1,1,1,0
1,frontcart,100,0,320,recommendationservice,server,68,1,1,1,0
1,frontcart,100,0,320,redis-cart,-,,1,1,1,0
1,frontcart,100,0,320,shippingservice,server,29,1,1,1,0
1,frontcart,100,0,335,adservice,server,14,1,1,1,0
1,frontcart,100,0,335,checkoutservice,checkout,28,1,1,1,0
1,frontcart,100,0,335,currencyservice,server,49,1,1,1,0
1,frontcart,100,0,335,emailservice,email,49,1,1,1,0
1,frontcart,100,0,335,frontend,cartservice,36,2,2,2,0
1,frontcart,100,0,335,frontend,server,35,2,2,2,0
1,frontcart,100,0,335,paymentservice,payment,34,1,1,1,0
1,frontcart,100,0,335,productcatalogservice,server,67,1,1,1,0
1,frontcart,100,0,335,recommendationservice,server,66,1,1,1,0
1,frontcart,100,0,335,redis-cart,-,,1,1,1,0
1,frontcart,100,0,335,shippingservice,server,30,1,1,1,0
1,frontcart,100,0,350,adservice,server,11,1,1,1,0
1,frontcart,100,0,350,checkoutservice,checkout,29,1,1,1,0
1,frontcart,100,0,350,currencyservice,server,48,1,1,1,0
1,frontcart,100,0,350,emailservice,email,44,1,1,1,0
1,frontcart,100,0,350,frontend,cartservice,36,2,2,2,0
1,frontcart,100,0,350,frontend,server,35,2,2,2,0
1,frontcart,100,0,350,paymentservice,payment,33,1,1,1,0
1,frontcart,100,0,350,productcatalogservice,server,67,1,1,1,0
1,frontcart,100,0,350,recommendationservice,server,67,1,1,1,0
1,frontcart,100,0,350,redis-cart,-,,1,1,1,0
1,frontcart,100,0,350,shippingservice,server,30,1,1,1,0
1,frontcart,100,0,365,adservice,server,12,1,1,1,0
1,frontcart,100,0,365,checkoutservice,checkout,28,1,1,1,0
1,frontcart,100,0,365,currencyservice,server,48,1,1,1,0
1,frontcart,100,0,365,emailservice,email,46,1,1,1,0
1,frontcart,100,0,365,frontend,cartservice,37,2,2,2,0
1,frontcart,100,0,365,frontend,server,36,2,2,2,0
1,frontcart,100,0,365,paymentservice,payment,35,1,1,1,0
1,frontcart,100,0,365,productcatalogservice,server,66,1,1,1,0
1,frontcart,100,0,365,recommendationservice,server,68,1,1,1,0
1,frontcart,100,0,365,redis-cart,-,,1,1,1,0
1,frontcart,100,0,365,shippingservice,server,29,1,1,1,0
1,frontcart,100,0,380,adservice,server,12,1,1,1,0
1,frontcart,100,0,380,checkoutservice,checkout,29,1,1,1,0
1,frontcart,100,0,380,currencyservice,server,48,1,1,1,0
1,frontcart,100,0,380,emailservice,email,47,1,1,1,0
1,frontcart,100,0,380,frontend,cartservice,36,2,2,2,0
1,frontcart,100,0,380,frontend,server,36,2,2,2,0
1,frontcart,100,0,380,paymentservice,payment,33,1,1,1,0
1,frontcart,100,0,380,productcatalogservice,server,66,1,1,1,0
1,frontcart,100,0,380,recommendationservice,server,69,1,1,1,0
1,frontcart,100,0,380,redis-cart,-,,1,1,1,0
1,frontcart,100,0,380,shippingservice,server,30,1,1,1,0
1,frontcart,100,0,396,adservice,server,12,1,1,1,0
1,frontcart,100,0,396,checkoutservice,checkout,28,1,1,1,0
1,frontcart,100,0,396,currencyservice,server,48,1,1,1,0
1,frontcart,100,0,396,emailservice,email,45,1,1,1,0
1,frontcart,100,0,396,frontend,cartservice,37,2,2,2,0
1,frontcart,100,0,396,frontend,server,35,2,2,2,0
1,frontcart,100,0,396,paymentservice,payment,33,1,1,1,0
1,frontcart,100,0,396,productcatalogservice,server,65,1,1,1,0
1,frontcart,100,0,396,recommendationservice,server,66,1,1,1,0
1,frontcart,100,0,396,redis-cart,-,,1,1,1,0
1,frontcart,100,0,396,shippingservice,server,29,1,1,1,0
1,frontcart,100,0,411,adservice,server,14,1,1,1,0
1,frontcart,100,0,411,checkoutservice,checkout,28,1,1,1,0
1,frontcart,100,0,411,currencyservice,server,48,1,1,1,0
1,frontcart,100,0,411,emailservice,email,46,1,1,1,0
1,frontcart,100,0,411,frontend,cartservice,33,2,2,2,0
1,frontcart,100,0,411,frontend,server,35,2,2,2,0
1,frontcart,100,0,411,paymentservice,payment,33,1,1,1,0
1,frontcart,100,0,411,productcatalogservice,server,66,1,1,1,0
1,frontcart,100,0,411,recommendationservice,server,66,1,1,1,0
1,frontcart,100,0,411,redis-cart,-,,1,1,1,0
1,frontcart,100,0,411,shippingservice,server,29,1,1,1,0
1,frontcart,100,0,426,adservice,server,11,1,1,1,0
1,frontcart,100,0,426,checkoutservice,checkout,27,1,1,1,0
1,frontcart,100,0,426,currencyservice,server,47,1,1,1,0
1,frontcart,100,0,426,emailservice,email,45,1,1,1,0
1,frontcart,100,0,426,frontend,cartservice,35,2,2,2,0
1,frontcart,100,0,426,frontend,server,35,2,2,2,0
1,frontcart,100,0,426,paymentservice,payment,35,1,1,1,0
1,frontcart,100,0,426,productcatalogservice,server,64,1,1,1,0
1,frontcart,100,0,426,recommendationservice,server,64,1,1,1,0
1,frontcart,100,0,426,redis-cart,-,,1,1,1,0
1,frontcart,100,0,426,shippingservice,server,29,1,1,1,0
1,frontcart,100,0,441,adservice,server,11,1,1,1,0
1,frontcart,100,0,441,checkoutservice,checkout,23,1,1,1,0
1,frontcart,100,0,441,currencyservice,server,49,1,1,1,0
1,frontcart,100,0,441,emailservice,email,45,1,1,1,0
1,frontcart,100,0,441,frontend,cartservice,35,2,2,2,0
1,frontcart,100,0,441,frontend,server,34,2,2,2,0
1,frontcart,100,0,441,paymentservice,payment,30,1,1,1,0
1,frontcart,100,0,441,productcatalogservice,server,63,1,1,1,0
1,frontcart,100,0,441,recommendationservice,server,62,1,1,1,0
1,frontcart,100,0,441,redis-cart,-,,1,1,1,0
1,frontcart,100,0,441,shippingservice,server,28,1,1,1,0
1,frontcart,100,0,0,adservice,server,8,1,1,1,0
1,frontcart,100,0,0,checkoutservice,checkout,0,1,1,1,0
1,frontcart,100,0,0,currencyservice,server,25,1,1,1,0
1,frontcart,100,0,0,emailservice,email,14,1,1,1,0
1,frontcart,100,0,0,frontend,cartservice,7,2,1,1,0
1,frontcart,100,0,0,frontend,server,14,2,1,1,0
1,frontcart,100,0,0,paymentservice,payment,0,1,1,1,0
1,frontcart,100,0,0,productcatalogservice,server,17,1,1,1,0
1,frontcart,100,0,0,recommendationservice,server,14,1,1,1,0
1,frontcart,100,0,0,redis-cart,-,,1,1,1,0
1,frontcart,100,0,0,shippingservice,server,0,1,1,1,0
1,frontcart,100,0,16,adservice,server,1,1,1,1,0
1,frontcart,100,0,16,checkoutservice,checkout,0,1,1,1,0
1,frontcart,100,0,16,currencyservice,server,0,1,1,1,0
1,frontcart,100,0,16,emailservice,email,1,1,1,1,0
1,frontcart,100,0,16,frontend,cartservice,1,1,1,1,0
1,frontcart,100,0,16,frontend,server,0,1,1,1,0
1,frontcart,100,0,16,paymentservice,payment,0,1,1,1,0
1,frontcart,100,0,16,productcatalogservice,server,0,1,1,1,0
1,frontcart,100,0,16,recommendationservice,server,0,1,1,1,0
1,frontcart,100,0,16,redis-cart,-,,1,1,1,0
1,frontcart,100,0,16,shippingservice,server,0,1,1,1,0
1,frontcart,100,0,31,adservice,server,2,1,1,1,0
1,frontcart,100,0,31,checkoutservice,checkout,11,1,1,1,0
1,frontcart,100,0,31,currencyservice,server,0,1,1,1,0
1,frontcart,100,0,31,emailservice,email,11,1,1,1,0
1,frontcart,100,0,31,frontend,cartservice,0,1,1,1,0
1,frontcart,100,0,31,frontend,server,21,1,1,1,0
1,frontcart,100,0,31,paymentservice,payment,12,1,1,1,0
1,frontcart,100,0,31,productcatalogservice,server,0,1,1,1,0
1,frontcart,100,0,31,recommendationservice,server,0,1,1,1,0
1,frontcart,100,0,31,redis-cart,-,,1,1,1,0
1,frontcart,100,0,31,shippingservice,server,3,1,1,1,0
1,frontcart,100,0,46,adservice,server,23,1,1,1,0
1,frontcart,100,0,46,checkoutservice,checkout,30,1,1,1,0
1,frontcart,100,0,46,currencyservice,server,63,1,1,1,0
1,frontcart,100,0,46,emailservice,email,49,1,1,1,0
1,frontcart,100,0,46,frontend,cartservice,90,1,1,1,0
1,frontcart,100,0,46,frontend,server,89,1,1,1,0
1,frontcart,100,0,46,paymentservice,payment,12,1,1,1,0
1,frontcart,100,0,46,productcatalogservice,server,74,1,1,1,0
1,frontcart,100,0,46,recommendationservice,server,59,1,1,1,0
1,frontcart,100,0,46,redis-cart,-,,1,1,1,0
1,frontcart,100,0,46,shippingservice,server,31,1,1,1,0
1,frontcart,100,0,61,adservice,server,24,1,1,1,0
1,frontcart,100,0,61,checkoutservice,checkout,29,1,1,1,0
1,frontcart,100,0,61,currencyservice,server,56,1,1,1,0
1,frontcart,100,0,61,emailservice,email,48,1,1,1,0
1,frontcart,100,0,61,frontend,cartservice,81,1,2,1,0
1,frontcart,100,0,61,frontend,server,100,1,2,1,0
1,frontcart,100,0,61,paymentservice,payment,34,1,1,1,0
1,frontcart,100,0,61,productcatalogservice,server,86,1,1,1,0
1,frontcart,100,0,61,recommendationservice,server,94,1,1,1,0
1,frontcart,100,0,61,redis-cart,-,,1,1,1,0
1,frontcart,100,0,61,shippingservice,server,27,1,1,1,0
1,frontcart,100,0,76,adservice,server,23,1,1,1,0
1,frontcart,100,0,76,checkoutservice,checkout,30,1,1,1,0
1,frontcart,100,0,76,currencyservice,server,58,1,1,1,0
1,frontcart,100,0,76,emailservice,email,47,1,1,1,0
1,frontcart,100,0,76,frontend,cartservice,88,2,2,2,0
1,frontcart,100,0,76,frontend,server,89,2,2,2,0
1,frontcart,100,0,76,paymentservice,payment,34,1,1,1,0
1,frontcart,100,0,76,productcatalogservice,server,88,1,2,2,0
1,frontcart,100,0,76,recommendationservice,server,84,1,2,2,0
1,frontcart,100,0,76,redis-cart,-,,1,1,1,0
1,frontcart,100,0,76,shippingservice,server,33,1,1,1,0
1,frontcart,100,0,92,adservice,server,22,1,1,1,0
1,frontcart,100,0,92,checkoutservice,checkout,28,1,1,1,0
1,frontcart,100,0,92,currencyservice,server,55,1,1,1,0
1,frontcart,100,0,92,emailservice,email,46,1,1,1,0
1,frontcart,100,0,92,frontend,cartservice,88,2,2,2,0
1,frontcart,100,0,92,frontend,server,89,2,2,2,0
1,frontcart,100,0,92,paymentservice,payment,34,1,1,1,0
1,frontcart,100,0,92,productcatalogservice,server,84,2,2,2,0
1,frontcart,100,0,92,recommendationservice,server,89,2,2,2,0
1,frontcart,100,0,92,redis-cart,-,,1,1,1,0
1,frontcart,100,0,92,shippingservice,server,30,1,1,1,0
1,frontcart,100,0,107,adservice,server,23,1,1,1,0
1,frontcart,100,0,107,checkoutservice,checkout,29,1,1,1,0
1,frontcart,100,0,107,currencyservice,server,58,1,1,1,0
1,frontcart,100,0,107,emailservice,email,46,1,1,1,0
1,frontcart,100,0,107,frontend,cartservice,80,2,2,2,0
1,frontcart,100,0,107,frontend,server,92,2,2,2,0
1,frontcart,100,0,107,paymentservice,payment,32,1,1,1,0
1,frontcart,100,0,107,productcatalogservice,server,42,2,2,2,0
1,frontcart,100,0,107,recommendationservice,server,90,2,2,2,0
1,frontcart,100,0,107,redis-cart,-,,1,1,1,0
1,frontcart,100,0,107,shippingservice,server,29,1,1,1,0
1,frontcart,100,0,122,adservice,server,24,1,1,1,0
1,frontcart,100,0,122,checkoutservice,checkout,29,1,1,1,0
1,frontcart,100,0,122,currencyservice,server,58,1,1,1,0
1,frontcart,100,0,122,emailservice,email,48,1,1,1,0
1,frontcart,100,0,122,frontend,cartservice,80,2,2,2,0
1,frontcart,100,0,122,frontend,server,90,2,2,2,0
1,frontcart,100,0,122,paymentservice,payment,34,1,1,1,0
1,frontcart,100,0,122,productcatalogservice,server,44,2,2,2,0
1,frontcart,100,0,122,recommendationservice,server,94,2,2,2,0
1,frontcart,100,0,122,redis-cart,-,,1,1,1,0
1,frontcart,100,0,122,shippingservice,server,30,1,1,1,0
1,frontcart,100,0,137,adservice,server,23,1,1,1,0
1,frontcart,100,0,137,checkoutservice,checkout,27,1,1,1,0
1,frontcart,100,0,137,currencyservice,server,57,1,1,1,0
1,frontcart,100,0,137,emailservice,email,46,1,1,1,0
1,frontcart,100,0,137,frontend,cartservice,42,2,2,2,0
1,frontcart,100,0,137,frontend,server,50,2,2,2,0
1,frontcart,100,0,137,paymentservice,payment,30,1,1,1,0
1,frontcart,100,0,137,productcatalogservice,server,42,2,2,2,0
1,frontcart,100,0,137,recommendationservice,server,45,2,2,2,0
1,frontcart,100,0,137,redis-cart,-,,1,1,1,0
1,frontcart,100,0,137,shippingservice,server,30,1,1,1,0
1,frontcart,100,0,152,adservice,server,23,1,1,1,0
1,frontcart,100,0,152,checkoutservice,checkout,30,1,1,1,0
1,frontcart,100,0,152,currencyservice,server,56,1,1,1,0
1,frontcart,100,0,152,emailservice,email,46,1,1,1,0
1,frontcart,100,0,152,frontend,cartservice,43,2,2,2,0
1,frontcart,100,0,152,frontend,server,44,2,2,2,0
1,frontcart,100,0,152,paymentservice,payment,32,1,1,1,0
1,frontcart,100,0,152,productcatalogservice,server,42,2,2,2,0
1,frontcart,100,0,152,recommendationservice,server,44,2,2,2,0
1,frontcart,100,0,152,redis-cart,-,,1,1,1,0
1,frontcart,100,0,152,shippingservice,server,30,1,1,1,0
1,frontcart,100,0,168,adservice,server,22,1,1,1,0
1,frontcart,100,0,168,checkoutservice,checkout,30,1,1,1,0
1,frontcart,100,0,168,currencyservice,server,56,1,1,1,0
1,frontcart,100,0,168,emailservice,email,46,1,1,1,0
1,frontcart,100,0,168,frontend,cartservice,47,2,2,2,0
1,frontcart,100,0,168,frontend,server,45,2,2,2,0
1,frontcart,100,0,168,paymentservice,payment,35,1,1,1,0
1,frontcart,100,0,168,productcatalogservice,server,41,2,2,2,0
1,frontcart,100,0,168,recommendationservice,server,43,2,2,2,0
1,frontcart,100,0,168,redis-cart,-,,1,1,1,0
1,frontcart,100,0,168,shippingservice,server,30,1,1,1,0
1,frontcart,100,0,183,adservice,server,22,1,1,1,0
1,frontcart,100,0,183,checkoutservice,checkout,29,1,1,1,0
1,frontcart,100,0,183,currencyservice,server,57,1,1,1,0
1,frontcart,100,0,183,emailservice,email,48,1,1,1,0
1,frontcart,100,0,183,frontend,cartservice,44,2,2,2,0
1,frontcart,100,0,183,frontend,server,44,2,2,2,0
1,frontcart,100,0,183,paymentservice,payment,36,1,1,1,0
1,frontcart,100,0,183,productcatalogservice,server,41,2,2,2,0
1,frontcart,100,0,183,recommendationservice,server,43,2,2,2,0
1,frontcart,100,0,183,redis-cart,-,,1,1,1,0
1,frontcart,100,0,183,shippingservice,server,30,1,1,1,0
1,frontcart,100,0,198,adservice,server,24,1,1,1,0
1,frontcart,100,0,198,checkoutservice,checkout,30,1,1,1,0
1,frontcart,100,0,198,currencyservice,server,57,1,1,1,0
1,frontcart,100,0,198,emailservice,email,48,1,1,1,0
1,frontcart,100,0,198,frontend,cartservice,46,2,2,2,0
1,frontcart,100,0,198,frontend,server,47,2,2,2,0
1,frontcart,100,0,198,paymentservice,payment,34,1,1,1,0
1,frontcart,100,0,198,productcatalogservice,server,45,2,2,2,0
1,frontcart,100,0,198,recommendationservice,server,45,2,2,2,0
1,frontcart,100,0,198,redis-cart,-,,1,1,1,0
1,frontcart,100,0,198,shippingservice,server,31,1,1,1,0
1,frontcart,100,0,213,adservice,server,24,1,1,1,0
1,frontcart,100,0,213,checkoutservice,checkout,30,1,1,1,0
1,frontcart,100,0,213,currencyservice,server,57,1,1,1,0
1,frontcart,100,0,213,emailservice,email,48,1,1,1,0
1,frontcart,100,0,213,frontend,cartservice,41,2,2,2,0
1,frontcart,100,0,213,frontend,server,47,2,2,2,0
1,frontcart,100,0,213,paymentservice,payment,33,1,1,1,0
1,frontcart,100,0,213,productcatalogservice,server,40,2,2,2,0
1,frontcart,100,0,213,recommendationservice,server,43,2,2,2,0
1,frontcart,100,0,213,redis-cart,-,,1,1,1,0
1,frontcart,100,0,213,shippingservice,server,31,1,1,1,0
1,frontcart,100,0,229,adservice,server,25,1,1,1,0
1,frontcart,100,0,229,checkoutservice,checkout,30,1,1,1,0
1,frontcart,100,0,229,currencyservice,server,58,1,1,1,0
1,frontcart,100,0,229,emailservice,email,48,1,1,1,0
1,frontcart,100,0,229,frontend,cartservice,44,2,2,2,0
1,frontcart,100,0,229,frontend,server,47,2,2,2,0
1,frontcart,100,0,229,paymentservice,payment,34,1,1,1,0
1,frontcart,100,0,229,productcatalogservice,server,48,2,2,2,0
1,frontcart,100,0,229,recommendationservice,server,46,2,2,2,0
1,frontcart,100,0,229,redis-cart,-,,1,1,1,0
1,frontcart,100,0,229,shippingservice,server,31,1,1,1,0
1,frontcart,100,0,244,adservice,server,22,1,1,1,0
1,frontcart,100,0,244,checkoutservice,checkout,30,1,1,1,0
1,frontcart,100,0,244,currencyservice,server,57,1,1,1,0
1,frontcart,100,0,244,emailservice,email,48,1,1,1,0
1,frontcart,100,0,244,frontend,cartservice,46,2,2,2,0
1,frontcart,100,0,244,frontend,server,49,2,2,2,0
1,frontcart,100,0,244,paymentservice,payment,33,1,1,1,0
1,frontcart,100,0,244,productcatalogservice,server,45,2,2,2,0
1,frontcart,100,0,244,recommendationservice,server,47,2,2,2,0
1,frontcart,100,0,244,redis-cart,-,,1,1,1,0
1,frontcart,100,0,244,shippingservice,server,31,1,1,1,0
1,frontcart,100,0,259,adservice,server,21,1,1,1,0
1,frontcart,100,0,259,checkoutservice,checkout,28,1,1,1,0
1,frontcart,100,0,259,currencyservice,server,56,1,1,1,0
1,frontcart,100,0,259,emailservice,email,45,1,1,1,0
1,frontcart,100,0,259,frontend,cartservice,46,2,2,2,0
1,frontcart,100,0,259,frontend,server,44,2,2,2,0
1,frontcart,100,0,259,paymentservice,payment,33,1,1,1,0
1,frontcart,100,0,259,productcatalogservice,server,42,2,2,2,0
1,frontcart,100,0,259,recommendationservice,server,43,2,2,2,0
1,frontcart,100,0,259,redis-cart,-,,1,1,1,0
1,frontcart,100,0,259,shippingservice,server,31,1,1,1,0
1,frontcart,100,0,274,adservice,server,21,1,1,1,0
1,frontcart,100,0,274,checkoutservice,checkout,29,1,1,1,0
1,frontcart,100,0,274,currencyservice,server,56,1,1,1,0
1,frontcart,100,0,274,emailservice,email,46,1,1,1,0
1,frontcart,100,0,274,frontend,cartservice,41,2,2,2,0
1,frontcart,100,0,274,frontend,server,45,2,2,2,0
1,frontcart,100,0,274,paymentservice,payment,33,1,1,1,0
1,frontcart,100,0,274,productcatalogservice,server,41,2,2,2,0
1,frontcart,100,0,274,recommendationservice,server,44,2,2,2,0
1,frontcart,100,0,274,redis-cart,-,,1,1,1,0
1,frontcart,100,0,274,shippingservice,server,30,1,1,1,0
1,frontcart,100,0,290,adservice,server,25,1,1,1,0
1,frontcart,100,0,290,checkoutservice,checkout,31,1,1,1,0
1,frontcart,100,0,290,currencyservice,server,56,1,1,1,0
1,frontcart,100,0,290,emailservice,email,46,1,1,1,0
1,frontcart,100,0,290,frontend,cartservice,49,2,2,2,0
1,frontcart,100,0,290,frontend,server,52,2,2,2,0
1,frontcart,100,0,290,paymentservice,payment,34,1,1,1,0
1,frontcart,100,0,290,productcatalogservice,server,42,2,2,2,0
1,frontcart,100,0,290,recommendationservice,server,40,2,2,2,0
1,frontcart,100,0,290,redis-cart,-,,1,1,1,0
1,frontcart,100,0,290,shippingservice,server,29,1,1,1,0
1,frontcart,100,0,305,adservice,server,21,1,1,1,0
1,frontcart,100,0,305,checkoutservice,checkout,30,1,1,1,0
1,frontcart,100,0,305,currencyservice,server,59,1,1,1,0
1,frontcart,100,0,305,emailservice,email,50,1,1,1,0
1,frontcart,100,0,305,frontend,cartservice,49,2,2,2,0
1,frontcart,100,0,305,frontend,server,44,2,2,2,0
1,frontcart,100,0,305,paymentservice,payment,36,1,1,1,0
1,frontcart,100,0,305,productcatalogservice,server,42,2,2,2,0
1,frontcart,100,0,305,recommendationservice,server,49,2,2,2,0
1,frontcart,100,0,305,redis-cart,-,,1,1,1,0
1,frontcart,100,0,305,shippingservice,server,29,1,1,1,0
1,frontcart,100,0,320,adservice,server,25,1,1,1,0
1,frontcart,100,0,320,checkoutservice,checkout,32,1,1,1,0
1,frontcart,100,0,320,currencyservice,server,62,1,1,1,0
1,frontcart,100,0,320,emailservice,email,50,1,1,1,0
1,frontcart,100,0,320,frontend,cartservice,43,2,2,2,0
1,frontcart,100,0,320,frontend,server,49,2,2,2,0
1,frontcart,100,0,320,paymentservice,payment,35,1,1,1,0
1,frontcart,100,0,320,productcatalogservice,server,48,2,2,2,0
1,frontcart,100,0,320,recommendationservice,server,46,2,2,2,0
1,frontcart,100,0,320,redis-cart,-,,1,1,1,0
1,frontcart,100,0,320,shippingservice,server,32,1,1,1,0
1,frontcart,100,0,335,adservice,server,24,1,1,1,0
1,frontcart,100,0,335,checkoutservice,checkout,28,1,1,1,0
1,frontcart,100,0,335,currencyservice,server,56,1,1,1,0
1,frontcart,100,0,335,emailservice,email,51,1,1,1,0
1,frontcart,100,0,335,frontend,cartservice,41,2,2,2,0
1,frontcart,100,0,335,frontend,server,46,2,2,2,0
1,frontcart,100,0,335,paymentservice,payment,35,1,1,1,0
1,frontcart,100,0,335,productcatalogservice,server,41,2,2,2,0
1,frontcart,100,0,335,recommendationservice,server,45,2,2,2,0
1,frontcart,100,0,335,redis-cart,-,,1,1,1,0
1,frontcart,100,0,335,shippingservice,server,33,1,1,1,0
1,frontcart,100,0,350,adservice,server,24,1,1,1,0
1,frontcart,100,0,350,checkoutservice,checkout,28,1,1,1,0
1,frontcart,100,0,350,currencyservice,server,59,1,1,1,0
1,frontcart,100,0,350,emailservice,email,42,1,1,1,0
1,frontcart,100,0,350,frontend,cartservice,47,2,2,2,0
1,frontcart,100,0,350,frontend,server,54,2,2,2,0
1,frontcart,100,0,350,paymentservice,payment,31,1,1,1,0
1,frontcart,100,0,350,productcatalogservice,server,41,2,2,2,0
1,frontcart,100,0,350,recommendationservice,server,45,2,2,2,0
1,frontcart,100,0,350,redis-cart,-,,1,1,1,0
1,frontcart,100,0,350,shippingservice,server,33,1,1,1,0
1,frontcart,100,0,366,adservice,server,26,1,1,1,0
1,frontcart,100,0,366,checkoutservice,checkout,32,1,1,1,0
1,frontcart,100,0,366,currencyservice,server,60,1,1,1,0
1,frontcart,100,0,366,emailservice,email,58,1,1,1,0
1,frontcart,100,0,366,frontend,cartservice,46,2,2,2,0
1,frontcart,100,0,366,frontend,server,44,2,2,2,0
1,frontcart,100,0,366,paymentservice,payment,36,1,1,1,0
1,frontcart,100,0,366,productcatalogservice,server,48,2,2,2,0
1,frontcart,100,0,366,recommendationservice,server,50,2,2,2,0
1,frontcart,100,0,366,redis-cart,-,,1,1,1,0
1,frontcart,100,0,366,shippingservice,server,30,1,1,1,0
1,frontcart,100,0,381,adservice,server,22,1,1,1,0
1,frontcart,100,0,381,checkoutservice,checkout,32,1,1,1,0
1,frontcart,100,0,381,currencyservice,server,56,1,1,1,0
1,frontcart,100,0,381,emailservice,email,45,1,1,1,0
1,frontcart,100,0,381,frontend,cartservice,40,2,2,2,0
1,frontcart,100,0,381,frontend,server,45,2,2,2,0
1,frontcart,100,0,381,paymentservice,payment,32,1,1,1,0
1,frontcart,100,0,381,productcatalogservice,server,41,2,2,2,0
1,frontcart,100,0,381,recommendationservice,server,44,2,2,2,0
1,frontcart,100,0,381,redis-cart,-,,1,1,1,0
1,frontcart,100,0,381,shippingservice,server,30,1,1,1,0
1,frontcart,100,0,396,adservice,server,22,1,1,1,0
1,frontcart,100,0,396,checkoutservice,checkout,28,1,1,1,0
1,frontcart,100,0,396,currencyservice,server,55,1,1,1,0
1,frontcart,100,0,396,emailservice,email,47,1,1,1,0
1,frontcart,100,0,396,frontend,cartservice,40,2,2,2,0
1,frontcart,100,0,396,frontend,server,50,2,2,2,0
1,frontcart,100,0,396,paymentservice,payment,29,1,1,1,0
1,frontcart,100,0,396,productcatalogservice,server,44,2,2,2,0
1,frontcart,100,0,396,recommendationservice,server,45,2,2,2,0
1,frontcart,100,0,396,redis-cart,-,,1,1,1,0
1,frontcart,100,0,396,shippingservice,server,30,1,1,1,0
1,frontcart,100,0,411,adservice,server,24,1,1,1,0
1,frontcart,100,0,411,checkoutservice,checkout,30,1,1,1,0
1,frontcart,100,0,411,currencyservice,server,59,1,1,1,0
1,frontcart,100,0,411,emailservice,email,48,1,1,1,0
1,frontcart,100,0,411,frontend,cartservice,42,2,2,2,0
1,frontcart,100,0,411,frontend,server,47,2,2,2,0
1,frontcart,100,0,411,paymentservice,payment,34,1,1,1,0
1,frontcart,100,0,411,productcatalogservice,server,44,2,2,2,0
1,frontcart,100,0,411,recommendationservice,server,46,2,2,2,0
1,frontcart,100,0,411,redis-cart,-,,1,1,1,0
1,frontcart,100,0,411,shippingservice,server,30,1,1,1,0
1,frontcart,100,0,427,adservice,server,25,1,1,1,0
1,frontcart,100,0,427,checkoutservice,checkout,30,1,1,1,0
1,frontcart,100,0,427,currencyservice,server,58,1,1,1,0
1,frontcart,100,0,427,emailservice,email,44,1,1,1,0
1,frontcart,100,0,427,frontend,cartservice,44,2,2,2,0
1,frontcart,100,0,427,frontend,server,48,2,2,2,0
1,frontcart,100,0,427,paymentservice,payment,34,1,1,1,0
1,frontcart,100,0,427,productcatalogservice,server,43,2,2,2,0
1,frontcart,100,0,427,recommendationservice,server,46,2,2,2,0
1,frontcart,100,0,427,redis-cart,-,,1,1,1,0
1,frontcart,100,0,427,shippingservice,server,31,1,1,1,0
1,frontcart,100,0,442,adservice,server,12,1,1,1,0
1,frontcart,100,0,442,checkoutservice,checkout,31,1,1,1,0
1,frontcart,100,0,442,currencyservice,server,60,1,1,1,0
1,frontcart,100,0,442,emailservice,email,47,1,1,1,0
1,frontcart,100,0,442,frontend,cartservice,52,2,2,2,0
1,frontcart,100,0,442,frontend,server,30,2,2,2,0
1,frontcart,100,0,442,paymentservice,payment,34,1,1,1,0
1,frontcart,100,0,442,productcatalogservice,server,45,2,2,2,0
1,frontcart,100,0,442,recommendationservice,server,46,2,2,2,0
1,frontcart,100,0,442,redis-cart,-,,1,1,1,0
1,frontcart,100,0,442,shippingservice,server,31,1,1,1,0
1,frontcart,100,0,0,adservice,server,1,1,1,1,0
1,frontcart,100,0,0,checkoutservice,checkout,6,1,1,1,0
1,frontcart,100,0,0,currencyservice,server,16,1,1,1,0
1,frontcart,100,0,0,emailservice,email,1,1,1,1,0
1,frontcart,100,0,0,frontend,cartservice,0,2,2,2,0
1,frontcart,100,0,0,frontend,server,0,2,2,2,0
1,frontcart,100,0,0,paymentservice,payment,8,1,1,1,0
1,frontcart,100,0,0,productcatalogservice,server,4,2,2,2,0
1,frontcart,100,0,0,recommendationservice,server,13,2,2,2,0
1,frontcart,100,0,0,redis-cart,-,,1,1,1,0
1,frontcart,100,0,0,shippingservice,server,14,1,1,1,0
1,frontcart,100,0,15,adservice,server,1,1,1,1,0
1,frontcart,100,0,15,checkoutservice,checkout,0,1,1,1,0
1,frontcart,100,0,15,currencyservice,server,0,1,1,1,0
1,frontcart,100,0,15,emailservice,email,1,1,1,1,0
1,frontcart,100,0,15,frontend,cartservice,0,2,2,2,0
1,frontcart,100,0,15,frontend,server,0,2,2,2,0
1,frontcart,100,0,15,paymentservice,payment,0,1,1,1,0
1,frontcart,100,0,15,productcatalogservice,server,0,2,2,2,0
1,frontcart,100,0,15,recommendationservice,server,0,2,2,2,0
1,frontcart,100,0,15,redis-cart,-,,1,1,1,0
1,frontcart,100,0,15,shippingservice,server,0,1,1,1,0
1,frontcart,100,0,30,adservice,server,5,1,1,1,0
1,frontcart,100,0,30,checkoutservice,checkout,14,1,1,1,0
1,frontcart,100,0,30,currencyservice,server,52,1,1,1,0
1,frontcart,100,0,30,emailservice,email,27,1,1,1,0
1,frontcart,100,0,30,frontend,cartservice,5,2,2,2,0
1,frontcart,100,0,30,frontend,server,38,2,2,2,0
1,frontcart,100,0,30,paymentservice,payment,20,1,1,1,0
1,frontcart,100,0,30,productcatalogservice,server,26,2,2,2,0
1,frontcart,100,0,30,recommendationservice,server,0,2,2,2,0
1,frontcart,100,0,30,redis-cart,-,,1,1,1,0
1,frontcart,100,0,30,shippingservice,server,8,1,1,1,0
1,frontcart,100,0,45,adservice,server,36,1,1,1,0
1,frontcart,100,0,45,checkoutservice,checkout,14,1,1,1,0
1,frontcart,100,0,45,currencyservice,server,73,1,1,1,0
1,frontcart,100,0,45,emailservice,email,53,1,1,1,0
1,frontcart,100,0,45,frontend,cartservice,63,2,2,2,0
1,frontcart,100,0,45,frontend,server,63,2,2,2,0
1,frontcart,100,0,45,paymentservice,payment,37,1,1,1,0
1,frontcart,100,0,45,productcatalogservice,server,57,2,2,2,0
1,frontcart,100,0,45,recommendationservice,server,58,2,2,2,0
1,frontcart,100,0,45,redis-cart,-,,1,1,1,0
1,frontcart,100,0,45,shippingservice,server,34,1,1,1,0
1,frontcart,100,0,61,adservice,server,36,1,1,1,0
1,frontcart,100,0,61,checkoutservice,checkout,33,1,1,1,0
1,frontcart,100,0,61,currencyservice,server,73,1,1,1,0
1,frontcart,100,0,61,emailservice,email,52,1,1,1,0
1,frontcart,100,0,61,frontend,cartservice,56,2,2,2,0
1,frontcart,100,0,61,frontend,server,60,2,2,2,0
1,frontcart,100,0,61,paymentservice,payment,36,1,1,1,0
1,frontcart,100,0,61,productcatalogservice,server,55,2,2,2,0
1,frontcart,100,0,61,recommendationservice,server,58,2,2,2,0
1,frontcart,100,0,61,redis-cart,-,,1,1,1,0
1,frontcart,100,0,61,shippingservice,server,35,1,1,1,0
1,frontcart,100,0,76,adservice,server,36,1,1,1,0
1,frontcart,100,0,76,checkoutservice,checkout,34,1,1,1,0
1,frontcart,100,0,76,currencyservice,server,73,1,1,1,0
1,frontcart,100,0,76,emailservice,email,53,1,1,1,0
1,frontcart,100,0,76,frontend,cartservice,54,2,2,2,0
1,frontcart,100,0,76,frontend,server,63,2,2,2,0
1,frontcart,100,0,76,paymentservice,payment,38,1,1,1,0
1,frontcart,100,0,76,productcatalogservice,server,58,2,2,2,0
1,frontcart,100,0,76,recommendationservice,server,59,2,2,2,0
1,frontcart,100,0,76,redis-cart,-,,1,1,1,0
1,frontcart,100,0,76,shippingservice,server,35,1,1,1,0
1,frontcart,100,0,91,adservice,server,38,1,1,1,0
1,frontcart,100,0,91,checkoutservice,checkout,35,1,1,1,0
1,frontcart,100,0,91,currencyservice,server,77,1,1,1,0
1,frontcart,100,0,91,emailservice,email,51,1,1,1,0
1,frontcart,100,0,91,frontend,cartservice,55,2,2,2,0
1,frontcart,100,0,91,frontend,server,70,2,2,2,0
1,frontcart,100,0,91,paymentservice,payment,38,1,1,1,0
1,frontcart,100,0,91,productcatalogservice,server,57,2,2,2,0
1,frontcart,100,0,91,recommendationservice,server,60,2,2,2,0
1,frontcart,100,0,91,redis-cart,-,,1,1,1,0
1,frontcart,100,0,91,shippingservice,server,34,1,1,1,0
1,frontcart,100,0,106,adservice,server,41,1,1,1,0
1,frontcart,100,0,106,checkoutservice,checkout,35,1,1,1,0
1,frontcart,100,0,106,currencyservice,server,72,1,1,1,0
1,frontcart,100,0,106,emailservice,email,58,1,1,1,0
1,frontcart,100,0,106,frontend,cartservice,56,2,2,2,0
1,frontcart,100,0,106,frontend,server,71,2,2,2,0
1,frontcart,100,0,106,paymentservice,payment,36,1,1,1,0
1,frontcart,100,0,106,productcatalogservice,server,63,2,2,2,0
1,frontcart,100,0,106,recommendationservice,server,65,2,2,2,0
1,frontcart,100,0,106,redis-cart,-,,1,1,1,0
1,frontcart,100,0,106,shippingservice,server,37,1,1,1,0
1,frontcart,100,0,122,adservice,server,36,1,1,1,0
1,frontcart,100,0,122,checkoutservice,checkout,33,1,1,1,0
1,frontcart,100,0,122,currencyservice,server,72,1,1,1,0
1,frontcart,100,0,122,emailservice,email,52,1,1,1,0
1,frontcart,100,0,122,frontend,cartservice,54,2,2,2,0
1,frontcart,100,0,122,frontend,server,62,2,2,2,0
1,frontcart,100,0,122,paymentservice,payment,37,1,1,1,0
1,frontcart,100,0,122,productcatalogservice,server,57,2,2,2,0
1,frontcart,100,0,122,recommendationservice,server,55,2,2,2,0
1,frontcart,100,0,122,redis-cart,-,,1,1,1,0
1,frontcart,100,0,122,shippingservice,server,34,1,1,1,0
1,frontcart,100,0,137,adservice,server,36,1,1,1,0
1,frontcart,100,0,137,checkoutservice,checkout,35,1,1,1,0
1,frontcart,100,0,137,currencyservice,server,76,1,1,1,0
1,frontcart,100,0,137,emailservice,email,55,1,1,1,0
1,frontcart,100,0,137,frontend,cartservice,62,2,2,2,0
1,frontcart,100,0,137,frontend,server,65,2,2,2,0
1,frontcart,100,0,137,paymentservice,payment,37,1,1,1,0
1,frontcart,100,0,137,productcatalogservice,server,57,2,2,2,0
1,frontcart,100,0,137,recommendationservice,server,64,2,2,2,0
1,frontcart,100,0,137,redis-cart,-,,1,1,1,0
1,frontcart,100,0,137,shippingservice,server,36,1,1,1,0
1,frontcart,100,0,152,adservice,server,35,1,1,1,0
1,frontcart,100,0,152,checkoutservice,checkout,33,1,1,1,0
1,frontcart,100,0,152,currencyservice,server,73,1,1,1,0
1,frontcart,100,0,152,emailservice,email,52,1,1,1,0
1,frontcart,100,0,152,frontend,cartservice,63,2,2,2,0
1,frontcart,100,0,152,frontend,server,62,2,2,2,0
1,frontcart,100,0,152,paymentservice,payment,38,1,1,1,0
1,frontcart,100,0,152,productcatalogservice,server,56,2,2,2,0
1,frontcart,100,0,152,recommendationservice,server,58,2,2,2,0
1,frontcart,100,0,152,redis-cart,-,,1,1,1,0
1,frontcart,100,0,152,shippingservice,server,34,1,1,1,0
1,frontcart,100,0,167,adservice,server,35,1,1,1,0
1,frontcart,100,0,167,checkoutservice,checkout,34,1,1,1,0
1,frontcart,100,0,167,currencyservice,server,73,1,1,1,0
1,frontcart,100,0,167,emailservice,email,52,1,1,1,0
1,frontcart,100,0,167,frontend,cartservice,67,2,2,2,0
1,frontcart,100,0,167,frontend,server,61,2,2,2,0
1,frontcart,100,0,167,paymentservice,payment,38,1,1,1,0
1,frontcart,100,0,167,productcatalogservice,server,55,2,2,2,0
1,frontcart,100,0,167,recommendationservice,server,58,2,2,2,0
1,frontcart,100,0,167,redis-cart,-,,1,1,1,0
1,frontcart,100,0,167,shippingservice,server,35,1,1,1,0
1,frontcart,100,0,182,adservice,server,34,1,1,1,0
1,frontcart,100,0,182,checkoutservice,checkout,33,1,1,1,0
1,frontcart,100,0,182,currencyservice,server,73,1,1,1,0
1,frontcart,100,0,182,emailservice,email,52,1,1,1,0
1,frontcart,100,0,182,frontend,cartservice,60,2,2,2,0
1,frontcart,100,0,182,frontend,server,61,2,2,2,0
1,frontcart,100,0,182,paymentservice,payment,38,1,1,1,0
1,frontcart,100,0,182,productcatalogservice,server,55,2,2,2,0
1,frontcart,100,0,182,recommendationservice,server,55,2,2,2,0
1,frontcart,100,0,182,redis-cart,-,,1,1,1,0
1,frontcart,100,0,182,shippingservice,server,35,1,1,1,0
1,frontcart,100,0,198,adservice,server,42,1,1,1,0
1,frontcart,100,0,198,checkoutservice,checkout,37,1,1,1,0
1,frontcart,100,0,198,currencyservice,server,78,1,1,1,0
1,frontcart,100,0,198,emailservice,email,53,1,1,1,0
1,frontcart,100,0,198,frontend,cartservice,56,2,2,2,0
1,frontcart,100,0,198,frontend,server,73,2,2,2,0
1,frontcart,100,0,198,paymentservice,payment,37,1,1,1,0
1,frontcart,100,0,198,productcatalogservice,server,62,2,2,2,0
1,frontcart,100,0,198,recommendationservice,server,67,2,2,2,0
1,frontcart,100,0,198,redis-cart,-,,1,1,1,0
1,frontcart,100,0,198,shippingservice,server,35,1,1,1,0
1,frontcart,100,0,213,adservice,server,36,1,1,1,0
1,frontcart,100,0,213,checkoutservice,checkout,33,1,1,1,0
1,frontcart,100,0,213,currencyservice,server,74,1,1,1,0
1,frontcart,100,0,213,emailservice,email,54,1,1,1,0
1,frontcart,100,0,213,frontend,cartservice,59,2,2,2,0
1,frontcart,100,0,213,frontend,server,63,2,2,2,0
1,frontcart,100,0,213,paymentservice,payment,35,1,1,1,0
1,frontcart,100,0,213,productcatalogservice,server,62,2,2,2,0
1,frontcart,100,0,213,recommendationservice,server,67,2,2,2,0
1,frontcart,100,0,213,redis-cart,-,,1,1,1,0
1,frontcart,100,0,213,shippingservice,server,35,1,1,1,0
1,frontcart,100,0,228,adservice,server,37,1,1,1,0
1,frontcart,100,0,228,checkoutservice,checkout,34,1,1,1,0
1,frontcart,100,0,228,currencyservice,server,76,1,1,1,0
1,frontcart,100,0,228,emailservice,email,51,1,1,1,0
1,frontcart,100,0,228,frontend,cartservice,63,2,2,2,0
1,frontcart,100,0,228,frontend,server,67,2,2,2,0
1,frontcart,100,0,228,paymentservice,payment,35,1,1,1,0
1,frontcart,100,0,228,productcatalogservice,server,58,2,2,2,0
1,frontcart,100,0,228,recommendationservice,server,58,2,2,2,0
1,frontcart,100,0,228,redis-cart,-,,1,1,1,0
1,frontcart,100,0,228,shippingservice,server,35,1,1,1,0
1,frontcart,100,0,243,adservice,server,36,1,1,1,0
1,frontcart,100,0,243,checkoutservice,checkout,34,1,1,1,0
1,frontcart,100,0,243,currencyservice,server,74,1,1,1,0
1,frontcart,100,0,243,emailservice,email,56,1,1,1,0
1,frontcart,100,0,243,frontend,cartservice,56,2,2,2,0
1,frontcart,100,0,243,frontend,server,66,2,2,2,0
1,frontcart,100,0,243,paymentservice,payment,37,1,1,1,0
1,frontcart,100,0,243,productcatalogservice,server,56,2,2,2,0
1,frontcart,100,0,243,recommendationservice,server,63,2,2,2,0
1,frontcart,100,0,243,redis-cart,-,,1,1,1,0
1,frontcart,100,0,243,shippingservice,server,34,1,1,1,0
1,frontcart,100,0,259,adservice,server,40,1,1,1,0
1,frontcart,100,0,259,checkoutservice,checkout,34,1,1,1,0
1,frontcart,100,0,259,currencyservice,server,74,1,1,1,0
1,frontcart,100,0,259,emailservice,email,48,1,1,1,0
1,frontcart,100,0,259,frontend,cartservice,55,2,2,2,0
1,frontcart,100,0,259,frontend,server,67,2,2,2,0
1,frontcart,100,0,259,paymentservice,payment,34,1,1,1,0
1,frontcart,100,0,259,productcatalogservice,server,56,2,2,2,0
1,frontcart,100,0,259,recommendationservice,server,60,2,2,2,0
1,frontcart,100,0,259,redis-cart,-,,1,1,1,0
1,frontcart,100,0,259,shippingservice,server,32,1,1,1,0
1,frontcart,100,0,274,adservice,server,36,1,1,1,0
1,frontcart,100,0,274,checkoutservice,checkout,34,1,1,1,0
1,frontcart,100,0,274,currencyservice,server,75,1,1,1,0
1,frontcart,100,0,274,emailservice,email,56,1,1,1,0
1,frontcart,100,0,274,frontend,cartservice,59,2,2,2,0
1,frontcart,100,0,274,frontend,server,65,2,2,2,0
1,frontcart,100,0,274,paymentservice,payment,40,1,1,1,0
1,frontcart,100,0,274,productcatalogservice,server,58,2,2,2,0
1,frontcart,100,0,274,recommendationservice,server,55,2,2,2,0
1,frontcart,100,0,274,redis-cart,-,,1,1,1,0
1,frontcart,100,0,274,shippingservice,server,34,1,1,1,0
1,frontcart,100,0,289,adservice,server,37,1,1,1,0
1,frontcart,100,0,289,checkoutservice,checkout,32,1,1,1,0
1,frontcart,100,0,289,currencyservice,server,75,1,1,1,0
1,frontcart,100,0,289,emailservice,email,52,1,1,1,0
1,frontcart,100,0,289,frontend,cartservice,53,2,2,2,0
1,frontcart,100,0,289,frontend,server,67,2,2,2,0
1,frontcart,100,0,289,paymentservice,payment,32,1,1,1,0
1,frontcart,100,0,289,productcatalogservice,server,60,2,2,2,0
1,frontcart,100,0,289,recommendationservice,server,63,2,2,2,0
1,frontcart,100,0,289,redis-cart,-,,1,1,1,0
1,frontcart,100,0,289,shippingservice,server,34,1,1,1,0
1,frontcart,100,0,304,adservice,server,38,1,1,1,0
1,frontcart,100,0,304,checkoutservice,checkout,33,1,1,1,0
1,frontcart,100,0,304,currencyservice,server,77,1,1,1,0
1,frontcart,100,0,304,emailservice,email,52,1,1,1,0
1,frontcart,100,0,304,frontend,cartservice,58,2,2,2,0
1,frontcart,100,0,304,frontend,server,69,2,2,2,0
1,frontcart,100,0,304,paymentservice,payment,37,1,1,1,0
1,frontcart,100,0,304,productcatalogservice,server,58,2,2,2,0
1,frontcart,100,0,304,recommendationservice,server,60,2,2,2,0
1,frontcart,100,0,304,redis-cart,-,,1,1,1,0
1,frontcart,100,0,304,shippingservice,server,35,1,1,1,0
1,frontcart,100,0,320,adservice,server,35,1,1,1,0
1,frontcart,100,0,320,checkoutservice,checkout,34,1,1,1,0
1,frontcart,100,0,320,currencyservice,server,73,1,1,1,0
1,frontcart,100,0,320,emailservice,email,50,1,1,1,0
1,frontcart,100,0,320,frontend,cartservice,55,2,2,2,0
1,frontcart,100,0,320,frontend,server,60,2,2,2,0
1,frontcart,100,0,320,paymentservice,payment,37,1,1,1,0
1,frontcart,100,0,320,productcatalogservice,server,54,2,2,2,0
1,frontcart,100,0,320,recommendationservice,server,60,2,2,2,0
1,frontcart,100,0,320,redis-cart,-,,1,1,1,0
1,frontcart,100,0,320,shippingservice,server,35,1,1,1,0
1,frontcart,100,0,335,adservice,server,36,1,1,1,0
1,frontcart,100,0,335,checkoutservice,checkout,33,1,1,1,0
1,frontcart,100,0,335,currencyservice,server,75,1,1,1,0
1,frontcart,100,0,335,emailservice,email,53,1,1,1,0
1,frontcart,100,0,335,frontend,cartservice,59,2,2,2,0
1,frontcart,100,0,335,frontend,server,66,2,2,2,0
1,frontcart,100,0,335,paymentservice,payment,38,1,1,1,0
1,frontcart,100,0,335,productcatalogservice,server,57,2,2,2,0
1,frontcart,100,0,335,recommendationservice,server,59,2,2,2,0
1,frontcart,100,0,335,redis-cart,-,,1,1,1,0
1,frontcart,100,0,335,shippingservice,server,34,1,1,1,0
1,frontcart,100,0,350,adservice,server,38,1,1,1,0
1,frontcart,100,0,350,checkoutservice,checkout,36,1,1,1,0
1,frontcart,100,0,350,currencyservice,server,74,1,1,1,0
1,frontcart,100,0,350,emailservice,email,53,1,1,1,0
1,frontcart,100,0,350,frontend,cartservice,63,2,2,2,0
1,frontcart,100,0,350,frontend,server,70,2,2,2,0
1,frontcart,100,0,350,paymentservice,payment,36,1,1,1,0
1,frontcart,100,0,350,productcatalogservice,server,64,2,2,2,0
1,frontcart,100,0,350,recommendationservice,server,63,2,2,2,0
1,frontcart,100,0,350,redis-cart,-,,1,1,1,0
1,frontcart,100,0,350,shippingservice,server,35,1,1,1,0
1,frontcart,100,0,365,adservice,server,35,1,1,1,0
1,frontcart,100,0,365,checkoutservice,checkout,34,1,1,1,0
1,frontcart,100,0,365,currencyservice,server,78,1,1,1,0
1,frontcart,100,0,365,emailservice,email,56,1,1,1,0
1,frontcart,100,0,365,frontend,cartservice,56,2,2,2,0
1,frontcart,100,0,365,frontend,server,60,2,2,2,0
1,frontcart,100,0,365,paymentservice,payment,39,1,1,1,0
1,frontcart,100,0,365,productcatalogservice,server,56,2,2,2,0
1,frontcart,100,0,365,recommendationservice,server,58,2,2,2,0
1,frontcart,100,0,365,redis-cart,-,,1,1,1,0
1,frontcart,100,0,365,shippingservice,server,35,1,1,1,0
1,frontcart,100,0,380,adservice,server,39,1,1,1,0
1,frontcart,100,0,380,checkoutservice,checkout,33,1,1,1,0
1,frontcart,100,0,380,currencyservice,server,74,1,1,1,0
1,frontcart,100,0,380,emailservice,email,52,1,1,1,0
1,frontcart,100,0,380,frontend,cartservice,60,2,2,2,0
1,frontcart,100,0,380,frontend,server,71,2,2,2,0
1,frontcart,100,0,380,paymentservice,payment,36,1,1,1,0
1,frontcart,100,0,380,productcatalogservice,server,57,2,2,2,0
1,frontcart,100,0,380,recommendationservice,server,61,2,2,2,0
1,frontcart,100,0,380,redis-cart,-,,1,1,1,0
1,frontcart,100,0,380,shippingservice,server,33,1,1,1,0
1,frontcart,100,0,396,adservice,server,36,1,1,1,0
1,frontcart,100,0,396,checkoutservice,checkout,34,1,1,1,0
1,frontcart,100,0,396,currencyservice,server,75,1,1,1,0
1,frontcart,100,0,396,emailservice,email,53,1,1,1,0
1,frontcart,100,0,396,frontend,cartservice,66,2,2,2,0
1,frontcart,100,0,396,frontend,server,64,2,2,2,0
1,frontcart,100,0,396,paymentservice,payment,37,1,1,1,0
1,frontcart,100,0,396,productcatalogservice,server,58,2,2,2,0
1,frontcart,100,0,396,recommendationservice,server,61,2,2,2,0
1,frontcart,100,0,396,redis-cart,-,,1,1,1,0
1,frontcart,100,0,396,shippingservice,server,36,1,1,1,0
1,frontcart,100,0,411,adservice,server,37,1,1,1,0
1,frontcart,100,0,411,checkoutservice,checkout,35,1,1,1,0
1,frontcart,100,0,411,currencyservice,server,76,1,1,1,0
1,frontcart,100,0,411,emailservice,email,54,1,1,1,0
1,frontcart,100,0,411,frontend,cartservice,69,2,2,2,0
1,frontcart,100,0,411,frontend,server,66,2,2,2,0
1,frontcart,100,0,411,paymentservice,payment,38,1,1,1,0
1,frontcart,100,0,411,productcatalogservice,server,56,2,2,2,0
1,frontcart,100,0,411,recommendationservice,server,59,2,2,2,0
1,frontcart,100,0,411,redis-cart,-,,1,1,1,0
1,frontcart,100,0,411,shippingservice,server,35,1,1,1,0
1,frontcart,100,0,426,adservice,server,35,1,1,1,0
1,frontcart,100,0,426,checkoutservice,checkout,33,1,1,1,0
1,frontcart,100,0,426,currencyservice,server,71,1,1,1,0
1,frontcart,100,0,426,emailservice,email,52,1,1,1,0
1,frontcart,100,0,426,frontend,cartservice,63,2,2,2,0
1,frontcart,100,0,426,frontend,server,61,2,2,2,0
1,frontcart,100,0,426,paymentservice,payment,38,1,1,1,0
1,frontcart,100,0,426,productcatalogservice,server,58,2,2,2,0
1,frontcart,100,0,426,recommendationservice,server,59,2,2,2,0
1,frontcart,100,0,426,redis-cart,-,,1,1,1,0
1,frontcart,100,0,426,shippingservice,server,35,1,1,1,0
1,frontcart,100,0,441,adservice,server,38,1,1,1,0
1,frontcart,100,0,441,checkoutservice,checkout,32,1,1,1,0
1,frontcart,100,0,441,currencyservice,server,71,1,1,1,0
1,frontcart,100,0,441,emailservice,email,54,1,1,1,0
1,frontcart,100,0,441,frontend,cartservice,54,2,2,2,0
1,frontcart,100,0,441,frontend,server,70,2,2,2,0
1,frontcart,100,0,441,paymentservice,payment,32,1,1,1,0
1,frontcart,100,0,441,productcatalogservice,server,60,2,2,2,0
1,frontcart,100,0,441,recommendationservice,server,58,2,2,2,0
1,frontcart,100,0,441,redis-cart,-,,1,1,1,0
1,frontcart,100,0,441,shippingservice,server,30,1,1,1,0
1,frontcart,100,0,0,adservice,server,1,1,1,1,0
1,frontcart,100,0,0,checkoutservice,checkout,0,1,1,1,0
1,frontcart,100,0,0,currencyservice,server,54,1,1,1,0
1,frontcart,100,0,0,emailservice,email,2,1,1,1,0
1,frontcart,100,0,0,frontend,cartservice,0,2,2,2,0
1,frontcart,100,0,0,frontend,server,4,2,2,2,0
1,frontcart,100,0,0,paymentservice,payment,3,1,1,1,0
1,frontcart,100,0,0,productcatalogservice,server,0,2,2,2,0
1,frontcart,100,0,0,recommendationservice,server,3,2,2,2,0
1,frontcart,100,0,0,redis-cart,-,,1,1,1,0
1,frontcart,100,0,0,shippingservice,server,0,1,1,1,0
1,frontcart,100,0,15,adservice,server,0,1,1,1,0
1,frontcart,100,0,15,checkoutservice,checkout,0,1,1,1,0
1,frontcart,100,0,15,currencyservice,server,0,1,1,1,0
1,frontcart,100,0,15,emailservice,email,1,1,1,1,0
1,frontcart,100,0,15,frontend,cartservice,0,2,2,2,0
1,frontcart,100,0,15,frontend,server,0,2,2,2,0
1,frontcart,100,0,15,paymentservice,payment,0,1,1,1,0
1,frontcart,100,0,15,productcatalogservice,server,0,2,2,2,0
1,frontcart,100,0,15,recommendationservice,server,0,2,2,2,0
1,frontcart,100,0,15,redis-cart,-,,1,1,1,0
1,frontcart,100,0,15,shippingservice,server,0,1,1,1,0
1,frontcart,100,0,31,adservice,server,34,1,1,1,0
1,frontcart,100,0,31,checkoutservice,checkout,3,1,1,1,0
1,frontcart,100,0,31,currencyservice,server,76,1,1,1,0
1,frontcart,100,0,31,emailservice,email,14,1,1,1,0
1,frontcart,100,0,31,frontend,cartservice,21,2,2,2,0
1,frontcart,100,0,31,frontend,server,20,2,2,2,0
1,frontcart,100,0,31,paymentservice,payment,19,1,1,1,0
1,frontcart,100,0,31,productcatalogservice,server,10,2,2,2,0
1,frontcart,100,0,31,recommendationservice,server,27,2,2,2,0
1,frontcart,100,0,31,redis-cart,-,,1,1,1,0
1,frontcart,100,0,31,shippingservice,server,21,1,1,1,0
1,frontcart,100,0,46,adservice,server,34,1,1,1,0
1,frontcart,100,0,46,checkoutservice,checkout,32,1,1,1,0
1,frontcart,100,0,46,currencyservice,server,86,1,1,1,0
1,frontcart,100,0,46,emailservice,email,51,1,1,1,0
1,frontcart,100,0,46,frontend,cartservice,50,2,2,2,0
1,frontcart,100,0,46,frontend,server,81,2,2,2,0
1,frontcart,100,0,46,paymentservice,payment,32,1,1,1,0
1,frontcart,100,0,46,productcatalogservice,server,69,2,2,2,0
1,frontcart,100,0,46,recommendationservice,server,76,2,2,2,0
1,frontcart,100,0,46,redis-cart,-,,1,1,1,0
1,frontcart,100,0,46,shippingservice,server,33,1,1,1,0
1,frontcart,100,0,61,adservice,server,51,1,1,1,0
1,frontcart,100,0,61,checkoutservice,checkout,33,1,1,1,0
1,frontcart,100,0,61,currencyservice,server,89,1,2,2,0
1,frontcart,100,0,61,emailservice,email,52,1,1,1,0
1,frontcart,100,0,61,frontend,cartservice,67,2,3,2,0
1,frontcart,100,0,61,frontend,server,86,2,3,2,0
1,frontcart,100,0,61,paymentservice,payment,36,1,1,1,0
1,frontcart,100,0,61,productcatalogservice,server,73,2,2,2,0
1,frontcart,100,0,61,recommendationservice,server,75,2,2,2,0
1,frontcart,100,0,61,redis-cart,-,,1,1,1,0
1,frontcart,100,0,61,shippingservice,server,34,1,1,1,0
1,frontcart,100,0,76,adservice,server,54,1,1,1,0
1,frontcart,100,0,76,checkoutservice,checkout,33,1,1,1,0
1,frontcart,100,0,76,currencyservice,server,90,2,2,2,0
1,frontcart,100,0,76,emailservice,email,58,1,1,1,0
1,frontcart,100,0,76,frontend,cartservice,75,3,3,2,0
1,frontcart,100,0,76,frontend,server,87,3,3,2,0
1,frontcart,100,0,76,paymentservice,payment,63,1,1,1,0
1,frontcart,100,0,76,productcatalogservice,server,72,2,2,2,0
1,frontcart,100,0,76,recommendationservice,server,79,2,2,2,0
1,frontcart,100,0,76,redis-cart,-,,1,1,1,0
1,frontcart,100,0,76,shippingservice,server,36,1,1,1,0
1,frontcart,100,0,92,adservice,server,54,1,1,1,0
1,frontcart,100,0,92,checkoutservice,checkout,33,1,1,1,0
1,frontcart,100,0,92,currencyservice,server,83,2,2,2,0
1,frontcart,100,0,92,emailservice,email,47,1,1,1,0
1,frontcart,100,0,92,frontend,cartservice,69,3,3,3,0
1,frontcart,100,0,92,frontend,server,78,3,3,3,0
1,frontcart,100,0,92,paymentservice,payment,44,1,1,1,0
1,frontcart,100,0,92,productcatalogservice,server,68,2,2,2,0
1,frontcart,100,0,92,recommendationservice,server,73,2,2,2,0
1,frontcart,100,0,92,redis-cart,-,,1,1,1,0
1,frontcart,100,0,92,shippingservice,server,35,1,1,1,0
1,frontcart,100,0,107,adservice,server,49,1,1,1,0
1,frontcart,100,0,107,checkoutservice,checkout,33,1,1,1,0
1,frontcart,100,0,107,currencyservice,server,43,2,2,2,0
1,frontcart,100,0,107,emailservice,email,57,1,1,1,0
1,frontcart,100,0,107,frontend,cartservice,64,3,3,3,0
1,frontcart,100,0,107,frontend,server,87,3,3,3,0
1,frontcart,100,0,107,paymentservice,payment,29,1,1,1,0
1,frontcart,100,0,107,productcatalogservice,server,71,2,2,2,0
1,frontcart,100,0,107,recommendationservice,server,76,2,2,2,0
1,frontcart,100,0,107,redis-cart,-,,1,1,1,0
1,frontcart,100,0,107,shippingservice,server,30,1,1,1,0
1,frontcart,100,0,122,adservice,server,53,1,1,1,0
1,frontcart,100,0,122,checkoutservice,checkout,35,1,1,1,0
1,frontcart,100,0,122,currencyservice,server,45,2,2,2,0
1,frontcart,100,0,122,emailservice,email,58,1,1,1,0
1,frontcart,100,0,122,frontend,cartservice,71,3,3,3,0
1,frontcart,100,0,122,frontend,server,89,3,3,3,0
1,frontcart,100,0,122,paymentservice,payment,40,1,1,1,0
1,frontcart,100,0,122,productcatalogservice,server,75,2,2,2,0
1,frontcart,100,0,122,recommendationservice,server,80,2,2,2,0
1,frontcart,100,0,122,redis-cart,-,,1,1,1,0
1,frontcart,100,0,122,shippingservice,server,38,1,1,1,0
1,frontcart,100,0,137,adservice,server,54,1,1,1,0
1,frontcart,100,0,137,checkoutservice,checkout,36,1,1,1,0
1,frontcart,100,0,137,currencyservice,server,44,2,2,2,0
1,frontcart,100,0,137,emailservice,email,58,1,1,1,0
1,frontcart,100,0,137,frontend,cartservice,51,3,3,3,0
1,frontcart,100,0,137,frontend,server,53,3,3,3,0
1,frontcart,100,0,137,paymentservice,payment,57,1,1,1,0
1,frontcart,100,0,137,productcatalogservice,server,72,2,2,2,0
1,frontcart,100,0,137,recommendationservice,server,76,2,2,2,0
1,frontcart,100,0,137,redis-cart,-,,1,1,1,0
1,frontcart,100,0,137,shippingservice,server,38,1,1,1,0
1,frontcart,100,0,153,adservice,server,49,1,1,1,0
1,frontcart,100,0,153,checkoutservice,checkout,36,1,1,1,0
1,frontcart,100,0,153,currencyservice,server,45,2,2,2,0
1,frontcart,100,0,153,emailservice,email,54,1,1,1,0
1,frontcart,100,0,153,frontend,cartservice,54,3,3,3,0
1,frontcart,100,0,153,frontend,server,56,3,3,3,0
1,frontcart,100,0,153,paymentservice,payment,44,1,1,1,0
1,frontcart,100,0,153,productcatalogservice,server,69,2,2,2,0
1,frontcart,100,0,153,recommendationservice,server,75,2,2,2,0
1,frontcart,100,0,153,redis-cart,-,,1,1,1,0
1,frontcart,100,0,153,shippingservice,server,35,1,1,1,0
1,frontcart,100,0,168,adservice,server,55,1,1,1,0
1,frontcart,100,0,168,checkoutservice,checkout,36,1,1,1,0
1,frontcart,100,0,168,currencyservice,server,45,2,2,2,0
1,frontcart,100,0,168,emailservice,email,57,1,1,1,0
1,frontcart,100,0,168,frontend,cartservice,58,3,3,3,0
1,frontcart,100,0,168,frontend,server,57,3,3,3,0
1,frontcart,100,0,168,paymentservice,payment,39,1,1,1,0
1,frontcart,100,0,168,productcatalogservice,server,74,2,2,2,0
1,frontcart,100,0,168,recommendationservice,server,78,2,2,2,0
1,frontcart,100,0,168,redis-cart,-,,1,1,1,0
1,frontcart,100,0,168,shippingservice,server,37,1,1,1,0
1,frontcart,100,0,183,adservice,server,51,1,1,1,0
1,frontcart,100,0,183,checkoutservice,checkout,37,1,1,1,0
1,frontcart,100,0,183,currencyservice,server,44,2,2,2,0
1,frontcart,100,0,183,emailservice,email,57,1,1,1,0
1,frontcart,100,0,183,frontend,cartservice,54,3,3,3,0
1,frontcart,100,0,183,frontend,server,55,3,3,3,0
1,frontcart,100,0,183,paymentservice,payment,39,1,1,1,0
1,frontcart,100,0,183,productcatalogservice,server,68,2,2,2,0
1,frontcart,100,0,183,recommendationservice,server,73,2,2,2,0
1,frontcart,100,0,183,redis-cart,-,,1,1,1,0
1,frontcart,100,0,183,shippingservice,server,36,1,1,1,0
1,frontcart,100,0,198,adservice,server,52,1,1,1,0
1,frontcart,100,0,198,checkoutservice,checkout,36,1,1,1,0
1,frontcart,100,0,198,currencyservice,server,45,2,2,2,0
1,frontcart,100,0,198,emailservice,email,55,1,1,1,0
1,frontcart,100,0,198,frontend,cartservice,57,3,3,3,0
1,frontcart,100,0,198,frontend,server,55,3,3,3,0
1,frontcart,100,0,198,paymentservice,payment,39,1,1,1,0
1,frontcart,100,0,198,productcatalogservice,server,74,2,2,2,0
1,frontcart,100,0,198,recommendationservice,server,73,2,2,2,0
1,frontcart,100,0,198,redis-cart,-,,1,1,1,0
1,frontcart,100,0,198,shippingservice,server,36,1,1,1,0
1,frontcart,100,0,214,adservice,server,53,1,1,1,0
1,frontcart,100,0,214,checkoutservice,checkout,37,1,1,1,0
1,frontcart,100,0,214,currencyservice,server,45,2,2,2,0
1,frontcart,100,0,214,emailservice,email,55,1,1,1,0
1,frontcart,100,0,214,frontend,cartservice,50,3,3,3,0
1,frontcart,100,0,214,frontend,server,59,3,3,3,0
1,frontcart,100,0,214,paymentservice,payment,39,1,1,1,0
1,frontcart,100,0,214,productcatalogservice,server,73,2,2,2,0
1,frontcart,100,0,214,recommendationservice,server,77,2,2,2,0
1,frontcart,100,0,214,redis-cart,-,,1,1,1,0
1,frontcart,100,0,214,shippingservice,server,38,1,1,1,0
1,frontcart,100,0,229,adservice,server,50,1,1,1,0
1,frontcart,100,0,229,checkoutservice,checkout,37,1,1,1,0
1,frontcart,100,0,229,currencyservice,server,43,2,2,2,0
1,frontcart,100,0,229,emailservice,email,54,1,1,1,0
1,frontcart,100,0,229,frontend,cartservice,42,3,3,3,0
1,frontcart,100,0,229,frontend,server,53,3,3,3,0
1,frontcart,100,0,229,paymentservice,payment,37,1,1,1,0
1,frontcart,100,0,229,productcatalogservice,server,71,2,2,2,0
1,frontcart,100,0,229,recommendationservice,server,73,2,2,2,0
1,frontcart,100,0,229,redis-cart,-,,1,1,1,0
1,frontcart,100,0,229,shippingservice,server,35,1,1,1,0
1,frontcart,100,0,244,adservice,server,52,1,1,1,0
1,frontcart,100,0,244,checkoutservice,checkout,35,1,1,1,0
1,frontcart,100,0,244,currencyservice,server,45,2,2,2,0
1,frontcart,100,0,244,emailservice,email,55,1,1,1,0
1,frontcart,100,0,244,frontend,cartservice,45,3,3,3,0
1,frontcart,100,0,244,frontend,server,59,3,3,3,0
1,frontcart,100,0,244,paymentservice,payment,35,1,1,1,0
1,frontcart,100,0,244,productcatalogservice,server,73,2,2,2,0
1,frontcart,100,0,244,recommendationservice,server,79,2,2,2,0
1,frontcart,100,0,244,redis-cart,-,,1,1,1,0
1,frontcart,100,0,244,shippingservice,server,36,1,1,1,0
1,frontcart,100,0,259,adservice,server,53,1,1,1,0
1,frontcart,100,0,259,checkoutservice,checkout,36,1,1,1,0
1,frontcart,100,0,259,currencyservice,server,44,2,2,2,0
1,frontcart,100,0,259,emailservice,email,56,1,1,1,0
1,frontcart,100,0,259,frontend,cartservice,46,3,3,3,0
1,frontcart,100,0,259,frontend,server,56,3,3,3,0
1,frontcart,100,0,259,paymentservice,payment,38,1,1,1,0
1,frontcart,100,0,259,productcatalogservice,server,72,2,2,2,0
1,frontcart,100,0,259,recommendationservice,server,78,2,3,3,0
1,frontcart,100,0,259,redis-cart,-,,1,1,1,0
1,frontcart,100,0,259,shippingservice,server,35,1,1,1,0
1,frontcart,100,0,275,adservice,server,52,1,1,1,0
1,frontcart,100,0,275,checkoutservice,checkout,36,1,1,1,0
1,frontcart,100,0,275,currencyservice,server,44,2,2,2,0
1,frontcart,100,0,275,emailservice,email,55,1,1,1,0
1,frontcart,100,0,275,frontend,cartservice,49,3,3,3,0
1,frontcart,100,0,275,frontend,server,58,3,3,3,0
1,frontcart,100,0,275,paymentservice,payment,38,1,1,1,0
1,frontcart,100,0,275,productcatalogservice,server,73,2,2,2,0
1,frontcart,100,0,275,recommendationservice,server,76,3,3,3,0
1,frontcart,100,0,275,redis-cart,-,,1,1,1,0
1,frontcart,100,0,275,shippingservice,server,36,1,1,1,0
1,frontcart,100,0,290,adservice,server,54,1,1,1,0
1,frontcart,100,0,290,checkoutservice,checkout,39,1,1,1,0
1,frontcart,100,0,290,currencyservice,server,46,2,2,2,0
1,frontcart,100,0,290,emailservice,email,60,1,1,1,0
1,frontcart,100,0,290,frontend,cartservice,58,3,3,3,0
1,frontcart,100,0,290,frontend,server,59,3,3,3,0
1,frontcart,100,0,290,paymentservice,payment,38,1,1,1,0
1,frontcart,100,0,290,productcatalogservice,server,75,2,2,2,0
1,frontcart,100,0,290,recommendationservice,server,79,3,3,3,0
1,frontcart,100,0,290,redis-cart,-,,1,1,1,0
1,frontcart,100,0,290,shippingservice,server,40,1,1,1,0
1,frontcart,100,0,305,adservice,server,55,1,1,1,0
1,frontcart,100,0,305,checkoutservice,checkout,36,1,1,1,0
1,frontcart,100,0,305,currencyservice,server,46,2,2,2,0
1,frontcart,100,0,305,emailservice,email,56,1,1,1,0
1,frontcart,100,0,305,frontend,cartservice,58,3,3,3,0
1,frontcart,100,0,305,frontend,server,58,3,3,3,0
1,frontcart,100,0,305,paymentservice,payment,37,1,1,1,0
1,frontcart,100,0,305,productcatalogservice,server,73,2,2,2,0
1,frontcart,100,0,305,recommendationservice,server,52,3,3,3,0
1,frontcart,100,0,305,redis-cart,-,,1,1,1,0
1,frontcart,100,0,305,shippingservice,server,37,1,1,1,0
1,frontcart,100,0,320,adservice,server,53,1,1,1,0
1,frontcart,100,0,320,checkoutservice,checkout,36,1,1,1,0
1,frontcart,100,0,320,currencyservice,server,45,2,2,2,0
1,frontcart,100,0,320,emailservice,email,57,1,1,1,0
1,frontcart,100,0,320,frontend,cartservice,47,3,3,3,0
1,frontcart,100,0,320,frontend,server,59,3,3,3,0
1,frontcart,100,0,320,paymentservice,payment,38,1,1,1,0
1,frontcart,100,0,320,productcatalogservice,server,75,2,2,2,0
1,frontcart,100,0,320,recommendationservice,server,52,3,3,3,0
1,frontcart,100,0,320,redis-cart,-,,1,1,1,0
1,frontcart,100,0,320,shippingservice,server,38,1,1,1,0
1,frontcart,100,0,336,adservice,server,54,1,1,1,0
1,frontcart,100,0,336,checkoutservice,checkout,38,1,1,1,0
1,frontcart,100,0,336,currencyservice,server,46,2,2,2,0
1,frontcart,100,0,336,emailservice,email,60,1,1,1,0
1,frontcart,100,0,336,frontend,cartservice,55,3,3,3,0
1,frontcart,100,0,336,frontend,server,59,3,3,3,0
1,frontcart,100,0,336,paymentservice,payment,41,1,1,1,0
1,frontcart,100,0,336,productcatalogservice,server,75,2,2,2,0
1,frontcart,100,0,336,recommendationservice,server,52,3,3,3,0
1,frontcart,100,0,336,redis-cart,-,,1,1,1,0
1,frontcart,100,0,336,shippingservice,server,40,1,1,1,0
1,frontcart,100,0,351,adservice,server,53,1,1,1,0
1,frontcart,100,0,351,checkoutservice,checkout,38,1,1,1,0
1,frontcart,100,0,351,currencyservice,server,44,2,2,2,0
1,frontcart,100,0,351,emailservice,email,54,1,1,1,0
1,frontcart,100,0,351,frontend,cartservice,54,3,3,3,0
1,frontcart,100,0,351,frontend,server,56,3,3,3,0
1,frontcart,100,0,351,paymentservice,payment,37,1,1,1,0
1,frontcart,100,0,351,productcatalogservice,server,73,2,2,2,0
1,frontcart,100,0,351,recommendationservice,server,53,3,3,3,0
1,frontcart,100,0,351,redis-cart,-,,1,1,1,0
1,frontcart,100,0,351,shippingservice,server,37,1,1,1,0
1,frontcart,100,0,366,adservice,server,49,1,1,1,0
1,frontcart,100,0,366,checkoutservice,checkout,34,1,1,1,0
1,frontcart,100,0,366,currencyservice,server,45,2,2,2,0
1,frontcart,100,0,366,emailservice,email,54,1,1,1,0
1,frontcart,100,0,366,frontend,cartservice,46,3,3,3,0
1,frontcart,100,0,366,frontend,server,56,3,3,3,0
1,frontcart,100,0,366,paymentservice,payment,36,1,1,1,0
1,frontcart,100,0,366,productcatalogservice,server,70,2,2,2,0
1,frontcart,100,0,366,recommendationservice,server,48,3,3,3,0
1,frontcart,100,0,366,redis-cart,-,,1,1,1,0
1,frontcart,100,0,366,shippingservice,server,35,1,1,1,0
1,frontcart,100,0,381,adservice,server,52,1,1,1,0
1,frontcart,100,0,381,checkoutservice,checkout,37,1,1,1,0
1,frontcart,100,0,381,currencyservice,server,44,2,2,2,0
1,frontcart,100,0,381,emailservice,email,56,1,1,1,0
1,frontcart,100,0,381,frontend,cartservice,45,3,3,3,0
1,frontcart,100,0,381,frontend,server,58,3,3,3,0
1,frontcart,100,0,381,paymentservice,payment,37,1,1,1,0
1,frontcart,100,0,381,productcatalogservice,server,75,2,2,2,0
1,frontcart,100,0,381,recommendationservice,server,52,3,3,3,0
1,frontcart,100,0,381,redis-cart,-,,1,1,1,0
1,frontcart,100,0,381,shippingservice,server,36,1,1,1,0
1,frontcart,100,0,397,adservice,server,53,1,1,1,0
1,frontcart,100,0,397,checkoutservice,checkout,32,1,1,1,0
1,frontcart,100,0,397,currencyservice,server,45,2,2,2,0
1,frontcart,100,0,397,emailservice,email,56,1,1,1,0
1,frontcart,100,0,397,frontend,cartservice,46,3,3,3,0
1,frontcart,100,0,397,frontend,server,58,3,3,3,0
1,frontcart,100,0,397,paymentservice,payment,36,1,1,1,0
1,frontcart,100,0,397,productcatalogservice,server,73,2,2,2,0
1,frontcart,100,0,397,recommendationservice,server,52,3,3,3,0
1,frontcart,100,0,397,redis-cart,-,,1,1,1,0
1,frontcart,100,0,397,shippingservice,server,35,1,1,1,0
1,frontcart,100,0,412,adservice,server,53,1,1,1,0
1,frontcart,100,0,412,checkoutservice,checkout,35,1,1,1,0
1,frontcart,100,0,412,currencyservice,server,44,2,2,2,0
1,frontcart,100,0,412,emailservice,email,54,1,1,1,0
1,frontcart,100,0,412,frontend,cartservice,46,3,3,3,0
1,frontcart,100,0,412,frontend,server,58,3,3,3,0
1,frontcart,100,0,412,paymentservice,payment,31,1,1,1,0
1,frontcart,100,0,412,productcatalogservice,server,75,2,2,2,0
1,frontcart,100,0,412,recommendationservice,server,53,3,3,3,0
1,frontcart,100,0,412,redis-cart,-,,1,1,1,0
1,frontcart,100,0,412,shippingservice,server,33,1,1,1,0
1,frontcart,100,0,427,adservice,server,53,1,1,1,0
1,frontcart,100,0,427,checkoutservice,checkout,32,1,1,1,0
1,frontcart,100,0,427,currencyservice,server,47,2,2,2,0
1,frontcart,100,0,427,emailservice,email,54,1,1,1,0
1,frontcart,100,0,427,frontend,cartservice,45,3,3,3,0
1,frontcart,100,0,427,frontend,server,58,3,3,3,0
1,frontcart,100,0,427,paymentservice,payment,34,1,1,1,0
1,frontcart,100,0,427,productcatalogservice,server,75,2,2,2,0
1,frontcart,100,0,427,recommendationservice,server,53,3,3,3,0
1,frontcart,100,0,427,redis-cart,-,,1,1,1,0
1,frontcart,100,0,427,shippingservice,server,33,1,1,1,0
1,frontcart,100,0,442,adservice,server,52,1,1,1,0
1,frontcart,100,0,442,checkoutservice,checkout,38,1,1,1,0
1,frontcart,100,0,442,currencyservice,server,44,2,2,2,0
1,frontcart,100,0,442,emailservice,email,58,1,1,1,0
1,frontcart,100,0,442,frontend,cartservice,53,3,3,3,0
1,frontcart,100,0,442,frontend,server,56,3,3,3,0
1,frontcart,100,0,442,paymentservice,payment,41,1,1,1,0
1,frontcart,100,0,442,productcatalogservice,server,71,2,2,2,0
1,frontcart,100,0,442,recommendationservice,server,50,3,3,3,0
1,frontcart,100,0,442,redis-cart,-,,1,1,1,0
1,frontcart,100,0,442,shippingservice,server,38,1,1,1,0
1,frontrecocatalog,100,0,0,adservice,-,,1,0,1,0
1,frontrecocatalog,100,0,0,cartservice,-,,1,0,1,0
1,frontrecocatalog,100,0,0,checkoutservice,checkout,0,1,1,1,0
1,frontrecocatalog,100,0,0,currencyservice,server,0,1,1,1,0
1,frontrecocatalog,100,0,0,emailservice,email,1,1,1,1,0
1,frontrecocatalog,100,0,0,frontend,recommendation,0,1,0,1,0
1,frontrecocatalog,100,0,0,paymentservice,-,,,0,1,0
1,frontrecocatalog,100,0,0,redis-cart,-,,1,1,1,0
1,frontrecocatalog,100,0,0,shippingservice,-,,,0,1,0
1,frontrecocatalog,100,0,15,adservice,server,88,1,1,1,0
1,frontrecocatalog,100,0,15,cartservice,server,45,1,1,1,0
1,frontrecocatalog,100,0,15,checkoutservice,checkout,24,1,1,1,0
1,frontrecocatalog,100,0,15,currencyservice,server,57,1,1,1,0
1,frontrecocatalog,100,0,15,emailservice,email,8,1,1,1,0
1,frontrecocatalog,100,0,15,frontend,productcatalog,17,1,1,1,0
1,frontrecocatalog,100,0,15,frontend,recommendation,40,1,1,1,0
1,frontrecocatalog,100,0,15,frontend,server,40,1,1,1,0
1,frontrecocatalog,100,0,15,paymentservice,payment,38,1,1,1,0
1,frontrecocatalog,100,0,15,redis-cart,-,,1,1,1,0
1,frontrecocatalog,100,0,15,shippingservice,server,0,1,1,1,0
1,frontrecocatalog,100,0,30,adservice,server,64,1,1,1,0
1,frontrecocatalog,100,0,30,cartservice,server,95,1,1,1,0
1,frontrecocatalog,100,0,30,checkoutservice,checkout,31,1,1,1,0
1,frontrecocatalog,100,0,30,currencyservice,server,57,1,1,1,0
1,frontrecocatalog,100,0,30,emailservice,email,55,1,1,1,0
1,frontrecocatalog,100,0,30,frontend,productcatalog,73,1,1,1,0
1,frontrecocatalog,100,0,30,frontend,recommendation,71,1,1,1,0
1,frontrecocatalog,100,0,30,frontend,server,40,1,1,1,0
1,frontrecocatalog,100,0,30,paymentservice,payment,48,1,1,1,0
1,frontrecocatalog,100,0,30,redis-cart,-,,1,1,1,0
1,frontrecocatalog,100,0,30,shippingservice,server,1,1,1,1,0
1,frontrecocatalog,100,0,46,adservice,server,43,1,1,1,0
1,frontrecocatalog,100,0,46,cartservice,server,72,1,1,1,0
1,frontrecocatalog,100,0,46,checkoutservice,checkout,31,1,1,1,0
1,frontrecocatalog,100,0,46,currencyservice,server,51,1,1,1,0
1,frontrecocatalog,100,0,46,emailservice,email,48,1,1,1,0
1,frontrecocatalog,100,0,46,frontend,productcatalog,61,1,1,1,0
1,frontrecocatalog,100,0,46,frontend,recommendation,65,1,1,1,0
1,frontrecocatalog,100,0,46,frontend,server,70,1,1,1,0
1,frontrecocatalog,100,0,46,paymentservice,payment,48,1,1,1,0
1,frontrecocatalog,100,0,46,redis-cart,-,,1,1,1,0
1,frontrecocatalog,100,0,46,shippingservice,server,30,1,1,1,0
1,frontrecocatalog,100,0,61,adservice,server,51,1,1,1,0
1,frontrecocatalog,100,0,61,cartservice,server,76,1,1,1,0
1,frontrecocatalog,100,0,61,checkoutservice,checkout,28,1,1,1,0
1,frontrecocatalog,100,0,61,currencyservice,server,48,1,1,1,0
1,frontrecocatalog,100,0,61,emailservice,email,47,1,1,1,0
1,frontrecocatalog,100,0,61,frontend,productcatalog,60,1,1,1,0
1,frontrecocatalog,100,0,61,frontend,recommendation,66,1,1,1,0
1,frontrecocatalog,100,0,61,frontend,server,70,1,1,1,0
1,frontrecocatalog,100,0,61,paymentservice,payment,34,1,1,1,0
1,frontrecocatalog,100,0,61,redis-cart,-,,1,1,1,0
1,frontrecocatalog,100,0,61,shippingservice,server,30,1,1,1,0
1,frontrecocatalog,100,0,76,adservice,server,30,1,1,1,0
1,frontrecocatalog,100,0,76,cartservice,server,74,1,1,1,0
1,frontrecocatalog,100,0,76,checkoutservice,checkout,30,1,1,1,0
1,frontrecocatalog,100,0,76,currencyservice,server,52,1,1,1,0
1,frontrecocatalog,100,0,76,emailservice,email,48,1,1,1,0
1,frontrecocatalog,100,0,76,frontend,productcatalog,63,1,1,1,0
1,frontrecocatalog,100,0,76,frontend,recommendation,68,1,1,1,0
1,frontrecocatalog,100,0,76,frontend,server,74,1,1,1,0
1,frontrecocatalog,100,0,76,paymentservice,payment,35,1,1,1,0
1,frontrecocatalog,100,0,76,redis-cart,-,,1,1,1,0
1,frontrecocatalog,100,0,76,shippingservice,server,31,1,1,1,0
1,frontrecocatalog,100,0,91,adservice,server,30,1,1,1,0
1,frontrecocatalog,100,0,91,cartservice,server,80,1,1,1,0
1,frontrecocatalog,100,0,91,checkoutservice,checkout,29,1,1,1,0
1,frontrecocatalog,100,0,91,currencyservice,server,49,1,1,1,0
1,frontrecocatalog,100,0,91,emailservice,email,47,1,1,1,0
1,frontrecocatalog,100,0,91,frontend,productcatalog,61,1,1,1,0
1,frontrecocatalog,100,0,91,frontend,recommendation,66,1,1,1,0
1,frontrecocatalog,100,0,91,frontend,server,70,1,1,1,0
1,frontrecocatalog,100,0,91,paymentservice,payment,35,1,1,1,0
1,frontrecocatalog,100,0,91,redis-cart,-,,1,1,1,0
1,frontrecocatalog,100,0,91,shippingservice,server,30,1,1,1,0
1,frontrecocatalog,100,0,107,adservice,server,19,1,1,1,0
1,frontrecocatalog,100,0,107,cartservice,server,82,1,2,1,0
1,frontrecocatalog,100,0,107,checkoutservice,checkout,28,1,1,1,0
1,frontrecocatalog,100,0,107,currencyservice,server,49,1,1,1,0
1,frontrecocatalog,100,0,107,emailservice,email,46,1,1,1,0
1,frontrecocatalog,100,0,107,frontend,productcatalog,61,1,1,1,0
1,frontrecocatalog,100,0,107,frontend,recommendation,65,1,1,1,0
1,frontrecocatalog,100,0,107,frontend,server,63,1,1,1,0
1,frontrecocatalog,100,0,107,paymentservice,payment,33,1,1,1,0
1,frontrecocatalog,100,0,107,redis-cart,-,,1,1,1,0
1,frontrecocatalog,100,0,107,shippingservice,server,30,1,1,1,0
1,frontrecocatalog,100,0,122,adservice,server,19,1,1,1,0
1,frontrecocatalog,100,0,122,cartservice,server,80,2,2,1,0
1,frontrecocatalog,100,0,122,checkoutservice,checkout,30,1,1,1,0
1,frontrecocatalog,100,0,122,currencyservice,server,48,1,1,1,0
1,frontrecocatalog,100,0,122,emailservice,email,49,1,1,1,0
1,frontrecocatalog,100,0,122,frontend,productcatalog,62,1,1,1,0
1,frontrecocatalog,100,0,122,frontend,recommendation,68,1,1,1,0
1,frontrecocatalog,100,0,122,frontend,server,71,1,1,1,0
1,frontrecocatalog,100,0,122,paymentservice,payment,34,1,1,1,0
1,frontrecocatalog,100,0,122,redis-cart,-,,1,1,1,0
1,frontrecocatalog,100,0,122,shippingservice,server,31,1,1,1,0
1,frontrecocatalog,100,0,137,adservice,server,20,1,1,1,0
1,frontrecocatalog,100,0,137,cartservice,server,70,2,2,2,0
1,frontrecocatalog,100,0,137,checkoutservice,checkout,29,1,1,1,0
1,frontrecocatalog,100,0,137,currencyservice,server,50,1,1,1,0
1,frontrecocatalog,100,0,137,emailservice,email,46,1,1,1,0
1,frontrecocatalog,100,0,137,frontend,productcatalog,59,1,1,1,0
1,frontrecocatalog,100,0,137,frontend,recommendation,63,1,1,1,0
1,frontrecocatalog,100,0,137,frontend,server,74,1,1,1,0
1,frontrecocatalog,100,0,137,paymentservice,payment,34,1,1,1,0
1,frontrecocatalog,100,0,137,redis-cart,-,,1,1,1,0
1,frontrecocatalog,100,0,137,shippingservice,server,30,1,1,1,0
1,frontrecocatalog,100,0,152,adservice,server,20,1,1,1,0
1,frontrecocatalog,100,0,152,cartservice,server,75,2,2,2,0
1,frontrecocatalog,100,0,152,checkoutservice,checkout,28,1,1,1,0
1,frontrecocatalog,100,0,152,currencyservice,server,49,1,1,1,0
1,frontrecocatalog,100,0,152,emailservice,email,46,1,1,1,0
1,frontrecocatalog,100,0,152,frontend,productcatalog,59,1,1,1,0
1,frontrecocatalog,100,0,152,frontend,recommendation,65,1,1,1,0
1,frontrecocatalog,100,0,152,frontend,server,67,1,1,1,0
1,frontrecocatalog,100,0,152,paymentservice,payment,34,1,1,1,0
1,frontrecocatalog,100,0,152,redis-cart,-,,1,1,1,0
1,frontrecocatalog,100,0,152,shippingservice,server,30,1,1,1,0
1,frontrecocatalog,100,0,167,adservice,server,16,1,1,1,0
1,frontrecocatalog,100,0,167,cartservice,server,36,2,2,2,0
1,frontrecocatalog,100,0,167,checkoutservice,checkout,28,1,1,1,0
1,frontrecocatalog,100,0,167,currencyservice,server,48,1,1,1,0
1,frontrecocatalog,100,0,167,emailservice,email,46,1,1,1,0
1,frontrecocatalog,100,0,167,frontend,productcatalog,60,1,1,1,0
1,frontrecocatalog,100,0,167,frontend,recommendation,65,1,1,1,0
1,frontrecocatalog,100,0,167,frontend,server,68,1,1,1,0
1,frontrecocatalog,100,0,167,paymentservice,payment,32,1,1,1,0
1,frontrecocatalog,100,0,167,redis-cart,-,,1,1,1,0
1,frontrecocatalog,100,0,167,shippingservice,server,29,1,1,1,0
1,frontrecocatalog,100,0,183,adservice,server,15,1,1,1,0
1,frontrecocatalog,100,0,183,cartservice,server,41,2,2,2,0
1,frontrecocatalog,100,0,183,checkoutservice,checkout,29,1,1,1,0
1,frontrecocatalog,100,0,183,currencyservice,server,50,1,1,1,0
1,frontrecocatalog,100,0,183,emailservice,email,53,1,1,1,0
1,frontrecocatalog,100,0,183,frontend,productcatalog,60,1,1,1,0
1,frontrecocatalog,100,0,183,frontend,recommendation,63,1,1,1,0
1,frontrecocatalog,100,0,183,frontend,server,75,1,1,1,0
1,frontrecocatalog,100,0,183,paymentservice,payment,32,1,1,1,0
1,frontrecocatalog,100,0,183,redis-cart,-,,1,1,1,0
1,frontrecocatalog,100,0,183,shippingservice,server,29,1,1,1,0
1,frontrecocatalog,100,0,198,adservice,server,14,1,1,1,0
1,frontrecocatalog,100,0,198,cartservice,server,39,2,2,2,0
1,frontrecocatalog,100,0,198,checkoutservice,checkout,29,1,1,1,0
1,frontrecocatalog,100,0,198,currencyservice,server,50,1,1,1,0
1,frontrecocatalog,100,0,198,emailservice,email,46,1,1,1,0
1,frontrecocatalog,100,0,198,frontend,productcatalog,68,1,1,1,0
1,frontrecocatalog,100,0,198,frontend,recommendation,67,1,1,1,0
1,frontrecocatalog,100,0,198,frontend,server,66,1,1,1,0
1,frontrecocatalog,100,0,198,paymentservice,payment,33,1,1,1,0
1,frontrecocatalog,100,0,198,redis-cart,-,,1,1,1,0
1,frontrecocatalog,100,0,198,shippingservice,server,30,1,1,1,0
1,frontrecocatalog,100,0,213,adservice,server,13,1,1,1,0
1,frontrecocatalog,100,0,213,cartservice,server,36,2,2,2,0
1,frontrecocatalog,100,0,213,checkoutservice,checkout,30,1,1,1,0
1,frontrecocatalog,100,0,213,currencyservice,server,48,1,1,1,0
1,frontrecocatalog,100,0,213,emailservice,email,48,1,1,1,0
1,frontrecocatalog,100,0,213,frontend,productcatalog,60,1,1,1,0
1,frontrecocatalog,100,0,213,frontend,recommendation,65,1,1,1,0
1,frontrecocatalog,100,0,213,frontend,server,71,1,1,1,0
1,frontrecocatalog,100,0,213,paymentservice,payment,34,1,1,1,0
1,frontrecocatalog,100,0,213,redis-cart,-,,1,1,1,0
1,frontrecocatalog,100,0,213,shippingservice,server,29,1,1,1,0
1,frontrecocatalog,100,0,228,adservice,server,14,1,1,1,0
1,frontrecocatalog,100,0,228,cartservice,server,35,2,2,2,0
1,frontrecocatalog,100,0,228,checkoutservice,checkout,28,1,1,1,0
1,frontrecocatalog,100,0,228,currencyservice,server,48,1,1,1,0
1,frontrecocatalog,100,0,228,emailservice,email,45,1,1,1,0
1,frontrecocatalog,100,0,228,frontend,productcatalog,59,1,1,1,0
1,frontrecocatalog,100,0,228,frontend,recommendation,64,1,1,1,0
1,frontrecocatalog,100,0,228,frontend,server,69,1,1,1,0
1,frontrecocatalog,100,0,228,paymentservice,payment,34,1,1,1,0
1,frontrecocatalog,100,0,228,redis-cart,-,,1,1,1,0
1,frontrecocatalog,100,0,228,shippingservice,server,29,1,1,1,0
1,frontrecocatalog,100,0,243,adservice,server,12,1,1,1,0
1,frontrecocatalog,100,0,243,cartservice,server,39,2,2,2,0
1,frontrecocatalog,100,0,243,checkoutservice,checkout,28,1,1,1,0
1,frontrecocatalog,100,0,243,currencyservice,server,48,1,1,1,0
1,frontrecocatalog,100,0,243,emailservice,email,46,1,1,1,0
1,frontrecocatalog,100,0,243,frontend,productcatalog,59,1,1,1,0
1,frontrecocatalog,100,0,243,frontend,recommendation,63,1,1,1,0
1,frontrecocatalog,100,0,243,frontend,server,67,1,1,1,0
1,frontrecocatalog,100,0,243,paymentservice,payment,33,1,1,1,0
1,frontrecocatalog,100,0,243,redis-cart,-,,1,1,1,0
1,frontrecocatalog,100,0,243,shippingservice,server,29,1,1,1,0
1,frontrecocatalog,100,0,259,adservice,server,12,1,1,1,0
1,frontrecocatalog,100,0,259,cartservice,server,38,2,2,2,0
1,frontrecocatalog,100,0,259,checkoutservice,checkout,29,1,1,1,0
1,frontrecocatalog,100,0,259,currencyservice,server,49,1,1,1,0
1,frontrecocatalog,100,0,259,emailservice,email,46,1,1,1,0
1,frontrecocatalog,100,0,259,frontend,productcatalog,59,1,1,1,0
1,frontrecocatalog,100,0,259,frontend,recommendation,63,1,1,1,0
1,frontrecocatalog,100,0,259,frontend,server,67,1,1,1,0
1,frontrecocatalog,100,0,259,paymentservice,payment,35,1,1,1,0
1,frontrecocatalog,100,0,259,redis-cart,-,,1,1,1,0
1,frontrecocatalog,100,0,259,shippingservice,server,30,1,1,1,0
1,frontrecocatalog,100,0,274,adservice,server,13,1,1,1,0
1,frontrecocatalog,100,0,274,cartservice,server,38,2,2,2,0
1,frontrecocatalog,100,0,274,checkoutservice,checkout,28,1,1,1,0
1,frontrecocatalog,100,0,274,currencyservice,server,49,1,1,1,0
1,frontrecocatalog,100,0,274,emailservice,email,44,1,1,1,0
1,frontrecocatalog,100,0,274,frontend,productcatalog,61,1,1,1,0
1,frontrecocatalog,100,0,274,frontend,recommendation,62,1,1,1,0
1,frontrecocatalog,100,0,274,frontend,server,69,1,1,1,0
1,frontrecocatalog,100,0,274,paymentservice,payment,32,1,1,1,0
1,frontrecocatalog,100,0,274,redis-cart,-,,1,1,1,0
1,frontrecocatalog,100,0,274,shippingservice,server,29,1,1,1,0
1,frontrecocatalog,100,0,289,adservice,server,12,1,1,1,0
1,frontrecocatalog,100,0,289,cartservice,server,37,2,2,2,0
1,frontrecocatalog,100,0,289,checkoutservice,checkout,28,1,1,1,0
1,frontrecocatalog,100,0,289,currencyservice,server,48,1,1,1,0
1,frontrecocatalog,100,0,289,emailservice,email,50,1,1,1,0
1,frontrecocatalog,100,0,289,frontend,productcatalog,61,1,1,1,0
1,frontrecocatalog,100,0,289,frontend,recommendation,65,1,1,1,0
1,frontrecocatalog,100,0,289,frontend,server,70,1,1,1,0
1,frontrecocatalog,100,0,289,paymentservice,payment,37,1,1,1,0
1,frontrecocatalog,100,0,289,redis-cart,-,,1,1,1,0
1,frontrecocatalog,100,0,289,shippingservice,server,29,1,1,1,0
1,frontrecocatalog,100,0,304,adservice,server,14,1,1,1,0
1,frontrecocatalog,100,0,304,cartservice,server,35,2,2,2,0
1,frontrecocatalog,100,0,304,checkoutservice,checkout,29,1,1,1,0
1,frontrecocatalog,100,0,304,currencyservice,server,48,1,1,1,0
1,frontrecocatalog,100,0,304,emailservice,email,47,1,1,1,0
1,frontrecocatalog,100,0,304,frontend,productcatalog,61,1,1,1,0
1,frontrecocatalog,100,0,304,frontend,recommendation,65,1,1,1,0
1,frontrecocatalog,100,0,304,frontend,server,70,1,1,1,0
1,frontrecocatalog,100,0,304,paymentservice,payment,33,1,1,1,0
1,frontrecocatalog,100,0,304,redis-cart,-,,1,1,1,0
1,frontrecocatalog,100,0,304,shippingservice,server,29,1,1,1,0
1,frontrecocatalog,100,0,319,adservice,server,15,1,1,1,0
1,frontrecocatalog,100,0,319,cartservice,server,37,2,2,2,0
1,frontrecocatalog,100,0,319,checkoutservice,checkout,29,1,1,1,0
1,frontrecocatalog,100,0,319,currencyservice,server,50,1,1,1,0
1,frontrecocatalog,100,0,319,emailservice,email,47,1,1,1,0
1,frontrecocatalog,100,0,319,frontend,productcatalog,61,1,1,1,0
1,frontrecocatalog,100,0,319,frontend,recommendation,65,1,1,1,0
1,frontrecocatalog,100,0,319,frontend,server,69,1,1,1,0
1,frontrecocatalog,100,0,319,paymentservice,payment,33,1,1,1,0
1,frontrecocatalog,100,0,319,redis-cart,-,,1,1,1,0
1,frontrecocatalog,100,0,319,shippingservice,server,30,1,1,1,0
1,frontrecocatalog,100,0,335,adservice,server,12,1,1,1,0
1,frontrecocatalog,100,0,335,cartservice,server,36,2,2,2,0
1,frontrecocatalog,100,0,335,checkoutservice,checkout,29,1,1,1,0
1,frontrecocatalog,100,0,335,currencyservice,server,49,1,1,1,0
1,frontrecocatalog,100,0,335,emailservice,email,46,1,1,1,0
1,frontrecocatalog,100,0,335,frontend,productcatalog,62,1,1,1,0
1,frontrecocatalog,100,0,335,frontend,recommendation,65,1,1,1,0
1,frontrecocatalog,100,0,335,frontend,server,69,1,1,1,0
1,frontrecocatalog,100,0,335,paymentservice,payment,34,1,1,1,0
1,frontrecocatalog,100,0,335,redis-cart,-,,1,1,1,0
1,frontrecocatalog,100,0,335,shippingservice,server,30,1,1,1,0
1,frontrecocatalog,100,0,350,adservice,server,12,1,1,1,0
1,frontrecocatalog,100,0,350,cartservice,server,39,2,2,2,0
1,frontrecocatalog,100,0,350,checkoutservice,checkout,29,1,1,1,0
1,frontrecocatalog,100,0,350,currencyservice,server,49,1,1,1,0
1,frontrecocatalog,100,0,350,emailservice,email,47,1,1,1,0
1,frontrecocatalog,100,0,350,frontend,productcatalog,58,1,1,1,0
1,frontrecocatalog,100,0,350,frontend,recommendation,64,1,1,1,0
1,frontrecocatalog,100,0,350,frontend,server,68,1,1,1,0
1,frontrecocatalog,100,0,350,paymentservice,payment,34,1,1,1,0
1,frontrecocatalog,100,0,350,redis-cart,-,,1,1,1,0
1,frontrecocatalog,100,0,350,shippingservice,server,31,1,1,1,0
1,frontrecocatalog,100,0,365,adservice,server,13,1,1,1,0
1,frontrecocatalog,100,0,365,cartservice,server,36,2,2,2,0
1,frontrecocatalog,100,0,365,checkoutservice,checkout,29,1,1,1,0
1,frontrecocatalog,100,0,365,currencyservice,server,49,1,1,1,0
1,frontrecocatalog,100,0,365,emailservice,email,47,1,1,1,0
1,frontrecocatalog,100,0,365,frontend,productcatalog,63,1,1,1,0
1,frontrecocatalog,100,0,365,frontend,recommendation,66,1,1,1,0
1,frontrecocatalog,100,0,365,frontend,server,71,1,1,1,0
1,frontrecocatalog,100,0,365,paymentservice,payment,35,1,1,1,0
1,frontrecocatalog,100,0,365,redis-cart,-,,1,1,1,0
1,frontrecocatalog,100,0,365,shippingservice,server,30,1,1,1,0
1,frontrecocatalog,100,0,380,adservice,server,12,1,1,1,0
1,frontrecocatalog,100,0,380,cartservice,server,36,2,2,2,0
1,frontrecocatalog,100,0,380,checkoutservice,checkout,29,1,1,1,0
1,frontrecocatalog,100,0,380,currencyservice,server,48,1,1,1,0
1,frontrecocatalog,100,0,380,emailservice,email,47,1,1,1,0
1,frontrecocatalog,100,0,380,frontend,productcatalog,61,1,1,1,0
1,frontrecocatalog,100,0,380,frontend,recommendation,65,1,1,1,0
1,frontrecocatalog,100,0,380,frontend,server,69,1,1,1,0
1,frontrecocatalog,100,0,380,paymentservice,payment,33,1,1,1,0
1,frontrecocatalog,100,0,380,redis-cart,-,,1,1,1,0
1,frontrecocatalog,100,0,380,shippingservice,server,30,1,1,1,0
1,frontrecocatalog,100,0,395,adservice,server,12,1,1,1,0
1,frontrecocatalog,100,0,395,cartservice,server,40,2,2,2,0
1,frontrecocatalog,100,0,395,checkoutservice,checkout,29,1,1,1,0
1,frontrecocatalog,100,0,395,currencyservice,server,49,1,1,1,0
1,frontrecocatalog,100,0,395,emailservice,email,46,1,1,1,0
1,frontrecocatalog,100,0,395,frontend,productcatalog,59,1,1,1,0
1,frontrecocatalog,100,0,395,frontend,recommendation,63,1,1,1,0
1,frontrecocatalog,100,0,395,frontend,server,69,1,1,1,0
1,frontrecocatalog,100,0,395,paymentservice,payment,34,1,1,1,0
1,frontrecocatalog,100,0,395,redis-cart,-,,1,1,1,0
1,frontrecocatalog,100,0,395,shippingservice,server,30,1,1,1,0
1,frontrecocatalog,100,0,411,adservice,server,12,1,1,1,0
1,frontrecocatalog,100,0,411,cartservice,server,35,2,2,2,0
1,frontrecocatalog,100,0,411,checkoutservice,checkout,28,1,1,1,0
1,frontrecocatalog,100,0,411,currencyservice,server,48,1,1,1,0
1,frontrecocatalog,100,0,411,emailservice,email,47,1,1,1,0
1,frontrecocatalog,100,0,411,frontend,productcatalog,60,1,1,1,0
1,frontrecocatalog,100,0,411,frontend,recommendation,63,1,1,1,0
1,frontrecocatalog,100,0,411,frontend,server,68,1,1,1,0
1,frontrecocatalog,100,0,411,paymentservice,payment,33,1,1,1,0
1,frontrecocatalog,100,0,411,redis-cart,-,,1,1,1,0
1,frontrecocatalog,100,0,411,shippingservice,server,29,1,1,1,0
1,frontrecocatalog,100,0,426,adservice,server,12,1,1,1,0
1,frontrecocatalog,100,0,426,cartservice,server,35,2,2,2,0
1,frontrecocatalog,100,0,426,checkoutservice,checkout,28,1,1,1,0
1,frontrecocatalog,100,0,426,currencyservice,server,49,1,1,1,0
1,frontrecocatalog,100,0,426,emailservice,email,46,1,1,1,0
1,frontrecocatalog,100,0,426,frontend,productcatalog,60,1,1,1,0
1,frontrecocatalog,100,0,426,frontend,recommendation,63,1,1,1,0
1,frontrecocatalog,100,0,426,frontend,server,67,1,1,1,0
1,frontrecocatalog,100,0,426,paymentservice,payment,36,1,1,1,0
1,frontrecocatalog,100,0,426,redis-cart,-,,1,1,1,0
1,frontrecocatalog,100,0,426,shippingservice,server,30,1,1,1,0
1,frontrecocatalog,100,0,441,adservice,server,2,1,1,1,0
1,frontrecocatalog,100,0,441,cartservice,server,24,2,2,2,0
1,frontrecocatalog,100,0,441,checkoutservice,checkout,18,1,1,1,0
1,frontrecocatalog,100,0,441,currencyservice,server,2,1,1,1,0
1,frontrecocatalog,100,0,441,emailservice,email,14,1,1,1,0
1,frontrecocatalog,100,0,441,frontend,productcatalog,43,1,1,1,0
1,frontrecocatalog,100,0,441,frontend,recommendation,48,1,1,1,0
1,frontrecocatalog,100,0,441,frontend,server,49,1,1,1,0
1,frontrecocatalog,100,0,441,paymentservice,payment,12,1,1,1,0
1,frontrecocatalog,100,0,441,redis-cart,-,,1,1,1,0
1,frontrecocatalog,100,0,441,shippingservice,server,12,1,1,1,0
1,frontrecocatalog,100,0,0,adservice,server,0,1,1,1,0
1,frontrecocatalog,100,0,0,cartservice,server,1,2,1,1,0
1,frontrecocatalog,100,0,0,checkoutservice,checkout,0,1,1,1,0
1,frontrecocatalog,100,0,0,currencyservice,server,1,1,1,1,0
1,frontrecocatalog,100,0,0,emailservice,email,1,1,1,1,0
1,frontrecocatalog,100,0,0,frontend,productcatalog,0,1,1,1,0
1,frontrecocatalog,100,0,0,frontend,recommendation,0,1,1,1,0
1,frontrecocatalog,100,0,0,frontend,server,0,1,1,1,0
1,frontrecocatalog,100,0,0,paymentservice,payment,12,1,1,1,0
1,frontrecocatalog,100,0,0,redis-cart,-,,1,1,1,0
1,frontrecocatalog,100,0,0,shippingservice,server,12,1,1,1,0
1,frontrecocatalog,100,0,15,adservice,server,3,1,1,1,0
1,frontrecocatalog,100,0,15,cartservice,server,0,1,1,1,0
1,frontrecocatalog,100,0,15,checkoutservice,checkout,0,1,1,1,0
1,frontrecocatalog,100,0,15,currencyservice,server,3,1,1,1,0
1,frontrecocatalog,100,0,15,emailservice,email,1,1,1,1,0
1,frontrecocatalog,100,0,15,frontend,productcatalog,0,1,1,1,0
1,frontrecocatalog,100,0,15,frontend,recommendation,0,1,1,1,0
1,frontrecocatalog,100,0,15,frontend,server,9,1,1,1,0
1,frontrecocatalog,100,0,15,paymentservice,payment,0,1,1,1,0
1,frontrecocatalog,100,0,15,redis-cart,-,,1,1,1,0
1,frontrecocatalog,100,0,15,shippingservice,server,0,1,1,1,0
1,frontrecocatalog,100,0,31,adservice,server,24,1,1,1,0
1,frontrecocatalog,100,0,31,cartservice,server,64,1,1,1,0
1,frontrecocatalog,100,0,31,checkoutservice,checkout,27,1,1,1,0
1,frontrecocatalog,100,0,31,currencyservice,server,63,1,1,1,0
1,frontrecocatalog,100,0,31,emailservice,email,1,1,1,1,0
1,frontrecocatalog,100,0,31,frontend,productcatalog,41,1,1,1,0
1,frontrecocatalog,100,0,31,frontend,recommendation,58,1,1,1,0
1,frontrecocatalog,100,0,31,frontend,server,83,1,1,1,0
1,frontrecocatalog,100,0,31,paymentservice,payment,11,1,1,1,0
1,frontrecocatalog,100,0,31,redis-cart,-,,1,1,1,0
1,frontrecocatalog,100,0,31,shippingservice,server,14,1,1,1,0
1,frontrecocatalog,100,0,46,adservice,server,24,1,1,1,0
1,frontrecocatalog,100,0,46,cartservice,server,85,1,1,1,0
1,frontrecocatalog,100,0,46,checkoutservice,checkout,29,1,1,1,0
1,frontrecocatalog,100,0,46,currencyservice,server,55,1,1,1,0
1,frontrecocatalog,100,0,46,emailservice,email,45,1,1,1,0
1,frontrecocatalog,100,0,46,frontend,productcatalog,76,1,2,1,0
1,frontrecocatalog,100,0,46,frontend,recommendation,88,1,2,1,0
1,frontrecocatalog,100,0,46,frontend,server,99,1,2,1,0
1,frontrecocatalog,100,0,46,paymentservice,payment,33,1,1,1,0
1,frontrecocatalog,100,0,46,redis-cart,-,,1,1,1,0
1,frontrecocatalog,100,0,46,shippingservice,server,27,1,1,1,0
1,frontrecocatalog,100,0,61,adservice,server,21,1,1,1,0
1,frontrecocatalog,100,0,61,cartservice,server,98,1,2,1,0
1,frontrecocatalog,100,0,61,checkoutservice,checkout,30,1,1,1,0
1,frontrecocatalog,100,0,61,currencyservice,server,57,1,1,1,0
1,frontrecocatalog,100,0,61,emailservice,email,49,1,1,1,0
1,frontrecocatalog,100,0,61,frontend,productcatalog,79,2,2,2,0
1,frontrecocatalog,100,0,61,frontend,recommendation,84,2,2,2,0
1,frontrecocatalog,100,0,61,frontend,server,84,2,2,2,0
1,frontrecocatalog,100,0,61,paymentservice,payment,37,1,1,1,0
1,frontrecocatalog,100,0,61,redis-cart,-,,1,1,1,0
1,frontrecocatalog,100,0,61,shippingservice,server,32,1,1,1,0
1,frontrecocatalog,100,0,76,adservice,server,23,1,1,1,0
1,frontrecocatalog,100,0,76,cartservice,server,90,2,2,2,0
1,frontrecocatalog,100,0,76,checkoutservice,checkout,31,1,1,1,0
1,frontrecocatalog,100,0,76,currencyservice,server,57,1,1,1,0
1,frontrecocatalog,100,0,76,emailservice,email,49,1,1,1,0
1,frontrecocatalog,100,0,76,frontend,productcatalog,76,2,2,2,0
1,frontrecocatalog,100,0,76,frontend,recommendation,89,2,2,2,0
1,frontrecocatalog,100,0,76,frontend,server,94,2,2,2,0
1,frontrecocatalog,100,0,76,paymentservice,payment,34,1,1,1,0
1,frontrecocatalog,100,0,76,redis-cart,-,,1,1,1,0
1,frontrecocatalog,100,0,76,shippingservice,server,32,1,1,1,0
1,frontrecocatalog,100,0,91,adservice,server,22,1,1,1,0
1,frontrecocatalog,100,0,91,cartservice,server,82,2,2,2,0
1,frontrecocatalog,100,0,91,checkoutservice,checkout,29,1,1,1,0
1,frontrecocatalog,100,0,91,currencyservice,server,57,1,1,1,0
1,frontrecocatalog,100,0,91,emailservice,email,48,1,1,1,0
1,frontrecocatalog,100,0,91,frontend,productcatalog,78,2,2,2,0
1,frontrecocatalog,100,0,91,frontend,recommendation,83,2,2,2,0
1,frontrecocatalog,100,0,91,frontend,server,86,2,2,2,0
1,frontrecocatalog,100,0,91,paymentservice,payment,34,1,1,1,0
1,frontrecocatalog,100,0,91,redis-cart,-,,1,1,1,0
1,frontrecocatalog,100,0,91,shippingservice,server,31,1,1,1,0
1,frontrecocatalog,100,0,107,adservice,server,25,1,1,1,0
1,frontrecocatalog,100,0,107,cartservice,server,93,2,2,2,0
1,frontrecocatalog,100,0,107,checkoutservice,checkout,32,1,1,1,0
1,frontrecocatalog,100,0,107,currencyservice,server,60,1,1,1,0
1,frontrecocatalog,100,0,107,emailservice,email,53,1,1,1,0
1,frontrecocatalog,100,0,107,frontend,productcatalog,39,2,2,2,0
1,frontrecocatalog,100,0,107,frontend,recommendation,42,2,2,2,0
1,frontrecocatalog,100,0,107,frontend,server,48,2,2,2,0
1,frontrecocatalog,100,0,107,paymentservice,payment,32,1,1,1,0
1,frontrecocatalog,100,0,107,redis-cart,-,,1,1,1,0
1,frontrecocatalog,100,0,107,shippingservice,server,31,1,1,1,0
1,frontrecocatalog,100,0,122,adservice,server,23,1,1,1,0
1,frontrecocatalog,100,0,122,cartservice,server,47,2,2,2,0
1,frontrecocatalog,100,0,122,checkoutservice,checkout,32,1,1,1,0
1,frontrecocatalog,100,0,122,currencyservice,server,60,1,1,1,0
1,frontrecocatalog,100,0,122,emailservice,email,50,1,1,1,0
1,frontrecocatalog,100,0,122,frontend,productcatalog,42,2,2,2,0
1,frontrecocatalog,100,0,122,frontend,recommendation,48,2,2,2,0
1,frontrecocatalog,100,0,122,frontend,server,48,2,2,2,0
1,frontrecocatalog,100,0,122,paymentservice,payment,37,1,1,1,0
1,frontrecocatalog,100,0,122,redis-cart,-,,1,1,1,0
1,frontrecocatalog,100,0,122,shippingservice,server,34,1,1,1,0
1,frontrecocatalog,100,0,137,adservice,server,23,1,1,1,0
1,frontrecocatalog,100,0,137,cartservice,server,46,2,2,2,0
1,frontrecocatalog,100,0,137,checkoutservice,checkout,32,1,1,1,0
1,frontrecocatalog,100,0,137,currencyservice,server,59,1,1,1,0
1,frontrecocatalog,100,0,137,emailservice,email,52,1,1,1,0
1,frontrecocatalog,100,0,137,frontend,productcatalog,41,2,2,2,0
1,frontrecocatalog,100,0,137,frontend,recommendation,44,2,2,2,0
1,frontrecocatalog,100,0,137,frontend,server,44,2,2,2,0
1,frontrecocatalog,100,0,137,paymentservice,payment,35,1,1,1,0
1,frontrecocatalog,100,0,137,redis-cart,-,,1,1,1,0
1,frontrecocatalog,100,0,137,shippingservice,server,32,1,1,1,0
1,frontrecocatalog,100,0,152,adservice,server,23,1,1,1,0
1,frontrecocatalog,100,0,152,cartservice,server,46,2,2,2,0
1,frontrecocatalog,100,0,152,checkoutservice,checkout,30,1,1,1,0
1,frontrecocatalog,100,0,152,currencyservice,server,58,1,1,1,0
1,frontrecocatalog,100,0,152,emailservice,email,49,1,1,1,0
1,frontrecocatalog,100,0,152,frontend,productcatalog,39,2,2,2,0
1,frontrecocatalog,100,0,152,frontend,recommendation,43,2,2,2,0
1,frontrecocatalog,100,0,152,frontend,server,49,2,2,2,0
1,frontrecocatalog,100,0,152,paymentservice,payment,35,1,1,1,0
1,frontrecocatalog,100,0,152,redis-cart,-,,1,1,1,0
1,frontrecocatalog,100,0,152,shippingservice,server,31,1,1,1,0
1,frontrecocatalog,100,0,168,adservice,server,23,1,1,1,0
1,frontrecocatalog,100,0,168,cartservice,server,44,2,2,2,0
1,frontrecocatalog,100,0,168,checkoutservice,checkout,30,1,1,1,0
1,frontrecocatalog,100,0,168,currencyservice,server,54,1,1,1,0
1,frontrecocatalog,100,0,168,emailservice,email,46,1,1,1,0
1,frontrecocatalog,100,0,168,frontend,productcatalog,38,2,2,2,0
1,frontrecocatalog,100,0,168,frontend,recommendation,44,2,2,2,0
1,frontrecocatalog,100,0,168,frontend,server,44,2,2,2,0
1,frontrecocatalog,100,0,168,paymentservice,payment,33,1,1,1,0
1,frontrecocatalog,100,0,168,redis-cart,-,,1,1,1,0
1,frontrecocatalog,100,0,168,shippingservice,server,30,1,1,1,0
1,frontrecocatalog,100,0,183,adservice,server,25,1,1,1,0
1,frontrecocatalog,100,0,183,cartservice,server,42,2,2,2,0
1,frontrecocatalog,100,0,183,checkoutservice,checkout,30,1,1,1,0
1,frontrecocatalog,100,0,183,currencyservice,server,58,1,1,1,0
1,frontrecocatalog,100,0,183,emailservice,email,51,1,1,1,0
1,frontrecocatalog,100,0,183,frontend,productcatalog,44,2,2,2,0
1,frontrecocatalog,100,0,183,frontend,recommendation,45,2,2,2,0
1,frontrecocatalog,100,0,183,frontend,server,49,2,2,2,0
1,frontrecocatalog,100,0,183,paymentservice,payment,34,1,1,1,0
1,frontrecocatalog,100,0,183,redis-cart,-,,1,1,1,0
1,frontrecocatalog,100,0,183,shippingservice,server,31,1,1,1,0
1,frontrecocatalog,100,0,198,adservice,server,23,1,1,1,0
1,frontrecocatalog,100,0,198,cartservice,server,44,2,2,2,0
1,frontrecocatalog,100,0,198,checkoutservice,checkout,30,1,1,1,0
1,frontrecocatalog,100,0,198,currencyservice,server,58,1,1,1,0
1,frontrecocatalog,100,0,198,emailservice,email,48,1,1,1,0
1,frontrecocatalog,100,0,198,frontend,productcatalog,40,2,2,2,0
1,frontrecocatalog,100,0,198,frontend,recommendation,43,2,2,2,0
1,frontrecocatalog,100,0,198,frontend,server,44,2,2,2,0
1,frontrecocatalog,100,0,198,paymentservice,payment,31,1,1,1,0
1,frontrecocatalog,100,0,198,redis-cart,-,,1,1,1,0
1,frontrecocatalog,100,0,198,shippingservice,server,31,1,1,1,0
1,frontrecocatalog,100,0,213,adservice,server,22,1,1,1,0
1,frontrecocatalog,100,0,213,cartservice,server,40,2,2,2,0
1,frontrecocatalog,100,0,213,checkoutservice,checkout,29,1,1,1,0
1,frontrecocatalog,100,0,213,currencyservice,server,56,1,1,1,0
1,frontrecocatalog,100,0,213,emailservice,email,47,1,1,1,0
1,frontrecocatalog,100,0,213,frontend,productcatalog,38,2,2,2,0
1,frontrecocatalog,100,0,213,frontend,recommendation,44,2,2,2,0
1,frontrecocatalog,100,0,213,frontend,server,45,2,2,2,0
1,frontrecocatalog,100,0,213,paymentservice,payment,31,1,1,1,0
1,frontrecocatalog,100,0,213,redis-cart,-,,1,1,1,0
1,frontrecocatalog,100,0,213,shippingservice,server,30,1,1,1,0
1,frontrecocatalog,100,0,228,adservice,server,27,1,1,1,0
1,frontrecocatalog,100,0,228,cartservice,server,40,2,2,2,0
1,frontrecocatalog,100,0,228,checkoutservice,checkout,29,1,1,1,0
1,frontrecocatalog,100,0,228,currencyservice,server,56,1,1,1,0
1,frontrecocatalog,100,0,228,emailservice,email,47,1,1,1,0
1,frontrecocatalog,100,0,228,frontend,productcatalog,37,2,2,2,0
1,frontrecocatalog,100,0,228,frontend,recommendation,42,2,2,2,0
1,frontrecocatalog,100,0,228,frontend,server,45,2,2,2,0
1,frontrecocatalog,100,0,228,paymentservice,payment,34,1,1,1,0
1,frontrecocatalog,100,0,228,redis-cart,-,,1,1,1,0
1,frontrecocatalog,100,0,228,shippingservice,server,30,1,1,1,0
1,frontrecocatalog,100,0,244,adservice,server,26,1,1,1,0
1,frontrecocatalog,100,0,244,cartservice,server,43,2,2,2,0
1,frontrecocatalog,100,0,244,checkoutservice,checkout,29,1,1,1,0
1,frontrecocatalog,100,0,244,currencyservice,server,57,1,1,1,0
1,frontrecocatalog,100,0,244,emailservice,email,47,1,1,1,0
1,frontrecocatalog,100,0,244,frontend,productcatalog,43,2,2,2,0
1,frontrecocatalog,100,0,244,frontend,recommendation,47,2,2,2,0
1,frontrecocatalog,100,0,244,frontend,server,45,2,2,2,0
1,frontrecocatalog,100,0,244,paymentservice,payment,31,1,1,1,0
1,frontrecocatalog,100,0,244,redis-cart,-,,1,1,1,0
1,frontrecocatalog,100,0,244,shippingservice,server,30,1,1,1,0
1,frontrecocatalog,100,0,259,adservice,server,26,1,1,1,0
1,frontrecocatalog,100,0,259,cartservice,server,48,2,2,2,0
1,frontrecocatalog,100,0,259,checkoutservice,checkout,32,1,1,1,0
1,frontrecocatalog,100,0,259,currencyservice,server,60,1,1,1,0
1,frontrecocatalog,100,0,259,emailservice,email,50,1,1,1,0
1,frontrecocatalog,100,0,259,frontend,productcatalog,44,2,2,2,0
1,frontrecocatalog,100,0,259,frontend,recommendation,48,2,2,2,0
1,frontrecocatalog,100,0,259,frontend,server,51,2,2,2,0
1,frontrecocatalog,100,0,259,paymentservice,payment,32,1,1,1,0
1,frontrecocatalog,100,0,259,redis-cart,-,,1,1,1,0
1,frontrecocatalog,100,0,259,shippingservice,server,29,1,1,1,0
1,frontrecocatalog,100,0,274,adservice,server,23,1,1,1,0
1,frontrecocatalog,100,0,274,cartservice,server,42,2,2,2,0
1,frontrecocatalog,100,0,274,checkoutservice,checkout,30,1,1,1,0
1,frontrecocatalog,100,0,274,currencyservice,server,55,1,1,1,0
1,frontrecocatalog,100,0,274,emailservice,email,48,1,1,1,0
1,frontrecocatalog,100,0,274,frontend,productcatalog,41,2,2,2,0
1,frontrecocatalog,100,0,274,frontend,recommendation,43,2,2,2,0
1,frontrecocatalog,100,0,274,frontend,server,44,2,2,2,0
1,frontrecocatalog,100,0,274,paymentservice,payment,34,1,1,1,0
1,frontrecocatalog,100,0,274,redis-cart,-,,1,1,1,0
1,frontrecocatalog,100,0,274,shippingservice,server,32,1,1,1,0
1,frontrecocatalog,100,0,289,adservice,server,23,1,1,1,0
1,frontrecocatalog,100,0,289,cartservice,server,47,2,2,2,0
1,frontrecocatalog,100,0,289,checkoutservice,checkout,29,1,1,1,0
1,frontrecocatalog,100,0,289,currencyservice,server,59,1,1,1,0
1,frontrecocatalog,100,0,289,emailservice,email,48,1,1,1,0
1,frontrecocatalog,100,0,289,frontend,productcatalog,38,2,2,2,0
1,frontrecocatalog,100,0,289,frontend,recommendation,45,2,2,2,0
1,frontrecocatalog,100,0,289,frontend,server,45,2,2,2,0
1,frontrecocatalog,100,0,289,paymentservice,payment,34,1,1,1,0
1,frontrecocatalog,100,0,289,redis-cart,-,,1,1,1,0
1,frontrecocatalog,100,0,289,shippingservice,server,31,1,1,1,0
1,frontrecocatalog,100,0,305,adservice,server,24,1,1,1,0
1,frontrecocatalog,100,0,305,cartservice,server,40,2,2,2,0
1,frontrecocatalog,100,0,305,checkoutservice,checkout,32,1,1,1,0
1,frontrecocatalog,100,0,305,currencyservice,server,56,1,1,1,0
1,frontrecocatalog,100,0,305,emailservice,email,48,1,1,1,0
1,frontrecocatalog,100,0,305,frontend,productcatalog,40,2,2,2,0
1,frontrecocatalog,100,0,305,frontend,recommendation,42,2,2,2,0
1,frontrecocatalog,100,0,305,frontend,server,42,2,2,2,0
1,frontrecocatalog,100,0,305,paymentservice,payment,34,1,1,1,0
1,frontrecocatalog,100,0,305,redis-cart,-,,1,1,1,0
1,frontrecocatalog,100,0,305,shippingservice,server,31,1,1,1,0
1,frontrecocatalog,100,0,320,adservice,server,25,1,1,1,0
1,frontrecocatalog,100,0,320,cartservice,server,48,2,2,2,0
1,frontrecocatalog,100,0,320,checkoutservice,checkout,30,1,1,1,0
1,frontrecocatalog,100,0,320,currencyservice,server,57,1,1,1,0
1,frontrecocatalog,100,0,320,emailservice,email,48,1,1,1,0
1,frontrecocatalog,100,0,320,frontend,productcatalog,43,2,2,2,0
1,frontrecocatalog,100,0,320,frontend,recommendation,44,2,2,2,0
1,frontrecocatalog,100,0,320,frontend,server,53,2,2,2,0
1,frontrecocatalog,100,0,320,paymentservice,payment,36,1,1,1,0
1,frontrecocatalog,100,0,320,redis-cart,-,,1,1,1,0
1,frontrecocatalog,100,0,320,shippingservice,server,31,1,1,1,0
1,frontrecocatalog,100,0,335,adservice,server,23,1,1,1,0
1,frontrecocatalog,100,0,335,cartservice,server,41,2,2,2,0
1,frontrecocatalog,100,0,335,checkoutservice,checkout,28,1,1,1,0
1,frontrecocatalog,100,0,335,currencyservice,server,56,1,1,1,0
1,frontrecocatalog,100,0,335,emailservice,email,45,1,1,1,0
1,frontrecocatalog,100,0,335,frontend,productcatalog,38,2,2,2,0
1,frontrecocatalog,100,0,335,frontend,recommendation,44,2,2,2,0
1,frontrecocatalog,100,0,335,frontend,server,44,2,2,2,0
1,frontrecocatalog,100,0,335,paymentservice,payment,29,1,1,1,0
1,frontrecocatalog,100,0,335,redis-cart,-,,1,1,1,0
1,frontrecocatalog,100,0,335,shippingservice,server,31,1,1,1,0
1,frontrecocatalog,100,0,350,adservice,server,23,1,1,1,0
1,frontrecocatalog,100,0,350,cartservice,server,40,2,2,2,0
1,frontrecocatalog,100,0,350,checkoutservice,checkout,32,1,1,1,0
1,frontrecocatalog,100,0,350,currencyservice,server,58,1,1,1,0
1,frontrecocatalog,100,0,350,emailservice,email,48,1,1,1,0
1,frontrecocatalog,100,0,350,frontend,productcatalog,41,2,2,2,0
1,frontrecocatalog,100,0,350,frontend,recommendation,47,2,2,2,0
1,frontrecocatalog,100,0,350,frontend,server,47,2,2,2,0
1,frontrecocatalog,100,0,350,paymentservice,payment,35,1,1,1,0
1,frontrecocatalog,100,0,350,redis-cart,-,,1,1,1,0
1,frontrecocatalog,100,0,350,shippingservice,server,31,1,1,1,0
1,frontrecocatalog,100,0,365,adservice,server,23,1,1,1,0
1,frontrecocatalog,100,0,365,cartservice,server,45,2,2,2,0
1,frontrecocatalog,100,0,365,checkoutservice,checkout,30,1,1,1,0
1,frontrecocatalog,100,0,365,currencyservice,server,57,1,1,1,0
1,frontrecocatalog,100,0,365,emailservice,email,48,1,1,1,0
1,frontrecocatalog,100,0,365,frontend,productcatalog,39,2,2,2,0
1,frontrecocatalog,100,0,365,frontend,recommendation,41,2,2,2,0
1,frontrecocatalog,100,0,365,frontend,server,45,2,2,2,0
1,frontrecocatalog,100,0,365,paymentservice,payment,35,1,1,1,0
1,frontrecocatalog,100,0,365,redis-cart,-,,1,1,1,0
1,frontrecocatalog,100,0,365,shippingservice,server,32,1,1,1,0
1,frontrecocatalog,100,0,381,adservice,server,24,1,1,1,0
1,frontrecocatalog,100,0,381,cartservice,server,43,2,2,2,0
1,frontrecocatalog,100,0,381,checkoutservice,checkout,30,1,1,1,0
1,frontrecocatalog,100,0,381,currencyservice,server,57,1,1,1,0
1,frontrecocatalog,100,0,381,emailservice,email,50,1,1,1,0
1,frontrecocatalog,100,0,381,frontend,productcatalog,40,2,2,2,0
1,frontrecocatalog,100,0,381,frontend,recommendation,44,2,2,2,0
1,frontrecocatalog,100,0,381,frontend,server,47,2,2,2,0
1,frontrecocatalog,100,0,381,paymentservice,payment,34,1,1,1,0
1,frontrecocatalog,100,0,381,redis-cart,-,,1,1,1,0
1,frontrecocatalog,100,0,381,shippingservice,server,31,1,1,1,0
1,frontrecocatalog,100,0,396,adservice,server,24,1,1,1,0
1,frontrecocatalog,100,0,396,cartservice,server,42,2,2,2,0
1,frontrecocatalog,100,0,396,checkoutservice,checkout,31,1,1,1,0
1,frontrecocatalog,100,0,396,currencyservice,server,57,1,1,1,0
1,frontrecocatalog,100,0,396,emailservice,email,49,1,1,1,0
1,frontrecocatalog,100,0,396,frontend,productcatalog,40,2,2,2,0
1,frontrecocatalog,100,0,396,frontend,recommendation,49,2,2,2,0
1,frontrecocatalog,100,0,396,frontend,server,46,2,2,2,0
1,frontrecocatalog,100,0,396,paymentservice,payment,32,1,1,1,0
1,frontrecocatalog,100,0,396,redis-cart,-,,1,1,1,0
1,frontrecocatalog,100,0,396,shippingservice,server,32,1,1,1,0
1,frontrecocatalog,100,0,411,adservice,server,24,1,1,1,0
1,frontrecocatalog,100,0,411,cartservice,server,43,2,2,2,0
1,frontrecocatalog,100,0,411,checkoutservice,checkout,29,1,1,1,0
1,frontrecocatalog,100,0,411,currencyservice,server,57,1,1,1,0
1,frontrecocatalog,100,0,411,emailservice,email,45,1,1,1,0
1,frontrecocatalog,100,0,411,frontend,productcatalog,41,2,2,2,0
1,frontrecocatalog,100,0,411,frontend,recommendation,43,2,2,2,0
1,frontrecocatalog,100,0,411,frontend,server,45,2,2,2,0
1,frontrecocatalog,100,0,411,paymentservice,payment,34,1,1,1,0
1,frontrecocatalog,100,0,411,redis-cart,-,,1,1,1,0
1,frontrecocatalog,100,0,411,shippingservice,server,30,1,1,1,0
1,frontrecocatalog,100,0,426,adservice,server,23,1,1,1,0
1,frontrecocatalog,100,0,426,cartservice,server,43,2,2,2,0
1,frontrecocatalog,100,0,426,checkoutservice,checkout,30,1,1,1,0
1,frontrecocatalog,100,0,426,currencyservice,server,54,1,1,1,0
1,frontrecocatalog,100,0,426,emailservice,email,49,1,1,1,0
1,frontrecocatalog,100,0,426,frontend,productcatalog,37,2,2,2,0
1,frontrecocatalog,100,0,426,frontend,recommendation,35,2,2,2,0
1,frontrecocatalog,100,0,426,frontend,server,45,2,2,2,0
1,frontrecocatalog,100,0,426,paymentservice,payment,33,1,1,1,0
1,frontrecocatalog,100,0,426,redis-cart,-,,1,1,1,0
1,frontrecocatalog,100,0,426,shippingservice,server,29,1,1,1,0
1,frontrecocatalog,100,0,441,adservice,server,1,1,1,1,0
1,frontrecocatalog,100,0,441,cartservice,server,2,2,2,2,0
1,frontrecocatalog,100,0,441,checkoutservice,checkout,4,1,1,1,0
1,frontrecocatalog,100,0,441,currencyservice,server,54,1,1,1,0
1,frontrecocatalog,100,0,441,emailservice,email,19,1,1,1,0
1,frontrecocatalog,100,0,441,frontend,productcatalog,15,2,2,2,0
1,frontrecocatalog,100,0,441,frontend,recommendation,35,2,2,2,0
1,frontrecocatalog,100,0,441,frontend,server,3,2,2,2,0
1,frontrecocatalog,100,0,441,paymentservice,payment,13,1,1,1,0
1,frontrecocatalog,100,0,441,redis-cart,-,,1,1,1,0
1,frontrecocatalog,100,0,441,shippingservice,server,19,1,1,1,0
1,frontrecocatalog,100,0,1,adservice,server,0,1,1,1,0
1,frontrecocatalog,100,0,1,cartservice,server,0,2,2,2,0
1,frontrecocatalog,100,0,1,checkoutservice,checkout,0,1,1,1,0
1,frontrecocatalog,100,0,1,currencyservice,server,0,1,1,1,0
1,frontrecocatalog,100,0,1,emailservice,email,1,1,1,1,0
1,frontrecocatalog,100,0,1,frontend,productcatalog,0,2,2,2,0
1,frontrecocatalog,100,0,1,frontend,recommendation,0,2,2,2,0
1,frontrecocatalog,100,0,1,frontend,server,0,2,2,2,0
1,frontrecocatalog,100,0,1,paymentservice,payment,0,1,1,1,0
1,frontrecocatalog,100,0,1,redis-cart,-,,1,1,1,0
1,frontrecocatalog,100,0,1,shippingservice,server,0,1,1,1,0
1,frontrecocatalog,100,0,16,adservice,server,1,1,1,1,0
1,frontrecocatalog,100,0,16,cartservice,server,13,2,2,2,0
1,frontrecocatalog,100,0,16,checkoutservice,checkout,13,1,1,1,0
1,frontrecocatalog,100,0,16,currencyservice,server,0,1,1,1,0
1,frontrecocatalog,100,0,16,emailservice,email,19,1,1,1,0
1,frontrecocatalog,100,0,16,frontend,productcatalog,5,2,2,2,0
1,frontrecocatalog,100,0,16,frontend,recommendation,20,2,2,2,0
1,frontrecocatalog,100,0,16,frontend,server,0,2,2,2,0
1,frontrecocatalog,100,0,16,paymentservice,payment,9,1,1,1,0
1,frontrecocatalog,100,0,16,redis-cart,-,,1,1,1,0
1,frontrecocatalog,100,0,16,shippingservice,server,0,1,1,1,0
1,frontrecocatalog,100,0,31,adservice,server,29,1,1,1,0
1,frontrecocatalog,100,0,31,cartservice,server,57,2,2,2,0
1,frontrecocatalog,100,0,31,checkoutservice,checkout,13,1,1,1,0
1,frontrecocatalog,100,0,31,currencyservice,server,46,1,1,1,0
1,frontrecocatalog,100,0,31,emailservice,email,19,1,1,1,0
1,frontrecocatalog,100,0,31,frontend,productcatalog,53,2,2,2,0
1,frontrecocatalog,100,0,31,frontend,recommendation,59,2,2,2,0
1,frontrecocatalog,100,0,31,frontend,server,36,2,2,2,0
1,frontrecocatalog,100,0,31,paymentservice,payment,36,1,1,1,0
1,frontrecocatalog,100,0,31,redis-cart,-,,1,1,1,0
1,frontrecocatalog,100,0,31,shippingservice,server,27,1,1,1,0
1,frontrecocatalog,100,0,46,adservice,server,39,1,1,1,0
1,frontrecocatalog,100,0,46,cartservice,server,56,2,2,2,0
1,frontrecocatalog,100,0,46,checkoutservice,checkout,33,1,1,1,0
1,frontrecocatalog,100,0,46,currencyservice,server,77,1,1,1,0
1,frontrecocatalog,100,0,46,emailservice,email,52,1,1,1,0
1,frontrecocatalog,100,0,46,frontend,productcatalog,54,2,2,2,0
1,frontrecocatalog,100,0,46,frontend,recommendation,59,2,2,2,0
1,frontrecocatalog,100,0,46,frontend,server,62,2,2,2,0
1,frontrecocatalog,100,0,46,paymentservice,payment,37,1,1,1,0
1,frontrecocatalog,100,0,46,redis-cart,-,,1,1,1,0
1,frontrecocatalog,100,0,46,shippingservice,server,36,1,1,1,0
1,frontrecocatalog,100,0,61,adservice,server,36,1,1,1,0
1,frontrecocatalog,100,0,61,cartservice,server,56,2,2,2,0
1,frontrecocatalog,100,0,61,checkoutservice,checkout,34,1,1,1,0
1,frontrecocatalog,100,0,61,currencyservice,server,76,1,1,1,0
1,frontrecocatalog,100,0,61,emailservice,email,52,1,1,1,0
1,frontrecocatalog,100,0,61,frontend,productcatalog,53,2,2,2,0
1,frontrecocatalog,100,0,61,frontend,recommendation,58,2,2,2,0
1,frontrecocatalog,100,0,61,frontend,server,62,2,2,2,0
1,frontrecocatalog,100,0,61,paymentservice,payment,39,1,1,1,0
1,frontrecocatalog,100,0,61,redis-cart,-,,1,1,1,0
1,frontrecocatalog,100,0,61,shippingservice,server,35,1,1,1,0
1,frontrecocatalog,100,0,77,adservice,server,35,1,1,1,0
1,frontrecocatalog,100,0,77,cartservice,server,59,2,2,2,0
1,frontrecocatalog,100,0,77,checkoutservice,checkout,34,1,1,1,0
1,frontrecocatalog,100,0,77,currencyservice,server,77,1,1,1,0
1,frontrecocatalog,100,0,77,emailservice,email,53,1,1,1,0
1,frontrecocatalog,100,0,77,frontend,productcatalog,55,2,2,2,0
1,frontrecocatalog,100,0,77,frontend,recommendation,60,2,2,2,0
1,frontrecocatalog,100,0,77,frontend,server,63,2,2,2,0
1,frontrecocatalog,100,0,77,paymentservice,payment,38,1,1,1,0
1,frontrecocatalog,100,0,77,redis-cart,-,,1,1,1,0
1,frontrecocatalog,100,0,77,shippingservice,server,34,1,1,1,0
1,frontrecocatalog,100,0,92,adservice,server,36,1,1,1,0
1,frontrecocatalog,100,0,92,cartservice,server,61,2,2,2,0
1,frontrecocatalog,100,0,92,checkoutservice,checkout,34,1,1,1,0
1,frontrecocatalog,100,0,92,currencyservice,server,76,1,1,1,0
1,frontrecocatalog,100,0,92,emailservice,email,53,1,1,1,0
1,frontrecocatalog,100,0,92,frontend,productcatalog,54,2,2,2,0
1,frontrecocatalog,100,0,92,frontend,recommendation,59,2,2,2,0
1,frontrecocatalog,100,0,92,frontend,server,62,2,2,2,0
1,frontrecocatalog,100,0,92,paymentservice,payment,37,1,1,1,0
1,frontrecocatalog,100,0,92,redis-cart,-,,1,1,1,0
1,frontrecocatalog,100,0,92,shippingservice,server,35,1,1,1,0
1,frontrecocatalog,100,0,107,adservice,server,36,1,1,1,0
1,frontrecocatalog,100,0,107,cartservice,server,53,2,2,2,0
1,frontrecocatalog,100,0,107,checkoutservice,checkout,34,1,1,1,0
1,frontrecocatalog,100,0,107,currencyservice,server,75,1,1,1,0
1,frontrecocatalog,100,0,107,emailservice,email,52,1,1,1,0
1,frontrecocatalog,100,0,107,frontend,productcatalog,53,2,2,2,0
1,frontrecocatalog,100,0,107,frontend,recommendation,59,2,2,2,0
1,frontrecocatalog,100,0,107,frontend,server,61,2,2,2,0
1,frontrecocatalog,100,0,107,paymentservice,payment,36,1,1,1,0
1,frontrecocatalog,100,0,107,redis-cart,-,,1,1,1,0
1,frontrecocatalog,100,0,107,shippingservice,server,34,1,1,1,0
1,frontrecocatalog,100,0,122,adservice,server,35,1,1,1,0
1,frontrecocatalog,100,0,122,cartservice,server,53,2,2,2,0
1,frontrecocatalog,100,0,122,checkoutservice,checkout,34,1,1,1,0
1,frontrecocatalog,100,0,122,currencyservice,server,76,1,1,1,0
1,frontrecocatalog,100,0,122,emailservice,email,53,1,1,1,0
1,frontrecocatalog,100,0,122,frontend,productcatalog,53,2,2,2,0
1,frontrecocatalog,100,0,122,frontend,recommendation,58,2,2,2,0
1,frontrecocatalog,100,0,122,frontend,server,61,2,2,2,0
1,frontrecocatalog,100,0,122,paymentservice,payment,36,1,1,1,0
1,frontrecocatalog,100,0,122,redis-cart,-,,1,1,1,0
1,frontrecocatalog,100,0,122,shippingservice,server,35,1,1,1,0
1,frontrecocatalog,100,0,137,adservice,server,35,1,1,1,0
1,frontrecocatalog,100,0,137,cartservice,server,58,2,2,2,0
1,frontrecocatalog,100,0,137,checkoutservice,checkout,34,1,1,1,0
1,frontrecocatalog,100,0,137,currencyservice,server,73,1,1,1,0
1,frontrecocatalog,100,0,137,emailservice,email,53,1,1,1,0
1,frontrecocatalog,100,0,137,frontend,productcatalog,53,2,2,2,0
1,frontrecocatalog,100,0,137,frontend,recommendation,59,2,2,2,0
1,frontrecocatalog,100,0,137,frontend,server,61,2,2,2,0
1,frontrecocatalog,100,0,137,paymentservice,payment,38,1,1,1,0
1,frontrecocatalog,100,0,137,redis-cart,-,,1,1,1,0
1,frontrecocatalog,100,0,137,shippingservice,server,35,1,1,1,0
1,frontrecocatalog,100,0,153,adservice,server,36,1,1,1,0
1,frontrecocatalog,100,0,153,cartservice,server,56,2,2,2,0
1,frontrecocatalog,100,0,153,checkoutservice,checkout,34,1,1,1,0
1,frontrecocatalog,100,0,153,currencyservice,server,77,1,1,1,0
1,frontrecocatalog,100,0,153,emailservice,email,52,1,1,1,0
1,frontrecocatalog,100,0,153,frontend,productcatalog,54,2,2,2,0
1,frontrecocatalog,100,0,153,frontend,recommendation,59,2,2,2,0
1,frontrecocatalog,100,0,153,frontend,server,62,2,2,2,0
1,frontrecocatalog,100,0,153,paymentservice,payment,37,1,1,1,0
1,frontrecocatalog,100,0,153,redis-cart,-,,1,1,1,0
1,frontrecocatalog,100,0,153,shippingservice,server,35,1,1,1,0
1,frontrecocatalog,100,0,168,adservice,server,35,1,1,1,0
1,frontrecocatalog,100,0,168,cartservice,server,56,2,2,2,0
1,frontrecocatalog,100,0,168,checkoutservice,checkout,33,1,1,1,0
1,frontrecocatalog,100,0,168,currencyservice,server,76,1,1,1,0
1,frontrecocatalog,100,0,168,emailservice,email,52,1,1,1,0
1,frontrecocatalog,100,0,168,frontend,productcatalog,54,2,2,2,0
1,frontrecocatalog,100,0,168,frontend,recommendation,59,2,2,2,0
1,frontrecocatalog,100,0,168,frontend,server,62,2,2,2,0
1,frontrecocatalog,100,0,168,paymentservice,payment,38,1,1,1,0
1,frontrecocatalog,100,0,168,redis-cart,-,,1,1,1,0
1,frontrecocatalog,100,0,168,shippingservice,server,35,1,1,1,0
1,frontrecocatalog,100,0,183,adservice,server,35,1,1,1,0
1,frontrecocatalog,100,0,183,cartservice,server,55,2,2,2,0
1,frontrecocatalog,100,0,183,checkoutservice,checkout,34,1,1,1,0
1,frontrecocatalog,100,0,183,currencyservice,server,76,1,1,1,0
1,frontrecocatalog,100,0,183,emailservice,email,52,1,1,1,0
1,frontrecocatalog,100,0,183,frontend,productcatalog,54,2,2,2,0
1,frontrecocatalog,100,0,183,frontend,recommendation,59,2,2,2,0
1,frontrecocatalog,100,0,183,frontend,server,61,2,2,2,0
1,frontrecocatalog,100,0,183,paymentservice,payment,35,1,1,1,0
1,frontrecocatalog,100,0,183,redis-cart,-,,1,1,1,0
1,frontrecocatalog,100,0,183,shippingservice,server,34,1,1,1,0
1,frontrecocatalog,100,0,198,adservice,server,36,1,1,1,0
1,frontrecocatalog,100,0,198,cartservice,server,54,2,2,2,0
1,frontrecocatalog,100,0,198,checkoutservice,checkout,34,1,1,1,0
1,frontrecocatalog,100,0,198,currencyservice,server,76,1,1,1,0
1,frontrecocatalog,100,0,198,emailservice,email,52,1,1,1,0
1,frontrecocatalog,100,0,198,frontend,productcatalog,52,2,2,2,0
1,frontrecocatalog,100,0,198,frontend,recommendation,59,2,2,2,0
1,frontrecocatalog,100,0,198,frontend,server,63,2,2,2,0
1,frontrecocatalog,100,0,198,paymentservice,payment,38,1,1,1,0
1,frontrecocatalog,100,0,198,redis-cart,-,,1,1,1,0
1,frontrecocatalog,100,0,198,shippingservice,server,35,1,1,1,0
1,frontrecocatalog,100,0,214,adservice,server,36,1,1,1,0
1,frontrecocatalog,100,0,214,cartservice,server,56,2,2,2,0
1,frontrecocatalog,100,0,214,checkoutservice,checkout,34,1,1,1,0
1,frontrecocatalog,100,0,214,currencyservice,server,76,1,1,1,0
1,frontrecocatalog,100,0,214,emailservice,email,53,1,1,1,0
1,frontrecocatalog,100,0,214,frontend,productcatalog,55,2,2,2,0
1,frontrecocatalog,100,0,214,frontend,recommendation,59,2,2,2,0
1,frontrecocatalog,100,0,214,frontend,server,62,2,2,2,0
1,frontrecocatalog,100,0,214,paymentservice,payment,40,1,1,1,0
1,frontrecocatalog,100,0,214,redis-cart,-,,1,1,1,0
1,frontrecocatalog,100,0,214,shippingservice,server,36,1,1,1,0
1,frontrecocatalog,100,0,229,adservice,server,35,1,1,1,0
1,frontrecocatalog,100,0,229,cartservice,server,56,2,2,2,0
1,frontrecocatalog,100,0,229,checkoutservice,checkout,33,1,1,1,0
1,frontrecocatalog,100,0,229,currencyservice,server,77,1,1,1,0
1,frontrecocatalog,100,0,229,emailservice,email,53,1,1,1,0
1,frontrecocatalog,100,0,229,frontend,productcatalog,54,2,2,2,0
1,frontrecocatalog,100,0,229,frontend,recommendation,59,2,2,2,0
1,frontrecocatalog,100,0,229,frontend,server,62,2,2,2,0
1,frontrecocatalog,100,0,229,paymentservice,payment,37,1,1,1,0
1,frontrecocatalog,100,0,229,redis-cart,-,,1,1,1,0
1,frontrecocatalog,100,0,229,shippingservice,server,34,1,1,1,0
1,frontrecocatalog,100,0,244,adservice,server,35,1,1,1,0
1,frontrecocatalog,100,0,244,cartservice,server,52,2,2,2,0
1,frontrecocatalog,100,0,244,checkoutservice,checkout,33,1,1,1,0
1,frontrecocatalog,100,0,244,currencyservice,server,76,1,1,1,0
1,frontrecocatalog,100,0,244,emailservice,email,52,1,1,1,0
1,frontrecocatalog,100,0,244,frontend,productcatalog,53,2,2,2,0
1,frontrecocatalog,100,0,244,frontend,recommendation,58,2,2,2,0
1,frontrecocatalog,100,0,244,frontend,server,61,2,2,2,0
1,frontrecocatalog,100,0,244,paymentservice,payment,37,1,1,1,0
1,frontrecocatalog,100,0,244,redis-cart,-,,1,1,1,0
1,frontrecocatalog,100,0,244,shippingservice,server,34,1,1,1,0
1,frontrecocatalog,100,0,259,adservice,server,35,1,1,1,0
1,frontrecocatalog,100,0,259,cartservice,server,55,2,2,2,0
1,frontrecocatalog,100,0,259,checkoutservice,checkout,34,1,1,1,0
1,frontrecocatalog,100,0,259,currencyservice,server,76,1,1,1,0
1,frontrecocatalog,100,0,259,emailservice,email,53,1,1,1,0
1,frontrecocatalog,100,0,259,frontend,productcatalog,54,2,2,2,0
1,frontrecocatalog,100,0,259,frontend,recommendation,58,2,2,2,0
1,frontrecocatalog,100,0,259,frontend,server,62,2,2,2,0
1,frontrecocatalog,100,0,259,paymentservice,payment,38,1,1,1,0
1,frontrecocatalog,100,0,259,redis-cart,-,,1,1,1,0
1,frontrecocatalog,100,0,259,shippingservice,server,35,1,1,1,0
1,frontrecocatalog,100,0,275,adservice,server,35,1,1,1,0
1,frontrecocatalog,100,0,275,cartservice,server,56,2,2,2,0
1,frontrecocatalog,100,0,275,checkoutservice,checkout,34,1,1,1,0
1,frontrecocatalog,100,0,275,currencyservice,server,77,1,1,1,0
1,frontrecocatalog,100,0,275,emailservice,email,52,1,1,1,0
1,frontrecocatalog,100,0,275,frontend,productcatalog,54,2,2,2,0
1,frontrecocatalog,100,0,275,frontend,recommendation,59,2,2,2,0
1,frontrecocatalog,100,0,275,frontend,server,62,2,2,2,0
1,frontrecocatalog,100,0,275,paymentservice,payment,36,1,1,1,0
1,frontrecocatalog,100,0,275,redis-cart,-,,1,1,1,0
1,frontrecocatalog,100,0,275,shippingservice,server,36,1,1,1,0
1,frontrecocatalog,100,0,290,adservice,server,36,1,1,1,0
1,frontrecocatalog,100,0,290,cartservice,server,57,2,2,2,0
1,frontrecocatalog,100,0,290,checkoutservice,checkout,34,1,1,1,0
1,frontrecocatalog,100,0,290,currencyservice,server,77,1,2,2,0
1,frontrecocatalog,100,0,290,emailservice,email,52,1,1,1,0
1,frontrecocatalog,100,0,290,frontend,productcatalog,54,2,2,2,0
1,frontrecocatalog,100,0,290,frontend,recommendation,59,2,2,2,0
1,frontrecocatalog,100,0,290,frontend,server,62,2,2,2,0
1,frontrecocatalog,100,0,290,paymentservice,payment,40,1,1,1,0
1,frontrecocatalog,100,0,290,redis-cart,-,,1,1,1,0
1,frontrecocatalog,100,0,290,shippingservice,server,35,1,1,1,0
1,frontrecocatalog,100,0,305,adservice,server,35,1,1,1,0
1,frontrecocatalog,100,0,305,cartservice,server,54,2,2,2,0
1,frontrecocatalog,100,0,305,checkoutservice,checkout,34,1,1,1,0
1,frontrecocatalog,100,0,305,currencyservice,server,77,2,2,2,0
1,frontrecocatalog,100,0,305,emailservice,email,52,1,1,1,0
1,frontrecocatalog,100,0,305,frontend,productcatalog,54,2,2,2,0
1,frontrecocatalog,100,0,305,frontend,recommendation,60,2,2,2,0
1,frontrecocatalog,100,0,305,frontend,server,62,2,2,2,0
1,frontrecocatalog,100,0,305,paymentservice,payment,37,1,1,1,0
1,frontrecocatalog,100,0,305,redis-cart,-,,1,1,1,0
1,frontrecocatalog,100,0,305,shippingservice,server,34,1,1,1,0
1,frontrecocatalog,100,0,320,adservice,server,35,1,1,1,0
1,frontrecocatalog,100,0,320,cartservice,server,59,2,2,2,0
1,frontrecocatalog,100,0,320,checkoutservice,checkout,35,1,1,1,0
1,frontrecocatalog,100,0,320,currencyservice,server,39,2,2,2,0
1,frontrecocatalog,100,0,320,emailservice,email,53,1,1,1,0
1,frontrecocatalog,100,0,320,frontend,productcatalog,55,2,2,2,0
1,frontrecocatalog,100,0,320,frontend,recommendation,59,2,2,2,0
1,frontrecocatalog,100,0,320,frontend,server,62,2,2,2,0
1,frontrecocatalog,100,0,320,paymentservice,payment,37,1,1,1,0
1,frontrecocatalog,100,0,320,redis-cart,-,,1,1,1,0
1,frontrecocatalog,100,0,320,shippingservice,server,34,1,1,1,0
1,frontrecocatalog,100,0,335,adservice,server,36,1,1,1,0
1,frontrecocatalog,100,0,335,cartservice,server,59,2,2,2,0
1,frontrecocatalog,100,0,335,checkoutservice,checkout,34,1,1,1,0
1,frontrecocatalog,100,0,335,currencyservice,server,38,2,2,2,0
1,frontrecocatalog,100,0,335,emailservice,email,53,1,1,1,0
1,frontrecocatalog,100,0,335,frontend,productcatalog,53,2,2,2,0
1,frontrecocatalog,100,0,335,frontend,recommendation,58,2,2,2,0
1,frontrecocatalog,100,0,335,frontend,server,60,2,2,2,0
1,frontrecocatalog,100,0,335,paymentservice,payment,38,1,1,1,0
1,frontrecocatalog,100,0,335,redis-cart,-,,1,1,1,0
1,frontrecocatalog,100,0,335,shippingservice,server,34,1,1,1,0
1,frontrecocatalog,100,0,351,adservice,server,36,1,1,1,0
1,frontrecocatalog,100,0,351,cartservice,server,57,2,2,2,0
1,frontrecocatalog,100,0,351,checkoutservice,checkout,34,1,1,1,0
1,frontrecocatalog,100,0,351,currencyservice,server,38,2,2,2,0
1,frontrecocatalog,100,0,351,emailservice,email,53,1,1,1,0
1,frontrecocatalog,100,0,351,frontend,productcatalog,54,2,2,2,0
1,frontrecocatalog,100,0,351,frontend,recommendation,60,2,2,2,0
1,frontrecocatalog,100,0,351,frontend,server,62,2,2,2,0
1,frontrecocatalog,100,0,351,paymentservice,payment,37,1,1,1,0
1,frontrecocatalog,100,0,351,redis-cart,-,,1,1,1,0
1,frontrecocatalog,100,0,351,shippingservice,server,36,1,1,1,0
1,frontrecocatalog,100,0,366,adservice,server,35,1,1,1,0
1,frontrecocatalog,100,0,366,cartservice,server,60,2,2,2,0
1,frontrecocatalog,100,0,366,checkoutservice,checkout,34,1,1,1,0
1,frontrecocatalog,100,0,366,currencyservice,server,38,2,2,2,0
1,frontrecocatalog,100,0,366,emailservice,email,53,1,1,1,0
1,frontrecocatalog,100,0,366,frontend,productcatalog,53,2,2,2,0
1,frontrecocatalog,100,0,366,frontend,recommendation,57,2,2,2,0
1,frontrecocatalog,100,0,366,frontend,server,61,2,2,2,0
1,frontrecocatalog,100,0,366,paymentservice,payment,38,1,1,1,0
1,frontrecocatalog,100,0,366,redis-cart,-,,1,1,1,0
1,frontrecocatalog,100,0,366,shippingservice,server,34,1,1,1,0
1,frontrecocatalog,100,0,381,adservice,server,35,1,1,1,0
1,frontrecocatalog,100,0,381,cartservice,server,56,2,2,2,0
1,frontrecocatalog,100,0,381,checkoutservice,checkout,34,1,1,1,0
1,frontrecocatalog,100,0,381,currencyservice,server,38,2,2,2,0
1,frontrecocatalog,100,0,381,emailservice,email,53,1,1,1,0
1,frontrecocatalog,100,0,381,frontend,productcatalog,53,2,2,2,0
1,frontrecocatalog,100,0,381,frontend,recommendation,58,2,2,2,0
1,frontrecocatalog,100,0,381,frontend,server,61,2,2,2,0
1,frontrecocatalog,100,0,381,paymentservice,payment,37,1,1,1,0
1,frontrecocatalog,100,0,381,redis-cart,-,,1,1,1,0
1,frontrecocatalog,100,0,381,shippingservice,server,35,1,1,1,0
1,frontrecocatalog,100,0,396,adservice,server,35,1,1,1,0
1,frontrecocatalog,100,0,396,cartservice,server,60,2,2,2,0
1,frontrecocatalog,100,0,396,checkoutservice,checkout,34,1,1,1,0
1,frontrecocatalog,100,0,396,currencyservice,server,38,2,2,2,0
1,frontrecocatalog,100,0,396,emailservice,email,53,1,1,1,0
1,frontrecocatalog,100,0,396,frontend,productcatalog,54,2,2,2,0
1,frontrecocatalog,100,0,396,frontend,recommendation,59,2,2,2,0
1,frontrecocatalog,100,0,396,frontend,server,62,2,2,2,0
1,frontrecocatalog,100,0,396,paymentservice,payment,36,1,1,1,0
1,frontrecocatalog,100,0,396,redis-cart,-,,1,1,1,0
1,frontrecocatalog,100,0,396,shippingservice,server,35,1,1,1,0
1,frontrecocatalog,100,0,412,adservice,server,35,1,1,1,0
1,frontrecocatalog,100,0,412,cartservice,server,59,2,2,2,0
1,frontrecocatalog,100,0,412,checkoutservice,checkout,33,1,1,1,0
1,frontrecocatalog,100,0,412,currencyservice,server,38,2,2,2,0
1,frontrecocatalog,100,0,412,emailservice,email,52,1,1,1,0
1,frontrecocatalog,100,0,412,frontend,productcatalog,54,2,2,2,0
1,frontrecocatalog,100,0,412,frontend,recommendation,59,2,2,2,0
1,frontrecocatalog,100,0,412,frontend,server,60,2,2,2,0
1,frontrecocatalog,100,0,412,paymentservice,payment,36,1,1,1,0
1,frontrecocatalog,100,0,412,redis-cart,-,,1,1,1,0
1,frontrecocatalog,100,0,412,shippingservice,server,35,1,1,1,0
1,frontrecocatalog,100,0,427,adservice,server,35,1,1,1,0
1,frontrecocatalog,100,0,427,cartservice,server,63,2,2,2,0
1,frontrecocatalog,100,0,427,checkoutservice,checkout,34,1,1,1,0
1,frontrecocatalog,100,0,427,currencyservice,server,38,2,2,2,0
1,frontrecocatalog,100,0,427,emailservice,email,53,1,1,1,0
1,frontrecocatalog,100,0,427,frontend,productcatalog,53,2,2,2,0
1,frontrecocatalog,100,0,427,frontend,recommendation,57,2,2,2,0
1,frontrecocatalog,100,0,427,frontend,server,62,2,2,2,0
1,frontrecocatalog,100,0,427,paymentservice,payment,38,1,1,1,0
1,frontrecocatalog,100,0,427,redis-cart,-,,1,1,1,0
1,frontrecocatalog,100,0,427,shippingservice,server,35,1,1,1,0
1,frontrecocatalog,100,0,442,adservice,server,36,1,1,1,0
1,frontrecocatalog,100,0,442,cartservice,server,57,2,2,2,0
1,frontrecocatalog,100,0,442,checkoutservice,checkout,34,1,1,1,0
1,frontrecocatalog,100,0,442,currencyservice,server,38,2,2,2,0
1,frontrecocatalog,100,0,442,emailservice,email,52,1,1,1,0
1,frontrecocatalog,100,0,442,frontend,productcatalog,49,2,2,2,0
1,frontrecocatalog,100,0,442,frontend,recommendation,52,2,2,2,0
1,frontrecocatalog,100,0,442,frontend,server,50,2,2,2,0
1,frontrecocatalog,100,0,442,paymentservice,payment,37,1,1,1,0
1,frontrecocatalog,100,0,442,redis-cart,-,,1,1,1,0
1,frontrecocatalog,100,0,442,shippingservice,server,26,1,1,1,0
1,frontrecocatalog,100,0,0,adservice,server,1,1,1,1,0
1,frontrecocatalog,100,0,0,cartservice,server,0,2,2,2,0
1,frontrecocatalog,100,0,0,checkoutservice,checkout,6,1,1,1,0
1,frontrecocatalog,100,0,0,currencyservice,server,0,2,2,2,0
1,frontrecocatalog,100,0,0,emailservice,email,1,1,1,1,0
1,frontrecocatalog,100,0,0,frontend,productcatalog,0,2,2,2,0
1,frontrecocatalog,100,0,0,frontend,recommendation,0,2,2,2,0
1,frontrecocatalog,100,0,0,frontend,server,0,2,2,2,0
1,frontrecocatalog,100,0,0,paymentservice,payment,0,1,1,1,0
1,frontrecocatalog,100,0,0,redis-cart,-,,1,1,1,0
1,frontrecocatalog,100,0,0,shippingservice,server,0,1,1,1,0
1,frontrecocatalog,100,0,15,adservice,server,15,1,1,1,0
1,frontrecocatalog,100,0,15,cartservice,server,13,2,2,2,0
1,frontrecocatalog,100,0,15,checkoutservice,checkout,0,1,1,1,0
1,frontrecocatalog,100,0,15,currencyservice,server,6,2,2,2,0
1,frontrecocatalog,100,0,15,emailservice,email,17,1,1,1,0
1,frontrecocatalog,100,0,15,frontend,productcatalog,0,2,2,2,0
1,frontrecocatalog,100,0,15,frontend,recommendation,29,2,2,2,0
1,frontrecocatalog,100,0,15,frontend,server,12,2,2,2,0
1,frontrecocatalog,100,0,15,paymentservice,payment,0,1,1,1,0
1,frontrecocatalog,100,0,15,redis-cart,-,,1,1,1,0
1,frontrecocatalog,100,0,15,shippingservice,server,18,1,1,1,0
1,frontrecocatalog,100,0,30,adservice,server,51,1,1,1,0
1,frontrecocatalog,100,0,30,cartservice,server,62,2,2,2,0
1,frontrecocatalog,100,0,30,checkoutservice,checkout,31,1,1,1,0
1,frontrecocatalog,100,0,30,currencyservice,server,43,2,2,2,0
1,frontrecocatalog,100,0,30,emailservice,email,60,1,1,1,0
1,frontrecocatalog,100,0,30,frontend,productcatalog,54,2,2,2,0
1,frontrecocatalog,100,0,30,frontend,recommendation,72,2,2,2,0
1,frontrecocatalog,100,0,30,frontend,server,69,2,2,2,0
1,frontrecocatalog,100,0,30,paymentservice,payment,30,1,1,1,0
1,frontrecocatalog,100,0,30,redis-cart,-,,1,1,1,0
1,frontrecocatalog,100,0,30,shippingservice,server,18,1,1,1,0
1,frontrecocatalog,100,0,46,adservice,server,47,1,1,1,0
1,frontrecocatalog,100,0,46,cartservice,server,59,2,2,2,0
1,frontrecocatalog,100,0,46,checkoutservice,checkout,36,1,1,1,0
1,frontrecocatalog,100,0,46,currencyservice,server,43,2,2,2,0
1,frontrecocatalog,100,0,46,emailservice,email,53,1,1,1,0
1,frontrecocatalog,100,0,46,frontend,productcatalog,66,2,2,2,0
1,frontrecocatalog,100,0,46,frontend,recommendation,73,2,2,2,0
1,frontrecocatalog,100,0,46,frontend,server,74,2,2,2,0
1,frontrecocatalog,100,0,46,paymentservice,payment,40,1,1,1,0
1,frontrecocatalog,100,0,46,redis-cart,-,,1,1,1,0
1,frontrecocatalog,100,0,46,shippingservice,server,36,1,1,1,0
1,frontrecocatalog,100,0,61,adservice,server,47,1,1,1,0
1,frontrecocatalog,100,0,61,cartservice,server,63,2,2,2,0
1,frontrecocatalog,100,0,61,checkoutservice,checkout,35,1,1,1,0
1,frontrecocatalog,100,0,61,currencyservice,server,42,2,2,2,0
1,frontrecocatalog,100,0,61,emailservice,email,54,1,1,1,0
1,frontrecocatalog,100,0,61,frontend,productcatalog,65,2,2,2,0
1,frontrecocatalog,100,0,61,frontend,recommendation,72,2,2,2,0
1,frontrecocatalog,100,0,61,frontend,server,74,2,2,2,0
1,frontrecocatalog,100,0,61,paymentservice,payment,37,1,1,1,0
1,frontrecocatalog,100,0,61,redis-cart,-,,1,1,1,0
1,frontrecocatalog,100,0,61,shippingservice,server,36,1,1,1,0
1,frontrecocatalog,100,0,76,adservice,server,47,1,1,1,0
1,frontrecocatalog,100,0,76,cartservice,server,57,2,2,2,0
1,frontrecocatalog,100,0,76,checkoutservice,checkout,36,1,1,1,0
1,frontrecocatalog,100,0,76,currencyservice,server,43,2,2,2,0
1,frontrecocatalog,100,0,76,emailservice,email,55,1,1,1,0
1,frontrecocatalog,100,0,76,frontend,productcatalog,64,2,2,2,0
1,frontrecocatalog,100,0,76,frontend,recommendation,72,2,2,2,0
1,frontrecocatalog,100,0,76,frontend,server,73,2,2,2,0
1,frontrecocatalog,100,0,76,paymentservice,payment,39,1,1,1,0
1,frontrecocatalog,100,0,76,redis-cart,-,,1,1,1,0
1,frontrecocatalog,100,0,76,shippingservice,server,35,1,1,1,0
1,frontrecocatalog,100,0,91,adservice,server,50,1,1,1,0
1,frontrecocatalog,100,0,91,cartservice,server,64,2,2,2,0
1,frontrecocatalog,100,0,91,checkoutservice,checkout,35,1,1,1,0
1,frontrecocatalog,100,0,91,currencyservice,server,43,2,2,2,0
1,frontrecocatalog,100,0,91,emailservice,email,54,1,1,1,0
1,frontrecocatalog,100,0,91,frontend,productcatalog,66,2,2,2,0
1,frontrecocatalog,100,0,91,frontend,recommendation,71,2,2,2,0
1,frontrecocatalog,100,0,91,frontend,server,73,2,2,2,0
1,frontrecocatalog,100,0,91,paymentservice,payment,38,1,1,1,0
1,frontrecocatalog,100,0,91,redis-cart,-,,1,1,1,0
1,frontrecocatalog,100,0,91,shippingservice,server,35,1,1,1,0
1,frontrecocatalog,100,0,107,adservice,server,47,1,1,1,0
1,frontrecocatalog,100,0,107,cartservice,server,63,2,2,2,0
1,frontrecocatalog,100,0,107,checkoutservice,checkout,36,1,1,1,0
1,frontrecocatalog,100,0,107,currencyservice,server,43,2,2,2,0
1,frontrecocatalog,100,0,107,emailservice,email,54,1,1,1,0
1,frontrecocatalog,100,0,107,frontend,productcatalog,66,2,2,2,0
1,frontrecocatalog,100,0,107,frontend,recommendation,73,2,2,2,0
1,frontrecocatalog,100,0,107,frontend,server,74,2,2,2,0
1,frontrecocatalog,100,0,107,paymentservice,payment,40,1,1,1,0
1,frontrecocatalog,100,0,107,redis-cart,-,,1,1,1,0
1,frontrecocatalog,100,0,107,shippingservice,server,35,1,1,1,0
1,frontrecocatalog,100,0,122,adservice,server,47,1,1,1,0
1,frontrecocatalog,100,0,122,cartservice,server,59,2,2,2,0
1,frontrecocatalog,100,0,122,checkoutservice,checkout,35,1,1,1,0
1,frontrecocatalog,100,0,122,currencyservice,server,43,2,2,2,0
1,frontrecocatalog,100,0,122,emailservice,email,54,1,1,1,0
1,frontrecocatalog,100,0,122,frontend,productcatalog,65,2,2,2,0
1,frontrecocatalog,100,0,122,frontend,recommendation,71,2,2,2,0
1,frontrecocatalog,100,0,122,frontend,server,75,2,2,2,0
1,frontrecocatalog,100,0,122,paymentservice,payment,37,1,1,1,0
1,frontrecocatalog,100,0,122,redis-cart,-,,1,1,1,0
1,frontrecocatalog,100,0,122,shippingservice,server,35,1,1,1,0
1,frontrecocatalog,100,0,137,adservice,server,46,1,1,1,0
1,frontrecocatalog,100,0,137,cartservice,server,60,2,2,2,0
1,frontrecocatalog,100,0,137,checkoutservice,checkout,35,1,1,1,0
1,frontrecocatalog,100,0,137,currencyservice,server,43,2,2,2,0
1,frontrecocatalog,100,0,137,emailservice,email,54,1,1,1,0
1,frontrecocatalog,100,0,137,frontend,productcatalog,65,2,2,2,0
1,frontrecocatalog,100,0,137,frontend,recommendation,72,2,2,2,0
1,frontrecocatalog,100,0,137,frontend,server,73,2,2,2,0
1,frontrecocatalog,100,0,137,paymentservice,payment,38,1,1,1,0
1,frontrecocatalog,100,0,137,redis-cart,-,,1,1,1,0
1,frontrecocatalog,100,0,137,shippingservice,server,36,1,1,1,0
1,frontrecocatalog,100,0,152,adservice,server,46,1,1,1,0
1,frontrecocatalog,100,0,152,cartservice,server,64,2,2,2,0
1,frontrecocatalog,100,0,152,checkoutservice,checkout,35,1,1,1,0
1,frontrecocatalog,100,0,152,currencyservice,server,43,2,2,2,0
1,frontrecocatalog,100,0,152,emailservice,email,52,1,1,1,0
1,frontrecocatalog,100,0,152,frontend,productcatalog,64,2,2,2,0
1,frontrecocatalog,100,0,152,frontend,recommendation,71,2,2,2,0
1,frontrecocatalog,100,0,152,frontend,server,72,2,2,2,0
1,frontrecocatalog,100,0,152,paymentservice,payment,38,1,1,1,0
1,frontrecocatalog,100,0,152,redis-cart,-,,1,1,1,0
1,frontrecocatalog,100,0,152,shippingservice,server,35,1,1,1,0
1,frontrecocatalog,100,0,167,adservice,server,47,1,1,1,0
1,frontrecocatalog,100,0,167,cartservice,server,59,2,2,2,0
1,frontrecocatalog,100,0,167,checkoutservice,checkout,36,1,1,1,0
1,frontrecocatalog,100,0,167,currencyservice,server,43,2,2,2,0
1,frontrecocatalog,100,0,167,emailservice,email,54,1,1,1,0
1,frontrecocatalog,100,0,167,frontend,productcatalog,64,2,2,2,0
1,frontrecocatalog,100,0,167,frontend,recommendation,70,2,2,2,0
1,frontrecocatalog,100,0,167,frontend,server,74,2,2,2,0
1,frontrecocatalog,100,0,167,paymentservice,payment,39,1,1,1,0
1,frontrecocatalog,100,0,167,redis-cart,-,,1,1,1,0
1,frontrecocatalog,100,0,167,shippingservice,server,35,1,1,1,0
1,frontrecocatalog,100,0,183,adservice,server,47,1,1,1,0
1,frontrecocatalog,100,0,183,cartservice,server,64,2,2,2,0
1,frontrecocatalog,100,0,183,checkoutservice,checkout,35,1,1,1,0
1,frontrecocatalog,100,0,183,currencyservice,server,43,2,2,2,0
1,frontrecocatalog,100,0,183,emailservice,email,54,1,1,1,0
1,frontrecocatalog,100,0,183,frontend,productcatalog,67,2,2,2,0
1,frontrecocatalog,100,0,183,frontend,recommendation,74,2,2,2,0
1,frontrecocatalog,100,0,183,frontend,server,75,2,2,2,0
1,frontrecocatalog,100,0,183,paymentservice,payment,38,1,1,1,0
1,frontrecocatalog,100,0,183,redis-cart,-,,1,1,1,0
1,frontrecocatalog,100,0,183,shippingservice,server,35,1,1,1,0
1,frontrecocatalog,100,0,198,adservice,server,47,1,1,1,0
1,frontrecocatalog,100,0,198,cartservice,server,60,2,2,2,0
1,frontrecocatalog,100,0,198,checkoutservice,checkout,36,1,1,1,0
1,frontrecocatalog,100,0,198,currencyservice,server,43,2,2,2,0
1,frontrecocatalog,100,0,198,emailservice,email,51,1,1,1,0
1,frontrecocatalog,100,0,198,frontend,productcatalog,65,2,2,2,0
1,frontrecocatalog,100,0,198,frontend,recommendation,72,2,2,2,0
1,frontrecocatalog,100,0,198,frontend,server,74,2,2,2,0
1,frontrecocatalog,100,0,198,paymentservice,payment,39,1,1,1,0
1,frontrecocatalog,100,0,198,redis-cart,-,,1,1,1,0
1,frontrecocatalog,100,0,198,shippingservice,server,36,1,1,1,0
1,frontrecocatalog,100,0,213,adservice,server,48,1,1,1,0
1,frontrecocatalog,100,0,213,cartservice,server,58,2,2,2,0
1,frontrecocatalog,100,0,213,checkoutservice,checkout,36,1,1,1,0
1,frontrecocatalog,100,0,213,currencyservice,server,43,2,2,2,0
1,frontrecocatalog,100,0,213,emailservice,email,57,1,1,1,0
1,frontrecocatalog,100,0,213,frontend,productcatalog,66,2,2,2,0
1,frontrecocatalog,100,0,213,frontend,recommendation,72,2,2,2,0
1,frontrecocatalog,100,0,213,frontend,server,74,2,2,2,0
1,frontrecocatalog,100,0,213,paymentservice,payment,39,1,1,1,0
1,frontrecocatalog,100,0,213,redis-cart,-,,1,1,1,0
1,frontrecocatalog,100,0,213,shippingservice,server,35,1,1,1,0
1,frontrecocatalog,100,0,228,adservice,server,47,1,1,1,0
1,frontrecocatalog,100,0,228,cartservice,server,64,2,2,2,0
1,frontrecocatalog,100,0,228,checkoutservice,checkout,34,1,1,1,0
1,frontrecocatalog,100,0,228,currencyservice,server,43,2,2,2,0
1,frontrecocatalog,100,0,228,emailservice,email,54,1,1,1,0
1,frontrecocatalog,100,0,228,frontend,productcatalog,65,2,2,2,0
1,frontrecocatalog,100,0,228,frontend,recommendation,72,2,2,2,0
1,frontrecocatalog,100,0,228,frontend,server,75,2,2,2,0
1,frontrecocatalog,100,0,228,paymentservice,payment,39,1,1,1,0
1,frontrecocatalog,100,0,228,redis-cart,-,,1,1,1,0
1,frontrecocatalog,100,0,228,shippingservice,server,36,1,1,1,0
1,frontrecocatalog,100,0,244,adservice,server,47,1,1,1,0
1,frontrecocatalog,100,0,244,cartservice,server,61,2,2,2,0
1,frontrecocatalog,100,0,244,checkoutservice,checkout,36,1,1,1,0
1,frontrecocatalog,100,0,244,currencyservice,server,42,2,2,2,0
1,frontrecocatalog,100,0,244,emailservice,email,54,1,1,1,0
1,frontrecocatalog,100,0,244,frontend,productcatalog,66,2,2,2,0
1,frontrecocatalog,100,0,244,frontend,recommendation,71,2,2,2,0
1,frontrecocatalog,100,0,244,frontend,server,73,2,2,2,0
1,frontrecocatalog,100,0,244,paymentservice,payment,38,1,1,1,0
1,frontrecocatalog,100,0,244,redis-cart,-,,1,1,1,0
1,frontrecocatalog,100,0,244,shippingservice,server,36,1,1,1,0
1,frontrecocatalog,100,0,259,adservice,server,48,1,1,1,0
1,frontrecocatalog,100,0,259,cartservice,server,62,2,2,2,0
1,frontrecocatalog,100,0,259,checkoutservice,checkout,36,1,1,1,0
1,frontrecocatalog,100,0,259,currencyservice,server,43,2,2,2,0
1,frontrecocatalog,100,0,259,emailservice,email,53,1,1,1,0
1,frontrecocatalog,100,0,259,frontend,productcatalog,64,2,2,2,0
1,frontrecocatalog,100,0,259,frontend,recommendation,72,2,2,2,0
1,frontrecocatalog,100,0,259,frontend,server,72,2,2,2,0
1,frontrecocatalog,100,0,259,paymentservice,payment,38,1,1,1,0
1,frontrecocatalog,100,0,259,redis-cart,-,,1,1,1,0
1,frontrecocatalog,100,0,259,shippingservice,server,35,1,1,1,0
1,frontrecocatalog,100,0,274,adservice,server,47,1,1,1,0
1,frontrecocatalog,100,0,274,cartservice,server,64,2,2,2,0
1,frontrecocatalog,100,0,274,checkoutservice,checkout,35,1,1,1,0
1,frontrecocatalog,100,0,274,currencyservice,server,43,2,2,2,0
1,frontrecocatalog,100,0,274,emailservice,email,53,1,1,1,0
1,frontrecocatalog,100,0,274,frontend,productcatalog,65,2,2,2,0
1,frontrecocatalog,100,0,274,frontend,recommendation,72,2,2,2,0
1,frontrecocatalog,100,0,274,frontend,server,73,2,2,2,0
1,frontrecocatalog,100,0,274,paymentservice,payment,37,1,1,1,0
1,frontrecocatalog,100,0,274,redis-cart,-,,1,1,1,0
1,frontrecocatalog,100,0,274,shippingservice,server,35,1,1,1,0
1,frontrecocatalog,100,0,289,adservice,server,47,1,1,1,0
1,frontrecocatalog,100,0,289,cartservice,server,64,2,2,2,0
1,frontrecocatalog,100,0,289,checkoutservice,checkout,35,1,1,1,0
1,frontrecocatalog,100,0,289,currencyservice,server,43,2,2,2,0
1,frontrecocatalog,100,0,289,emailservice,email,53,1,1,1,0
1,frontrecocatalog,100,0,289,frontend,productcatalog,65,2,2,2,0
1,frontrecocatalog,100,0,289,frontend,recommendation,72,2,2,2,0
1,frontrecocatalog,100,0,289,frontend,server,74,2,2,2,0
1,frontrecocatalog,100,0,289,paymentservice,payment,41,1,1,1,0
1,frontrecocatalog,100,0,289,redis-cart,-,,1,1,1,0
1,frontrecocatalog,100,0,289,shippingservice,server,35,1,1,1,0
1,frontrecocatalog,100,0,304,adservice,server,47,1,1,1,0
1,frontrecocatalog,100,0,304,cartservice,server,63,2,2,2,0
1,frontrecocatalog,100,0,304,checkoutservice,checkout,37,1,1,1,0
1,frontrecocatalog,100,0,304,currencyservice,server,43,2,2,2,0
1,frontrecocatalog,100,0,304,emailservice,email,54,1,1,1,0
1,frontrecocatalog,100,0,304,frontend,productcatalog,65,2,2,2,0
1,frontrecocatalog,100,0,304,frontend,recommendation,73,2,2,2,0
1,frontrecocatalog,100,0,304,frontend,server,73,2,2,2,0
1,frontrecocatalog,100,0,304,paymentservice,payment,38,1,1,1,0
1,frontrecocatalog,100,0,304,redis-cart,-,,1,1,1,0
1,frontrecocatalog,100,0,304,shippingservice,server,37,1,1,1,0
1,frontrecocatalog,100,0,320,adservice,server,49,1,1,1,0
1,frontrecocatalog,100,0,320,cartservice,server,59,2,2,2,0
1,frontrecocatalog,100,0,320,checkoutservice,checkout,34,1,1,1,0
1,frontrecocatalog,100,0,320,currencyservice,server,43,2,2,2,0
1,frontrecocatalog,100,0,320,emailservice,email,54,1,1,1,0
1,frontrecocatalog,100,0,320,frontend,productcatalog,65,2,2,2,0
1,frontrecocatalog,100,0,320,frontend,recommendation,70,2,2,2,0
1,frontrecocatalog,100,0,320,frontend,server,73,2,2,2,0
1,frontrecocatalog,100,0,320,paymentservice,payment,38,1,1,1,0
1,frontrecocatalog,100,0,320,redis-cart,-,,1,1,1,0
1,frontrecocatalog,100,0,320,shippingservice,server,35,1,1,1,0
1,frontrecocatalog,100,0,335,adservice,server,46,1,1,1,0
1,frontrecocatalog,100,0,335,cartservice,server,58,2,2,2,0
1,frontrecocatalog,100,0,335,checkoutservice,checkout,34,1,1,1,0
1,frontrecocatalog,100,0,335,currencyservice,server,42,2,2,2,0
1,frontrecocatalog,100,0,335,emailservice,email,51,1,1,1,0
1,frontrecocatalog,100,0,335,frontend,productcatalog,64,2,2,2,0
1,frontrecocatalog,100,0,335,frontend,recommendation,72,2,2,2,0
1,frontrecocatalog,100,0,335,frontend,server,74,2,2,2,0
1,frontrecocatalog,100,0,335,paymentservice,payment,39,1,1,1,0
1,frontrecocatalog,100,0,335,redis-cart,-,,1,1,1,0
1,frontrecocatalog,100,0,335,shippingservice,server,35,1,1,1,0
1,frontrecocatalog,100,0,350,adservice,server,48,1,1,1,0
1,frontrecocatalog,100,0,350,cartservice,server,65,2,2,2,0
1,frontrecocatalog,100,0,350,checkoutservice,checkout,36,1,1,1,0
1,frontrecocatalog,100,0,350,currencyservice,server,43,2,2,2,0
1,frontrecocatalog,100,0,350,emailservice,email,56,1,1,1,0
1,frontrecocatalog,100,0,350,frontend,productcatalog,64,2,2,2,0
1,frontrecocatalog,100,0,350,frontend,recommendation,72,2,2,2,0
1,frontrecocatalog,100,0,350,frontend,server,73,2,2,2,0
1,frontrecocatalog,100,0,350,paymentservice,payment,38,1,1,1,0
1,frontrecocatalog,100,0,350,redis-cart,-,,1,1,1,0
1,frontrecocatalog,100,0,350,shippingservice,server,35,1,1,1,0
1,frontrecocatalog,100,0,365,adservice,server,48,1,1,1,0
1,frontrecocatalog,100,0,365,cartservice,server,65,2,2,2,0
1,frontrecocatalog,100,0,365,checkoutservice,checkout,36,1,1,1,0
1,frontrecocatalog,100,0,365,currencyservice,server,43,2,2,2,0
1,frontrecocatalog,100,0,365,emailservice,email,54,1,1,1,0
1,frontrecocatalog,100,0,365,frontend,productcatalog,66,2,2,2,0
1,frontrecocatalog,100,0,365,frontend,recommendation,72,2,2,2,0
1,frontrecocatalog,100,0,365,frontend,server,74,2,2,2,0
1,frontrecocatalog,100,0,365,paymentservice,payment,38,1,1,1,0
1,frontrecocatalog,100,0,365,redis-cart,-,,1,1,1,0
1,frontrecocatalog,100,0,365,shippingservice,server,36,1,1,1,0
1,frontrecocatalog,100,0,381,adservice,server,47,1,1,1,0
1,frontrecocatalog,100,0,381,cartservice,server,61,2,2,2,0
1,frontrecocatalog,100,0,381,checkoutservice,checkout,36,1,1,1,0
1,frontrecocatalog,100,0,381,currencyservice,server,43,2,2,2,0
1,frontrecocatalog,100,0,381,emailservice,email,53,1,1,1,0
1,frontrecocatalog,100,0,381,frontend,productcatalog,66,2,2,2,0
1,frontrecocatalog,100,0,381,frontend,recommendation,73,2,2,2,0
1,frontrecocatalog,100,0,381,frontend,server,75,2,2,2,0
1,frontrecocatalog,100,0,381,paymentservice,payment,38,1,1,1,0
1,frontrecocatalog,100,0,381,redis-cart,-,,1,1,1,0
1,frontrecocatalog,100,0,381,shippingservice,server,36,1,1,1,0
1,frontrecocatalog,100,0,396,adservice,server,47,1,1,1,0
1,frontrecocatalog,100,0,396,cartservice,server,61,2,2,2,0
1,frontrecocatalog,100,0,396,checkoutservice,checkout,35,1,1,1,0
1,frontrecocatalog,100,0,396,currencyservice,server,43,2,2,2,0
1,frontrecocatalog,100,0,396,emailservice,email,53,1,1,1,0
1,frontrecocatalog,100,0,396,frontend,productcatalog,66,2,2,2,0
1,frontrecocatalog,100,0,396,frontend,recommendation,71,2,2,2,0
1,frontrecocatalog,100,0,396,frontend,server,74,2,2,2,0
1,frontrecocatalog,100,0,396,paymentservice,payment,38,1,1,1,0
1,frontrecocatalog,100,0,396,redis-cart,-,,1,1,1,0
1,frontrecocatalog,100,0,396,shippingservice,server,36,1,1,1,0
1,frontrecocatalog,100,0,411,adservice,server,47,1,1,1,0
1,frontrecocatalog,100,0,411,cartservice,server,59,2,2,2,0
1,frontrecocatalog,100,0,411,checkoutservice,checkout,34,1,1,1,0
1,frontrecocatalog,100,0,411,currencyservice,server,43,2,2,2,0
1,frontrecocatalog,100,0,411,emailservice,email,53,1,1,1,0
1,frontrecocatalog,100,0,411,frontend,productcatalog,65,2,2,2,0
1,frontrecocatalog,100,0,411,frontend,recommendation,74,2,2,2,0
1,frontrecocatalog,100,0,411,frontend,server,73,2,2,2,0
1,frontrecocatalog,100,0,411,paymentservice,payment,38,1,1,1,0
1,frontrecocatalog,100,0,411,redis-cart,-,,1,1,1,0
1,frontrecocatalog,100,0,411,shippingservice,server,34,1,1,1,0
1,frontrecocatalog,100,0,426,adservice,server,48,1,1,1,0
1,frontrecocatalog,100,0,426,cartservice,server,68,2,2,2,0
1,frontrecocatalog,100,0,426,checkoutservice,checkout,37,1,1,1,0
1,frontrecocatalog,100,0,426,currencyservice,server,43,2,2,2,0
1,frontrecocatalog,100,0,426,emailservice,email,55,1,1,1,0
1,frontrecocatalog,100,0,426,frontend,productcatalog,66,2,2,2,0
1,frontrecocatalog,100,0,426,frontend,recommendation,73,2,2,2,0
1,frontrecocatalog,100,0,426,frontend,server,74,2,2,2,0
1,frontrecocatalog,100,0,426,paymentservice,payment,39,1,1,1,0
1,frontrecocatalog,100,0,426,redis-cart,-,,1,1,1,0
1,frontrecocatalog,100,0,426,shippingservice,server,37,1,1,1,0
1,frontrecocatalog,100,0,441,adservice,server,48,1,1,1,0
1,frontrecocatalog,100,0,441,cartservice,server,18,2,2,2,0
1,frontrecocatalog,100,0,441,checkoutservice,checkout,28,1,1,1,0
1,frontrecocatalog,100,0,441,currencyservice,server,41,2,2,2,0
1,frontrecocatalog,100,0,441,emailservice,email,35,1,1,1,0
1,frontrecocatalog,100,0,441,frontend,productcatalog,49,2,2,2,0
1,frontrecocatalog,100,0,441,frontend,recommendation,61,2,2,2,0
1,frontrecocatalog,100,0,441,frontend,server,75,2,2,2,0
1,frontrecocatalog,100,0,441,paymentservice,payment,28,1,1,1,0
1,frontrecocatalog,100,0,441,redis-cart,-,,1,1,1,0
1,frontrecocatalog,100,0,441,shippingservice,server,19,1,1,1,0
2,normal,100,0,0,adservice,-,,1,0,1,0
2,normal,100,0,0,cartservice,-,,1,0,1,0
2,normal,100,0,0,checkoutservice,checkout,0,1,1,1,0
2,normal,100,0,0,currencyservice,server,0,1,1,1,0
2,normal,100,0,0,emailservice,email,1,1,1,1,0
2,normal,100,0,0,frontend,server,0,1,1,1,0
2,normal,100,0,0,paymentservice,payment,0,1,1,1,0
2,normal,100,0,0,productcatalogservice,server,0,1,1,1,0
2,normal,100,0,0,recommendationservice,-,,,0,1,0
2,normal,100,0,0,redis-cart,-,,1,1,1,0
2,normal,100,0,0,shippingservice,-,,,0,1,0
2,normal,100,0,15,adservice,-,,1,0,1,0
2,normal,100,0,15,cartservice,server,0,1,1,1,0
2,normal,100,0,15,checkoutservice,checkout,0,1,1,1,0
2,normal,100,0,15,currencyservice,server,0,1,1,1,0
2,normal,100,0,15,emailservice,email,8,1,1,1,0
2,normal,100,0,15,frontend,server,0,1,1,1,0
2,normal,100,0,15,paymentservice,payment,2,1,1,1,0
2,normal,100,0,15,productcatalogservice,server,0,1,1,1,0
2,normal,100,0,15,recommendationservice,server,0,1,1,1,0
2,normal,100,0,15,redis-cart,-,,1,1,1,0
2,normal,100,0,15,shippingservice,server,0,1,1,1,0
2,normal,100,0,30,adservice,server,83,1,2,1,0
2,normal,100,0,30,cartservice,server,103,1,1,1,0
2,normal,100,0,30,checkoutservice,checkout,25,1,1,1,0
2,normal,100,0,30,currencyservice,server,56,1,1,1,0
2,normal,100,0,30,emailservice,email,57,1,1,1,0
2,normal,100,0,30,frontend,server,83,1,1,1,0
2,normal,100,0,30,paymentservice,payment,62,1,1,1,0
2,normal,100,0,30,productcatalogservice,server,82,1,1,1,0
2,normal,100,0,30,recommendationservice,server,73,1,1,1,0
2,normal,100,0,30,redis-cart,-,,1,1,1,0
2,normal,100,0,30,shippingservice,server,0,1,1,1,0
2,normal,100,0,46,adservice,server,68,2,2,1,0
2,normal,100,0,46,cartservice,server,78,1,2,1,0
2,normal,100,0,46,checkoutservice,checkout,25,1,1,1,0
2,normal,100,0,46,currencyservice,server,50,1,1,1,0
2,normal,100,0,46,emailservice,email,49,1,1,1,0
2,normal,100,0,46,frontend,server,70,1,1,1,0
2,normal,100,0,46,paymentservice,payment,41,1,1,1,0
2,normal,100,0,46,productcatalogservice,server,70,1,1,1,0
2,normal,100,0,46,recommendationservice,server,69,1,1,1,0
2,normal,100,0,46,redis-cart,-,,1,1,1,0
2,normal,100,0,46,shippingservice,server,32,1,1,1,0
2,normal,100,0,61,adservice,server,34,2,2,2,0
2,normal,100,0,61,cartservice,server,76,2,2,1,0
2,normal,100,0,61,checkoutservice,checkout,29,1,1,1,0
2,normal,100,0,61,currencyservice,server,48,1,1,1,0
2,normal,100,0,61,emailservice,email,46,1,1,1,0
2,normal,100,0,61,frontend,server,71,1,1,1,0
2,normal,100,0,61,paymentservice,payment,35,1,1,1,0
2,normal,100,0,61,productcatalogservice,server,69,1,1,1,0
2,normal,100,0,61,recommendationservice,server,67,1,1,1,0
2,normal,100,0,61,redis-cart,-,,1,1,1,0
2,normal,100,0,61,shippingservice,server,30,1,1,1,0
2,normal,100,0,76,adservice,server,42,2,2,2,0
2,normal,100,0,76,cartservice,server,71,2,2,2,0
2,normal,100,0,76,checkoutservice,checkout,28,1,1,1,0
2,normal,100,0,76,currencyservice,server,48,1,1,1,0
2,normal,100,0,76,emailservice,email,46,1,1,1,0
2,normal,100,0,76,frontend,server,71,1,1,1,0
2,normal,100,0,76,paymentservice,payment,34,1,1,1,0
2,normal,100,0,76,productcatalogservice,server,65,1,1,1,0
2,normal,100,0,76,recommendationservice,server,67,1,1,1,0
2,normal,100,0,76,redis-cart,-,,1,1,1,0
2,normal,100,0,76,shippingservice,server,29,1,1,1,0
2,normal,100,0,91,adservice,server,28,2,2,2,0
2,normal,100,0,91,cartservice,server,72,2,2,2,0
2,normal,100,0,91,checkoutservice,checkout,26,1,1,1,0
2,normal,100,0,91,currencyservice,server,49,1,1,1,0
2,normal,100,0,91,emailservice,email,46,1,1,1,0
2,normal,100,0,91,frontend,server,76,1,1,1,0
2,normal,100,0,91,paymentservice,payment,31,1,1,1,0
2,normal,100,0,91,productcatalogservice,server,70,1,1,1,0
2,normal,100,0,91,recommendationservice,server,71,1,1,1,0
2,normal,100,0,91,redis-cart,-,,1,1,1,0
2,normal,100,0,91,shippingservice,server,30,1,1,1,0
2,normal,100,0,107,adservice,server,10,2,1,1,0
2,normal,100,0,107,cartservice,server,36,2,2,2,0
2,normal,100,0,107,checkoutservice,checkout,31,1,1,1,0
2,normal,100,0,107,currencyservice,server,49,1,1,1,0
2,normal,100,0,107,emailservice,email,46,1,1,1,0
2,normal,100,0,107,frontend,server,74,1,1,1,0
2,normal,100,0,107,paymentservice,payment,33,1,1,1,0
2,normal,100,0,107,productcatalogservice,server,69,1,1,1,0
2,normal,100,0,107,recommendationservice,server,69,1,1,1,0
2,normal,100,0,107,redis-cart,-,,1,1,1,0
2,normal,100,0,107,shippingservice,server,30,1,1,1,0
2,normal,100,0,122,adservice,server,23,1,1,1,0
2,normal,100,0,122,cartservice,server,37,2,2,2,0
2,normal,100,0,122,checkoutservice,checkout,28,1,1,1,0
2,normal,100,0,122,currencyservice,server,50,1,1,1,0
2,normal,100,0,122,emailservice,email,50,1,1,1,0
2,normal,100,0,122,frontend,server,75,1,1,1,0
2,normal,100,0,122,paymentservice,payment,34,1,1,1,0
2,normal,100,0,122,productcatalogservice,server,69,1,1,1,0
2,normal,100,0,122,recommendationservice,server,68,1,1,1,0
2,normal,100,0,122,redis-cart,-,,1,1,1,0
2,normal,100,0,122,shippingservice,server,30,1,1,1,0
2,normal,100,0,137,adservice,server,16,1,1,1,0
2,normal,100,0,137,cartservice,server,40,2,2,2,0
2,normal,100,0,137,checkoutservice,checkout,30,1,1,1,0
2,normal,100,0,137,currencyservice,server,50,1,1,1,0
2,normal,100,0,137,emailservice,email,47,1,1,1,0
2,normal,100,0,137,frontend,server,73,1,1,1,0
2,normal,100,0,137,paymentservice,payment,33,1,1,1,0
2,normal,100,0,137,productcatalogservice,server,68,1,1,1,0
2,normal,100,0,137,recommendationservice,server,69,1,1,1,0
2,normal,100,0,137,redis-cart,-,,1,1,1,0
2,normal,100,0,137,shippingservice,server,30,1,1,1,0
2,normal,100,0,152,adservice,server,19,1,1,1,0
2,normal,100,0,152,cartservice,server,34,2,2,2,0
2,normal,100,0,152,checkoutservice,checkout,29,1,1,1,0
2,normal,100,0,152,currencyservice,server,48,1,1,1,0
2,normal,100,0,152,emailservice,email,47,1,1,1,0
2,normal,100,0,152,frontend,server,71,1,1,1,0
2,normal,100,0,152,paymentservice,payment,32,1,1,1,0
2,normal,100,0,152,productcatalogservice,server,68,1,1,1,0
2,normal,100,0,152,recommendationservice,server,66,1,1,1,0
2,normal,100,0,152,redis-cart,-,,1,1,1,0
2,normal,100,0,152,shippingservice,server,28,1,1,1,0
2,normal,100,0,167,adservice,server,15,1,1,1,0
2,normal,100,0,167,cartservice,server,40,2,2,2,0
2,normal,100,0,167,checkoutservice,checkout,28,1,1,1,0
2,normal,100,0,167,currencyservice,server,49,1,1,1,0
2,normal,100,0,167,emailservice,email,46,1,1,1,0
2,normal,100,0,167,frontend,server,71,1,1,1,0
2,normal,100,0,167,paymentservice,payment,36,1,1,1,0
2,normal,100,0,167,productcatalogservice,server,67,1,1,1,0
2,normal,100,0,167,recommendationservice,server,68,1,1,1,0
2,normal,100,0,167,redis-cart,-,,1,1,1,0
2,normal,100,0,167,shippingservice,server,32,1,1,1,0
2,normal,100,0,183,adservice,server,14,1,1,1,0
2,normal,100,0,183,cartservice,server,37,2,2,2,0
2,normal,100,0,183,checkoutservice,checkout,28,1,1,1,0
2,normal,100,0,183,currencyservice,server,48,1,1,1,0
2,normal,100,0,183,emailservice,email,46,1,1,1,0
2,normal,100,0,183,frontend,server,71,1,1,1,0
2,normal,100,0,183,paymentservice,payment,33,1,1,1,0
2,normal,100,0,183,productcatalogservice,server,66,1,1,1,0
2,normal,100,0,183,recommendationservice,server,64,1,1,1,0
2,normal,100,0,183,redis-cart,-,,1,1,1,0
2,normal,100,0,183,shippingservice,server,29,1,1,1,0
2,normal,100,0,198,adservice,server,14,1,1,1,0
2,normal,100,0,198,cartservice,server,37,2,2,2,0
2,normal,100,0,198,checkoutservice,checkout,27,1,1,1,0
2,normal,100,0,198,currencyservice,server,48,1,1,1,0
2,normal,100,0,198,emailservice,email,45,1,1,1,0
2,normal,100,0,198,frontend,server,70,1,1,1,0
2,normal,100,0,198,paymentservice,payment,32,1,1,1,0
2,normal,100,0,198,productcatalogservice,server,65,1,1,1,0
2,normal,100,0,198,recommendationservice,server,65,1,1,1,0
2,normal,100,0,198,redis-cart,-,,1,1,1,0
2,normal,100,0,198,shippingservice,server,29,1,1,1,0
2,normal,100,0,213,adservice,server,13,1,1,1,0
2,normal,100,0,213,cartservice,server,37,2,2,2,0
2,normal,100,0,213,checkoutservice,checkout,28,1,1,1,0
2,normal,100,0,213,currencyservice,server,49,1,1,1,0
2,normal,100,0,213,emailservice,email,45,1,1,1,0
2,normal,100,0,213,frontend,server,69,1,1,1,0
2,normal,100,0,213,paymentservice,payment,33,1,1,1,0
2,normal,100,0,213,productcatalogservice,server,66,1,1,1,0
2,normal,100,0,213,recommendationservice,server,70,1,1,1,0
2,normal,100,0,213,redis-cart,-,,1,1,1,0
2,normal,100,0,213,shippingservice,server,30,1,1,1,0
2,normal,100,0,228,adservice,server,12,1,1,1,0
2,normal,100,0,228,cartservice,server,37,2,2,2,0
2,normal,100,0,228,checkoutservice,checkout,28,1,1,1,0
2,normal,100,0,228,currencyservice,server,48,1,1,1,0
2,normal,100,0,228,emailservice,email,47,1,1,1,0
2,normal,100,0,228,frontend,server,72,1,1,1,0
2,normal,100,0,228,paymentservice,payment,33,1,1,1,0
2,normal,100,0,228,productcatalogservice,server,66,1,1,1,0
2,normal,100,0,228,recommendationservice,server,65,1,1,1,0
2,normal,100,0,228,redis-cart,-,,1,1,1,0
2,normal,100,0,228,shippingservice,server,29,1,1,1,0
2,normal,100,0,243,adservice,server,12,1,1,1,0
2,normal,100,0,243,cartservice,server,37,2,2,2,0
2,normal,100,0,243,checkoutservice,checkout,28,1,1,1,0
2,normal,100,0,243,currencyservice,server,48,1,1,1,0
2,normal,100,0,243,emailservice,email,45,1,1,1,0
2,normal,100,0,243,frontend,server,69,1,1,1,0
2,normal,100,0,243,paymentservice,payment,34,1,1,1,0
2,normal,100,0,243,productcatalogservice,server,66,1,1,1,0
2,normal,100,0,243,recommendationservice,server,65,1,1,1,0
2,normal,100,0,243,redis-cart,-,,1,1,1,0
2,normal,100,0,243,shippingservice,server,29,1,1,1,0
2,normal,100,0,259,adservice,server,12,1,1,1,0
2,normal,100,0,259,cartservice,server,37,2,2,2,0
2,normal,100,0,259,checkoutservice,checkout,28,1,1,1,0
2,normal,100,0,259,currencyservice,server,49,1,1,1,0
2,normal,100,0,259,emailservice,email,49,1,1,1,0
2,normal,100,0,259,frontend,server,69,1,1,1,0
2,normal,100,0,259,paymentservice,payment,33,1,1,1,0
2,normal,100,0,259,productcatalogservice,server,65,1,1,1,0
2,normal,100,0,259,recommendationservice,server,67,1,1,1,0
2,normal,100,0,259,redis-cart,-,,1,1,1,0
2,normal,100,0,259,shippingservice,server,30,1,1,1,0
2,normal,100,0,274,adservice,server,13,1,1,1,0
2,normal,100,0,274,cartservice,server,36,2,2,2,0
2,normal,100,0,274,checkoutservice,checkout,28,1,1,1,0
2,normal,100,0,274,currencyservice,server,49,1,1,1,0
2,normal,100,0,274,emailservice,email,46,1,1,1,0
2,normal,100,0,274,frontend,server,72,1,1,1,0
2,normal,100,0,274,paymentservice,payment,33,1,1,1,0
2,normal,100,0,274,productcatalogservice,server,71,1,1,1,0
2,normal,100,0,274,recommendationservice,server,67,1,1,1,0
2,normal,100,0,274,redis-cart,-,,1,1,1,0
2,normal,100,0,274,shippingservice,server,28,1,1,1,0
2,normal,100,0,289,adservice,server,12,1,1,1,0
2,normal,100,0,289,cartservice,server,35,2,2,2,0
2,normal,100,0,289,checkoutservice,checkout,29,1,1,1,0
2,normal,100,0,289,currencyservice,server,47,1,1,1,0
2,normal,100,0,289,emailservice,email,49,1,1,1,0
2,normal,100,0,289,frontend,server,71,1,1,1,0
2,normal,100,0,289,paymentservice,payment,31,1,1,1,0
2,normal,100,0,289,productcatalogservice,server,65,1,1,1,0
2,normal,100,0,289,recommendationservice,server,67,1,1,1,0
2,normal,100,0,289,redis-cart,-,,1,1,1,0
2,normal,100,0,289,shippingservice,server,30,1,1,1,0
2,normal,100,0,304,adservice,server,14,1,1,1,0
2,normal,100,0,304,cartservice,server,38,2,2,2,0
2,normal,100,0,304,checkoutservice,checkout,28,1,1,1,0
2,normal,100,0,304,currencyservice,server,49,1,1,1,0
2,normal,100,0,304,emailservice,email,46,1,1,1,0
2,normal,100,0,304,frontend,server,71,1,1,1,0
2,normal,100,0,304,paymentservice,payment,37,1,1,1,0
2,normal,100,0,304,productcatalogservice,server,66,1,1,1,0
2,normal,100,0,304,recommendationservice,server,66,1,1,1,0
2,normal,100,0,304,redis-cart,-,,1,1,1,0
2,normal,100,0,304,shippingservice,server,29,1,1,1,0
2,normal,100,0,320,adservice,server,12,1,1,1,0
2,normal,100,0,320,cartservice,server,38,2,2,2,0
2,normal,100,0,320,checkoutservice,checkout,28,1,1,1,0
2,normal,100,0,320,currencyservice,server,48,1,1,1,0
2,normal,100,0,320,emailservice,email,46,1,1,1,0
2,normal,100,0,320,frontend,server,70,1,1,1,0
2,normal,100,0,320,paymentservice,payment,33,1,1,1,0
2,normal,100,0,320,productcatalogservice,server,65,1,1,1,0
2,normal,100,0,320,recommendationservice,server,63,1,1,1,0
2,normal,100,0,320,redis-cart,-,,1,1,1,0
2,normal,100,0,320,shippingservice,server,29,1,1,1,0
2,normal,100,0,335,adservice,server,13,1,1,1,0
2,normal,100,0,335,cartservice,server,36,2,2,2,0
2,normal,100,0,335,checkoutservice,checkout,29,1,1,1,0
2,normal,100,0,335,currencyservice,server,49,1,1,1,0
2,normal,100,0,335,emailservice,email,45,1,1,1,0
2,normal,100,0,335,frontend,server,75,1,1,1,0
2,normal,100,0,335,paymentservice,payment,33,1,1,1,0
2,normal,100,0,335,productcatalogservice,server,69,1,1,1,0
2,normal,100,0,335,recommendationservice,server,71,1,1,1,0
2,normal,100,0,335,redis-cart,-,,1,1,1,0
2,normal,100,0,335,shippingservice,server,29,1,1,1,0
2,normal,100,0,350,adservice,server,13,1,1,1,0
2,normal,100,0,350,cartservice,server,36,2,2,2,0
2,normal,100,0,350,checkoutservice,checkout,27,1,1,1,0
2,normal,100,0,350,currencyservice,server,47,1,1,1,0
2,normal,100,0,350,emailservice,email,48,1,1,1,0
2,normal,100,0,350,frontend,server,69,1,1,1,0
2,normal,100,0,350,paymentservice,payment,33,1,1,1,0
2,normal,100,0,350,productcatalogservice,server,65,1,1,1,0
2,normal,100,0,350,recommendationservice,server,67,1,1,1,0
2,normal,100,0,350,redis-cart,-,,1,1,1,0
2,normal,100,0,350,shippingservice,server,29,1,1,1,0
2,normal,100,0,365,adservice,server,13,1,1,1,0
2,normal,100,0,365,cartservice,server,35,2,2,2,0
2,normal,100,0,365,checkoutservice,checkout,28,1,1,1,0
2,normal,100,0,365,currencyservice,server,49,1,1,1,0
2,normal,100,0,365,emailservice,email,45,1,1,1,0
2,normal,100,0,365,frontend,server,72,1,1,1,0
2,normal,100,0,365,paymentservice,payment,33,1,1,1,0
2,normal,100,0,365,productcatalogservice,server,67,1,1,1,0
2,normal,100,0,365,recommendationservice,server,66,1,1,1,0
2,normal,100,0,365,redis-cart,-,,1,1,1,0
2,normal,100,0,365,shippingservice,server,29,1,1,1,0
2,normal,100,0,380,adservice,server,12,1,1,1,0
2,normal,100,0,380,cartservice,server,35,2,2,2,0
2,normal,100,0,380,checkoutservice,checkout,28,1,1,1,0
2,normal,100,0,380,currencyservice,server,49,1,1,1,0
2,normal,100,0,380,emailservice,email,46,1,1,1,0
2,normal,100,0,380,frontend,server,72,1,1,1,0
2,normal,100,0,380,paymentservice,payment,33,1,1,1,0
2,normal,100,0,380,productcatalogservice,server,67,1,1,1,0
2,normal,100,0,380,recommendationservice,server,67,1,1,1,0
2,normal,100,0,380,redis-cart,-,,1,1,1,0
2,normal,100,0,380,shippingservice,server,29,1,1,1,0
2,normal,100,0,396,adservice,server,14,1,1,1,0
2,normal,100,0,396,cartservice,server,37,2,2,2,0
2,normal,100,0,396,checkoutservice,checkout,28,1,1,1,0
2,normal,100,0,396,currencyservice,server,48,1,1,1,0
2,normal,100,0,396,emailservice,email,46,1,1,1,0
2,normal,100,0,396,frontend,server,73,1,1,1,0
2,normal,100,0,396,paymentservice,payment,31,1,1,1,0
2,normal,100,0,396,productcatalogservice,server,66,1,1,1,0
2,normal,100,0,396,recommendationservice,server,66,1,1,1,0
2,normal,100,0,396,redis-cart,-,,1,1,1,0
2,normal,100,0,396,shippingservice,server,29,1,1,1,0
2,normal,100,0,411,adservice,server,12,1,1,1,0
2,normal,100,0,411,cartservice,server,37,2,2,2,0
2,normal,100,0,411,checkoutservice,checkout,28,1,1,1,0
2,normal,100,0,411,currencyservice,server,49,1,1,1,0
2,normal,100,0,411,emailservice,email,46,1,1,1,0
2,normal,100,0,411,frontend,server,69,1,1,1,0
2,normal,100,0,411,paymentservice,payment,34,1,1,1,0
2,normal,100,0,411,productcatalogservice,server,65,1,1,1,0
2,normal,100,0,411,recommendationservice,server,65,1,1,1,0
2,normal,100,0,411,redis-cart,-,,1,1,1,0
2,normal,100,0,411,shippingservice,server,29,1,1,1,0
2,normal,100,0,426,adservice,server,13,1,1,1,0
2,normal,100,0,426,cartservice,server,40,2,2,2,0
2,normal,100,0,426,checkoutservice,checkout,26,1,1,1,0
2,normal,100,0,426,currencyservice,server,49,1,1,1,0
2,normal,100,0,426,emailservice,email,46,1,1,1,0
2,normal,100,0,426,frontend,server,70,1,1,1,0
2,normal,100,0,426,paymentservice,payment,33,1,1,1,0
2,normal,100,0,426,productcatalogservice,server,66,1,1,1,0
2,normal,100,0,426,recommendationservice,server,64,1,1,1,0
2,normal,100,0,426,redis-cart,-,,1,1,1,0
2,normal,100,0,426,shippingservice,server,30,1,1,1,0
2,normal,100,0,441,adservice,server,13,1,1,1,0
2,normal,100,0,441,cartservice,server,33,2,2,2,0
2,normal,100,0,441,checkoutservice,checkout,28,1,1,1,0
2,normal,100,0,441,currencyservice,server,46,1,1,1,0
2,normal,100,0,441,emailservice,email,46,1,1,1,0
2,normal,100,0,441,frontend,server,69,1,1,1,0
2,normal,100,0,441,paymentservice,payment,23,1,1,1,0
2,normal,100,0,441,productcatalogservice,server,66,1,1,1,0
2,normal,100,0,441,recommendationservice,server,53,1,1,1,0
2,normal,100,0,441,redis-cart,-,,1,1,1,0
2,normal,100,0,441,shippingservice,server,29,1,1,1,0
2,normal,100,0,0,adservice,server,0,1,1,1,0
2,normal,100,0,0,cartservice,server,0,2,2,2,0
2,normal,100,0,0,checkoutservice,checkout,6,1,1,1,0
2,normal,100,0,0,currencyservice,server,0,1,1,1,0
2,normal,100,0,0,emailservice,email,24,1,1,1,0
2,normal,100,0,0,frontend,server,0,1,1,1,0
2,normal,100,0,0,paymentservice,payment,0,1,1,1,0
2,normal,100,0,0,productcatalogservice,server,30,1,1,1,0
2,normal,100,0,0,recommendationservice,server,0,1,1,1,0
2,normal,100,0,0,redis-cart,-,,1,1,1,0
2,normal,100,0,0,shippingservice,server,9,1,1,1,0
2,normal,100,0,16,adservice,server,1,1,1,1,0
2,normal,100,0,16,cartservice,server,0,2,2,2,0
2,normal,100,0,16,checkoutservice,checkout,0,1,1,1,0
2,normal,100,0,16,currencyservice,server,0,1,1,1,0
2,normal,100,0,16,emailservice,email,1,1,1,1,0
2,normal,100,0,16,frontend,server,0,1,1,1,0
2,normal,100,0,16,paymentservice,payment,0,1,1,1,0
2,normal,100,0,16,productcatalogservice,server,0,1,1,1,0
2,normal,100,0,16,recommendationservice,server,0,1,1,1,0
2,normal,100,0,16,redis-cart,-,,1,1,1,0
2,normal,100,0,16,shippingservice,server,0,1,1,1,0
2,normal,100,0,31,adservice,server,2,1,1,1,0
2,normal,100,0,31,cartservice,server,10,2,1,1,0
2,normal,100,0,31,checkoutservice,checkout,4,1,1,1,0
2,normal,100,0,31,currencyservice,server,21,1,1,1,0
2,normal,100,0,31,emailservice,email,6,1,1,1,0
2,normal,100,0,31,frontend,server,5,1,1,1,0
2,normal,100,0,31,paymentservice,payment,0,1,1,1,0
2,normal,100,0,31,productcatalogservice,server,10,1,1,1,0
2,normal,100,0,31,recommendationservice,server,18,1,1,1,0
2,normal,100,0,31,redis-cart,-,,1,1,1,0
2,normal,100,0,31,shippingservice,server,9,1,1,1,0
2,normal,100,0,46,adservice,server,23,1,1,1,0
2,normal,100,0,46,cartservice,server,0,1,1,1,0
2,normal,100,0,46,checkoutservice,checkout,30,1,1,1,0
2,normal,100,0,46,currencyservice,server,56,1,1,1,0
2,normal,100,0,46,emailservice,email,48,1,1,1,0
2,normal,100,0,46,frontend,server,88,1,1,1,0
2,normal,100,0,46,paymentservice,payment,33,1,1,1,0
2,normal,100,0,46,productcatalogservice,server,82,1,1,1,0
2,normal,100,0,46,recommendationservice,server,84,1,1,1,0
2,normal,100,0,46,redis-cart,-,,1,1,1,0
2,normal,100,0,46,shippingservice,server,31,1,1,1,0
2,normal,100,0,61,adservice,server,24,1,1,1,0
2,normal,100,0,61,cartservice,server,86,1,1,1,0
2,normal,100,0,61,checkoutservice,checkout,31,1,1,1,0
2,normal,100,0,61,currencyservice,server,57,1,1,1,0
2,normal,100,0,61,emailservice,email,51,1,1,1,0
2,normal,100,0,61,frontend,server,98,1,2,2,0
2,normal,100,0,61,paymentservice,payment,34,1,1,1,0
2,normal,100,0,61,productcatalogservice,server,90,1,2,2,0
2,normal,100,0,61,recommendationservice,server,91,1,2,2,0
2,normal,100,0,61,redis-cart,-,,1,1,1,0
2,normal,100,0,61,shippingservice,server,31,1,1,1,0
2,normal,100,0,76,adservice,server,24,1,1,1,0
2,normal,100,0,76,cartservice,server,84,1,2,1,0
2,normal,100,0,76,checkoutservice,checkout,30,1,1,1,0
2,normal,100,0,76,currencyservice,server,55,1,1,1,0
2,normal,100,0,76,emailservice,email,48,1,1,1,0
2,normal,100,0,76,frontend,server,87,2,2,2,0
2,normal,100,0,76,paymentservice,payment,35,1,1,1,0
2,normal,100,0,76,productcatalogservice,server,81,2,2,2,0
2,normal,100,0,76,recommendationservice,server,91,2,2,2,0
2,normal,100,0,76,redis-cart,-,,1,1,1,0
2,normal,100,0,76,shippingservice,server,30,1,1,1,0
2,normal,100,0,92,adservice,server,21,1,1,1,0
2,normal,100,0,92,cartservice,server,82,2,2,2,0
2,normal,100,0,92,checkoutservice,checkout,29,1,1,1,0
2,normal,100,0,92,currencyservice,server,55,1,1,1,0
2,normal,100,0,92,emailservice,email,47,1,1,1,0
2,normal,100,0,92,frontend,server,98,2,2,2,0
2,normal,100,0,92,paymentservice,payment,32,1,1,1,0
2,normal,100,0,92,productcatalogservice,server,83,2,2,2,0
2,normal,100,0,92,recommendationservice,server,43,2,2,2,0
2,normal,100,0,92,redis-cart,-,,1,1,1,0
2,normal,100,0,92,shippingservice,server,30,1,1,1,0
2,normal,100,0,107,adservice,server,27,1,1,1,0
2,normal,100,0,107,cartservice,server,97,2,2,2,0
2,normal,100,0,107,checkoutservice,checkout,34,1,1,1,0
2,normal,100,0,107,currencyservice,server,58,1,1,1,0
2,normal,100,0,107,emailservice,email,56,1,1,1,0
2,normal,100,0,107,frontend,server,53,2,2,2,0
2,normal,100,0,107,paymentservice,payment,32,1,1,1,0
2,normal,100,0,107,productcatalogservice,server,48,2,2,2,0
2,normal,100,0,107,recommendationservice,server,51,2,2,2,0
2,normal,100,0,107,redis-cart,-,,1,1,1,0
2,normal,100,0,107,shippingservice,server,36,1,1,1,0
2,normal,100,0,122,adservice,server,22,1,1,1,0
2,normal,100,0,122,cartservice,server,87,2,2,2,0
2,normal,100,0,122,checkoutservice,checkout,30,1,1,1,0
2,normal,100,0,122,currencyservice,server,58,1,1,1,0
2,normal,100,0,122,emailservice,email,48,1,1,1,0
2,normal,100,0,122,frontend,server,45,2,2,2,0
2,normal,100,0,122,paymentservice,payment,35,1,1,1,0
2,normal,100,0,122,productcatalogservice,server,42,2,2,2,0
2,normal,100,0,122,recommendationservice,server,44,2,2,2,0
2,normal,100,0,122,redis-cart,-,,1,1,1,0
2,normal,100,0,122,shippingservice,server,31,1,1,1,0
2,normal,100,0,137,adservice,server,20,1,1,1,0
2,normal,100,0,137,cartservice,server,45,2,2,2,0
2,normal,100,0,137,checkoutservice,checkout,29,1,1,1,0
2,normal,100,0,137,currencyservice,server,55,1,1,1,0
2,normal,100,0,137,emailservice,email,48,1,1,1,0
2,normal,100,0,137,frontend,server,44,2,2,2,0
2,normal,100,0,137,paymentservice,payment,34,1,1,1,0
2,normal,100,0,137,productcatalogservice,server,40,2,2,2,0
2,normal,100,0,137,recommendationservice,server,44,2,2,2,0
2,normal,100,0,137,redis-cart,-,,1,1,1,0
2,normal,100,0,137,shippingservice,server,31,1,1,1,0
2,normal,100,0,153,adservice,server,21,1,1,1,0
2,normal,100,0,153,cartservice,server,40,2,2,2,0
2,normal,100,0,153,checkoutservice,checkout,30,1,1,1,0
2,normal,100,0,153,currencyservice,server,55,1,1,1,0
2,normal,100,0,153,emailservice,email,47,1,1,1,0
2,normal,100,0,153,frontend,server,43,2,2,2,0
2,normal,100,0,153,paymentservice,payment,37,1,1,1,0
2,normal,100,0,153,productcatalogservice,server,43,2,2,2,0
2,normal,100,0,153,recommendationservice,server,42,2,2,2,0
2,normal,100,0,153,redis-cart,-,,1,1,1,0
2,normal,100,0,153,shippingservice,server,30,1,1,1,0
2,normal,100,0,168,adservice,server,29,1,1,1,0
2,normal,100,0,168,cartservice,server,42,2,2,2,0
2,normal,100,0,168,checkoutservice,checkout,29,1,1,1,0
2,normal,100,0,168,currencyservice,server,54,1,1,1,0
2,normal,100,0,168,emailservice,email,48,1,1,1,0
2,normal,100,0,168,frontend,server,43,2,2,2,0
2,normal,100,0,168,paymentservice,payment,33,1,1,1,0
2,normal,100,0,168,productcatalogservice,server,41,2,2,2,0
2,normal,100,0,168,recommendationservice,server,46,2,2,2,0
2,normal,100,0,168,redis-cart,-,,1,1,1,0
2,normal,100,0,168,shippingservice,server,30,1,1,1,0
2,normal,100,0,183,adservice,server,22,1,1,1,0
2,normal,100,0,183,cartservice,server,43,2,2,2,0
2,normal,100,0,183,checkoutservice,checkout,29,1,1,1,0
2,normal,100,0,183,currencyservice,server,59,1,1,1,0
2,normal,100,0,183,emailservice,email,50,1,1,1,0
2,normal,100,0,183,frontend,server,49,2,2,2,0
2,normal,100,0,183,paymentservice,payment,30,1,1,1,0
2,normal,100,0,183,productcatalogservice,server,45,2,2,2,0
2,normal,100,0,183,recommendationservice,server,46,2,2,2,0
2,normal,100,0,183,redis-cart,-,,1,1,1,0
2,normal,100,0,183,shippingservice,server,31,1,1,1,0
2,normal,100,0,198,adservice,server,23,1,1,1,0
2,normal,100,0,198,cartservice,server,40,2,2,2,0
2,normal,100,0,198,checkoutservice,checkout,30,1,1,1,0
2,normal,100,0,198,currencyservice,server,54,1,1,1,0
2,normal,100,0,198,emailservice,email,49,1,1,1,0
2,normal,100,0,198,frontend,server,46,2,2,2,0
2,normal,100,0,198,paymentservice,payment,33,1,1,1,0
2,normal,100,0,198,productcatalogservice,server,42,2,2,2,0
2,normal,100,0,198,recommendationservice,server,47,2,2,2,0
2,normal,100,0,198,redis-cart,-,,1,1,1,0
2,normal,100,0,198,shippingservice,server,31,1,1,1,0
2,normal,100,0,213,adservice,server,22,1,1,1,0
2,normal,100,0,213,cartservice,server,43,2,2,2,0
2,normal,100,0,213,checkoutservice,checkout,29,1,1,1,0
2,normal,100,0,213,currencyservice,server,55,1,1,1,0
2,normal,100,0,213,emailservice,email,47,1,1,1,0
2,normal,100,0,213,frontend,server,43,2,2,2,0
2,normal,100,0,213,paymentservice,payment,33,1,1,1,0
2,normal,100,0,213,productcatalogservice,server,42,2,2,2,0
2,normal,100,0,213,recommendationservice,server,42,2,2,2,0
2,normal,100,0,213,redis-cart,-,,1,1,1,0
2,normal,100,0,213,shippingservice,server,31,1,1,1,0
2,normal,100,0,229,adservice,server,22,1,1,1,0
2,normal,100,0,229,cartservice,server,41,2,2,2,0
2,normal,100,0,229,checkoutservice,checkout,30,1,1,1,0
2,normal,100,0,229,currencyservice,server,55,1,1,1,0
2,normal,100,0,229,emailservice,email,48,1,1,1,0
2,normal,100,0,229,frontend,server,43,2,2,2,0
2,normal,100,0,229,paymentservice,payment,33,1,1,1,0
2,normal,100,0,229,productcatalogservice,server,41,2,2,2,0
2,normal,100,0,229,recommendationservice,server,43,2,2,2,0
2,normal,100,0,229,redis-cart,-,,1,1,1,0
2,normal,100,0,229,shippingservice,server,29,1,1,1,0
2,normal,100,0,244,adservice,server,24,1,1,1,0
2,normal,100,0,244,cartservice,server,43,2,2,2,0
2,normal,100,0,244,checkoutservice,checkout,30,1,1,1,0
2,normal,100,0,244,currencyservice,server,55,1,1,1,0
2,normal,100,0,244,emailservice,email,47,1,1,1,0
2,normal,100,0,244,frontend,server,45,2,2,2,0
2,normal,100,0,244,paymentservice,payment,33,1,1,1,0
2,normal,100,0,244,productcatalogservice,server,43,2,2,2,0
2,normal,100,0,244,recommendationservice,server,45,2,2,2,0
2,normal,100,0,244,redis-cart,-,,1,1,1,0
2,normal,100,0,244,shippingservice,server,31,1,1,1,0
2,normal,100,0,259,adservice,server,24,1,1,1,0
2,normal,100,0,259,cartservice,server,48,2,2,2,0
2,normal,100,0,259,checkoutservice,checkout,30,1,1,1,0
2,normal,100,0,259,currencyservice,server,55,1,1,1,0
2,normal,100,0,259,emailservice,email,48,1,1,1,0
2,normal,100,0,259,frontend,server,46,2,2,2,0
2,normal,100,0,259,paymentservice,payment,34,1,1,1,0
2,normal,100,0,259,productcatalogservice,server,43,2,2,2,0
2,normal,100,0,259,recommendationservice,server,45,2,2,2,0
2,normal,100,0,259,redis-cart,-,,1,1,1,0
2,normal,100,0,259,shippingservice,server,30,1,1,1,0
2,normal,100,0,274,adservice,server,20,1,1,1,0
2,normal,100,0,274,cartservice,server,51,2,2,2,0
2,normal,100,0,274,checkoutservice,checkout,30,1,1,1,0
2,normal,100,0,274,currencyservice,server,54,1,1,1,0
2,normal,100,0,274,emailservice,email,47,1,1,1,0
2,normal,100,0,274,frontend,server,43,2,2,2,0
2,normal,100,0,274,paymentservice,payment,34,1,1,1,0
2,normal,100,0,274,productcatalogservice,server,41,2,2,2,0
2,normal,100,0,274,recommendationservice,server,45,2,2,2,0
2,normal,100,0,274,redis-cart,-,,1,1,1,0
2,normal,100,0,274,shippingservice,server,30,1,1,1,0
2,normal,100,0,290,adservice,server,20,1,1,1,0
2,normal,100,0,290,cartservice,server,50,2,2,2,0
2,normal,100,0,290,checkoutservice,checkout,30,1,1,1,0
2,normal,100,0,290,currencyservice,server,55,1,1,1,0
2,normal,100,0,290,emailservice,email,47,1,1,1,0
2,normal,100,0,290,frontend,server,43,2,2,2,0
2,normal,100,0,290,paymentservice,payment,36,1,1,1,0
2,normal,100,0,290,productcatalogservice,server,41,2,2,2,0
2,normal,100,0,290,recommendationservice,server,41,2,2,2,0
2,normal,100,0,290,redis-cart,-,,1,1,1,0
2,normal,100,0,290,shippingservice,server,31,1,1,1,0
2,normal,100,0,305,adservice,server,20,1,1,1,0
2,normal,100,0,305,cartservice,server,51,2,2,2,0
2,normal,100,0,305,checkoutservice,checkout,31,1,1,1,0
2,normal,100,0,305,currencyservice,server,57,1,1,1,0
2,normal,100,0,305,emailservice,email,48,1,1,1,0
2,normal,100,0,305,frontend,server,43,2,2,2,0
2,normal,100,0,305,paymentservice,payment,36,1,1,1,0
2,normal,100,0,305,productcatalogservice,server,41,2,2,2,0
2,normal,100,0,305,recommendationservice,server,43,2,2,2,0
2,normal,100,0,305,redis-cart,-,,1,1,1,0
2,normal,100,0,305,shippingservice,server,31,1,1,1,0
2,normal,100,0,320,adservice,server,23,1,1,1,0
2,normal,100,0,320,cartservice,server,43,2,2,2,0
2,normal,100,0,320,checkoutservice,checkout,31,1,1,1,0
2,normal,100,0,320,currencyservice,server,54,1,1,1,0
2,normal,100,0,320,emailservice,email,49,1,1,1,0
2,normal,100,0,320,frontend,server,45,2,2,2,0
2,normal,100,0,320,paymentservice,payment,34,1,1,1,0
2,normal,100,0,320,productcatalogservice,server,42,2,2,2,0
2,normal,100,0,320,recommendationservice,server,44,2,2,2,0
2,normal,100,0,320,redis-cart,-,,1,1,1,0
2,normal,100,0,320,shippingservice,server,31,1,1,1,0
2,normal,100,0,335,adservice,server,20,1,1,1,0
2,normal,100,0,335,cartservice,server,41,2,2,2,0
2,normal,100,0,335,checkoutservice,checkout,30,1,1,1,0
2,normal,100,0,335,currencyservice,server,56,1,1,1,0
2,normal,100,0,335,emailservice,email,47,1,1,1,0
2,normal,100,0,335,frontend,server,44,2,2,2,0
2,normal,100,0,335,paymentservice,payment,33,1,1,1,0
2,normal,100,0,335,productcatalogservice,server,41,2,2,2,0
2,normal,100,0,335,recommendationservice,server,43,2,2,2,0
2,normal,100,0,335,redis-cart,-,,1,1,1,0
2,normal,100,0,335,shippingservice,server,30,1,1,1,0
2,normal,100,0,350,adservice,server,22,1,1,1,0
2,normal,100,0,350,cartservice,server,45,2,2,2,0
2,normal,100,0,350,checkoutservice,checkout,27,1,1,1,0
2,normal,100,0,350,currencyservice,server,54,1,1,1,0
2,normal,100,0,350,emailservice,email,46,1,1,1,0
2,normal,100,0,350,frontend,server,45,2,2,2,0
2,normal,100,0,350,paymentservice,payment,33,1,1,1,0
2,normal,100,0,350,productcatalogservice,server,42,2,2,2,0
2,normal,100,0,350,recommendationservice,server,44,2,2,2,0
2,normal,100,0,350,redis-cart,-,,1,1,1,0
2,normal,100,0,350,shippingservice,server,30,1,1,1,0
2,normal,100,0,366,adservice,server,21,1,1,1,0
2,normal,100,0,366,cartservice,server,44,2,2,2,0
2,normal,100,0,366,checkoutservice,checkout,31,1,1,1,0
2,normal,100,0,366,currencyservice,server,55,1,1,1,0
2,normal,100,0,366,emailservice,email,49,1,1,1,0
2,normal,100,0,366,frontend,server,43,2,2,2,0
2,normal,100,0,366,paymentservice,payment,32,1,1,1,0
2,normal,100,0,366,productcatalogservice,server,41,2,2,2,0
2,normal,100,0,366,recommendationservice,server,43,2,2,2,0
2,normal,100,0,366,redis-cart,-,,1,1,1,0
2,normal,100,0,366,shippingservice,server,31,1,1,1,0
2,normal,100,0,381,adservice,server,24,1,1,1,0
2,normal,100,0,381,cartservice,server,39,2,2,2,0
2,normal,100,0,381,checkoutservice,checkout,31,1,1,1,0
2,normal,100,0,381,currencyservice,server,60,1,1,1,0
2,normal,100,0,381,emailservice,email,50,1,1,1,0
2,normal,100,0,381,frontend,server,48,2,2,2,0
2,normal,100,0,381,paymentservice,payment,32,1,1,1,0
2,normal,100,0,381,productcatalogservice,server,45,2,2,2,0
2,normal,100,0,381,recommendationservice,server,46,2,2,2,0
2,normal,100,0,381,redis-cart,-,,1,1,1,0
2,normal,100,0,381,shippingservice,server,33,1,1,1,0
2,normal,100,0,396,adservice,server,24,1,1,1,0
2,normal,100,0,396,cartservice,server,42,2,2,2,0
2,normal,100,0,396,checkoutservice,checkout,28,1,1,1,0
2,normal,100,0,396,currencyservice,server,53,1,1,1,0
2,normal,100,0,396,emailservice,email,43,1,1,1,0
2,normal,100,0,396,frontend,server,47,2,2,2,0
2,normal,100,0,396,paymentservice,payment,31,1,1,1,0
2,normal,100,0,396,productcatalogservice,server,42,2,2,2,0
2,normal,100,0,396,recommendationservice,server,50,2,2,2,0
2,normal,100,0,396,redis-cart,-,,1,1,1,0
2,normal,100,0,396,shippingservice,server,29,1,1,1,0
2,normal,100,0,411,adservice,server,27,1,1,1,0
2,normal,100,0,411,cartservice,server,39,2,2,2,0
2,normal,100,0,411,checkoutservice,checkout,30,1,1,1,0
2,normal,100,0,411,currencyservice,server,57,1,1,1,0
2,normal,100,0,411,emailservice,email,49,1,1,1,0
2,normal,100,0,411,frontend,server,52,2,2,2,0
2,normal,100,0,411,paymentservice,payment,29,1,1,1,0
2,normal,100,0,411,productcatalogservice,server,43,2,2,2,0
2,normal,100,0,411,recommendationservice,server,45,2,2,2,0
2,normal,100,0,411,redis-cart,-,,1,1,1,0
2,normal,100,0,411,shippingservice,server,28,1,1,1,0
2,normal,100,0,426,adservice,server,22,1,1,1,0
2,normal,100,0,426,cartservice,server,39,2,2,2,0
2,normal,100,0,426,checkoutservice,checkout,27,1,1,1,0
2,normal,100,0,426,currencyservice,server,53,1,1,1,0
2,normal,100,0,426,emailservice,email,46,1,1,1,0
2,normal,100,0,426,frontend,server,45,2,2,2,0
2,normal,100,0,426,paymentservice,payment,32,1,1,1,0
2,normal,100,0,426,productcatalogservice,server,41,2,2,2,0
2,normal,100,0,426,recommendationservice,server,44,2,2,2,0
2,normal,100,0,426,redis-cart,-,,1,1,1,0
2,normal,100,0,426,shippingservice,server,31,1,1,1,0
2,normal,100,0,442,adservice,server,16,1,1,1,0
2,normal,100,0,442,cartservice,server,39,2,2,2,0
2,normal,100,0,442,checkoutservice,checkout,23,1,1,1,0
2,normal,100,0,442,currencyservice,server,39,1,1,1,0
2,normal,100,0,442,emailservice,email,28,1,1,1,0
2,normal,100,0,442,frontend,server,43,2,2,2,0
2,normal,100,0,442,paymentservice,payment,24,1,1,1,0
2,normal,100,0,442,productcatalogservice,server,37,2,2,2,0
2,normal,100,0,442,recommendationservice,server,32,2,2,2,0
2,normal,100,0,442,redis-cart,-,,1,1,1,0
2,normal,100,0,442,shippingservice,server,28,1,1,1,0
2,normal,100,0,0,adservice,server,1,1,1,1,0
2,normal,100,0,0,cartservice,server,9,2,2,2,0
2,normal,100,0,0,checkoutservice,checkout,0,1,1,1,0
2,normal,100,0,0,currencyservice,server,0,1,1,1,0
2,normal,100,0,0,emailservice,email,28,1,1,1,0
2,normal,100,0,0,frontend,server,0,2,2,2,0
2,normal,100,0,0,paymentservice,payment,0,1,1,1,0
2,normal,100,0,0,productcatalogservice,server,0,2,2,2,0
2,normal,100,0,0,recommendationservice,server,0,2,2,2,0
2,normal,100,0,0,redis-cart,-,,1,1,1,0
2,normal,100,0,0,shippingservice,server,0,1,1,1,0
2,normal,100,0,15,adservice,server,1,1,1,1,0
2,normal,100,0,15,cartservice,server,0,2,2,2,0
2,normal,100,0,15,checkoutservice,checkout,0,1,1,1,0
2,normal,100,0,15,currencyservice,server,0,1,1,1,0
2,normal,100,0,15,emailservice,email,2,1,1,1,0
2,normal,100,0,15,frontend,server,0,2,2,2,0
2,normal,100,0,15,paymentservice,payment,0,1,1,1,0
2,normal,100,0,15,productcatalogservice,server,0,2,2,2,0
2,normal,100,0,15,recommendationservice,server,0,2,2,2,0
2,normal,100,0,15,redis-cart,-,,1,1,1,0
2,normal,100,0,15,shippingservice,server,0,1,1,1,0
2,normal,100,0,30,adservice,server,18,1,1,1,0
2,normal,100,0,30,cartservice,server,62,2,2,2,0
2,normal,100,0,30,checkoutservice,checkout,18,1,1,1,0
2,normal,100,0,30,currencyservice,server,70,1,1,1,0
2,normal,100,0,30,emailservice,email,2,1,1,1,0
2,normal,100,0,30,frontend,server,48,2,2,2,0
2,normal,100,0,30,paymentservice,payment,36,1,1,1,0
2,normal,100,0,30,productcatalogservice,server,8,2,2,2,0
2,normal,100,0,30,recommendationservice,server,0,2,1,1,0
2,normal,100,0,30,redis-cart,-,,1,1,1,0
2,normal,100,0,30,shippingservice,server,10,1,1,1,0
2,normal,100,0,45,adservice,server,38,1,1,1,0
2,normal,100,0,45,cartservice,server,69,2,2,2,0
2,normal,100,0,45,checkoutservice,checkout,35,1,1,1,0
2,normal,100,0,45,currencyservice,server,75,1,1,1,0
2,normal,100,0,45,emailservice,email,44,1,1,1,0
2,normal,100,0,45,frontend,server,64,2,2,2,0
2,normal,100,0,45,paymentservice,payment,39,1,1,1,0
2,normal,100,0,45,productcatalogservice,server,57,2,2,2,0
2,normal,100,0,45,recommendationservice,server,112,1,1,1,0
2,normal,100,0,45,redis-cart,-,,1,1,1,0
2,normal,100,0,45,shippingservice,server,36,1,1,1,0
2,normal,100,0,61,adservice,server,35,1,1,1,0
2,normal,100,0,61,cartservice,server,69,2,2,2,0
2,normal,100,0,61,checkoutservice,checkout,35,1,1,1,0
2,normal,100,0,61,currencyservice,server,75,1,1,1,0
2,normal,100,0,61,emailservice,email,54,1,1,1,0
2,normal,100,0,61,frontend,server,64,2,2,2,0
2,normal,100,0,61,paymentservice,payment,39,1,1,1,0
2,normal,100,0,61,productcatalogservice,server,56,2,2,2,0
2,normal,100,0,61,recommendationservice,server,116,1,2,2,0
2,normal,100,0,61,redis-cart,-,,1,1,1,0
2,normal,100,0,61,shippingservice,server,35,1,1,1,0
2,normal,100,0,76,adservice,server,38,1,1,1,0
2,normal,100,0,76,cartservice,server,60,2,2,2,0
2,normal,100,0,76,checkoutservice,checkout,34,1,1,1,0
2,normal,100,0,76,currencyservice,server,75,1,1,1,0
2,normal,100,0,76,emailservice,email,53,1,1,1,0
2,normal,100,0,76,frontend,server,68,2,2,2,0
2,normal,100,0,76,paymentservice,payment,38,1,1,1,0
2,normal,100,0,76,productcatalogservice,server,63,2,2,2,0
2,normal,100,0,76,recommendationservice,server,116,2,2,2,0
2,normal,100,0,76,redis-cart,-,,1,1,1,0
2,normal,100,0,76,shippingservice,server,34,1,1,1,0
2,normal,100,0,91,adservice,server,46,1,1,1,0
2,normal,100,0,91,cartservice,server,60,2,2,2,0
2,normal,100,0,91,checkoutservice,checkout,32,1,1,1,0
2,normal,100,0,91,currencyservice,server,76,1,1,1,0
2,normal,100,0,91,emailservice,email,51,1,1,1,0
2,normal,100,0,91,frontend,server,82,2,2,2,0
2,normal,100,0,91,paymentservice,payment,34,1,1,1,0
2,normal,100,0,91,productcatalogservice,server,63,2,2,2,0
2,normal,100,0,91,recommendationservice,server,64,2,2,2,0
2,normal,100,0,91,redis-cart,-,,1,1,1,0
2,normal,100,0,91,shippingservice,server,35,1,1,1,0
2,normal,100,0,106,adservice,server,46,1,1,1,0
2,normal,100,0,106,cartservice,server,59,2,2,2,0
2,normal,100,0,106,checkoutservice,checkout,36,1,1,1,0
2,normal,100,0,106,currencyservice,server,87,1,1,1,0
2,normal,100,0,106,emailservice,email,60,1,1,1,0
2,normal,100,0,106,frontend,server,86,2,3,2,0
2,normal,100,0,106,paymentservice,payment,34,1,1,1,0
2,normal,100,0,106,productcatalogservice,server,74,2,2,2,0
2,normal,100,0,106,recommendationservice,server,72,2,2,2,0
2,normal,100,0,106,redis-cart,-,,1,1,1,0
2,normal,100,0,106,shippingservice,server,40,1,1,1,0
2,normal,100,0,122,adservice,server,47,1,1,1,0
2,normal,100,0,122,cartservice,server,65,2,2,2,0
2,normal,100,0,122,checkoutservice,checkout,41,1,1,1,0
2,normal,100,0,122,currencyservice,server,86,1,2,2,0
2,normal,100,0,122,emailservice,email,60,1,1,1,0
2,normal,100,0,122,frontend,server,85,3,3,3,0
2,normal,100,0,122,paymentservice,payment,40,1,1,1,0
2,normal,100,0,122,productcatalogservice,server,74,2,2,2,0
2,normal,100,0,122,recommendationservice,server,72,2,2,2,0
2,normal,100,0,122,redis-cart,-,,1,1,1,0
2,normal,100,0,122,shippingservice,server,40,1,1,1,0
2,normal,100,0,137,adservice,server,47,1,1,1,0
2,normal,100,0,137,cartservice,server,64,2,2,2,0
2,normal,100,0,137,checkoutservice,checkout,38,1,1,1,0
2,normal,100,0,137,currencyservice,server,86,2,2,2,0
2,normal,100,0,137,emailservice,email,63,1,1,1,0
2,normal,100,0,137,frontend,server,81,3,3,3,0
2,normal,100,0,137,paymentservice,payment,40,1,1,1,0
2,normal,100,0,137,productcatalogservice,server,74,2,2,2,0
2,normal,100,0,137,recommendationservice,server,68,2,2,2,0
2,normal,100,0,137,redis-cart,-,,1,1,1,0
2,normal,100,0,137,shippingservice,server,40,1,1,1,0
2,normal,100,0,152,adservice,server,39,1,1,1,0
2,normal,100,0,152,cartservice,server,59,2,2,2,0
2,normal,100,0,152,checkoutservice,checkout,38,1,1,1,0
2,normal,100,0,152,currencyservice,server,39,2,2,2,0
2,normal,100,0,152,emailservice,email,57,1,1,1,0
2,normal,100,0,152,frontend,server,49,3,3,3,0
2,normal,100,0,152,paymentservice,payment,37,1,1,1,0
2,normal,100,0,152,productcatalogservice,server,64,2,2,2,0
2,normal,100,0,152,recommendationservice,server,65,2,2,2,0
2,normal,100,0,152,redis-cart,-,,1,1,1,0
2,normal,100,0,152,shippingservice,server,35,1,1,1,0
2,normal,100,0,167,adservice,server,47,1,1,1,0
2,normal,100,0,167,cartservice,server,61,2,2,2,0
2,normal,100,0,167,checkoutservice,checkout,38,1,1,1,0
2,normal,100,0,167,currencyservice,server,42,2,2,2,0
2,normal,100,0,167,emailservice,email,61,1,1,1,0
2,normal,100,0,167,frontend,server,54,3,3,3,0
2,normal,100,0,167,paymentservice,payment,43,1,1,1,0
2,normal,100,0,167,productcatalogservice,server,73,2,2,2,0
2,normal,100,0,167,recommendationservice,server,72,2,2,2,0
2,normal,100,0,167,redis-cart,-,,1,1,1,0
2,normal,100,0,167,shippingservice,server,38,1,1,1,0
2,normal,100,0,183,adservice,server,48,1,1,1,0
2,normal,100,0,183,cartservice,server,59,2,2,2,0
2,normal,100,0,183,checkoutservice,checkout,37,1,1,1,0
2,normal,100,0,183,currencyservice,server,41,2,2,2,0
2,normal,100,0,183,emailservice,email,57,1,1,1,0
2,normal,100,0,183,frontend,server,49,3,3,3,0
2,normal,100,0,183,paymentservice,payment,39,1,1,1,0
2,normal,100,0,183,productcatalogservice,server,70,2,2,2,0
2,normal,100,0,183,recommendationservice,server,68,2,2,2,0
2,normal,100,0,183,redis-cart,-,,1,1,1,0
2,normal,100,0,183,shippingservice,server,37,1,1,1,0
2,normal,100,0,198,adservice,server,43,1,1,1,0
2,normal,100,0,198,cartservice,server,59,2,2,2,0
2,normal,100,0,198,checkoutservice,checkout,36,1,1,1,0
2,normal,100,0,198,currencyservice,server,40,2,2,2,0
2,normal,100,0,198,emailservice,email,56,1,1,1,0
2,normal,100,0,198,frontend,server,48,3,3,3,0
2,normal,100,0,198,paymentservice,payment,39,1,1,1,0
2,normal,100,0,198,productcatalogservice,server,67,2,2,2,0
2,normal,100,0,198,recommendationservice,server,63,2,2,2,0
2,normal,100,0,198,redis-cart,-,,1,1,1,0
2,normal,100,0,198,shippingservice,server,40,1,1,1,0
2,normal,100,0,213,adservice,server,41,1,1,1,0
2,normal,100,0,213,cartservice,server,57,2,2,2,0
2,normal,100,0,213,checkoutservice,checkout,33,1,1,1,0
2,normal,100,0,213,currencyservice,server,39,2,2,2,0
2,normal,100,0,213,emailservice,email,54,1,1,1,0
2,normal,100,0,213,frontend,server,49,3,3,3,0
2,normal,100,0,213,paymentservice,payment,36,1,1,1,0
2,normal,100,0,213,productcatalogservice,server,63,2,2,2,0
2,normal,100,0,213,recommendationservice,server,63,2,2,2,0
2,normal,100,0,213,redis-cart,-,,1,1,1,0
2,normal,100,0,213,shippingservice,server,37,1,1,1,0
2,normal,100,0,228,adservice,server,42,1,1,1,0
2,normal,100,0,228,cartservice,server,61,2,2,2,0
2,normal,100,0,228,checkoutservice,checkout,38,1,1,1,0
2,normal,100,0,228,currencyservice,server,41,2,2,2,0
2,normal,100,0,228,emailservice,email,63,1,1,1,0
2,normal,100,0,228,frontend,server,54,3,3,3,0
2,normal,100,0,228,paymentservice,payment,35,1,1,1,0
2,normal,100,0,228,productcatalogservice,server,70,2,2,2,0
2,normal,100,0,228,recommendationservice,server,64,2,2,2,0
2,normal,100,0,228,redis-cart,-,,1,1,1,0
2,normal,100,0,228,shippingservice,server,35,1,1,1,0
2,normal,100,0,244,adservice,server,39,1,1,1,0
2,normal,100,0,244,cartservice,server,58,2,2,2,0
2,normal,100,0,244,checkoutservice,checkout,38,1,1,1,0
2,normal,100,0,244,currencyservice,server,39,2,2,2,0
2,normal,100,0,244,emailservice,email,53,1,1,1,0
2,normal,100,0,244,frontend,server,45,3,3,3,0
2,normal,100,0,244,paymentservice,payment,40,1,1,1,0
2,normal,100,0,244,productcatalogservice,server,57,2,2,2,0
2,normal,100,0,244,recommendationservice,server,68,2,2,2,0
2,normal,100,0,244,redis-cart,-,,1,1,1,0
2,normal,100,0,244,shippingservice,server,37,1,1,1,0
2,normal,100,0,259,adservice,server,43,1,1,1,0
2,normal,100,0,259,cartservice,server,62,2,2,2,0
2,normal,100,0,259,checkoutservice,checkout,35,1,1,1,0
2,normal,100,0,259,currencyservice,server,41,2,2,2,0
2,normal,100,0,259,emailservice,email,57,1,1,1,0
2,normal,100,0,259,frontend,server,49,3,3,3,0
2,normal,100,0,259,paymentservice,payment,37,1,1,1,0
2,normal,100,0,259,productcatalogservice,server,64,2,2,2,0
2,normal,100,0,259,recommendationservice,server,64,2,2,2,0
2,normal,100,0,259,redis-cart,-,,1,1,1,0
2,normal,100,0,259,shippingservice,server,38,1,1,1,0
2,normal,100,0,274,adservice,server,38,1,1,1,0
2,normal,100,0,274,cartservice,server,57,2,2,2,0
2,normal,100,0,274,checkoutservice,checkout,35,1,1,1,0
2,normal,100,0,274,currencyservice,server,39,2,2,2,0
2,normal,100,0,274,emailservice,email,55,1,1,1,0
2,normal,100,0,274,frontend,server,50,3,3,3,0
2,normal,100,0,274,paymentservice,payment,37,1,1,1,0
2,normal,100,0,274,productcatalogservice,server,65,2,2,2,0
2,normal,100,0,274,recommendationservice,server,59,2,2,2,0
2,normal,100,0,274,redis-cart,-,,1,1,1,0
2,normal,100,0,274,shippingservice,server,35,1,1,1,0
2,normal,100,0,289,adservice,server,49,1,1,1,0
2,normal,100,0,289,cartservice,server,64,2,2,2,0
2,normal,100,0,289,checkoutservice,checkout,38,1,1,1,0
2,normal,100,0,289,currencyservice,server,44,2,2,2,0
2,normal,100,0,289,emailservice,email,63,1,1,1,0
2,normal,100,0,289,frontend,server,54,3,3,3,0
2,normal,100,0,289,paymentservice,payment,41,1,1,1,0
2,normal,100,0,289,productcatalogservice,server,76,2,2,2,0
2,normal,100,0,289,recommendationservice,server,73,2,2,2,0
2,normal,100,0,289,redis-cart,-,,1,1,1,0
2,normal,100,0,289,shippingservice,server,44,1,1,1,0
2,normal,100,0,305,adservice,server,45,1,1,1,0
2,normal,100,0,305,cartservice,server,61,2,2,2,0
2,normal,100,0,305,checkoutservice,checkout,40,1,1,1,0
2,normal,100,0,305,currencyservice,server,41,2,2,2,0
2,normal,100,0,305,emailservice,email,62,1,1,1,0
2,normal,100,0,305,frontend,server,56,3,3,3,0
2,normal,100,0,305,paymentservice,payment,41,1,1,1,0
2,normal,100,0,305,productcatalogservice,server,75,2,2,2,0
2,normal,100,0,305,recommendationservice,server,65,2,2,2,0
2,normal,100,0,305,redis-cart,-,,1,1,1,0
2,normal,100,0,305,shippingservice,server,38,1,1,1,0
2,normal,100,0,320,adservice,server,45,1,1,1,0
2,normal,100,0,320,cartservice,server,64,2,2,2,0
2,normal,100,0,320,checkoutservice,checkout,40,1,1,1,0
2,normal,100,0,320,currencyservice,server,40,2,2,2,0
2,normal,100,0,320,emailservice,email,60,1,1,1,0
2,normal,100,0,320,frontend,server,52,3,3,3,0
2,normal,100,0,320,paymentservice,payment,41,1,1,1,0
2,normal,100,0,320,productcatalogservice,server,68,2,2,2,0
2,normal,100,0,320,recommendationservice,server,67,2,2,2,0
2,normal,100,0,320,redis-cart,-,,1,1,1,0
2,normal,100,0,320,shippingservice,server,40,1,1,1,0
2,normal,100,0,335,adservice,server,41,1,1,1,0
2,normal,100,0,335,cartservice,server,68,2,2,2,0
2,normal,100,0,335,checkoutservice,checkout,37,1,1,1,0
2,normal,100,0,335,currencyservice,server,41,2,2,2,0
2,normal,100,0,335,emailservice,email,59,1,1,1,0
2,normal,100,0,335,frontend,server,49,3,3,3,0
2,normal,100,0,335,paymentservice,payment,39,1,1,1,0
2,normal,100,0,335,productcatalogservice,server,64,2,2,2,0
2,normal,100,0,335,recommendationservice,server,66,2,2,2,0
2,normal,100,0,335,redis-cart,-,,1,1,1,0
2,normal,100,0,335,shippingservice,server,38,1,1,1,0
2,normal,100,0,350,adservice,server,40,1,1,1,0
2,normal,100,0,350,cartservice,server,68,2,2,2,0
2,normal,100,0,350,checkoutservice,checkout,36,1,1,1,0
2,normal,100,0,350,currencyservice,server,37,2,2,2,0
2,normal,100,0,350,emailservice,email,50,1,1,1,0
2,normal,100,0,350,frontend,server,43,3,3,3,0
2,normal,100,0,350,paymentservice,payment,39,1,1,1,0
2,normal,100,0,350,productcatalogservice,server,59,2,2,2,0
2,normal,100,0,350,recommendationservice,server,66,2,2,2,0
2,normal,100,0,350,redis-cart,-,,1,1,1,0
2,normal,100,0,350,shippingservice,server,35,1,1,1,0
2,normal,100,0,365,adservice,server,40,1,1,1,0
2,normal,100,0,365,cartservice,server,55,2,2,2,0
2,normal,100,0,365,checkoutservice,checkout,35,1,1,1,0
2,normal,100,0,365,currencyservice,server,37,2,2,2,0
2,normal,100,0,365,emailservice,email,60,1,1,1,0
2,normal,100,0,365,frontend,server,50,3,3,3,0
2,normal,100,0,365,paymentservice,payment,38,1,1,1,0
2,normal,100,0,365,productcatalogservice,server,66,2,2,2,0
2,normal,100,0,365,recommendationservice,server,58,2,2,2,0
2,normal,100,0,365,redis-cart,-,,1,1,1,0
2,normal,100,0,365,shippingservice,server,37,1,1,1,0
2,normal,100,0,381,adservice,server,38,1,1,1,0
2,normal,100,0,381,cartservice,server,56,2,2,2,0
2,normal,100,0,381,checkoutservice,checkout,34,1,1,1,0
2,normal,100,0,381,currencyservice,server,39,2,2,2,0
2,normal,100,0,381,emailservice,email,51,1,1,1,0
2,normal,100,0,381,frontend,server,46,3,3,3,0
2,normal,100,0,381,paymentservice,payment,38,1,1,1,0
2,normal,100,0,381,productcatalogservice,server,61,2,2,2,0
2,normal,100,0,381,recommendationservice,server,64,2,2,2,0
2,normal,100,0,381,redis-cart,-,,1,1,1,0
2,normal,100,0,381,shippingservice,server,36,1,1,1,0
2,normal,100,0,396,adservice,server,38,1,1,1,0
2,normal,100,0,396,cartservice,server,56,2,2,2,0
2,normal,100,0,396,checkoutservice,checkout,35,1,1,1,0
2,normal,100,0,396,currencyservice,server,39,2,2,2,0
2,normal,100,0,396,emailservice,email,56,1,1,1,0
2,normal,100,0,396,frontend,server,44,3,3,3,0
2,normal,100,0,396,paymentservice,payment,40,1,1,1,0
2,normal,100,0,396,productcatalogservice,server,61,2,2,2,0
2,normal,100,0,396,recommendationservice,server,62,2,2,2,0
2,normal,100,0,396,redis-cart,-,,1,1,1,0
2,normal,100,0,396,shippingservice,server,35,1,1,1,0
2,normal,100,0,411,adservice,server,38,1,1,1,0
2,normal,100,0,411,cartservice,server,50,2,2,2,0
2,normal,100,0,411,checkoutservice,checkout,34,1,1,1,0
2,normal,100,0,411,currencyservice,server,38,2,2,2,0
2,normal,100,0,411,emailservice,email,53,1,1,1,0
2,normal,100,0,411,frontend,server,41,3,3,3,0
2,normal,100,0,411,paymentservice,payment,38,1,1,1,0
2,normal,100,0,411,productcatalogservice,server,57,2,2,2,0
2,normal,100,0,411,recommendationservice,server,59,2,2,2,0
2,normal,100,0,411,redis-cart,-,,1,1,1,0
2,normal,100,0,411,shippingservice,server,35,1,1,1,0
2,normal,100,0,426,adservice,server,46,1,1,1,0
2,normal,100,0,426,cartservice,server,64,2,2,2,0
2,normal,100,0,426,checkoutservice,checkout,36,1,1,1,0
2,normal,100,0,426,currencyservice,server,36,2,2,2,0
2,normal,100,0,426,emailservice,email,54,1,1,1,0
2,normal,100,0,426,frontend,server,44,3,2,2,0
2,normal,100,0,426,paymentservice,payment,37,1,1,1,0
2,normal,100,0,426,productcatalogservice,server,55,2,2,2,0
2,normal,100,0,426,recommendationservice,server,59,2,2,2,0
2,normal,100,0,426,redis-cart,-,,1,1,1,0
2,normal,100,0,426,shippingservice,server,35,1,1,1,0
2,normal,100,0,442,adservice,server,14,1,1,1,0
2,normal,100,0,442,cartservice,server,59,2,2,2,0
2,normal,100,0,442,checkoutservice,checkout,15,1,1,1,0
2,normal,100,0,442,currencyservice,server,43,2,2,2,0
2,normal,100,0,442,emailservice,email,62,1,1,1,0
2,normal,100,0,442,frontend,server,73,2,2,2,0
2,normal,100,0,442,paymentservice,payment,41,1,1,1,0
2,normal,100,0,442,productcatalogservice,server,67,2,2,2,0
2,normal,100,0,442,recommendationservice,server,70,2,2,2,0
2,normal,100,0,442,redis-cart,-,,1,1,1,0
2,normal,100,0,442,shippingservice,server,41,1,1,1,0
2,normal,100,0,1,adservice,server,1,1,1,1,0
2,normal,100,0,1,cartservice,server,0,2,2,2,0
2,normal,100,0,1,checkoutservice,checkout,0,1,1,1,0
2,normal,100,0,1,currencyservice,server,0,2,2,2,0
2,normal,100,0,1,emailservice,email,1,1,1,1,0
2,normal,100,0,1,frontend,server,22,2,2,2,0
2,normal,100,0,1,paymentservice,payment,16,1,1,1,0
2,normal,100,0,1,productcatalogservice,server,5,2,2,2,0
2,normal,100,0,1,recommendationservice,server,0,2,2,2,0
2,normal,100,0,1,redis-cart,-,,1,1,1,0
2,normal,100,0,1,shippingservice,server,0,1,1,1,0
2,normal,100,0,16,adservice,server,6,1,1,1,0
2,normal,100,0,16,cartservice,server,0,2,2,2,0
2,normal,100,0,16,checkoutservice,checkout,0,1,1,1,0
2,normal,100,0,16,currencyservice,server,0,2,2,2,0
2,normal,100,0,16,emailservice,email,1,1,1,1,0
2,normal,100,0,16,frontend,server,0,2,2,2,0
2,normal,100,0,16,paymentservice,payment,1,1,1,1,0
2,normal,100,0,16,productcatalogservice,server,5,2,2,2,0
2,normal,100,0,16,recommendationservice,server,0,2,2,2,0
2,normal,100,0,16,redis-cart,-,,1,1,1,0
2,normal,100,0,16,shippingservice,server,0,1,1,1,0
2,normal,100,0,31,adservice,server,48,1,1,1,0
2,normal,100,0,31,cartservice,server,36,2,2,2,0
2,normal,100,0,31,checkoutservice,checkout,0,1,1,1,0
2,normal,100,0,31,currencyservice,server,39,2,2,2,0
2,normal,100,0,31,emailservice,email,45,1,1,1,0
2,normal,100,0,31,frontend,server,47,2,2,2,0
2,normal,100,0,31,paymentservice,payment,32,1,1,1,0
2,normal,100,0,31,productcatalogservice,server,10,2,2,2,0
2,normal,100,0,31,recommendationservice,server,58,2,2,1,0
2,normal,100,0,31,redis-cart,-,,1,1,1,0
2,normal,100,0,31,shippingservice,server,28,1,1,1,0
2,normal,100,0,46,adservice,server,54,1,1,1,0
2,normal,100,0,46,cartservice,server,62,2,2,2,0
2,normal,100,0,46,checkoutservice,checkout,30,1,1,1,0
2,normal,100,0,46,currencyservice,server,44,2,2,2,0
2,normal,100,0,46,emailservice,email,45,1,1,1,0
2,normal,100,0,46,frontend,server,86,2,2,2,0
2,normal,100,0,46,paymentservice,payment,32,1,1,1,0
2,normal,100,0,46,productcatalogservice,server,70,2,2,2,0
2,normal,100,0,46,recommendationservice,server,76,2,2,2,0
2,normal,100,0,46,redis-cart,-,,1,1,1,0
2,normal,100,0,46,shippingservice,server,30,1,1,1,0
2,normal,100,0,62,adservice,server,54,1,1,1,0
2,normal,100,0,62,cartservice,server,58,2,2,2,0
2,normal,100,0,62,checkoutservice,checkout,30,1,1,1,0
2,normal,100,0,62,currencyservice,server,43,2,2,2,0
2,normal,100,0,62,emailservice,email,52,1,1,1,0
2,normal,100,0,62,frontend,server,84,2,3,2,0
2,normal,100,0,62,paymentservice,payment,33,1,1,1,0
2,normal,100,0,62,productcatalogservice,server,74,2,2,2,0
2,normal,100,0,62,recommendationservice,server,76,2,2,1,0
2,normal,100,0,62,redis-cart,-,,1,1,1,0
2,normal,100,0,62,shippingservice,server,33,1,1,1,0
2,normal,100,0,77,adservice,server,54,1,1,1,0
2,normal,100,0,77,cartservice,server,59,2,2,2,0
2,normal,100,0,77,checkoutservice,checkout,31,1,1,1,0
2,normal,100,0,77,currencyservice,server,43,2,2,2,0
2,normal,100,0,77,emailservice,email,44,1,1,1,0
2,normal,100,0,77,frontend,server,87,3,3,3,0
2,normal,100,0,77,paymentservice,payment,30,1,1,1,0
2,normal,100,0,77,productcatalogservice,server,75,2,2,2,0
2,normal,100,0,77,recommendationservice,server,75,2,2,1,0
2,normal,100,0,77,redis-cart,-,,1,1,1,0
2,normal,100,0,77,shippingservice,server,31,1,1,1,0
2,normal,100,0,92,adservice,server,54,1,1,1,0
2,normal,100,0,92,cartservice,server,57,2,2,2,0
2,normal,100,0,92,checkoutservice,checkout,31,1,1,1,0
2,normal,100,0,92,currencyservice,server,43,2,2,2,0
2,normal,100,0,92,emailservice,email,51,1,1,1,0
2,normal,100,0,92,frontend,server,86,3,3,3,0
2,normal,100,0,92,paymentservice,payment,30,1,1,1,0
2,normal,100,0,92,productcatalogservice,server,75,2,2,2,0
2,normal,100,0,92,recommendationservice,server,78,2,2,1,0
2,normal,100,0,92,redis-cart,-,,1,1,1,0
2,normal,100,0,92,shippingservice,server,31,1,1,1,0
2,normal,100,0,107,adservice,server,65,1,1,1,0
2,normal,100,0,107,cartservice,server,87,2,2,2,0
2,normal,100,0,107,checkoutservice,checkout,31,1,1,1,0
2,normal,100,0,107,currencyservice,server,75,2,2,2,0
2,normal,100,0,107,emailservice,email,52,1,1,1,0
2,normal,100,0,107,frontend,server,76,3,3,3,0
2,normal,100,0,107,paymentservice,payment,33,1,1,1,0
2,normal,100,0,107,productcatalogservice,server,75,2,2,2,0
2,normal,100,0,107,recommendationservice,server,80,2,3,3,0
2,normal,100,0,107,redis-cart,-,,1,1,1,0
2,normal,100,0,107,shippingservice,server,32,1,1,1,0
2,normal,100,0,123,adservice,server,66,1,1,1,0
2,normal,100,0,123,cartservice,server,87,2,3,2,0
2,normal,100,0,123,checkoutservice,checkout,31,1,1,1,0
2,normal,100,0,123,currencyservice,server,61,2,2,2,0
2,normal,100,0,123,emailservice,email,46,1,1,1,0
2,normal,100,0,123,frontend,server,66,3,3,3,0
2,normal,100,0,123,paymentservice,payment,32,1,1,1,0
2,normal,100,0,123,productcatalogservice,server,75,2,2,2,0
2,normal,100,0,123,recommendationservice,server,99,3,3,3,0
2,normal,100,0,123,redis-cart,-,,1,1,1,0
2,normal,100,0,123,shippingservice,server,35,1,1,1,0
2,normal,100,0,138,adservice,server,81,1,1,1,0
2,normal,100,0,138,cartservice,server,87,3,3,3,0
2,normal,100,0,138,checkoutservice,checkout,36,1,1,1,0
2,normal,100,0,138,currencyservice,server,50,2,2,2,0
2,normal,100,0,138,emailservice,email,67,1,1,1,0
2,normal,100,0,138,frontend,server,62,3,3,3,0
2,normal,100,0,138,paymentservice,payment,36,1,1,1,0
2,normal,100,0,138,productcatalogservice,server,75,2,2,2,0
2,normal,100,0,138,recommendationservice,server,53,3,3,2,0
2,normal,100,0,138,redis-cart,-,,1,1,1,0
2,normal,100,0,138,shippingservice,server,36,1,1,1,0
2,normal,100,0,153,adservice,server,55,1,1,1,0
2,normal,100,0,153,cartservice,server,103,3,3,3,0
2,normal,100,0,153,checkoutservice,checkout,34,1,1,1,0
2,normal,100,0,153,currencyservice,server,54,2,2,2,0
2,normal,100,0,153,emailservice,email,52,1,1,1,0
2,normal,100,0,153,frontend,server,59,3,3,3,0
2,normal,100,0,153,paymentservice,payment,34,1,1,1,0
2,normal,100,0,153,productcatalogservice,server,75,2,2,2,0
2,normal,100,0,153,recommendationservice,server,50,3,3,2,0
2,normal,100,0,153,redis-cart,-,,1,1,1,0
2,normal,100,0,153,shippingservice,server,35,1,1,1,0
2,normal,100,0,168,adservice,server,56,1,1,1,0
2,normal,100,0,168,cartservice,server,90,3,3,3,0
2,normal,100,0,168,checkoutservice,checkout,34,1,1,1,0
2,normal,100,0,168,currencyservice,server,51,2,2,2,0
2,normal,100,0,168,emailservice,email,51,1,1,1,0
2,normal,100,0,168,frontend,server,60,3,3,3,0
2,normal,100,0,168,paymentservice,payment,35,1,1,1,0
2,normal,100,0,168,productcatalogservice,server,75,2,2,2,0
2,normal,100,0,168,recommendationservice,server,50,3,3,2,0
2,normal,100,0,168,redis-cart,-,,1,1,1,0
2,normal,100,0,168,shippingservice,server,35,1,1,1,0
2,normal,100,0,184,adservice,server,56,1,1,1,0
2,normal,100,0,184,cartservice,server,57,3,3,3,0
2,normal,100,0,184,checkoutservice,checkout,33,1,1,1,0
2,normal,100,0,184,currencyservice,server,49,2,2,2,0
2,normal,100,0,184,emailservice,email,50,1,1,1,0
2,normal,100,0,184,frontend,server,60,3,3,3,0
2,normal,100,0,184,paymentservice,payment,34,1,1,1,0
2,normal,100,0,184,productcatalogservice,server,75,2,2,2,0
2,normal,100,0,184,recommendationservice,server,51,3,3,2,0
2,normal,100,0,184,redis-cart,-,,1,1,1,0
2,normal,100,0,184,shippingservice,server,33,1,1,1,0
2,normal,100,0,199,adservice,server,55,1,1,1,0
2,normal,100,0,199,cartservice,server,55,3,3,3,0
2,normal,100,0,199,checkoutservice,checkout,33,1,1,1,0
2,normal,100,0,199,currencyservice,server,49,2,2,2,0
2,normal,100,0,199,emailservice,email,48,1,1,1,0
2,normal,100,0,199,frontend,server,59,3,3,3,0
2,normal,100,0,199,paymentservice,payment,31,1,1,1,0
2,normal,100,0,199,productcatalogservice,server,75,2,2,2,0
2,normal,100,0,199,recommendationservice,server,50,3,3,2,0
2,normal,100,0,199,redis-cart,-,,1,1,1,0
2,normal,100,0,199,shippingservice,server,33,1,1,1,0
2,normal,100,0,214,adservice,server,56,1,1,1,0
2,normal,100,0,214,cartservice,server,50,3,3,3,0
2,normal,100,0,214,checkoutservice,checkout,33,1,1,1,0
2,normal,100,0,214,currencyservice,server,49,2,2,2,0
2,normal,100,0,214,emailservice,email,47,1,1,1,0
2,normal,100,0,214,frontend,server,59,3,3,3,0
2,normal,100,0,214,paymentservice,payment,33,1,1,1,0
2,normal,100,0,214,productcatalogservice,server,75,2,2,2,0
2,normal,100,0,214,recommendationservice,server,50,3,3,3,0
2,normal,100,0,214,redis-cart,-,,1,1,1,0
2,normal,100,0,214,shippingservice,server,34,1,1,1,0
2,normal,100,0,229,adservice,server,65,1,1,1,0
2,normal,100,0,229,cartservice,server,45,3,3,3,0
2,normal,100,0,229,checkoutservice,checkout,34,1,1,1,0
2,normal,100,0,229,currencyservice,server,49,2,2,2,0
2,normal,100,0,229,emailservice,email,70,1,1,1,0
2,normal,100,0,229,frontend,server,64,3,3,3,0
2,normal,100,0,229,paymentservice,payment,35,1,1,1,0
2,normal,100,0,229,productcatalogservice,server,74,2,2,2,0
2,normal,100,0,229,recommendationservice,server,14,3,3,3,0
2,normal,100,0,229,redis-cart,-,,1,1,1,0
2,normal,100,0,229,shippingservice,server,31,1,1,1,0
2,normal,100,0,245,adservice,server,61,1,1,1,0
2,normal,100,0,245,cartservice,server,34,3,3,3,0
2,normal,100,0,245,checkoutservice,checkout,30,1,1,1,0
2,normal,100,0,245,currencyservice,server,47,2,2,2,0
2,normal,100,0,245,emailservice,email,54,1,1,1,0
2,normal,100,0,245,frontend,server,60,3,3,3,0
2,normal,100,0,245,paymentservice,payment,28,1,1,1,0
2,normal,100,0,245,productcatalogservice,server,80,2,2,2,0
2,normal,100,0,245,recommendationservice,server,65,3,3,3,0
2,normal,100,0,245,redis-cart,-,,1,1,1,0
2,normal,100,0,245,shippingservice,server,35,1,1,1,0
2,normal,100,0,260,adservice,server,63,1,1,1,0
2,normal,100,0,260,cartservice,server,38,3,3,3,0
2,normal,100,0,260,checkoutservice,checkout,30,1,1,1,0
2,normal,100,0,260,currencyservice,server,47,2,2,2,0
2,normal,100,0,260,emailservice,email,51,1,1,1,0
2,normal,100,0,260,frontend,server,68,3,3,3,0
2,normal,100,0,260,paymentservice,payment,29,1,1,1,0
2,normal,100,0,260,productcatalogservice,server,78,2,3,3,0
2,normal,100,0,260,recommendationservice,server,59,3,3,3,0
2,normal,100,0,260,redis-cart,-,,1,1,1,0
2,normal,100,0,260,shippingservice,server,34,1,1,1,0
2,normal,100,0,275,adservice,server,63,1,1,1,0
2,normal,100,0,275,cartservice,server,45,3,2,2,0
2,normal,100,0,275,checkoutservice,checkout,29,1,1,1,0
2,normal,100,0,275,currencyservice,server,49,2,2,2,0
2,normal,100,0,275,emailservice,email,52,1,1,1,0
2,normal,100,0,275,frontend,server,64,3,3,3,0
2,normal,100,0,275,paymentservice,payment,31,1,1,1,0
2,normal,100,0,275,productcatalogservice,server,81,3,3,3,0
2,normal,100,0,275,recommendationservice,server,61,3,3,3,0
2,normal,100,0,275,redis-cart,-,,1,1,1,0
2,normal,100,0,275,shippingservice,server,32,1,1,1,0
2,normal,100,0,291,adservice,server,63,1,1,1,0
2,normal,100,0,291,cartservice,server,62,2,2,2,0
2,normal,100,0,291,checkoutservice,checkout,32,1,1,1,0
2,normal,100,0,291,currencyservice,server,50,2,2,2,0
2,normal,100,0,291,emailservice,email,53,1,1,1,0
2,normal,100,0,291,frontend,server,66,3,3,3,0
2,normal,100,0,291,paymentservice,payment,48,1,1,1,0
2,normal,100,0,291,productcatalogservice,server,81,3,3,3,0
2,normal,100,0,291,recommendationservice,server,63,3,3,3,0
2,normal,100,0,291,redis-cart,-,,1,1,1,0
2,normal,100,0,291,shippingservice,server,36,1,1,1,0
2,normal,100,0,306,adservice,server,63,1,1,1,0
2,normal,100,0,306,cartservice,server,79,2,2,2,0
2,normal,100,0,306,checkoutservice,checkout,33,1,1,1,0
2,normal,100,0,306,currencyservice,server,51,2,2,2,0
2,normal,100,0,306,emailservice,email,53,1,1,1,0
2,normal,100,0,306,frontend,server,66,3,3,3,0
2,normal,100,0,306,paymentservice,payment,48,1,1,1,0
2,normal,100,0,306,productcatalogservice,server,54,3,3,3,0
2,normal,100,0,306,recommendationservice,server,61,3,3,3,0
2,normal,100,0,306,redis-cart,-,,1,1,1,0
2,normal,100,0,306,shippingservice,server,36,1,1,1,0
2,normal,100,0,321,adservice,server,63,1,1,1,0
2,normal,100,0,321,cartservice,server,71,2,2,2,0
2,normal,100,0,321,checkoutservice,checkout,33,1,1,1,0
2,normal,100,0,321,currencyservice,server,47,2,2,2,0
2,normal,100,0,321,emailservice,email,53,1,1,1,0
2,normal,100,0,321,frontend,server,64,3,3,3,0
2,normal,100,0,321,paymentservice,payment,41,1,1,1,0
2,normal,100,0,321,productcatalogservice,server,54,3,3,3,0
2,normal,100,0,321,recommendationservice,server,61,3,3,3,0
2,normal,100,0,321,redis-cart,-,,1,1,1,0
2,normal,100,0,321,shippingservice,server,36,1,1,1,0
2,normal,100,0,336,adservice,server,64,1,1,1,0
2,normal,100,0,336,cartservice,server,66,2,2,2,0
2,normal,100,0,336,checkoutservice,checkout,31,1,1,1,0
2,normal,100,0,336,currencyservice,server,48,2,2,2,0
2,normal,100,0,336,emailservice,email,52,1,1,1,0
2,normal,100,0,336,frontend,server,67,3,3,3,0
2,normal,100,0,336,paymentservice,payment,34,1,1,1,0
2,normal,100,0,336,productcatalogservice,server,54,3,3,3,0
2,normal,100,0,336,recommendationservice,server,62,3,3,2,0
2,normal,100,0,336,redis-cart,-,,1,1,1,0
2,normal,100,0,336,shippingservice,server,35,1,1,1,0
2,normal,100,0,352,adservice,server,64,1,1,1,0
2,normal,100,0,352,cartservice,server,61,2,2,2,0
2,normal,100,0,352,checkoutservice,checkout,31,1,1,1,0
2,normal,100,0,352,currencyservice,server,49,2,2,2,0
2,normal,100,0,352,emailservice,email,52,1,1,1,0
2,normal,100,0,352,frontend,server,65,3,3,3,0
2,normal,100,0,352,paymentservice,payment,30,1,1,1,0
2,normal,100,0,352,productcatalogservice,server,54,3,3,3,0
2,normal,100,0,352,recommendationservice,server,60,3,3,2,0
2,normal,100,0,352,redis-cart,-,,1,1,1,0
2,normal,100,0,352,shippingservice,server,34,1,1,1,0
2,normal,100,0,367,adservice,server,64,1,1,1,0
2,normal,100,0,367,cartservice,server,66,2,2,2,0
2,normal,100,0,367,checkoutservice,checkout,31,1,1,1,0
2,normal,100,0,367,currencyservice,server,48,2,2,2,0
2,normal,100,0,367,emailservice,email,51,1,1,1,0
2,normal,100,0,367,frontend,server,66,3,3,3,0
2,normal,100,0,367,paymentservice,payment,27,1,1,1,0
2,normal,100,0,367,productcatalogservice,server,54,3,3,3,0
2,normal,100,0,367,recommendationservice,server,61,3,3,3,0
2,normal,100,0,367,redis-cart,-,,1,1,1,0
2,normal,100,0,367,shippingservice,server,37,1,1,1,0
2,normal,100,0,382,adservice,server,60,1,1,1,0
2,normal,100,0,382,cartservice,server,61,2,2,2,0
2,normal,100,0,382,checkoutservice,checkout,30,1,1,1,0
2,normal,100,0,382,currencyservice,server,48,2,2,2,0
2,normal,100,0,382,emailservice,email,51,1,1,1,0
2,normal,100,0,382,frontend,server,66,3,3,3,0
2,normal,100,0,382,paymentservice,payment,52,1,1,1,0
2,normal,100,0,382,productcatalogservice,server,54,3,3,3,0
2,normal,100,0,382,recommendationservice,server,61,3,3,3,0
2,normal,100,0,382,redis-cart,-,,1,1,1,0
2,normal,100,0,382,shippingservice,server,37,1,1,1,0
2,normal,100,0,397,adservice,server,65,1,1,1,0
2,normal,100,0,397,cartservice,server,71,2,2,2,0
2,normal,100,0,397,checkoutservice,checkout,32,1,1,1,0
2,normal,100,0,397,currencyservice,server,49,2,2,2,0
2,normal,100,0,397,emailservice,email,52,1,1,1,0
2,normal,100,0,397,frontend,server,65,3,3,3,0
2,normal,100,0,397,paymentservice,payment,35,1,1,1,0
2,normal,100,0,397,productcatalogservice,server,54,3,3,3,0
2,normal,100,0,397,recommendationservice,server,61,3,3,3,0
2,normal,100,0,397,redis-cart,-,,1,1,1,0
2,normal,100,0,397,shippingservice,server,34,1,1,1,0
2,normal,100,0,413,adservice,server,59,1,1,1,0
2,normal,100,0,413,cartservice,server,71,2,2,2,0
2,normal,100,0,413,checkoutservice,checkout,36,1,1,1,0
2,normal,100,0,413,currencyservice,server,50,2,2,2,0
2,normal,100,0,413,emailservice,email,57,1,1,1,0
2,normal,100,0,413,frontend,server,62,3,3,3,0
2,normal,100,0,413,paymentservice,payment,29,1,1,1,0
2,normal,100,0,413,productcatalogservice,server,52,3,3,3,0
2,normal,100,0,413,recommendationservice,server,60,3,3,3,0
2,normal,100,0,413,redis-cart,-,,1,1,1,0
2,normal,100,0,413,shippingservice,server,34,1,1,1,0
2,normal,100,0,428,adservice,server,59,1,1,1,0
2,normal,100,0,428,cartservice,server,79,2,2,2,0
2,normal,100,0,428,checkoutservice,checkout,34,1,1,1,0
2,normal,100,0,428,currencyservice,server,47,2,2,2,0
2,normal,100,0,428,emailservice,email,52,1,1,1,0
2,normal,100,0,428,frontend,server,52,3,3,3,0
2,normal,100,0,428,paymentservice,payment,43,1,1,1,0
2,normal,100,0,428,productcatalogservice,server,47,3,3,3,0
2,normal,100,0,428,recommendationservice,server,54,3,3,3,0
2,normal,100,0,428,redis-cart,-,,1,1,1,0
2,normal,100,0,428,shippingservice,server,37,1,1,1,0
2,normal,100,0,443,adservice,server,55,1,1,1,0
2,normal,100,0,443,cartservice,server,74,2,2,2,0
2,normal,100,0,443,checkoutservice,checkout,32,1,1,1,0
2,normal,100,0,443,currencyservice,server,49,2,2,2,0
2,normal,100,0,443,emailservice,email,52,1,1,1,0
2,normal,100,0,443,frontend,server,63,3,3,3,0
2,normal,100,0,443,paymentservice,payment,34,1,1,1,0
2,normal,100,0,443,productcatalogservice,server,54,3,3,3,0
2,normal,100,0,443,recommendationservice,server,60,3,3,3,0
2,normal,100,0,443,redis-cart,-,,1,1,1,0
2,normal,100,0,443,shippingservice,server,35,1,1,1,0
2,frontcatalog,100,0,0,adservice,-,,1,0,1,0
2,frontcatalog,100,0,0,cartservice,-,,1,0,1,0
2,frontcatalog,100,0,0,checkoutservice,checkout,0,1,1,1,0
2,frontcatalog,100,0,0,currencyservice,server,4,1,1,1,0
2,frontcatalog,100,0,0,emailservice,email,1,1,1,1,0
2,frontcatalog,100,0,0,frontend,-,,1,0,1,0
2,frontcatalog,100,0,0,paymentservice,payment,0,1,1,1,0
2,frontcatalog,100,0,0,recommendationservice,-,,,0,1,0
2,frontcatalog,100,0,0,redis-cart,-,,1,1,1,0
2,frontcatalog,100,0,0,shippingservice,-,,,0,1,0
2,frontcatalog,100,0,15,adservice,-,,1,0,1,0
2,frontcatalog,100,0,15,cartservice,-,,1,0,1,0
2,frontcatalog,100,0,15,checkoutservice,checkout,0,1,1,1,0
2,frontcatalog,100,0,15,currencyservice,server,0,1,1,1,0
2,frontcatalog,100,0,15,emailservice,email,1,1,1,1,0
2,frontcatalog,100,0,15,frontend,productcatalog,3,1,1,1,0
2,frontcatalog,100,0,15,frontend,server,0,1,1,1,0
2,frontcatalog,100,0,15,paymentservice,payment,0,1,1,1,0
2,frontcatalog,100,0,15,recommendationservice,server,40,1,1,1,0
2,frontcatalog,100,0,15,redis-cart,-,,1,1,1,0
2,frontcatalog,100,0,15,shippingservice,server,0,1,1,1,0
2,frontcatalog,100,0,31,adservice,server,17,1,1,1,0
2,frontcatalog,100,0,31,cartservice,server,63,1,1,1,0
2,frontcatalog,100,0,31,checkoutservice,checkout,9,1,1,1,0
2,frontcatalog,100,0,31,currencyservice,server,23,1,1,1,0
2,frontcatalog,100,0,31,emailservice,email,6,1,1,1,0
2,frontcatalog,100,0,31,frontend,productcatalog,78,1,1,1,0
2,frontcatalog,100,0,31,frontend,server,35,1,1,1,0
2,frontcatalog,100,0,31,paymentservice,payment,36,1,1,1,0
2,frontcatalog,100,0,31,recommendationservice,server,74,1,1,1,0
2,frontcatalog,100,0,31,redis-cart,-,,1,1,1,0
2,frontcatalog,100,0,31,shippingservice,server,8,1,1,1,0
2,frontcatalog,100,0,46,adservice,server,86,1,1,1,0
2,frontcatalog,100,0,46,cartservice,server,95,1,1,1,0
2,frontcatalog,100,0,46,checkoutservice,checkout,33,1,1,1,0
2,frontcatalog,100,0,46,currencyservice,server,55,1,1,1,0
2,frontcatalog,100,0,46,emailservice,email,56,1,1,1,0
2,frontcatalog,100,0,46,frontend,productcatalog,64,1,1,1,0
2,frontcatalog,100,0,46,frontend,server,75,1,1,1,0
2,frontcatalog,100,0,46,paymentservice,payment,51,1,1,1,0
2,frontcatalog,100,0,46,recommendationservice,server,68,1,1,1,0
2,frontcatalog,100,0,46,redis-cart,-,,1,1,1,0
2,frontcatalog,100,0,46,shippingservice,server,30,1,1,1,0
2,frontcatalog,100,0,61,adservice,server,86,1,2,1,0
2,frontcatalog,100,0,61,cartservice,server,76,1,1,1,0
2,frontcatalog,100,0,61,checkoutservice,checkout,29,1,1,1,0
2,frontcatalog,100,0,61,currencyservice,server,50,1,1,1,0
2,frontcatalog,100,0,61,emailservice,email,47,1,1,1,0
2,frontcatalog,100,0,61,frontend,productcatalog,65,1,1,1,0
2,frontcatalog,100,0,61,frontend,server,71,1,1,1,0
2,frontcatalog,100,0,61,paymentservice,payment,51,1,1,1,0
2,frontcatalog,100,0,61,recommendationservice,server,68,1,1,1,0
2,frontcatalog,100,0,61,redis-cart,-,,1,1,1,0
2,frontcatalog,100,0,61,shippingservice,server,30,1,1,1,0
2,frontcatalog,100,0,76,adservice,server,41,2,2,1,0
2,frontcatalog,100,0,76,cartservice,server,76,1,1,1,0
2,frontcatalog,100,0,76,checkoutservice,checkout,28,1,1,1,0
2,frontcatalog,100,0,76,currencyservice,server,49,1,1,1,0
2,frontcatalog,100,0,76,emailservice,email,47,1,1,1,0
2,frontcatalog,100,0,76,frontend,productcatalog,61,1,1,1,0
2,frontcatalog,100,0,76,frontend,server,71,1,1,1,0
2,frontcatalog,100,0,76,paymentservice,payment,36,1,1,1,0
2,frontcatalog,100,0,76,recommendationservice,server,67,1,1,1,0
2,frontcatalog,100,0,76,redis-cart,-,,1,1,1,0
2,frontcatalog,100,0,76,shippingservice,server,30,1,1,1,0
2,frontcatalog,100,0,91,adservice,server,27,2,2,2,0
2,frontcatalog,100,0,91,cartservice,server,77,1,1,1,0
2,frontcatalog,100,0,91,checkoutservice,checkout,28,1,1,1,0
2,frontcatalog,100,0,91,currencyservice,server,49,1,1,1,0
2,frontcatalog,100,0,91,emailservice,email,47,1,1,1,0
2,frontcatalog,100,0,91,frontend,productcatalog,61,1,1,1,0
2,frontcatalog,100,0,91,frontend,server,68,1,1,1,0
2,frontcatalog,100,0,91,paymentservice,payment,35,1,1,1,0
2,frontcatalog,100,0,91,recommendationservice,server,66,1,1,1,0
2,frontcatalog,100,0,91,redis-cart,-,,1,1,1,0
2,frontcatalog,100,0,91,shippingservice,server,29,1,1,1,0
2,frontcatalog,100,0,107,adservice,server,25,2,2,2,0
2,frontcatalog,100,0,107,cartservice,server,72,1,1,1,0
2,frontcatalog,100,0,107,checkoutservice,checkout,29,1,1,1,0
2,frontcatalog,100,0,107,currencyservice,server,48,1,1,1,0
2,frontcatalog,100,0,107,emailservice,email,46,1,1,1,0
2,frontcatalog,100,0,107,frontend,productcatalog,59,1,1,1,0
2,frontcatalog,100,0,107,frontend,server,67,1,1,1,0
2,frontcatalog,100,0,107,paymentservice,payment,48,1,1,1,0
2,frontcatalog,100,0,107,recommendationservice,server,66,1,1,1,0
2,frontcatalog,100,0,107,redis-cart,-,,1,1,1,0
2,frontcatalog,100,0,107,shippingservice,server,30,1,1,1,0
2,frontcatalog,100,0,122,adservice,server,20,2,2,2,0
2,frontcatalog,100,0,122,cartservice,server,78,1,1,1,0
2,frontcatalog,100,0,122,checkoutservice,checkout,28,1,1,1,0
2,frontcatalog,100,0,122,currencyservice,server,49,1,1,1,0
2,frontcatalog,100,0,122,emailservice,email,47,1,1,1,0
2,frontcatalog,100,0,122,frontend,productcatalog,62,1,1,1,0
2,frontcatalog,100,0,122,frontend,server,67,1,1,1,0
2,frontcatalog,100,0,122,paymentservice,payment,44,1,1,1,0
2,frontcatalog,100,0,122,recommendationservice,server,66,1,1,1,0
2,frontcatalog,100,0,122,redis-cart,-,,1,1,1,0
2,frontcatalog,100,0,122,shippingservice,server,29,1,1,1,0
2,frontcatalog,100,0,137,adservice,server,10,2,1,1,0
2,frontcatalog,100,0,137,cartservice,server,72,1,1,1,0
2,frontcatalog,100,0,137,checkoutservice,checkout,28,1,1,1,0
2,frontcatalog,100,0,137,currencyservice,server,48,1,1,1,0
2,frontcatalog,100,0,137,emailservice,email,46,1,1,1,0
2,frontcatalog,100,0,137,frontend,productcatalog,60,1,1,1,0
2,frontcatalog,100,0,137,frontend,server,67,1,1,1,0
2,frontcatalog,100,0,137,paymentservice,payment,36,1,1,1,0
2,frontcatalog,100,0,137,recommendationservice,server,67,1,1,1,0
2,frontcatalog,100,0,137,redis-cart,-,,1,1,1,0
2,frontcatalog,100,0,137,shippingservice,server,30,1,1,1,0
2,frontcatalog,100,0,152,adservice,server,17,1,1,1,0
2,frontcatalog,100,0,152,cartservice,server,77,1,1,1,0
2,frontcatalog,100,0,152,checkoutservice,checkout,29,1,1,1,0
2,frontcatalog,100,0,152,currencyservice,server,48,1,1,1,0
2,frontcatalog,100,0,152,emailservice,email,47,1,1,1,0
2,frontcatalog,100,0,152,frontend,productcatalog,63,1,1,1,0
2,frontcatalog,100,0,152,frontend,server,68,1,1,1,0
2,frontcatalog,100,0,152,paymentservice,payment,34,1,1,1,0
2,frontcatalog,100,0,152,recommendationservice,server,66,1,1,1,0
2,frontcatalog,100,0,152,redis-cart,-,,1,1,1,0
2,frontcatalog,100,0,152,shippingservice,server,29,1,1,1,0
2,frontcatalog,100,0,168,adservice,server,18,1,1,1,0
2,frontcatalog,100,0,168,cartservice,server,77,1,2,1,0
2,frontcatalog,100,0,168,checkoutservice,checkout,28,1,1,1,0
2,frontcatalog,100,0,168,currencyservice,server,50,1,1,1,0
2,frontcatalog,100,0,168,emailservice,email,47,1,1,1,0
2,frontcatalog,100,0,168,frontend,productcatalog,61,1,1,1,0
2,frontcatalog,100,0,168,frontend,server,66,1,1,1,0
2,frontcatalog,100,0,168,paymentservice,payment,36,1,1,1,0
2,frontcatalog,100,0,168,recommendationservice,server,69,1,1,1,0
2,frontcatalog,100,0,168,redis-cart,-,,1,1,1,0
2,frontcatalog,100,0,168,shippingservice,server,29,1,1,1,0
2,frontcatalog,100,0,183,adservice,server,15,1,1,1,0
2,frontcatalog,100,0,183,cartservice,server,70,2,2,1,0
2,frontcatalog,100,0,183,checkoutservice,checkout,28,1,1,1,0
2,frontcatalog,100,0,183,currencyservice,server,48,1,1,1,0
2,frontcatalog,100,0,183,emailservice,email,45,1,1,1,0
2,frontcatalog,100,0,183,frontend,productcatalog,62,1,1,1,0
2,frontcatalog,100,0,183,frontend,server,71,1,1,1,0
2,frontcatalog,100,0,183,paymentservice,payment,33,1,1,1,0
2,frontcatalog,100,0,183,recommendationservice,server,69,1,1,1,0
2,frontcatalog,100,0,183,redis-cart,-,,1,1,1,0
2,frontcatalog,100,0,183,shippingservice,server,30,1,1,1,0
2,frontcatalog,100,0,198,adservice,server,14,1,1,1,0
2,frontcatalog,100,0,198,cartservice,server,72,2,2,2,0
2,frontcatalog,100,0,198,checkoutservice,checkout,28,1,1,1,0
2,frontcatalog,100,0,198,currencyservice,server,48,1,1,1,0
2,frontcatalog,100,0,198,emailservice,email,47,1,1,1,0
2,frontcatalog,100,0,198,frontend,productcatalog,62,1,1,1,0
2,frontcatalog,100,0,198,frontend,server,71,1,1,1,0
2,frontcatalog,100,0,198,paymentservice,payment,33,1,1,1,0
2,frontcatalog,100,0,198,recommendationservice,server,66,1,1,1,0
2,frontcatalog,100,0,198,redis-cart,-,,1,1,1,0
2,frontcatalog,100,0,198,shippingservice,server,29,1,1,1,0
2,frontcatalog,100,0,213,adservice,server,14,1,1,1,0
2,frontcatalog,100,0,213,cartservice,server,71,2,2,2,0
2,frontcatalog,100,0,213,checkoutservice,checkout,27,1,1,1,0
2,frontcatalog,100,0,213,currencyservice,server,48,1,1,1,0
2,frontcatalog,100,0,213,emailservice,email,47,1,1,1,0
2,frontcatalog,100,0,213,frontend,productcatalog,62,1,1,1,0
2,frontcatalog,100,0,213,frontend,server,69,1,1,1,0
2,frontcatalog,100,0,213,paymentservice,payment,35,1,1,1,0
2,frontcatalog,100,0,213,recommendationservice,server,68,1,1,1,0
2,frontcatalog,100,0,213,redis-cart,-,,1,1,1,0
2,frontcatalog,100,0,213,shippingservice,server,29,1,1,1,0
2,frontcatalog,100,0,228,adservice,server,13,1,1,1,0
2,frontcatalog,100,0,228,cartservice,server,70,2,2,2,0
2,frontcatalog,100,0,228,checkoutservice,checkout,28,1,1,1,0
2,frontcatalog,100,0,228,currencyservice,server,48,1,1,1,0
2,frontcatalog,100,0,228,emailservice,email,45,1,1,1,0
2,frontcatalog,100,0,228,frontend,productcatalog,62,1,1,1,0
2,frontcatalog,100,0,228,frontend,server,69,1,1,1,0
2,frontcatalog,100,0,228,paymentservice,payment,35,1,1,1,0
2,frontcatalog,100,0,228,recommendationservice,server,66,1,1,1,0
2,frontcatalog,100,0,228,redis-cart,-,,1,1,1,0
2,frontcatalog,100,0,228,shippingservice,server,29,1,1,1,0
2,frontcatalog,100,0,244,adservice,server,14,1,1,1,0
2,frontcatalog,100,0,244,cartservice,server,40,2,2,2,0
2,frontcatalog,100,0,244,checkoutservice,checkout,28,1,1,1,0
2,frontcatalog,100,0,244,currencyservice,server,49,1,1,1,0
2,frontcatalog,100,0,244,emailservice,email,44,1,1,1,0
2,frontcatalog,100,0,244,frontend,productcatalog,60,1,1,1,0
2,frontcatalog,100,0,244,frontend,server,67,1,1,1,0
2,frontcatalog,100,0,244,paymentservice,payment,33,1,1,1,0
2,frontcatalog,100,0,244,recommendationservice,server,65,1,1,1,0
2,frontcatalog,100,0,244,redis-cart,-,,1,1,1,0
2,frontcatalog,100,0,244,shippingservice,server,30,1,1,1,0
2,frontcatalog,100,0,259,adservice,server,12,1,1,1,0
2,frontcatalog,100,0,259,cartservice,server,39,2,2,2,0
2,frontcatalog,100,0,259,checkoutservice,checkout,28,1,1,1,0
2,frontcatalog,100,0,259,currencyservice,server,48,1,1,1,0
2,frontcatalog,100,0,259,emailservice,email,47,1,1,1,0
2,frontcatalog,100,0,259,frontend,productcatalog,61,1,1,1,0
2,frontcatalog,100,0,259,frontend,server,69,1,1,1,0
2,frontcatalog,100,0,259,paymentservice,payment,34,1,1,1,0
2,frontcatalog,100,0,259,recommendationservice,server,70,1,1,1,0
2,frontcatalog,100,0,259,redis-cart,-,,1,1,1,0
2,frontcatalog,100,0,259,shippingservice,server,30,1,1,1,0
2,frontcatalog,100,0,274,adservice,server,13,1,1,1,0
2,frontcatalog,100,0,274,cartservice,server,36,2,2,2,0
2,frontcatalog,100,0,274,checkoutservice,checkout,30,1,1,1,0
2,frontcatalog,100,0,274,currencyservice,server,48,1,1,1,0
2,frontcatalog,100,0,274,emailservice,email,45,1,1,1,0
2,frontcatalog,100,0,274,frontend,productcatalog,64,1,1,1,0
2,frontcatalog,100,0,274,frontend,server,71,1,1,1,0
2,frontcatalog,100,0,274,paymentservice,payment,33,1,1,1,0
2,frontcatalog,100,0,274,recommendationservice,server,67,1,1,1,0
2,frontcatalog,100,0,274,redis-cart,-,,1,1,1,0
2,frontcatalog,100,0,274,shippingservice,server,30,1,1,1,0
2,frontcatalog,100,0,289,adservice,server,12,1,1,1,0
2,frontcatalog,100,0,289,cartservice,server,37,2,2,2,0
2,frontcatalog,100,0,289,checkoutservice,checkout,28,1,1,1,0
2,frontcatalog,100,0,289,currencyservice,server,49,1,1,1,0
2,frontcatalog,100,0,289,emailservice,email,47,1,1,1,0
2,frontcatalog,100,0,289,frontend,productcatalog,62,1,1,1,0
2,frontcatalog,100,0,289,frontend,server,69,1,1,1,0
2,frontcatalog,100,0,289,paymentservice,payment,32,1,1,1,0
2,frontcatalog,100,0,289,recommendationservice,server,69,1,1,1,0
2,frontcatalog,100,0,289,redis-cart,-,,1,1,1,0
2,frontcatalog,100,0,289,shippingservice,server,29,1,1,1,0
2,frontcatalog,100,0,304,adservice,server,12,1,1,1,0
2,frontcatalog,100,0,304,cartservice,server,34,2,2,2,0
2,frontcatalog,100,0,304,checkoutservice,checkout,29,1,1,1,0
2,frontcatalog,100,0,304,currencyservice,server,48,1,1,1,0
2,frontcatalog,100,0,304,emailservice,email,47,1,1,1,0
2,frontcatalog,100,0,304,frontend,productcatalog,63,1,1,1,0
2,frontcatalog,100,0,304,frontend,server,73,1,1,1,0
2,frontcatalog,100,0,304,paymentservice,payment,33,1,1,1,0
2,frontcatalog,100,0,304,recommendationservice,server,69,1,1,1,0
2,frontcatalog,100,0,304,redis-cart,-,,1,1,1,0
2,frontcatalog,100,0,304,shippingservice,server,30,1,1,1,0
2,frontcatalog,100,0,320,adservice,server,16,1,1,1,0
2,frontcatalog,100,0,320,cartservice,server,40,2,2,2,0
2,frontcatalog,100,0,320,checkoutservice,checkout,28,1,1,1,0
2,frontcatalog,100,0,320,currencyservice,server,48,1,1,1,0
2,frontcatalog,100,0,320,emailservice,email,47,1,1,1,0
2,frontcatalog,100,0,320,frontend,productcatalog,62,1,1,1,0
2,frontcatalog,100,0,320,frontend,server,67,1,1,1,0
2,frontcatalog,100,0,320,paymentservice,payment,34,1,1,1,0
2,frontcatalog,100,0,320,recommendationservice,server,66,1,1,1,0
2,frontcatalog,100,0,320,redis-cart,-,,1,1,1,0
2,frontcatalog,100,0,320,shippingservice,server,29,1,1,1,0
2,frontcatalog,100,0,335,adservice,server,14,1,1,1,0
2,frontcatalog,100,0,335,cartservice,server,38,2,2,2,0
2,frontcatalog,100,0,335,checkoutservice,checkout,28,1,1,1,0
2,frontcatalog,100,0,335,currencyservice,server,48,1,1,1,0
2,frontcatalog,100,0,335,emailservice,email,45,1,1,1,0
2,frontcatalog,100,0,335,frontend,productcatalog,61,1,1,1,0
2,frontcatalog,100,0,335,frontend,server,67,1,1,1,0
2,frontcatalog,100,0,335,paymentservice,payment,36,1,1,1,0
2,frontcatalog,100,0,335,recommendationservice,server,65,1,1,1,0
2,frontcatalog,100,0,335,redis-cart,-,,1,1,1,0
2,frontcatalog,100,0,335,shippingservice,server,30,1,1,1,0
2,frontcatalog,100,0,350,adservice,server,13,1,1,1,0
2,frontcatalog,100,0,350,cartservice,server,35,2,2,2,0
2,frontcatalog,100,0,350,checkoutservice,checkout,28,1,1,1,0
2,frontcatalog,100,0,350,currencyservice,server,49,1,1,1,0
2,frontcatalog,100,0,350,emailservice,email,46,1,1,1,0
2,frontcatalog,100,0,350,frontend,productcatalog,61,1,1,1,0
2,frontcatalog,100,0,350,frontend,server,70,1,1,1,0
2,frontcatalog,100,0,350,paymentservice,payment,33,1,1,1,0
2,frontcatalog,100,0,350,recommendationservice,server,68,1,1,1,0
2,frontcatalog,100,0,350,redis-cart,-,,1,1,1,0
2,frontcatalog,100,0,350,shippingservice,server,30,1,1,1,0
2,frontcatalog,100,0,365,adservice,server,13,1,1,1,0
2,frontcatalog,100,0,365,cartservice,server,43,2,2,2,0
2,frontcatalog,100,0,365,checkoutservice,checkout,28,1,1,1,0
2,frontcatalog,100,0,365,currencyservice,server,49,1,1,1,0
2,frontcatalog,100,0,365,emailservice,email,45,1,1,1,0
2,frontcatalog,100,0,365,frontend,productcatalog,62,1,1,1,0
2,frontcatalog,100,0,365,frontend,server,68,1,1,1,0
2,frontcatalog,100,0,365,paymentservice,payment,35,1,1,1,0
2,frontcatalog,100,0,365,recommendationservice,server,65,1,1,1,0
2,frontcatalog,100,0,365,redis-cart,-,,1,1,1,0
2,frontcatalog,100,0,365,shippingservice,server,29,1,1,1,0
2,frontcatalog,100,0,380,adservice,server,13,1,1,1,0
2,frontcatalog,100,0,380,cartservice,server,36,2,2,2,0
2,frontcatalog,100,0,380,checkoutservice,checkout,27,1,1,1,0
2,frontcatalog,100,0,380,currencyservice,server,47,1,1,1,0
2,frontcatalog,100,0,380,emailservice,email,45,1,1,1,0
2,frontcatalog,100,0,380,frontend,productcatalog,61,1,1,1,0
2,frontcatalog,100,0,380,frontend,server,68,1,1,1,0
2,frontcatalog,100,0,380,paymentservice,payment,32,1,1,1,0
2,frontcatalog,100,0,380,recommendationservice,server,63,1,1,1,0
2,frontcatalog,100,0,380,redis-cart,-,,1,1,1,0
2,frontcatalog,100,0,380,shippingservice,server,29,1,1,1,0
2,frontcatalog,100,0,396,adservice,server,12,1,1,1,0
2,frontcatalog,100,0,396,cartservice,server,35,2,2,2,0
2,frontcatalog,100,0,396,checkoutservice,checkout,27,1,1,1,0
2,frontcatalog,100,0,396,currencyservice,server,50,1,1,1,0
2,frontcatalog,100,0,396,emailservice,email,46,1,1,1,0
2,frontcatalog,100,0,396,frontend,productcatalog,60,1,1,1,0
2,frontcatalog,100,0,396,frontend,server,68,1,1,1,0
2,frontcatalog,100,0,396,paymentservice,payment,32,1,1,1,0
2,frontcatalog,100,0,396,recommendationservice,server,68,1,1,1,0
2,frontcatalog,100,0,396,redis-cart,-,,1,1,1,0
2,frontcatalog,100,0,396,shippingservice,server,30,1,1,1,0
2,frontcatalog,100,0,411,adservice,server,12,1,1,1,0
2,frontcatalog,100,0,411,cartservice,server,41,2,2,2,0
2,frontcatalog,100,0,411,checkoutservice,checkout,29,1,1,1,0
2,frontcatalog,100,0,411,currencyservice,server,49,1,1,1,0
2,frontcatalog,100,0,411,emailservice,email,46,1,1,1,0
2,frontcatalog,100,0,411,frontend,productcatalog,62,1,1,1,0
2,frontcatalog,100,0,411,frontend,server,67,1,1,1,0
2,frontcatalog,100,0,411,paymentservice,payment,36,1,1,1,0
2,frontcatalog,100,0,411,recommendationservice,server,63,1,1,1,0
2,frontcatalog,100,0,411,redis-cart,-,,1,1,1,0
2,frontcatalog,100,0,411,shippingservice,server,30,1,1,1,0
2,frontcatalog,100,0,426,adservice,server,12,1,1,1,0
2,frontcatalog,100,0,426,cartservice,server,34,2,2,2,0
2,frontcatalog,100,0,426,checkoutservice,checkout,28,1,1,1,0
2,frontcatalog,100,0,426,currencyservice,server,48,1,1,1,0
2,frontcatalog,100,0,426,emailservice,email,46,1,1,1,0
2,frontcatalog,100,0,426,frontend,productcatalog,60,1,1,1,0
2,frontcatalog,100,0,426,frontend,server,66,1,1,1,0
2,frontcatalog,100,0,426,paymentservice,payment,34,1,1,1,0
2,frontcatalog,100,0,426,recommendationservice,server,63,1,1,1,0
2,frontcatalog,100,0,426,redis-cart,-,,1,1,1,0
2,frontcatalog,100,0,426,shippingservice,server,30,1,1,1,0
2,frontcatalog,100,0,441,adservice,server,13,1,1,1,0
2,frontcatalog,100,0,441,cartservice,server,40,2,2,2,0
2,frontcatalog,100,0,441,checkoutservice,checkout,28,1,1,1,0
2,frontcatalog,100,0,441,currencyservice,server,49,1,1,1,0
2,frontcatalog,100,0,441,emailservice,email,46,1,1,1,0
2,frontcatalog,100,0,441,frontend,productcatalog,61,1,1,1,0
2,frontcatalog,100,0,441,frontend,server,66,1,1,1,0
2,frontcatalog,100,0,441,paymentservice,payment,13,1,1,1,0
2,frontcatalog,100,0,441,recommendationservice,server,48,1,1,1,0
2,frontcatalog,100,0,441,redis-cart,-,,1,1,1,0
2,frontcatalog,100,0,441,shippingservice,server,8,1,1,1,0
2,frontcatalog,100,0,0,adservice,server,4,1,1,1,0
2,frontcatalog,100,0,0,cartservice,server,27,2,2,2,0
2,frontcatalog,100,0,0,checkoutservice,checkout,9,1,1,1,0
2,frontcatalog,100,0,0,currencyservice,server,18,1,1,1,0
2,frontcatalog,100,0,0,emailservice,email,11,1,1,1,0
2,frontcatalog,100,0,0,frontend,productcatalog,61,1,1,1,0
2,frontcatalog,100,0,0,frontend,server,56,1,1,1,0
2,frontcatalog,100,0,0,paymentservice,payment,0,1,1,1,0
2,frontcatalog,100,0,0,recommendationservice,server,0,1,1,1,0
2,frontcatalog,100,0,0,redis-cart,-,,1,1,1,0
2,frontcatalog,100,0,0,shippingservice,server,0,1,1,1,0
2,frontcatalog,100,0,15,adservice,server,1,1,1,1,0
2,frontcatalog,100,0,15,cartservice,server,1,2,2,2,0
2,frontcatalog,100,0,15,checkoutservice,checkout,0,1,1,1,0
2,frontcatalog,100,0,15,currencyservice,server,0,1,1,1,0
2,frontcatalog,100,0,15,emailservice,email,1,1,1,1,0
2,frontcatalog,100,0,15,frontend,productcatalog,5,1,1,1,0
2,frontcatalog,100,0,15,frontend,server,0,1,1,1,0
2,frontcatalog,100,0,15,paymentservice,payment,0,1,1,1,0
2,frontcatalog,100,0,15,recommendationservice,server,0,1,1,1,0
2,frontcatalog,100,0,15,redis-cart,-,,1,1,1,0
2,frontcatalog,100,0,15,shippingservice,server,5,1,1,1,0
2,frontcatalog,100,0,31,adservice,server,0,1,1,1,0
2,frontcatalog,100,0,31,cartservice,server,0,2,2,2,0
2,frontcatalog,100,0,31,checkoutservice,checkout,8,1,1,1,0
2,frontcatalog,100,0,31,currencyservice,server,12,1,1,1,0
2,frontcatalog,100,0,31,emailservice,email,6,1,1,1,0
2,frontcatalog,100,0,31,frontend,productcatalog,11,1,1,1,0
2,frontcatalog,100,0,31,frontend,server,0,1,1,1,0
2,frontcatalog,100,0,31,paymentservice,payment,16,1,1,1,0
2,frontcatalog,100,0,31,recommendationservice,server,80,1,1,1,0
2,frontcatalog,100,0,31,redis-cart,-,,1,1,1,0
2,frontcatalog,100,0,31,shippingservice,server,31,1,1,1,0
2,frontcatalog,100,0,46,adservice,server,21,1,1,1,0
2,frontcatalog,100,0,46,cartservice,server,32,2,1,1,0
2,frontcatalog,100,0,46,checkoutservice,checkout,30,1,1,1,0
2,frontcatalog,100,0,46,currencyservice,server,12,1,1,1,0
2,frontcatalog,100,0,46,emailservice,email,49,1,1,1,0
2,frontcatalog,100,0,46,frontend,productcatalog,77,1,1,1,0
2,frontcatalog,100,0,46,frontend,server,46,1,1,1,0
2,frontcatalog,100,0,46,paymentservice,payment,34,1,1,1,0
2,frontcatalog,100,0,46,recommendationservice,server,89,1,2,2,0
2,frontcatalog,100,0,46,redis-cart,-,,1,1,1,0
2,frontcatalog,100,0,46,shippingservice,server,30,1,1,1,0
2,frontcatalog,100,0,61,adservice,server,22,1,1,1,0
2,frontcatalog,100,0,61,cartservice,server,80,1,1,1,0
2,frontcatalog,100,0,61,checkoutservice,checkout,29,1,1,1,0
2,frontcatalog,100,0,61,currencyservice,server,53,1,1,1,0
2,frontcatalog,100,0,61,emailservice,email,48,1,1,1,0
2,frontcatalog,100,0,61,frontend,productcatalog,79,1,2,1,0
2,frontcatalog,100,0,61,frontend,server,89,1,2,1,0
2,frontcatalog,100,0,61,paymentservice,payment,37,1,1,1,0
2,frontcatalog,100,0,61,recommendationservice,server,87,2,2,2,0
2,frontcatalog,100,0,61,redis-cart,-,,1,1,1,0
2,frontcatalog,100,0,61,shippingservice,server,32,1,1,1,0
2,frontcatalog,100,0,76,adservice,server,21,1,1,1,0
2,frontcatalog,100,0,76,cartservice,server,84,1,2,1,0
2,frontcatalog,100,0,76,checkoutservice,checkout,30,1,1,1,0
2,frontcatalog,100,0,76,currencyservice,server,58,1,1,1,0
2,frontcatalog,100,0,76,emailservice,email,48,1,1,1,0
2,frontcatalog,100,0,76,frontend,productcatalog,82,2,2,2,0
2,frontcatalog,100,0,76,frontend,server,90,2,2,2,0
2,frontcatalog,100,0,76,paymentservice,payment,33,1,1,1,0
2,frontcatalog,100,0,76,recommendationservice,server,45,2,2,2,0
2,frontcatalog,100,0,76,redis-cart,-,,1,1,1,0
2,frontcatalog,100,0,76,shippingservice,server,31,1,1,1,0
2,frontcatalog,100,0,92,adservice,server,22,1,1,1,0
2,frontcatalog,100,0,92,cartservice,server,77,2,2,2,0
2,frontcatalog,100,0,92,checkoutservice,checkout,31,1,1,1,0
2,frontcatalog,100,0,92,currencyservice,server,55,1,1,1,0
2,frontcatalog,100,0,92,emailservice,email,48,1,1,1,0
2,frontcatalog,100,0,92,frontend,productcatalog,40,2,2,2,0
2,frontcatalog,100,0,92,frontend,server,45,2,2,2,0
2,frontcatalog,100,0,92,paymentservice,payment,32,1,1,1,0
2,frontcatalog,100,0,92,recommendationservice,server,45,2,2,2,0
2,frontcatalog,100,0,92,redis-cart,-,,1,1,1,0
2,frontcatalog,100,0,92,shippingservice,server,32,1,1,1,0
2,frontcatalog,100,0,107,adservice,server,23,1,1,1,0
2,frontcatalog,100,0,107,cartservice,server,93,2,2,2,0
2,frontcatalog,100,0,107,checkoutservice,checkout,30,1,1,1,0
2,frontcatalog,100,0,107,currencyservice,server,55,1,1,1,0
2,frontcatalog,100,0,107,emailservice,email,46,1,1,1,0
2,frontcatalog,100,0,107,frontend,productcatalog,38,2,2,2,0
2,frontcatalog,100,0,107,frontend,server,43,2,2,2,0
2,frontcatalog,100,0,107,paymentservice,payment,32,1,1,1,0
2,frontcatalog,100,0,107,recommendationservice,server,45,2,2,2,0
2,frontcatalog,100,0,107,redis-cart,-,,1,1,1,0
2,frontcatalog,100,0,107,shippingservice,server,30,1,1,1,0
2,frontcatalog,100,0,122,adservice,server,23,1,1,1,0
2,frontcatalog,100,0,122,cartservice,server,90,2,2,2,0
2,frontcatalog,100,0,122,checkoutservice,checkout,29,1,1,1,0
2,frontcatalog,100,0,122,currencyservice,server,55,1,1,1,0
2,frontcatalog,100,0,122,emailservice,email,46,1,1,1,0
2,frontcatalog,100,0,122,frontend,productcatalog,40,2,2,2,0
2,frontcatalog,100,0,122,frontend,server,46,2,2,2,0
2,frontcatalog,100,0,122,paymentservice,payment,36,1,1,1,0
2,frontcatalog,100,0,122,recommendationservice,server,44,2,2,2,0
2,frontcatalog,100,0,122,redis-cart,-,,1,1,1,0
2,frontcatalog,100,0,122,shippingservice,server,31,1,1,1,0
2,frontcatalog,100,0,137,adservice,server,23,1,1,1,0
2,frontcatalog,100,0,137,cartservice,server,42,2,2,2,0
2,frontcatalog,100,0,137,checkoutservice,checkout,29,1,1,1,0
2,frontcatalog,100,0,137,currencyservice,server,56,1,1,1,0
2,frontcatalog,100,0,137,emailservice,email,51,1,1,1,0
2,frontcatalog,100,0,137,frontend,productcatalog,40,2,2,2,0
2,frontcatalog,100,0,137,frontend,server,43,2,2,2,0
2,frontcatalog,100,0,137,paymentservice,payment,35,1,1,1,0
2,frontcatalog,100,0,137,recommendationservice,server,44,2,2,2,0
2,frontcatalog,100,0,137,redis-cart,-,,1,1,1,0
2,frontcatalog,100,0,137,shippingservice,server,31,1,1,1,0
2,frontcatalog,100,0,153,adservice,server,21,1,1,1,0
2,frontcatalog,100,0,153,cartservice,server,45,2,2,2,0
2,frontcatalog,100,0,153,checkoutservice,checkout,31,1,1,1,0
2,frontcatalog,100,0,153,currencyservice,server,54,1,1,1,0
2,frontcatalog,100,0,153,emailservice,email,47,1,1,1,0
2,frontcatalog,100,0,153,frontend,productcatalog,39,2,2,2,0
2,frontcatalog,100,0,153,frontend,server,43,2,2,2,0
2,frontcatalog,100,0,153,paymentservice,payment,34,1,1,1,0
2,frontcatalog,100,0,153,recommendationservice,server,44,2,2,2,0
2,frontcatalog,100,0,153,redis-cart,-,,1,1,1,0
2,frontcatalog,100,0,153,shippingservice,server,31,1,1,1,0
2,frontcatalog,100,0,168,adservice,server,22,1,1,1,0
2,frontcatalog,100,0,168,cartservice,server,41,2,2,2,0
2,frontcatalog,100,0,168,checkoutservice,checkout,30,1,1,1,0
2,frontcatalog,100,0,168,currencyservice,server,55,1,1,1,0
2,frontcatalog,100,0,168,emailservice,email,48,1,1,1,0
2,frontcatalog,100,0,168,frontend,productcatalog,39,2,2,2,0
2,frontcatalog,100,0,168,frontend,server,43,2,2,2,0
2,frontcatalog,100,0,168,paymentservice,payment,30,1,1,1,0
2,frontcatalog,100,0,168,recommendationservice,server,43,2,2,2,0
2,frontcatalog,100,0,168,redis-cart,-,,1,1,1,0
2,frontcatalog,100,0,168,shippingservice,server,29,1,1,1,0
2,frontcatalog,100,0,183,adservice,server,21,1,1,1,0
2,frontcatalog,100,0,183,cartservice,server,42,2,2,2,0
2,frontcatalog,100,0,183,checkoutservice,checkout,29,1,1,1,0
2,frontcatalog,100,0,183,currencyservice,server,53,1,1,1,0
2,frontcatalog,100,0,183,emailservice,email,46,1,1,1,0
2,frontcatalog,100,0,183,frontend,productcatalog,39,2,2,2,0
2,frontcatalog,100,0,183,frontend,server,43,2,2,2,0
2,frontcatalog,100,0,183,paymentservice,payment,35,1,1,1,0
2,frontcatalog,100,0,183,recommendationservice,server,44,2,2,2,0
2,frontcatalog,100,0,183,redis-cart,-,,1,1,1,0
2,frontcatalog,100,0,183,shippingservice,server,31,1,1,1,0
2,frontcatalog,100,0,198,adservice,server,24,1,1,1,0
2,frontcatalog,100,0,198,cartservice,server,43,2,2,2,0
2,frontcatalog,100,0,198,checkoutservice,checkout,29,1,1,1,0
2,frontcatalog,100,0,198,currencyservice,server,56,1,1,1,0
2,frontcatalog,100,0,198,emailservice,email,48,1,1,1,0
2,frontcatalog,100,0,198,frontend,productcatalog,40,2,2,2,0
2,frontcatalog,100,0,198,frontend,server,43,2,2,2,0
2,frontcatalog,100,0,198,paymentservice,payment,33,1,1,1,0
2,frontcatalog,100,0,198,recommendationservice,server,44,2,2,2,0
2,frontcatalog,100,0,198,redis-cart,-,,1,1,1,0
2,frontcatalog,100,0,198,shippingservice,server,31,1,1,1,0
2,frontcatalog,100,0,213,adservice,server,21,1,1,1,0
2,frontcatalog,100,0,213,cartservice,server,42,2,2,2,0
2,frontcatalog,100,0,213,checkoutservice,checkout,30,1,1,1,0
2,frontcatalog,100,0,213,currencyservice,server,55,1,1,1,0
2,frontcatalog,100,0,213,emailservice,email,48,1,1,1,0
2,frontcatalog,100,0,213,frontend,productcatalog,38,2,2,2,0
2,frontcatalog,100,0,213,frontend,server,42,2,2,2,0
2,frontcatalog,100,0,213,paymentservice,payment,32,1,1,1,0
2,frontcatalog,100,0,213,recommendationservice,server,43,2,2,2,0
2,frontcatalog,100,0,213,redis-cart,-,,1,1,1,0
2,frontcatalog,100,0,213,shippingservice,server,30,1,1,1,0
2,frontcatalog,100,0,229,adservice,server,22,1,1,1,0
2,frontcatalog,100,0,229,cartservice,server,40,2,2,2,0
2,frontcatalog,100,0,229,checkoutservice,checkout,29,1,1,1,0
2,frontcatalog,100,0,229,currencyservice,server,55,1,1,1,0
2,frontcatalog,100,0,229,emailservice,email,47,1,1,1,0
2,frontcatalog,100,0,229,frontend,productcatalog,39,2,2,2,0
2,frontcatalog,100,0,229,frontend,server,44,2,2,2,0
2,frontcatalog,100,0,229,paymentservice,payment,34,1,1,1,0
2,frontcatalog,100,0,229,recommendationservice,server,44,2,2,2,0
2,frontcatalog,100,0,229,redis-cart,-,,1,1,1,0
2,frontcatalog,100,0,229,shippingservice,server,32,1,1,1,0
2,frontcatalog,100,0,244,adservice,server,24,1,1,1,0
2,frontcatalog,100,0,244,cartservice,server,38,2,2,2,0
2,frontcatalog,100,0,244,checkoutservice,checkout,31,1,1,1,0
2,frontcatalog,100,0,244,currencyservice,server,55,1,1,1,0
2,frontcatalog,100,0,244,emailservice,email,50,1,1,1,0
2,frontcatalog,100,0,244,frontend,productcatalog,41,2,2,2,0
2,frontcatalog,100,0,244,frontend,server,46,2,2,2,0
2,frontcatalog,100,0,244,paymentservice,payment,33,1,1,1,0
2,frontcatalog,100,0,244,recommendationservice,server,44,2,2,2,0
2,frontcatalog,100,0,244,redis-cart,-,,1,1,1,0
2,frontcatalog,100,0,244,shippingservice,server,30,1,1,1,0
2,frontcatalog,100,0,259,adservice,server,22,1,1,1,0
2,frontcatalog,100,0,259,cartservice,server,38,2,2,2,0
2,frontcatalog,100,0,259,checkoutservice,checkout,29,1,1,1,0
2,frontcatalog,100,0,259,currencyservice,server,54,1,1,1,0
2,frontcatalog,100,0,259,emailservice,email,45,1,1,1,0
2,frontcatalog,100,0,259,frontend,productcatalog,41,2,2,2,0
2,frontcatalog,100,0,259,frontend,server,43,2,2,2,0
2,frontcatalog,100,0,259,paymentservice,payment,31,1,1,1,0
2,frontcatalog,100,0,259,recommendationservice,server,45,2,2,2,0
2,frontcatalog,100,0,259,redis-cart,-,,1,1,1,0
2,frontcatalog,100,0,259,shippingservice,server,30,1,1,1,0
2,frontcatalog,100,0,274,adservice,server,20,1,1,1,0
2,frontcatalog,100,0,274,cartservice,server,41,2,2,2,0
2,frontcatalog,100,0,274,checkoutservice,checkout,30,1,1,1,0
2,frontcatalog,100,0,274,currencyservice,server,55,1,1,1,0
2,frontcatalog,100,0,274,emailservice,email,48,1,1,1,0
2,frontcatalog,100,0,274,frontend,productcatalog,39,2,2,2,0
2,frontcatalog,100,0,274,frontend,server,44,2,2,2,0
2,frontcatalog,100,0,274,paymentservice,payment,35,1,1,1,0
2,frontcatalog,100,0,274,recommendationservice,server,43,2,2,2,0
2,frontcatalog,100,0,274,redis-cart,-,,1,1,1,0
2,frontcatalog,100,0,274,shippingservice,server,31,1,1,1,0
2,frontcatalog,100,0,290,adservice,server,24,1,1,1,0
2,frontcatalog,100,0,290,cartservice,server,40,2,2,2,0
2,frontcatalog,100,0,290,checkoutservice,checkout,29,1,1,1,0
2,frontcatalog,100,0,290,currencyservice,server,54,1,1,1,0
2,frontcatalog,100,0,290,emailservice,email,46,1,1,1,0
2,frontcatalog,100,0,290,frontend,productcatalog,39,2,2,2,0
2,frontcatalog,100,0,290,frontend,server,44,2,2,2,0
2,frontcatalog,100,0,290,paymentservice,payment,31,1,1,1,0
2,frontcatalog,100,0,290,recommendationservice,server,43,2,2,2,0
2,frontcatalog,100,0,290,redis-cart,-,,1,1,1,0
2,frontcatalog,100,0,290,shippingservice,server,30,1,1,1,0
2,frontcatalog,100,0,305,adservice,server,22,1,1,1,0
2,frontcatalog,100,0,305,cartservice,server,42,2,2,2,0
2,frontcatalog,100,0,305,checkoutservice,checkout,29,1,1,1,0
2,frontcatalog,100,0,305,currencyservice,server,54,1,1,1,0
2,frontcatalog,100,0,305,emailservice,email,46,1,1,1,0
2,frontcatalog,100,0,305,frontend,productcatalog,41,2,2,2,0
2,frontcatalog,100,0,305,frontend,server,46,2,2,2,0
2,frontcatalog,100,0,305,paymentservice,payment,30,1,1,1,0
2,frontcatalog,100,0,305,recommendationservice,server,42,2,2,2,0
2,frontcatalog,100,0,305,redis-cart,-,,1,1,1,0
2,frontcatalog,100,0,305,shippingservice,server,30,1,1,1,0
2,frontcatalog,100,0,320,adservice,server,24,1,1,1,0
2,frontcatalog,100,0,320,cartservice,server,41,2,2,2,0
2,frontcatalog,100,0,320,checkoutservice,checkout,30,1,1,1,0
2,frontcatalog,100,0,320,currencyservice,server,54,1,1,1,0
2,frontcatalog,100,0,320,emailservice,email,47,1,1,1,0
2,frontcatalog,100,0,320,frontend,productcatalog,40,2,2,2,0
2,frontcatalog,100,0,320,frontend,server,45,2,2,2,0
2,frontcatalog,100,0,320,paymentservice,payment,34,1,1,1,0
2,frontcatalog,100,0,320,recommendationservice,server,47,2,2,2,0
2,frontcatalog,100,0,320,redis-cart,-,,1,1,1,0
2,frontcatalog,100,0,320,shippingservice,server,30,1,1,1,0
2,frontcatalog,100,0,335,adservice,server,22,1,1,1,0
2,frontcatalog,100,0,335,cartservice,server,42,2,2,2,0
2,frontcatalog,100,0,335,checkoutservice,checkout,30,1,1,1,0
2,frontcatalog,100,0,335,currencyservice,server,55,1,1,1,0
2,frontcatalog,100,0,335,emailservice,email,47,1,1,1,0
2,frontcatalog,100,0,335,frontend,productcatalog,38,2,2,2,0
2,frontcatalog,100,0,335,frontend,server,42,2,2,2,0
2,frontcatalog,100,0,335,paymentservice,payment,36,1,1,1,0
2,frontcatalog,100,0,335,recommendationservice,server,43,2,2,2,0
2,frontcatalog,100,0,335,redis-cart,-,,1,1,1,0
2,frontcatalog,100,0,335,shippingservice,server,31,1,1,1,0
2,frontcatalog,100,0,350,adservice,server,21,1,1,1,0
2,frontcatalog,100,0,350,cartservice,server,44,2,2,2,0
2,frontcatalog,100,0,350,checkoutservice,checkout,29,1,1,1,0
2,frontcatalog,100,0,350,currencyservice,server,54,1,1,1,0
2,frontcatalog,100,0,350,emailservice,email,47,1,1,1,0
2,frontcatalog,100,0,350,frontend,productcatalog,40,2,2,2,0
2,frontcatalog,100,0,350,frontend,server,47,2,2,2,0
2,frontcatalog,100,0,350,paymentservice,payment,34,1,1,1,0
2,frontcatalog,100,0,350,recommendationservice,server,45,2,2,2,0
2,frontcatalog,100,0,350,redis-cart,-,,1,1,1,0
2,frontcatalog,100,0,350,shippingservice,server,31,1,1,1,0
2,frontcatalog,100,0,366,adservice,server,23,1,1,1,0
2,frontcatalog,100,0,366,cartservice,server,42,2,2,2,0
2,frontcatalog,100,0,366,checkoutservice,checkout,29,1,1,1,0
2,frontcatalog,100,0,366,currencyservice,server,55,1,1,1,0
2,frontcatalog,100,0,366,emailservice,email,49,1,1,1,0
2,frontcatalog,100,0,366,frontend,productcatalog,44,2,2,2,0
2,frontcatalog,100,0,366,frontend,server,45,2,2,2,0
2,frontcatalog,100,0,366,paymentservice,payment,33,1,1,1,0
2,frontcatalog,100,0,366,recommendationservice,server,43,2,2,2,0
2,frontcatalog,100,0,366,redis-cart,-,,1,1,1,0
2,frontcatalog,100,0,366,shippingservice,server,30,1,1,1,0
2,frontcatalog,100,0,381,adservice,server,23,1,1,1,0
2,frontcatalog,100,0,381,cartservice,server,43,2,2,2,0
2,frontcatalog,100,0,381,checkoutservice,checkout,31,1,1,1,0
2,frontcatalog,100,0,381,currencyservice,server,57,1,1,1,0
2,frontcatalog,100,0,381,emailservice,email,49,1,1,1,0
2,frontcatalog,100,0,381,frontend,productcatalog,38,2,2,2,0
2,frontcatalog,100,0,381,frontend,server,43,2,2,2,0
2,frontcatalog,100,0,381,paymentservice,payment,36,1,1,1,0
2,frontcatalog,100,0,381,recommendationservice,server,48,2,2,2,0
2,frontcatalog,100,0,381,redis-cart,-,,1,1,1,0
2,frontcatalog,100,0,381,shippingservice,server,31,1,1,1,0
2,frontcatalog,100,0,396,adservice,server,21,1,1,1,0
2,frontcatalog,100,0,396,cartservice,server,42,2,2,2,0
2,frontcatalog,100,0,396,checkoutservice,checkout,29,1,1,1,0
2,frontcatalog,100,0,396,currencyservice,server,55,1,1,1,0
2,frontcatalog,100,0,396,emailservice,email,50,1,1,1,0
2,frontcatalog,100,0,396,frontend,productcatalog,43,2,2,2,0
2,frontcatalog,100,0,396,frontend,server,48,2,2,2,0
2,frontcatalog,100,0,396,paymentservice,payment,33,1,1,1,0
2,frontcatalog,100,0,396,recommendationservice,server,47,2,2,2,0
2,frontcatalog,100,0,396,redis-cart,-,,1,1,1,0
2,frontcatalog,100,0,396,shippingservice,server,32,1,1,1,0
2,frontcatalog,100,0,411,adservice,server,25,1,1,1,0
2,frontcatalog,100,0,411,cartservice,server,45,2,2,2,0
2,frontcatalog,100,0,411,checkoutservice,checkout,32,1,1,1,0
2,frontcatalog,100,0,411,currencyservice,server,55,1,1,1,0
2,frontcatalog,100,0,411,emailservice,email,44,1,1,1,0
2,frontcatalog,100,0,411,frontend,productcatalog,40,2,2,2,0
2,frontcatalog,100,0,411,frontend,server,48,2,2,2,0
2,frontcatalog,100,0,411,paymentservice,payment,35,1,1,1,0
2,frontcatalog,100,0,411,recommendationservice,server,44,2,2,2,0
2,frontcatalog,100,0,411,redis-cart,-,,1,1,1,0
2,frontcatalog,100,0,411,shippingservice,server,33,1,1,1,0
2,frontcatalog,100,0,427,adservice,server,22,1,1,1,0
2,frontcatalog,100,0,427,cartservice,server,45,2,2,2,0
2,frontcatalog,100,0,427,checkoutservice,checkout,29,1,1,1,0
2,frontcatalog,100,0,427,currencyservice,server,56,1,1,1,0
2,frontcatalog,100,0,427,emailservice,email,48,1,1,1,0
2,frontcatalog,100,0,427,frontend,productcatalog,42,2,2,2,0
2,frontcatalog,100,0,427,frontend,server,45,2,2,2,0
2,frontcatalog,100,0,427,paymentservice,payment,34,1,1,1,0
2,frontcatalog,100,0,427,recommendationservice,server,44,2,2,2,0
2,frontcatalog,100,0,427,redis-cart,-,,1,1,1,0
2,frontcatalog,100,0,427,shippingservice,server,30,1,1,1,0
2,frontcatalog,100,0,442,adservice,server,22,1,1,1,0
2,frontcatalog,100,0,442,cartservice,server,39,2,2,2,0
2,frontcatalog,100,0,442,checkoutservice,checkout,31,1,1,1,0
2,frontcatalog,100,0,442,currencyservice,server,57,1,1,1,0
2,frontcatalog,100,0,442,emailservice,email,49,1,1,1,0
2,frontcatalog,100,0,442,frontend,productcatalog,16,2,2,2,0
2,frontcatalog,100,0,442,frontend,server,10,2,2,2,0
2,frontcatalog,100,0,442,paymentservice,payment,4,1,1,1,0
2,frontcatalog,100,0,442,recommendationservice,server,23,2,2,2,0
2,frontcatalog,100,0,442,redis-cart,-,,1,1,1,0
2,frontcatalog,100,0,442,shippingservice,server,0,1,1,1,0
2,frontcatalog,100,0,0,adservice,server,1,1,1,1,0
2,frontcatalog,100,0,0,cartservice,server,20,2,2,2,0
2,frontcatalog,100,0,0,checkoutservice,checkout,3,1,1,1,0
2,frontcatalog,100,0,0,currencyservice,server,14,1,1,1,0
2,frontcatalog,100,0,0,emailservice,email,6,1,1,1,0
2,frontcatalog,100,0,0,frontend,productcatalog,0,2,2,2,0
2,frontcatalog,100,0,0,frontend,server,0,2,2,2,0
2,frontcatalog,100,0,0,paymentservice,payment,0,1,1,1,0
2,frontcatalog,100,0,0,recommendationservice,server,0,2,2,2,0
2,frontcatalog,100,0,0,redis-cart,-,,1,1,1,0
2,frontcatalog,100,0,0,shippingservice,server,0,1,1,1,0
2,frontcatalog,100,0,15,adservice,server,1,1,1,1,0
2,frontcatalog,100,0,15,cartservice,server,0,2,2,2,0
2,frontcatalog,100,0,15,checkoutservice,checkout,3,1,1,1,0
2,frontcatalog,100,0,15,currencyservice,server,0,1,1,1,0
2,frontcatalog,100,0,15,emailservice,email,1,1,1,1,0
2,frontcatalog,100,0,15,frontend,productcatalog,6,2,2,2,0
2,frontcatalog,100,0,15,frontend,server,15,2,2,2,0
2,frontcatalog,100,0,15,paymentservice,payment,15,1,1,1,0
2,frontcatalog,100,0,15,recommendationservice,server,7,2,2,2,0
2,frontcatalog,100,0,15,redis-cart,-,,1,1,1,0
2,frontcatalog,100,0,15,shippingservice,server,0,1,1,1,0
2,frontcatalog,100,0,30,adservice,server,20,1,1,1,0
2,frontcatalog,100,0,30,cartservice,server,0,2,2,2,0
2,frontcatalog,100,0,30,checkoutservice,checkout,10,1,1,1,0
2,frontcatalog,100,0,30,currencyservice,server,0,1,1,1,0
2,frontcatalog,100,0,30,emailservice,email,21,1,1,1,0
2,frontcatalog,100,0,30,frontend,productcatalog,55,2,2,2,0
2,frontcatalog,100,0,30,frontend,server,61,2,2,2,0
2,frontcatalog,100,0,30,paymentservice,payment,39,1,1,1,0
2,frontcatalog,100,0,30,recommendationservice,server,59,2,2,2,0
2,frontcatalog,100,0,30,redis-cart,-,,1,1,1,0
2,frontcatalog,100,0,30,shippingservice,server,27,1,1,1,0
2,frontcatalog,100,0,45,adservice,server,37,1,1,1,0
2,frontcatalog,100,0,45,cartservice,server,53,2,2,2,0
2,frontcatalog,100,0,45,checkoutservice,checkout,34,1,1,1,0
2,frontcatalog,100,0,45,currencyservice,server,56,1,1,1,0
2,frontcatalog,100,0,45,emailservice,email,53,1,1,1,0
2,frontcatalog,100,0,45,frontend,productcatalog,53,2,2,2,0
2,frontcatalog,100,0,45,frontend,server,59,2,2,2,0
2,frontcatalog,100,0,45,paymentservice,payment,37,1,1,1,0
2,frontcatalog,100,0,45,recommendationservice,server,57,2,2,2,0
2,frontcatalog,100,0,45,redis-cart,-,,1,1,1,0
2,frontcatalog,100,0,45,shippingservice,server,35,1,1,1,0
2,frontcatalog,100,0,61,adservice,server,37,1,1,1,0
2,frontcatalog,100,0,61,cartservice,server,57,2,2,2,0
2,frontcatalog,100,0,61,checkoutservice,checkout,34,1,1,1,0
2,frontcatalog,100,0,61,currencyservice,server,73,1,1,1,0
2,frontcatalog,100,0,61,emailservice,email,53,1,1,1,0
2,frontcatalog,100,0,61,frontend,productcatalog,53,2,2,2,0
2,frontcatalog,100,0,61,frontend,server,56,2,2,2,0
2,frontcatalog,100,0,61,paymentservice,payment,38,1,1,1,0
2,frontcatalog,100,0,61,recommendationservice,server,56,2,2,2,0
2,frontcatalog,100,0,61,redis-cart,-,,1,1,1,0
2,frontcatalog,100,0,61,shippingservice,server,34,1,1,1,0
2,frontcatalog,100,0,76,adservice,server,36,1,1,1,0
2,frontcatalog,100,0,76,cartservice,server,51,2,2,2,0
2,frontcatalog,100,0,76,checkoutservice,checkout,34,1,1,1,0
2,frontcatalog,100,0,76,currencyservice,server,72,1,1,1,0
2,frontcatalog,100,0,76,emailservice,email,50,1,1,1,0
2,frontcatalog,100,0,76,frontend,productcatalog,52,2,2,2,0
2,frontcatalog,100,0,76,frontend,server,58,2,2,2,0
2,frontcatalog,100,0,76,paymentservice,payment,38,1,1,1,0
2,frontcatalog,100,0,76,recommendationservice,server,56,2,2,2,0
2,frontcatalog,100,0,76,redis-cart,-,,1,1,1,0
2,frontcatalog,100,0,76,shippingservice,server,34,1,1,1,0
2,frontcatalog,100,0,91,adservice,server,35,1,1,1,0
2,frontcatalog,100,0,91,cartservice,server,51,2,2,2,0
2,frontcatalog,100,0,91,checkoutservice,checkout,33,1,1,1,0
2,frontcatalog,100,0,91,currencyservice,server,73,1,1,1,0
2,frontcatalog,100,0,91,emailservice,email,50,1,1,1,0
2,frontcatalog,100,0,91,frontend,productcatalog,51,2,2,2,0
2,frontcatalog,100,0,91,frontend,server,57,2,2,2,0
2,frontcatalog,100,0,91,paymentservice,payment,37,1,1,1,0
2,frontcatalog,100,0,91,recommendationservice,server,53,2,2,2,0
2,frontcatalog,100,0,91,redis-cart,-,,1,1,1,0
2,frontcatalog,100,0,91,shippingservice,server,34,1,1,1,0
2,frontcatalog,100,0,106,adservice,server,34,1,1,1,0
2,frontcatalog,100,0,106,cartservice,server,53,2,2,2,0
2,frontcatalog,100,0,106,checkoutservice,checkout,33,1,1,1,0
2,frontcatalog,100,0,106,currencyservice,server,71,1,1,1,0
2,frontcatalog,100,0,106,emailservice,email,53,1,1,1,0
2,frontcatalog,100,0,106,frontend,productcatalog,51,2,2,2,0
2,frontcatalog,100,0,106,frontend,server,56,2,2,2,0
2,frontcatalog,100,0,106,paymentservice,payment,39,1,1,1,0
2,frontcatalog,100,0,106,recommendationservice,server,59,2,2,2,0
2,frontcatalog,100,0,106,redis-cart,-,,1,1,1,0
2,frontcatalog,100,0,106,shippingservice,server,34,1,1,1,0
2,frontcatalog,100,0,121,adservice,server,34,1,1,1,0
2,frontcatalog,100,0,121,cartservice,server,53,2,2,2,0
2,frontcatalog,100,0,121,checkoutservice,checkout,33,1,1,1,0
2,frontcatalog,100,0,121,currencyservice,server,69,1,1,1,0
2,frontcatalog,100,0,121,emailservice,email,51,1,1,1,0
2,frontcatalog,100,0,121,frontend,productcatalog,53,2,2,2,0
2,frontcatalog,100,0,121,frontend,server,57,2,2,2,0
2,frontcatalog,100,0,121,paymentservice,payment,38,1,1,1,0
2,frontcatalog,100,0,121,recommendationservice,server,57,2,2,2,0
2,frontcatalog,100,0,121,redis-cart,-,,1,1,1,0
2,frontcatalog,100,0,121,shippingservice,server,34,1,1,1,0
2,frontcatalog,100,0,137,adservice,server,34,1,1,1,0
2,frontcatalog,100,0,137,cartservice,server,53,2,2,2,0
2,frontcatalog,100,0,137,checkoutservice,checkout,34,1,1,1,0
2,frontcatalog,100,0,137,currencyservice,server,74,1,1,1,0
2,frontcatalog,100,0,137,emailservice,email,52,1,1,1,0
2,frontcatalog,100,0,137,frontend,productcatalog,52,2,2,2,0
2,frontcatalog,100,0,137,frontend,server,59,2,2,2,0
2,frontcatalog,100,0,137,paymentservice,payment,37,1,1,1,0
2,frontcatalog,100,0,137,recommendationservice,server,57,2,2,2,0
2,frontcatalog,100,0,137,redis-cart,-,,1,1,1,0
2,frontcatalog,100,0,137,shippingservice,server,34,1,1,1,0
2,frontcatalog,100,0,152,adservice,server,35,1,1,1,0
2,frontcatalog,100,0,152,cartservice,server,49,2,2,2,0
2,frontcatalog,100,0,152,checkoutservice,checkout,33,1,1,1,0
2,frontcatalog,100,0,152,currencyservice,server,71,1,1,1,0
2,frontcatalog,100,0,152,emailservice,email,52,1,1,1,0
2,frontcatalog,100,0,152,frontend,productcatalog,50,2,2,2,0
2,frontcatalog,100,0,152,frontend,server,58,2,2,2,0
2,frontcatalog,100,0,152,paymentservice,payment,38,1,1,1,0
2,frontcatalog,100,0,152,recommendationservice,server,56,2,2,2,0
2,frontcatalog,100,0,152,redis-cart,-,,1,1,1,0
2,frontcatalog,100,0,152,shippingservice,server,34,1,1,1,0
2,frontcatalog,100,0,167,adservice,server,35,1,1,1,0
2,frontcatalog,100,0,167,cartservice,server,49,2,2,2,0
2,frontcatalog,100,0,167,checkoutservice,checkout,32,1,1,1,0
2,frontcatalog,100,0,167,currencyservice,server,71,1,1,1,0
2,frontcatalog,100,0,167,emailservice,email,49,1,1,1,0
2,frontcatalog,100,0,167,frontend,productcatalog,52,2,2,2,0
2,frontcatalog,100,0,167,frontend,server,56,2,2,2,0
2,frontcatalog,100,0,167,paymentservice,payment,38,1,1,1,0
2,frontcatalog,100,0,167,recommendationservice,server,56,2,2,2,0
2,frontcatalog,100,0,167,redis-cart,-,,1,1,1,0
2,frontcatalog,100,0,167,shippingservice,server,34,1,1,1,0
2,frontcatalog,100,0,182,adservice,server,35,1,1,1,0
2,frontcatalog,100,0,182,cartservice,server,49,2,2,2,0
2,frontcatalog,100,0,182,checkoutservice,checkout,33,1,1,1,0
2,frontcatalog,100,0,182,currencyservice,server,72,1,1,1,0
2,frontcatalog,100,0,182,emailservice,email,50,1,1,1,0
2,frontcatalog,100,0,182,frontend,productcatalog,51,2,2,2,0
2,frontcatalog,100,0,182,frontend,server,57,2,2,2,0
2,frontcatalog,100,0,182,paymentservice,payment,37,1,1,1,0
2,frontcatalog,100,0,182,recommendationservice,server,56,2,2,2,0
2,frontcatalog,100,0,182,redis-cart,-,,1,1,1,0
2,frontcatalog,100,0,182,shippingservice,server,34,1,1,1,0
2,frontcatalog,100,0,198,adservice,server,35,1,1,1,0
2,frontcatalog,100,0,198,cartservice,server,50,2,2,2,0
2,frontcatalog,100,0,198,checkoutservice,checkout,33,1,1,1,0
2,frontcatalog,100,0,198,currencyservice,server,72,1,1,1,0
2,frontcatalog,100,0,198,emailservice,email,55,1,1,1,0
2,frontcatalog,100,0,198,frontend,productcatalog,52,2,2,2,0
2,frontcatalog,100,0,198,frontend,server,56,2,2,2,0
2,frontcatalog,100,0,198,paymentservice,payment,39,1,1,1,0
2,frontcatalog,100,0,198,recommendationservice,server,54,2,2,2,0
2,frontcatalog,100,0,198,redis-cart,-,,1,1,1,0
2,frontcatalog,100,0,198,shippingservice,server,35,1,1,1,0
2,frontcatalog,100,0,213,adservice,server,35,1,1,1,0
2,frontcatalog,100,0,213,cartservice,server,55,2,2,2,0
2,frontcatalog,100,0,213,checkoutservice,checkout,34,1,1,1,0
2,frontcatalog,100,0,213,currencyservice,server,72,1,1,1,0
2,frontcatalog,100,0,213,emailservice,email,52,1,1,1,0
2,frontcatalog,100,0,213,frontend,productcatalog,52,2,2,2,0
2,frontcatalog,100,0,213,frontend,server,58,2,2,2,0
2,frontcatalog,100,0,213,paymentservice,payment,39,1,1,1,0
2,frontcatalog,100,0,213,recommendationservice,server,58,2,2,2,0
2,frontcatalog,100,0,213,redis-cart,-,,1,1,1,0
2,frontcatalog,100,0,213,shippingservice,server,34,1,1,1,0
2,frontcatalog,100,0,228,adservice,server,37,1,1,1,0
2,frontcatalog,100,0,228,cartservice,server,50,2,2,2,0
2,frontcatalog,100,0,228,checkoutservice,checkout,33,1,1,1,0
2,frontcatalog,100,0,228,currencyservice,server,72,1,1,1,0
2,frontcatalog,100,0,228,emailservice,email,52,1,1,1,0
2,frontcatalog,100,0,228,frontend,productcatalog,52,2,2,2,0
2,frontcatalog,100,0,228,frontend,server,56,2,2,2,0
2,frontcatalog,100,0,228,paymentservice,payment,38,1,1,1,0
2,frontcatalog,100,0,228,recommendationservice,server,55,2,2,2,0
2,frontcatalog,100,0,228,redis-cart,-,,1,1,1,0
2,frontcatalog,100,0,228,shippingservice,server,34,1,1,1,0
2,frontcatalog,100,0,243,adservice,server,34,1,1,1,0
2,frontcatalog,100,0,243,cartservice,server,50,2,2,2,0
2,frontcatalog,100,0,243,checkoutservice,checkout,33,1,1,1,0
2,frontcatalog,100,0,243,currencyservice,server,72,1,1,1,0
2,frontcatalog,100,0,243,emailservice,email,52,1,1,1,0
2,frontcatalog,100,0,243,frontend,productcatalog,52,2,2,2,0
2,frontcatalog,100,0,243,frontend,server,57,2,2,2,0
2,frontcatalog,100,0,243,paymentservice,payment,38,1,1,1,0
2,frontcatalog,100,0,243,recommendationservice,server,59,2,2,2,0
2,frontcatalog,100,0,243,redis-cart,-,,1,1,1,0
2,frontcatalog,100,0,243,shippingservice,server,34,1,1,1,0
2,frontcatalog,100,0,259,adservice,server,35,1,1,1,0
2,frontcatalog,100,0,259,cartservice,server,48,2,2,2,0
2,frontcatalog,100,0,259,checkoutservice,checkout,33,1,1,1,0
2,frontcatalog,100,0,259,currencyservice,server,72,1,1,1,0
2,frontcatalog,100,0,259,emailservice,email,51,1,1,1,0
2,frontcatalog,100,0,259,frontend,productcatalog,51,2,2,2,0
2,frontcatalog,100,0,259,frontend,server,58,2,2,2,0
2,frontcatalog,100,0,259,paymentservice,payment,38,1,1,1,0
2,frontcatalog,100,0,259,recommendationservice,server,56,2,2,2,0
2,frontcatalog,100,0,259,redis-cart,-,,1,1,1,0
2,frontcatalog,100,0,259,shippingservice,server,33,1,1,1,0
2,frontcatalog,100,0,274,adservice,server,35,1,1,1,0
2,frontcatalog,100,0,274,cartservice,server,52,2,2,2,0
2,frontcatalog,100,0,274,checkoutservice,checkout,32,1,1,1,0
2,frontcatalog,100,0,274,currencyservice,server,72,1,1,1,0
2,frontcatalog,100,0,274,emailservice,email,52,1,1,1,0
2,frontcatalog,100,0,274,frontend,productcatalog,50,2,2,2,0
2,frontcatalog,100,0,274,frontend,server,57,2,2,2,0
2,frontcatalog,100,0,274,paymentservice,payment,38,1,1,1,0
2,frontcatalog,100,0,274,recommendationservice,server,56,2,2,2,0
2,frontcatalog,100,0,274,redis-cart,-,,1,1,1,0
2,frontcatalog,100,0,274,shippingservice,server,35,1,1,1,0
2,frontcatalog,100,0,289,adservice,server,34,1,1,1,0
2,frontcatalog,100,0,289,cartservice,server,50,2,2,2,0
2,frontcatalog,100,0,289,checkoutservice,checkout,33,1,1,1,0
2,frontcatalog,100,0,289,currencyservice,server,71,1,1,1,0
2,frontcatalog,100,0,289,emailservice,email,50,1,1,1,0
2,frontcatalog,100,0,289,frontend,productcatalog,53,2,2,2,0
2,frontcatalog,100,0,289,frontend,server,56,2,2,2,0
2,frontcatalog,100,0,289,paymentservice,payment,38,1,1,1,0
2,frontcatalog,100,0,289,recommendationservice,server,57,2,2,2,0
2,frontcatalog,100,0,289,redis-cart,-,,1,1,1,0
2,frontcatalog,100,0,289,shippingservice,server,34,1,1,1,0
2,frontcatalog,100,0,304,adservice,server,35,1,1,1,0
2,frontcatalog,100,0,304,cartservice,server,52,2,2,2,0
2,frontcatalog,100,0,304,checkoutservice,checkout,34,1,1,1,0
2,frontcatalog,100,0,304,currencyservice,server,72,1,1,1,0
2,frontcatalog,100,0,304,emailservice,email,54,1,1,1,0
2,frontcatalog,100,0,304,frontend,productcatalog,51,2,2,2,0
2,frontcatalog,100,0,304,frontend,server,57,2,2,2,0
2,frontcatalog,100,0,304,paymentservice,payment,38,1,1,1,0
2,frontcatalog,100,0,304,recommendationservice,server,55,2,2,2,0
2,frontcatalog,100,0,304,redis-cart,-,,1,1,1,0
2,frontcatalog,100,0,304,shippingservice,server,35,1,1,1,0
2,frontcatalog,100,0,319,adservice,server,35,1,1,1,0
2,frontcatalog,100,0,319,cartservice,server,51,2,2,2,0
2,frontcatalog,100,0,319,checkoutservice,checkout,33,1,1,1,0
2,frontcatalog,100,0,319,currencyservice,server,72,1,1,1,0
2,frontcatalog,100,0,319,emailservice,email,52,1,1,1,0
2,frontcatalog,100,0,319,frontend,productcatalog,53,2,2,2,0
2,frontcatalog,100,0,319,frontend,server,58,2,2,2,0
2,frontcatalog,100,0,319,paymentservice,payment,38,1,1,1,0
2,frontcatalog,100,0,319,recommendationservice,server,60,2,2,2,0
2,frontcatalog,100,0,319,redis-cart,-,,1,1,1,0
2,frontcatalog,100,0,319,shippingservice,server,34,1,1,1,0
2,frontcatalog,100,0,335,adservice,server,34,1,1,1,0
2,frontcatalog,100,0,335,cartservice,server,52,2,2,2,0
2,frontcatalog,100,0,335,checkoutservice,checkout,34,1,1,1,0
2,frontcatalog,100,0,335,currencyservice,server,73,1,1,1,0
2,frontcatalog,100,0,335,emailservice,email,52,1,1,1,0
2,frontcatalog,100,0,335,frontend,productcatalog,51,2,2,2,0
2,frontcatalog,100,0,335,frontend,server,59,2,2,2,0
2,frontcatalog,100,0,335,paymentservice,payment,37,1,1,1,0
2,frontcatalog,100,0,335,recommendationservice,server,57,2,2,2,0
2,frontcatalog,100,0,335,redis-cart,-,,1,1,1,0
2,frontcatalog,100,0,335,shippingservice,server,34,1,1,1,0
2,frontcatalog,100,0,350,adservice,server,36,1,1,1,0
2,frontcatalog,100,0,350,cartservice,server,53,2,2,2,0
2,frontcatalog,100,0,350,checkoutservice,checkout,32,1,1,1,0
2,frontcatalog,100,0,350,currencyservice,server,72,1,1,1,0
2,frontcatalog,100,0,350,emailservice,email,52,1,1,1,0
2,frontcatalog,100,0,350,frontend,productcatalog,53,2,2,2,0
2,frontcatalog,100,0,350,frontend,server,58,2,2,2,0
2,frontcatalog,100,0,350,paymentservice,payment,38,1,1,1,0
2,frontcatalog,100,0,350,recommendationservice,server,57,2,2,2,0
2,frontcatalog,100,0,350,redis-cart,-,,1,1,1,0
2,frontcatalog,100,0,350,shippingservice,server,32,1,1,1,0
2,frontcatalog,100,0,365,adservice,server,35,1,1,1,0
2,frontcatalog,100,0,365,cartservice,server,52,2,2,2,0
2,frontcatalog,100,0,365,checkoutservice,checkout,35,1,1,1,0
2,frontcatalog,100,0,365,currencyservice,server,71,1,1,1,0
2,frontcatalog,100,0,365,emailservice,email,53,1,1,1,0
2,frontcatalog,100,0,365,frontend,productcatalog,52,2,2,2,0
2,frontcatalog,100,0,365,frontend,server,57,2,2,2,0
2,frontcatalog,100,0,365,paymentservice,payment,39,1,1,1,0
2,frontcatalog,100,0,365,recommendationservice,server,57,2,2,2,0
2,frontcatalog,100,0,365,redis-cart,-,,1,1,1,0
2,frontcatalog,100,0,365,shippingservice,server,37,1,1,1,0
2,frontcatalog,100,0,380,adservice,server,35,1,1,1,0
2,frontcatalog,100,0,380,cartservice,server,52,2,2,2,0
2,frontcatalog,100,0,380,checkoutservice,checkout,33,1,1,1,0
2,frontcatalog,100,0,380,currencyservice,server,73,1,1,1,0
2,frontcatalog,100,0,380,emailservice,email,52,1,1,1,0
2,frontcatalog,100,0,380,frontend,productcatalog,51,2,2,2,0
2,frontcatalog,100,0,380,frontend,server,59,2,2,2,0
2,frontcatalog,100,0,380,paymentservice,payment,38,1,1,1,0
2,frontcatalog,100,0,380,recommendationservice,server,57,2,2,2,0
2,frontcatalog,100,0,380,redis-cart,-,,1,1,1,0
2,frontcatalog,100,0,380,shippingservice,server,35,1,1,1,0
2,frontcatalog,100,0,396,adservice,server,34,1,1,1,0
2,frontcatalog,100,0,396,cartservice,server,51,2,2,2,0
2,frontcatalog,100,0,396,checkoutservice,checkout,33,1,1,1,0
2,frontcatalog,100,0,396,currencyservice,server,72,1,1,1,0
2,frontcatalog,100,0,396,emailservice,email,51,1,1,1,0
2,frontcatalog,100,0,396,frontend,productcatalog,52,2,2,2,0
2,frontcatalog,100,0,396,frontend,server,57,2,2,2,0
2,frontcatalog,100,0,396,paymentservice,payment,37,1,1,1,0
2,frontcatalog,100,0,396,recommendationservice,server,56,2,2,2,0
2,frontcatalog,100,0,396,redis-cart,-,,1,1,1,0
2,frontcatalog,100,0,396,shippingservice,server,33,1,1,1,0
2,frontcatalog,100,0,411,adservice,server,33,1,1,1,0
2,frontcatalog,100,0,411,cartservice,server,51,2,2,2,0
2,frontcatalog,100,0,411,checkoutservice,checkout,32,1,1,1,0
2,frontcatalog,100,0,411,currencyservice,server,72,1,1,1,0
2,frontcatalog,100,0,411,emailservice,email,52,1,1,1,0
2,frontcatalog,100,0,411,frontend,productcatalog,52,2,2,2,0
2,frontcatalog,100,0,411,frontend,server,57,2,2,2,0
2,frontcatalog,100,0,411,paymentservice,payment,37,1,1,1,0
2,frontcatalog,100,0,411,recommendationservice,server,55,2,2,2,0
2,frontcatalog,100,0,411,redis-cart,-,,1,1,1,0
2,frontcatalog,100,0,411,shippingservice,server,34,1,1,1,0
2,frontcatalog,100,0,426,adservice,server,33,1,1,1,0
2,frontcatalog,100,0,426,cartservice,server,51,2,2,2,0
2,frontcatalog,100,0,426,checkoutservice,checkout,34,1,1,1,0
2,frontcatalog,100,0,426,currencyservice,server,71,1,1,1,0
2,frontcatalog,100,0,426,emailservice,email,52,1,1,1,0
2,frontcatalog,100,0,426,frontend,productcatalog,52,2,2,2,0
2,frontcatalog,100,0,426,frontend,server,57,2,2,2,0
2,frontcatalog,100,0,426,paymentservice,payment,38,1,1,1,0
2,frontcatalog,100,0,426,recommendationservice,server,57,2,2,2,0
2,frontcatalog,100,0,426,redis-cart,-,,1,1,1,0
2,frontcatalog,100,0,426,shippingservice,server,34,1,1,1,0
2,frontcatalog,100,0,441,adservice,server,35,1,1,1,0
2,frontcatalog,100,0,441,cartservice,server,52,2,2,2,0
2,frontcatalog,100,0,441,checkoutservice,checkout,33,1,1,1,0
2,frontcatalog,100,0,441,currencyservice,server,51,1,1,1,0
2,frontcatalog,100,0,441,emailservice,email,32,1,1,1,0
2,frontcatalog,100,0,441,frontend,productcatalog,52,2,2,2,0
2,frontcatalog,100,0,441,frontend,server,52,2,2,2,0
2,frontcatalog,100,0,441,paymentservice,payment,38,1,1,1,0
2,frontcatalog,100,0,441,recommendationservice,server,55,2,2,2,0
2,frontcatalog,100,0,441,redis-cart,-,,1,1,1,0
2,frontcatalog,100,0,441,shippingservice,server,35,1,1,1,0
2,frontcatalog,100,0,0,adservice,server,1,1,1,1,0
2,frontcatalog,100,0,0,cartservice,server,0,2,2,2,0
2,frontcatalog,100,0,0,checkoutservice,checkout,23,1,1,1,0
2,frontcatalog,100,0,0,currencyservice,server,0,1,1,1,0
2,frontcatalog,100,0,0,emailservice,email,1,1,1,1,0
2,frontcatalog,100,0,0,frontend,productcatalog,0,2,2,2,0
2,frontcatalog,100,0,0,frontend,server,0,2,2,2,0
2,frontcatalog,100,0,0,paymentservice,payment,0,1,1,1,0
2,frontcatalog,100,0,0,recommendationservice,server,0,2,2,2,0
2,frontcatalog,100,0,0,redis-cart,-,,1,1,1,0
2,frontcatalog,100,0,0,shippingservice,server,0,1,1,1,0
2,frontcatalog,100,0,15,adservice,server,1,1,1,1,0
2,frontcatalog,100,0,15,cartservice,server,0,2,2,2,0
2,frontcatalog,100,0,15,checkoutservice,checkout,0,1,1,1,0
2,frontcatalog,100,0,15,currencyservice,server,25,1,1,1,0
2,frontcatalog,100,0,15,emailservice,email,25,1,1,1,0
2,frontcatalog,100,0,15,frontend,productcatalog,13,2,2,2,0
2,frontcatalog,100,0,15,frontend,server,33,2,2,2,0
2,frontcatalog,100,0,15,paymentservice,payment,21,1,1,1,0
2,frontcatalog,100,0,15,recommendationservice,server,29,2,2,2,0
2,frontcatalog,100,0,15,redis-cart,-,,1,1,1,0
2,frontcatalog,100,0,15,shippingservice,server,2,1,1,1,0
2,frontcatalog,100,0,31,adservice,server,0,1,1,1,0
2,frontcatalog,100,0,31,cartservice,server,10,2,2,2,0
2,frontcatalog,100,0,31,checkoutservice,checkout,18,1,1,1,0
2,frontcatalog,100,0,31,currencyservice,server,84,1,1,1,0
2,frontcatalog,100,0,31,emailservice,email,51,1,1,1,0
2,frontcatalog,100,0,31,frontend,productcatalog,62,2,2,2,0
2,frontcatalog,100,0,31,frontend,server,73,2,2,2,0
2,frontcatalog,100,0,31,paymentservice,payment,21,1,1,1,0
2,frontcatalog,100,0,31,recommendationservice,server,29,2,1,1,0
2,frontcatalog,100,0,31,redis-cart,-,,1,1,1,0
2,frontcatalog,100,0,31,shippingservice,server,32,1,1,1,0
2,frontcatalog,100,0,46,adservice,server,44,1,1,1,0
2,frontcatalog,100,0,46,cartservice,server,58,2,2,2,0
2,frontcatalog,100,0,46,checkoutservice,checkout,37,1,1,1,0
2,frontcatalog,100,0,46,currencyservice,server,86,1,2,2,0
2,frontcatalog,100,0,46,emailservice,email,53,1,1,1,0
2,frontcatalog,100,0,46,frontend,productcatalog,66,2,2,2,0
2,frontcatalog,100,0,46,frontend,server,74,2,2,2,0
2,frontcatalog,100,0,46,paymentservice,payment,38,1,1,1,0
2,frontcatalog,100,0,46,recommendationservice,server,143,1,1,1,0
2,frontcatalog,100,0,46,redis-cart,-,,1,1,1,0
2,frontcatalog,100,0,46,shippingservice,server,36,1,1,1,0
2,frontcatalog,100,0,61,adservice,server,47,1,1,1,0
2,frontcatalog,100,0,61,cartservice,server,64,2,2,2,0
2,frontcatalog,100,0,61,checkoutservice,checkout,37,1,1,1,0
2,frontcatalog,100,0,61,currencyservice,server,87,2,2,2,0
2,frontcatalog,100,0,61,emailservice,email,54,1,1,1,0
2,frontcatalog,100,0,61,frontend,productcatalog,66,2,2,2,0
2,frontcatalog,100,0,61,frontend,server,71,2,2,2,0
2,frontcatalog,100,0,61,paymentservice,payment,39,1,1,1,0
2,frontcatalog,100,0,61,recommendationservice,server,139,1,2,2,0
2,frontcatalog,100,0,61,redis-cart,-,,1,1,1,0
2,frontcatalog,100,0,61,shippingservice,server,36,1,1,1,0
2,frontcatalog,100,0,76,adservice,server,47,1,1,1,0
2,frontcatalog,100,0,76,cartservice,server,65,2,2,2,0
2,frontcatalog,100,0,76,checkoutservice,checkout,35,1,1,1,0
2,frontcatalog,100,0,76,currencyservice,server,43,2,2,2,0
2,frontcatalog,100,0,76,emailservice,email,53,1,1,1,0
2,frontcatalog,100,0,76,frontend,productcatalog,65,2,2,2,0
2,frontcatalog,100,0,76,frontend,server,72,2,2,2,0
2,frontcatalog,100,0,76,paymentservice,payment,37,1,1,1,0
2,frontcatalog,100,0,76,recommendationservice,server,136,2,2,2,0
2,frontcatalog,100,0,76,redis-cart,-,,1,1,1,0
2,frontcatalog,100,0,76,shippingservice,server,35,1,1,1,0
2,frontcatalog,100,0,92,adservice,server,47,1,1,1,0
2,frontcatalog,100,0,92,cartservice,server,58,2,2,2,0
2,frontcatalog,100,0,92,checkoutservice,checkout,36,1,1,1,0
2,frontcatalog,100,0,92,currencyservice,server,43,2,2,2,0
2,frontcatalog,100,0,92,emailservice,email,53,1,1,1,0
2,frontcatalog,100,0,92,frontend,productcatalog,66,2,2,2,0
2,frontcatalog,100,0,92,frontend,server,72,2,2,2,0
2,frontcatalog,100,0,92,paymentservice,payment,37,1,1,1,0
2,frontcatalog,100,0,92,recommendationservice,server,137,2,2,2,0
2,frontcatalog,100,0,92,redis-cart,-,,1,1,1,0
2,frontcatalog,100,0,92,shippingservice,server,35,1,1,1,0
2,frontcatalog,100,0,107,adservice,server,47,1,1,1,0
2,frontcatalog,100,0,107,cartservice,server,59,2,2,2,0
2,frontcatalog,100,0,107,checkoutservice,checkout,35,1,1,1,0
2,frontcatalog,100,0,107,currencyservice,server,43,2,2,2,0
2,frontcatalog,100,0,107,emailservice,email,53,1,1,1,0
2,frontcatalog,100,0,107,frontend,productcatalog,65,2,2,2,0
2,frontcatalog,100,0,107,frontend,server,72,2,2,2,0
2,frontcatalog,100,0,107,paymentservice,payment,42,1,1,1,0
2,frontcatalog,100,0,107,recommendationservice,server,70,2,2,2,0
2,frontcatalog,100,0,107,redis-cart,-,,1,1,1,0
2,frontcatalog,100,0,107,shippingservice,server,35,1,1,1,0
2,frontcatalog,100,0,122,adservice,server,47,1,1,1,0
2,frontcatalog,100,0,122,cartservice,server,59,2,2,2,0
2,frontcatalog,100,0,122,checkoutservice,checkout,36,1,1,1,0
2,frontcatalog,100,0,122,currencyservice,server,43,2,2,2,0
2,frontcatalog,100,0,122,emailservice,email,53,1,1,1,0
2,frontcatalog,100,0,122,frontend,productcatalog,66,2,2,2,0
2,frontcatalog,100,0,122,frontend,server,73,2,2,2,0
2,frontcatalog,100,0,122,paymentservice,payment,39,1,1,1,0
2,frontcatalog,100,0,122,recommendationservice,server,70,2,2,2,0
2,frontcatalog,100,0,122,redis-cart,-,,1,1,1,0
2,frontcatalog,100,0,122,shippingservice,server,37,1,1,1,0
2,frontcatalog,100,0,137,adservice,server,48,1,1,1,0
2,frontcatalog,100,0,137,cartservice,server,61,2,2,2,0
2,frontcatalog,100,0,137,checkoutservice,checkout,36,1,1,1,0
2,frontcatalog,100,0,137,currencyservice,server,44,2,2,2,0
2,frontcatalog,100,0,137,emailservice,email,53,1,1,1,0
2,frontcatalog,100,0,137,frontend,productcatalog,66,2,2,2,0
2,frontcatalog,100,0,137,frontend,server,72,2,2,2,0
2,frontcatalog,100,0,137,paymentservice,payment,38,1,1,1,0
2,frontcatalog,100,0,137,recommendationservice,server,70,2,2,2,0
2,frontcatalog,100,0,137,redis-cart,-,,1,1,1,0
2,frontcatalog,100,0,137,shippingservice,server,35,1,1,1,0
2,frontcatalog,100,0,152,adservice,server,47,1,1,1,0
2,frontcatalog,100,0,152,cartservice,server,61,2,2,2,0
2,frontcatalog,100,0,152,checkoutservice,checkout,37,1,1,1,0
2,frontcatalog,100,0,152,currencyservice,server,43,2,2,2,0
2,frontcatalog,100,0,152,emailservice,email,54,1,1,1,0
2,frontcatalog,100,0,152,frontend,productcatalog,66,2,2,2,0
2,frontcatalog,100,0,152,frontend,server,72,2,2,2,0
2,frontcatalog,100,0,152,paymentservice,payment,38,1,1,1,0
2,frontcatalog,100,0,152,recommendationservice,server,69,2,2,2,0
2,frontcatalog,100,0,152,redis-cart,-,,1,1,1,0
2,frontcatalog,100,0,152,shippingservice,server,35,1,1,1,0
2,frontcatalog,100,0,168,adservice,server,47,1,1,1,0
2,frontcatalog,100,0,168,cartservice,server,60,2,2,2,0
2,frontcatalog,100,0,168,checkoutservice,checkout,37,1,1,1,0
2,frontcatalog,100,0,168,currencyservice,server,43,2,2,2,0
2,frontcatalog,100,0,168,emailservice,email,53,1,1,1,0
2,frontcatalog,100,0,168,frontend,productcatalog,65,2,2,2,0
2,frontcatalog,100,0,168,frontend,server,72,2,2,2,0
2,frontcatalog,100,0,168,paymentservice,payment,36,1,1,1,0
2,frontcatalog,100,0,168,recommendationservice,server,70,2,2,2,0
2,frontcatalog,100,0,168,redis-cart,-,,1,1,1,0
2,frontcatalog,100,0,168,shippingservice,server,35,1,1,1,0
2,frontcatalog,100,0,183,adservice,server,48,1,1,1,0
2,frontcatalog,100,0,183,cartservice,server,59,2,2,2,0
2,frontcatalog,100,0,183,checkoutservice,checkout,35,1,1,1,0
2,frontcatalog,100,0,183,currencyservice,server,43,2,2,2,0
2,frontcatalog,100,0,183,emailservice,email,54,1,1,1,0
2,frontcatalog,100,0,183,frontend,productcatalog,67,2,2,2,0
2,frontcatalog,100,0,183,frontend,server,73,2,2,2,0
2,frontcatalog,100,0,183,paymentservice,payment,40,1,1,1,0
2,frontcatalog,100,0,183,recommendationservice,server,69,2,2,2,0
2,frontcatalog,100,0,183,redis-cart,-,,1,1,1,0
2,frontcatalog,100,0,183,shippingservice,server,35,1,1,1,0
2,frontcatalog,100,0,198,adservice,server,47,1,1,1,0
2,frontcatalog,100,0,198,cartservice,server,58,2,2,2,0
2,frontcatalog,100,0,198,checkoutservice,checkout,35,1,1,1,0
2,frontcatalog,100,0,198,currencyservice,server,42,2,2,2,0
2,frontcatalog,100,0,198,emailservice,email,53,1,1,1,0
2,frontcatalog,100,0,198,frontend,productcatalog,66,2,2,2,0
2,frontcatalog,100,0,198,frontend,server,72,2,2,2,0
2,frontcatalog,100,0,198,paymentservice,payment,39,1,1,1,0
2,frontcatalog,100,0,198,recommendationservice,server,68,2,2,2,0
2,frontcatalog,100,0,198,redis-cart,-,,1,1,1,0
2,frontcatalog,100,0,198,shippingservice,server,35,1,1,1,0
2,frontcatalog,100,0,213,adservice,server,48,1,1,1,0
2,frontcatalog,100,0,213,cartservice,server,62,2,2,2,0
2,frontcatalog,100,0,213,checkoutservice,checkout,35,1,1,1,0
2,frontcatalog,100,0,213,currencyservice,server,43,2,2,2,0
2,frontcatalog,100,0,213,emailservice,email,51,1,1,1,0
2,frontcatalog,100,0,213,frontend,productcatalog,65,2,2,2,0
2,frontcatalog,100,0,213,frontend,server,72,2,2,2,0
2,frontcatalog,100,0,213,paymentservice,payment,39,1,1,1,0
2,frontcatalog,100,0,213,recommendationservice,server,71,2,2,2,0
2,frontcatalog,100,0,213,redis-cart,-,,1,1,1,0
2,frontcatalog,100,0,213,shippingservice,server,35,1,1,1,0
2,frontcatalog,100,0,229,adservice,server,46,1,1,1,0
2,frontcatalog,100,0,229,cartservice,server,58,2,2,2,0
2,frontcatalog,100,0,229,checkoutservice,checkout,36,1,1,1,0
2,frontcatalog,100,0,229,currencyservice,server,42,2,2,2,0
2,frontcatalog,100,0,229,emailservice,email,57,1,1,1,0
2,frontcatalog,100,0,229,frontend,productcatalog,64,2,2,2,0
2,frontcatalog,100,0,229,frontend,server,70,2,2,2,0
2,frontcatalog,100,0,229,paymentservice,payment,38,1,1,1,0
2,frontcatalog,100,0,229,recommendationservice,server,67,2,2,2,0
2,frontcatalog,100,0,229,redis-cart,-,,1,1,1,0
2,frontcatalog,100,0,229,shippingservice,server,35,1,1,1,0
2,frontcatalog,100,0,244,adservice,server,49,1,1,1,0
2,frontcatalog,100,0,244,cartservice,server,58,2,2,2,0
2,frontcatalog,100,0,244,checkoutservice,checkout,34,1,1,1,0
2,frontcatalog,100,0,244,currencyservice,server,43,2,2,2,0
2,frontcatalog,100,0,244,emailservice,email,53,1,1,1,0
2,frontcatalog,100,0,244,frontend,productcatalog,66,2,2,2,0
2,frontcatalog,100,0,244,frontend,server,75,2,2,2,0
2,frontcatalog,100,0,244,paymentservice,payment,39,1,1,1,0
2,frontcatalog,100,0,244,recommendationservice,server,71,2,2,2,0
2,frontcatalog,100,0,244,redis-cart,-,,1,1,1,0
2,frontcatalog,100,0,244,shippingservice,server,35,1,1,1,0
2,frontcatalog,100,0,259,adservice,server,48,1,1,1,0
2,frontcatalog,100,0,259,cartservice,server,60,2,2,2,0
2,frontcatalog,100,0,259,checkoutservice,checkout,35,1,1,1,0
2,frontcatalog,100,0,259,currencyservice,server,43,2,2,2,0
2,frontcatalog,100,0,259,emailservice,email,54,1,1,1,0
2,frontcatalog,100,0,259,frontend,productcatalog,65,2,2,2,0
2,frontcatalog,100,0,259,frontend,server,73,2,2,2,0
2,frontcatalog,100,0,259,paymentservice,payment,37,1,1,1,0
2,frontcatalog,100,0,259,recommendationservice,server,69,2,2,2,0
2,frontcatalog,100,0,259,redis-cart,-,,1,1,1,0
2,frontcatalog,100,0,259,shippingservice,server,36,1,1,1,0
2,frontcatalog,100,0,274,adservice,server,46,1,1,1,0
2,frontcatalog,100,0,274,cartservice,server,60,2,2,2,0
2,frontcatalog,100,0,274,checkoutservice,checkout,36,1,1,1,0
2,frontcatalog,100,0,274,currencyservice,server,43,2,2,2,0
2,frontcatalog,100,0,274,emailservice,email,53,1,1,1,0
2,frontcatalog,100,0,274,frontend,productcatalog,66,2,2,2,0
2,frontcatalog,100,0,274,frontend,server,74,2,2,2,0
2,frontcatalog,100,0,274,paymentservice,payment,42,1,1,1,0
2,frontcatalog,100,0,274,recommendationservice,server,70,2,2,2,0
2,frontcatalog,100,0,274,redis-cart,-,,1,1,1,0
2,frontcatalog,100,0,274,shippingservice,server,35,1,1,1,0
2,frontcatalog,100,0,290,adservice,server,50,1,1,1,0
2,frontcatalog,100,0,290,cartservice,server,57,2,2,2,0
2,frontcatalog,100,0,290,checkoutservice,checkout,36,1,1,1,0
2,frontcatalog,100,0,290,currencyservice,server,43,2,2,2,0
2,frontcatalog,100,0,290,emailservice,email,54,1,1,1,0
2,frontcatalog,100,0,290,frontend,productcatalog,67,2,2,2,0
2,frontcatalog,100,0,290,frontend,server,71,2,2,2,0
2,frontcatalog,100,0,290,paymentservice,payment,39,1,1,1,0
2,frontcatalog,100,0,290,recommendationservice,server,69,2,2,2,0
2,frontcatalog,100,0,290,redis-cart,-,,1,1,1,0
2,frontcatalog,100,0,290,shippingservice,server,36,1,1,1,0
2,frontcatalog,100,0,305,adservice,server,48,1,1,1,0
2,frontcatalog,100,0,305,cartservice,server,57,2,2,2,0
2,frontcatalog,100,0,305,checkoutservice,checkout,37,1,1,1,0
2,frontcatalog,100,0,305,currencyservice,server,43,2,2,2,0
2,frontcatalog,100,0,305,emailservice,email,52,1,1,1,0
2,frontcatalog,100,0,305,frontend,productcatalog,67,2,2,2,0
2,frontcatalog,100,0,305,frontend,server,74,2,2,2,0
2,frontcatalog,100,0,305,paymentservice,payment,38,1,1,1,0
2,frontcatalog,100,0,305,recommendationservice,server,69,2,2,2,0
2,frontcatalog,100,0,305,redis-cart,-,,1,1,1,0
2,frontcatalog,100,0,305,shippingservice,server,35,1,1,1,0
2,frontcatalog,100,0,320,adservice,server,48,1,1,1,0
2,frontcatalog,100,0,320,cartservice,server,60,2,2,2,0
2,frontcatalog,100,0,320,checkoutservice,checkout,37,1,1,1,0
2,frontcatalog,100,0,320,currencyservice,server,43,2,2,2,0
2,frontcatalog,100,0,320,emailservice,email,53,1,1,1,0
2,frontcatalog,100,0,320,frontend,productcatalog,66,2,2,2,0
2,frontcatalog,100,0,320,frontend,server,73,2,2,2,0
2,frontcatalog,100,0,320,paymentservice,payment,38,1,1,1,0
2,frontcatalog,100,0,320,recommendationservice,server,70,2,2,2,0
2,frontcatalog,100,0,320,redis-cart,-,,1,1,1,0
2,frontcatalog,100,0,320,shippingservice,server,35,1,1,1,0
2,frontcatalog,100,0,335,adservice,server,47,1,1,1,0
2,frontcatalog,100,0,335,cartservice,server,65,2,2,2,0
2,frontcatalog,100,0,335,checkoutservice,checkout,35,1,1,1,0
2,frontcatalog,100,0,335,currencyservice,server,43,2,2,2,0
2,frontcatalog,100,0,335,emailservice,email,55,1,1,1,0
2,frontcatalog,100,0,335,frontend,productcatalog,66,2,2,2,0
2,frontcatalog,100,0,335,frontend,server,73,2,2,2,0
2,frontcatalog,100,0,335,paymentservice,payment,39,1,1,1,0
2,frontcatalog,100,0,335,recommendationservice,server,70,2,2,2,0
2,frontcatalog,100,0,335,redis-cart,-,,1,1,1,0
2,frontcatalog,100,0,335,shippingservice,server,35,1,1,1,0
2,frontcatalog,100,0,350,adservice,server,48,1,1,1,0
2,frontcatalog,100,0,350,cartservice,server,65,2,2,2,0
2,frontcatalog,100,0,350,checkoutservice,checkout,36,1,1,1,0
2,frontcatalog,100,0,350,currencyservice,server,43,2,2,2,0
2,frontcatalog,100,0,350,emailservice,email,54,1,1,1,0
2,frontcatalog,100,0,350,frontend,productcatalog,66,2,2,2,0
2,frontcatalog,100,0,350,frontend,server,73,2,2,2,0
2,frontcatalog,100,0,350,paymentservice,payment,39,1,1,1,0
2,frontcatalog,100,0,350,recommendationservice,server,69,2,2,2,0
2,frontcatalog,100,0,350,redis-cart,-,,1,1,1,0
2,frontcatalog,100,0,350,shippingservice,server,36,1,1,1,0
2,frontcatalog,100,0,366,adservice,server,47,1,1,1,0
2,frontcatalog,100,0,366,cartservice,server,61,2,2,2,0
2,frontcatalog,100,0,366,checkoutservice,checkout,35,1,1,1,0
2,frontcatalog,100,0,366,currencyservice,server,43,2,2,2,0
2,frontcatalog,100,0,366,emailservice,email,55,1,1,1,0
2,frontcatalog,100,0,366,frontend,productcatalog,68,2,2,2,0
2,frontcatalog,100,0,366,frontend,server,73,2,2,2,0
2,frontcatalog,100,0,366,paymentservice,payment,39,1,1,1,0
2,frontcatalog,100,0,366,recommendationservice,server,69,2,2,2,0
2,frontcatalog,100,0,366,redis-cart,-,,1,1,1,0
2,frontcatalog,100,0,366,shippingservice,server,35,1,1,1,0
2,frontcatalog,100,0,381,adservice,server,48,1,1,1,0
2,frontcatalog,100,0,381,cartservice,server,63,2,2,2,0
2,frontcatalog,100,0,381,checkoutservice,checkout,36,1,1,1,0
2,frontcatalog,100,0,381,currencyservice,server,43,2,2,2,0
2,frontcatalog,100,0,381,emailservice,email,54,1,1,1,0
2,frontcatalog,100,0,381,frontend,productcatalog,67,2,2,2,0
2,frontcatalog,100,0,381,frontend,server,74,2,2,2,0
2,frontcatalog,100,0,381,paymentservice,payment,39,1,1,1,0
2,frontcatalog,100,0,381,recommendationservice,server,69,2,2,2,0
2,frontcatalog,100,0,381,redis-cart,-,,1,1,1,0
2,frontcatalog,100,0,381,shippingservice,server,35,1,1,1,0
2,frontcatalog,100,0,396,adservice,server,48,1,1,1,0
2,frontcatalog,100,0,396,cartservice,server,58,2,2,2,0
2,frontcatalog,100,0,396,checkoutservice,checkout,37,1,1,1,0
2,frontcatalog,100,0,396,currencyservice,server,43,2,2,2,0
2,frontcatalog,100,0,396,emailservice,email,54,1,1,1,0
2,frontcatalog,100,0,396,frontend,productcatalog,66,2,2,2,0
2,frontcatalog,100,0,396,frontend,server,71,2,2,2,0
2,frontcatalog,100,0,396,paymentservice,payment,38,1,1,1,0
2,frontcatalog,100,0,396,recommendationservice,server,69,2,2,2,0
2,frontcatalog,100,0,396,redis-cart,-,,1,1,1,0
2,frontcatalog,100,0,396,shippingservice,server,35,1,1,1,0
2,frontcatalog,100,0,411,adservice,server,47,1,1,1,0
2,frontcatalog,100,0,411,cartservice,server,61,2,2,2,0
2,frontcatalog,100,0,411,checkoutservice,checkout,36,1,1,1,0
2,frontcatalog,100,0,411,currencyservice,server,42,2,2,2,0
2,frontcatalog,100,0,411,emailservice,email,54,1,1,1,0
2,frontcatalog,100,0,411,frontend,productcatalog,66,2,2,2,0
2,frontcatalog,100,0,411,frontend,server,73,2,2,2,0
2,frontcatalog,100,0,411,paymentservice,payment,39,1,1,1,0
2,frontcatalog,100,0,411,recommendationservice,server,70,2,2,2,0
2,frontcatalog,100,0,411,redis-cart,-,,1,1,1,0
2,frontcatalog,100,0,411,shippingservice,server,35,1,1,1,0
2,frontcatalog,100,0,427,adservice,server,48,1,1,1,0
2,frontcatalog,100,0,427,cartservice,server,58,2,2,2,0
2,frontcatalog,100,0,427,checkoutservice,checkout,36,1,1,1,0
2,frontcatalog,100,0,427,currencyservice,server,43,2,2,2,0
2,frontcatalog,100,0,427,emailservice,email,54,1,1,1,0
2,frontcatalog,100,0,427,frontend,productcatalog,66,2,2,2,0
2,frontcatalog,100,0,427,frontend,server,73,2,2,2,0
2,frontcatalog,100,0,427,paymentservice,payment,38,1,1,1,0
2,frontcatalog,100,0,427,recommendationservice,server,69,2,2,2,0
2,frontcatalog,100,0,427,redis-cart,-,,1,1,1,0
2,frontcatalog,100,0,427,shippingservice,server,34,1,1,1,0
2,frontcatalog,100,0,442,adservice,server,48,1,1,1,0
2,frontcatalog,100,0,442,cartservice,server,58,2,2,2,0
2,frontcatalog,100,0,442,checkoutservice,checkout,25,1,1,1,0
2,frontcatalog,100,0,442,currencyservice,server,13,2,2,2,0
2,frontcatalog,100,0,442,emailservice,email,36,1,1,1,0
2,frontcatalog,100,0,442,frontend,productcatalog,40,2,2,2,0
2,frontcatalog,100,0,442,frontend,server,56,2,2,2,0
2,frontcatalog,100,0,442,paymentservice,payment,30,1,1,1,0
2,frontcatalog,100,0,442,recommendationservice,server,19,2,2,2,0
2,frontcatalog,100,0,442,redis-cart,-,,1,1,1,0
2,frontcatalog,100,0,442,shippingservice,server,14,1,1,1,0
2,frontreco,100,0,0,adservice,-,,1,0,1,0
2,frontreco,100,0,0,cartservice,-,,1,0,1,0
2,frontreco,100,0,0,checkoutservice,checkout,0,1,1,1,0
2,frontreco,100,0,0,currencyservice,server,0,1,1,1,0
2,frontreco,100,0,0,emailservice,email,1,1,1,1,0
2,frontreco,100,0,0,frontend,recommendation,0,1,0,1,0
2,frontreco,100,0,0,paymentservice,-,,,0,1,0
2,frontreco,100,0,0,productcatalogservice,-,,,0,1,0
2,frontreco,100,0,0,redis-cart,-,,1,1,1,0
2,frontreco,100,0,0,shippingservice,-,,,0,1,0
2,frontreco,100,0,16,adservice,server,16,1,1,1,0
2,frontreco,100,0,16,cartservice,server,30,1,1,1,0
2,frontreco,100,0,16,checkoutservice,checkout,19,1,1,1,0
2,frontreco,100,0,16,currencyservice,server,49,1,1,1,0
2,frontreco,100,0,16,emailservice,email,1,1,1,1,0
2,frontreco,100,0,16,frontend,recommendation,67,1,1,1,0
2,frontreco,100,0,16,frontend,server,21,1,1,1,0
2,frontreco,100,0,16,paymentservice,payment,27,1,1,1,0
2,frontreco,100,0,16,productcatalogservice,server,0,1,1,1,0
2,frontreco,100,0,16,redis-cart,-,,1,1,1,0
2,frontreco,100,0,16,shippingservice,server,0,1,1,1,0
2,frontreco,100,0,31,adservice,server,100,1,1,1,0
2,frontreco,100,0,31,cartservice,server,109,1,1,1,0
2,frontreco,100,0,31,checkoutservice,checkout,31,1,1,1,0
2,frontreco,100,0,31,currencyservice,server,52,1,1,1,0
2,frontreco,100,0,31,emailservice,email,56,1,1,1,0
2,frontreco,100,0,31,frontend,recommendation,67,1,1,1,0
2,frontreco,100,0,31,frontend,server,79,1,1,1,0
2,frontreco,100,0,31,paymentservice,payment,50,1,1,1,0
2,frontreco,100,0,31,productcatalogservice,server,69,1,1,1,0
2,frontreco,100,0,31,redis-cart,-,,1,1,1,0
2,frontreco,100,0,31,shippingservice,server,24,1,1,1,0
2,frontreco,100,0,46,adservice,server,48,1,1,1,0
2,frontreco,100,0,46,cartservice,server,76,1,1,1,0
2,frontreco,100,0,46,checkoutservice,checkout,29,1,1,1,0
2,frontreco,100,0,46,currencyservice,server,49,1,1,1,0
2,frontreco,100,0,46,emailservice,email,48,1,1,1,0
2,frontreco,100,0,46,frontend,recommendation,69,1,1,1,0
2,frontreco,100,0,46,frontend,server,72,1,1,1,0
2,frontreco,100,0,46,paymentservice,payment,37,1,1,1,0
2,frontreco,100,0,46,productcatalogservice,server,67,1,1,1,0
2,frontreco,100,0,46,redis-cart,-,,1,1,1,0
2,frontreco,100,0,46,shippingservice,server,31,1,1,1,0
2,frontreco,100,0,61,adservice,server,35,1,1,1,0
2,frontreco,100,0,61,cartservice,server,72,1,1,1,0
2,frontreco,100,0,61,checkoutservice,checkout,29,1,1,1,0
2,frontreco,100,0,61,currencyservice,server,49,1,1,1,0
2,frontreco,100,0,61,emailservice,email,48,1,1,1,0
2,frontreco,100,0,61,frontend,recommendation,68,1,1,1,0
2,frontreco,100,0,61,frontend,server,70,1,1,1,0
2,frontreco,100,0,61,paymentservice,payment,37,1,1,1,0
2,frontreco,100,0,61,productcatalogservice,server,69,1,1,1,0
2,frontreco,100,0,61,redis-cart,-,,1,1,1,0
2,frontreco,100,0,61,shippingservice,server,30,1,1,1,0
2,frontreco,100,0,76,adservice,server,40,1,1,1,0
2,frontreco,100,0,76,cartservice,server,75,1,1,1,0
2,frontreco,100,0,76,checkoutservice,checkout,29,1,1,1,0
2,frontreco,100,0,76,currencyservice,server,49,1,1,1,0
2,frontreco,100,0,76,emailservice,email,47,1,1,1,0
2,frontreco,100,0,76,frontend,recommendation,69,1,1,1,0
2,frontreco,100,0,76,frontend,server,79,1,1,1,0
2,frontreco,100,0,76,paymentservice,payment,32,1,1,1,0
2,frontreco,100,0,76,productcatalogservice,server,69,1,1,1,0
2,frontreco,100,0,76,redis-cart,-,,1,1,1,0
2,frontreco,100,0,76,shippingservice,server,30,1,1,1,0
2,frontreco,100,0,92,adservice,server,23,1,1,1,0
2,frontreco,100,0,92,cartservice,server,86,1,1,1,0
2,frontreco,100,0,92,checkoutservice,checkout,32,1,1,1,0
2,frontreco,100,0,92,currencyservice,server,50,1,1,1,0
2,frontreco,100,0,92,emailservice,email,50,1,1,1,0
2,frontreco,100,0,92,frontend,recommendation,76,1,1,1,0
2,frontreco,100,0,92,frontend,server,75,1,1,1,0
2,frontreco,100,0,92,paymentservice,payment,35,1,1,1,0
2,frontreco,100,0,92,productcatalogservice,server,76,1,1,1,0
2,frontreco,100,0,92,redis-cart,-,,1,1,1,0
2,frontreco,100,0,92,shippingservice,server,32,1,1,1,0
2,frontreco,100,0,107,adservice,server,23,1,1,1,0
2,frontreco,100,0,107,cartservice,server,71,1,1,1,0
2,frontreco,100,0,107,checkoutservice,checkout,28,1,1,1,0
2,frontreco,100,0,107,currencyservice,server,48,1,1,1,0
2,frontreco,100,0,107,emailservice,email,44,1,1,1,0
2,frontreco,100,0,107,frontend,recommendation,66,1,1,1,0
2,frontreco,100,0,107,frontend,server,69,1,1,1,0
2,frontreco,100,0,107,paymentservice,payment,35,1,1,1,0
2,frontreco,100,0,107,productcatalogservice,server,65,1,1,1,0
2,frontreco,100,0,107,redis-cart,-,,1,1,1,0
2,frontreco,100,0,107,shippingservice,server,30,1,1,1,0
2,frontreco,100,0,122,adservice,server,20,1,1,1,0
2,frontreco,100,0,122,cartservice,server,77,1,1,1,0
2,frontreco,100,0,122,checkoutservice,checkout,29,1,1,1,0
2,frontreco,100,0,122,currencyservice,server,49,1,1,1,0
2,frontreco,100,0,122,emailservice,email,49,1,1,1,0
2,frontreco,100,0,122,frontend,recommendation,68,1,1,1,0
2,frontreco,100,0,122,frontend,server,73,1,1,1,0
2,frontreco,100,0,122,paymentservice,payment,33,1,1,1,0
2,frontreco,100,0,122,productcatalogservice,server,65,1,1,1,0
2,frontreco,100,0,122,redis-cart,-,,1,1,1,0
2,frontreco,100,0,122,shippingservice,server,30,1,1,1,0
2,frontreco,100,0,137,adservice,server,18,1,1,1,0
2,frontreco,100,0,137,cartservice,server,77,1,2,1,0
2,frontreco,100,0,137,checkoutservice,checkout,29,1,1,1,0
2,frontreco,100,0,137,currencyservice,server,49,1,1,1,0
2,frontreco,100,0,137,emailservice,email,49,1,1,1,0
2,frontreco,100,0,137,frontend,recommendation,69,1,1,1,0
2,frontreco,100,0,137,frontend,server,73,1,1,1,0
2,frontreco,100,0,137,paymentservice,payment,34,1,1,1,0
2,frontreco,100,0,137,productcatalogservice,server,75,1,1,1,0
2,frontreco,100,0,137,redis-cart,-,,1,1,1,0
2,frontreco,100,0,137,shippingservice,server,30,1,1,1,0
2,frontreco,100,0,152,adservice,server,24,1,1,1,0
2,frontreco,100,0,152,cartservice,server,77,2,2,1,0
2,frontreco,100,0,152,checkoutservice,checkout,28,1,1,1,0
2,frontreco,100,0,152,currencyservice,server,48,1,1,1,0
2,frontreco,100,0,152,emailservice,email,49,1,1,1,0
2,frontreco,100,0,152,frontend,recommendation,64,1,1,1,0
2,frontreco,100,0,152,frontend,server,72,1,1,1,0
2,frontreco,100,0,152,paymentservice,payment,33,1,1,1,0
2,frontreco,100,0,152,productcatalogservice,server,64,1,1,1,0
2,frontreco,100,0,152,redis-cart,-,,1,1,1,0
2,frontreco,100,0,152,shippingservice,server,30,1,1,1,0
2,frontreco,100,0,168,adservice,server,20,1,1,1,0
2,frontreco,100,0,168,cartservice,server,73,2,2,2,0
2,frontreco,100,0,168,checkoutservice,checkout,28,1,1,1,0
2,frontreco,100,0,168,currencyservice,server,48,1,1,1,0
2,frontreco,100,0,168,emailservice,email,47,1,1,1,0
2,frontreco,100,0,168,frontend,recommendation,67,1,1,1,0
2,frontreco,100,0,168,frontend,server,70,1,1,1,0
2,frontreco,100,0,168,paymentservice,payment,35,1,1,1,0
2,frontreco,100,0,168,productcatalogservice,server,66,1,1,1,0
2,frontreco,100,0,168,redis-cart,-,,1,1,1,0
2,frontreco,100,0,168,shippingservice,server,29,1,1,1,0
2,frontreco,100,0,183,adservice,server,20,1,1,1,0
2,frontreco,100,0,183,cartservice,server,72,2,2,2,0
2,frontreco,100,0,183,checkoutservice,checkout,28,1,1,1,0
2,frontreco,100,0,183,currencyservice,server,48,1,1,1,0
2,frontreco,100,0,183,emailservice,email,46,1,1,1,0
2,frontreco,100,0,183,frontend,recommendation,71,1,1,1,0
2,frontreco,100,0,183,frontend,server,72,1,1,1,0
2,frontreco,100,0,183,paymentservice,payment,33,1,1,1,0
2,frontreco,100,0,183,productcatalogservice,server,68,1,1,1,0
2,frontreco,100,0,183,redis-cart,-,,1,1,1,0
2,frontreco,100,0,183,shippingservice,server,30,1,1,1,0
2,frontreco,100,0,198,adservice,server,14,1,1,1,0
2,frontreco,100,0,198,cartservice,server,36,2,2,2,0
2,frontreco,100,0,198,checkoutservice,checkout,28,1,1,1,0
2,frontreco,100,0,198,currencyservice,server,48,1,1,1,0
2,frontreco,100,0,198,emailservice,email,46,1,1,1,0
2,frontreco,100,0,198,frontend,recommendation,66,1,1,1,0
2,frontreco,100,0,198,frontend,server,72,1,1,1,0
2,frontreco,100,0,198,paymentservice,payment,32,1,1,1,0
2,frontreco,100,0,198,productcatalogservice,server,68,1,1,1,0
2,frontreco,100,0,198,redis-cart,-,,1,1,1,0
2,frontreco,100,0,198,shippingservice,server,29,1,1,1,0
2,frontreco,100,0,213,adservice,server,13,1,1,1,0
2,frontreco,100,0,213,cartservice,server,35,2,2,2,0
2,frontreco,100,0,213,checkoutservice,checkout,28,1,1,1,0
2,frontreco,100,0,213,currencyservice,server,48,1,1,1,0
2,frontreco,100,0,213,emailservice,email,46,1,1,1,0
2,frontreco,100,0,213,frontend,recommendation,66,1,1,1,0
2,frontreco,100,0,213,frontend,server,72,1,1,1,0
2,frontreco,100,0,213,paymentservice,payment,32,1,1,1,0
2,frontreco,100,0,213,productcatalogservice,server,66,1,1,1,0
2,frontreco,100,0,213,redis-cart,-,,1,1,1,0
2,frontreco,100,0,213,shippingservice,server,29,1,1,1,0
2,frontreco,100,0,228,adservice,server,13,1,1,1,0
2,frontreco,100,0,228,cartservice,server,38,2,2,2,0
2,frontreco,100,0,228,checkoutservice,checkout,29,1,1,1,0
2,frontreco,100,0,228,currencyservice,server,49,1,1,1,0
2,frontreco,100,0,228,emailservice,email,46,1,1,1,0
2,frontreco,100,0,228,frontend,recommendation,70,1,1,1,0
2,frontreco,100,0,228,frontend,server,68,1,1,1,0
2,frontreco,100,0,228,paymentservice,payment,33,1,1,1,0
2,frontreco,100,0,228,productcatalogservice,server,68,1,1,1,0
2,frontreco,100,0,228,redis-cart,-,,1,1,1,0
2,frontreco,100,0,228,shippingservice,server,29,1,1,1,0
2,frontreco,100,0,244,adservice,server,13,1,1,1,0
2,frontreco,100,0,244,cartservice,server,37,2,2,2,0
2,frontreco,100,0,244,checkoutservice,checkout,29,1,1,1,0
2,frontreco,100,0,244,currencyservice,server,50,1,1,1,0
2,frontreco,100,0,244,emailservice,email,49,1,1,1,0
2,frontreco,100,0,244,frontend,recommendation,70,1,1,1,0
2,frontreco,100,0,244,frontend,server,77,1,1,1,0
2,frontreco,100,0,244,paymentservice,payment,35,1,1,1,0
2,frontreco,100,0,244,productcatalogservice,server,67,1,1,1,0
2,frontreco,100,0,244,redis-cart,-,,1,1,1,0
2,frontreco,100,0,244,shippingservice,server,31,1,1,1,0
2,frontreco,100,0,259,adservice,server,14,1,1,1,0
2,frontreco,100,0,259,cartservice,server,35,2,2,2,0
2,frontreco,100,0,259,checkoutservice,checkout,28,1,1,1,0
2,frontreco,100,0,259,currencyservice,server,51,1,1,1,0
2,frontreco,100,0,259,emailservice,email,49,1,1,1,0
2,frontreco,100,0,259,frontend,recommendation,69,1,2,1,0
2,frontreco,100,0,259,frontend,server,77,1,2,1,0
2,frontreco,100,0,259,paymentservice,payment,31,1,1,1,0
2,frontreco,100,0,259,productcatalogservice,server,71,1,1,1,0
2,frontreco,100,0,259,redis-cart,-,,1,1,1,0
2,frontreco,100,0,259,shippingservice,server,30,1,1,1,0
2,frontreco,100,0,274,adservice,server,13,1,1,1,0
2,frontreco,100,0,274,cartservice,server,42,2,2,2,0
2,frontreco,100,0,274,checkoutservice,checkout,30,1,1,1,0
2,frontreco,100,0,274,currencyservice,server,48,1,1,1,0
2,frontreco,100,0,274,emailservice,email,45,1,1,1,0
2,frontreco,100,0,274,frontend,recommendation,68,2,2,2,0
2,frontreco,100,0,274,frontend,server,73,2,2,2,0
2,frontreco,100,0,274,paymentservice,payment,34,1,1,1,0
2,frontreco,100,0,274,productcatalogservice,server,68,1,1,1,0
2,frontreco,100,0,274,redis-cart,-,,1,1,1,0
2,frontreco,100,0,274,shippingservice,server,30,1,1,1,0
2,frontreco,100,0,289,adservice,server,12,1,1,1,0
2,frontreco,100,0,289,cartservice,server,36,2,2,2,0
2,frontreco,100,0,289,checkoutservice,checkout,28,1,1,1,0
2,frontreco,100,0,289,currencyservice,server,48,1,1,1,0
2,frontreco,100,0,289,emailservice,email,46,1,1,1,0
2,frontreco,100,0,289,frontend,recommendation,67,2,2,2,0
2,frontreco,100,0,289,frontend,server,70,2,2,2,0
2,frontreco,100,0,289,paymentservice,payment,35,1,1,1,0
2,frontreco,100,0,289,productcatalogservice,server,66,1,1,1,0
2,frontreco,100,0,289,redis-cart,-,,1,1,1,0
2,frontreco,100,0,289,shippingservice,server,30,1,1,1,0
2,frontreco,100,0,304,adservice,server,13,1,1,1,0
2,frontreco,100,0,304,cartservice,server,36,2,2,2,0
2,frontreco,100,0,304,checkoutservice,checkout,28,1,1,1,0
2,frontreco,100,0,304,currencyservice,server,48,1,1,1,0
2,frontreco,100,0,304,emailservice,email,45,1,1,1,0
2,frontreco,100,0,304,frontend,recommendation,33,2,2,2,0
2,frontreco,100,0,304,frontend,server,35,2,2,2,0
2,frontreco,100,0,304,paymentservice,payment,33,1,1,1,0
2,frontreco,100,0,304,productcatalogservice,server,65,1,1,1,0
2,frontreco,100,0,304,redis-cart,-,,1,1,1,0
2,frontreco,100,0,304,shippingservice,server,29,1,1,1,0
2,frontreco,100,0,320,adservice,server,14,1,1,1,0
2,frontreco,100,0,320,cartservice,server,38,2,2,2,0
2,frontreco,100,0,320,checkoutservice,checkout,27,1,1,1,0
2,frontreco,100,0,320,currencyservice,server,48,1,1,1,0
2,frontreco,100,0,320,emailservice,email,45,1,1,1,0
2,frontreco,100,0,320,frontend,recommendation,32,2,2,2,0
2,frontreco,100,0,320,frontend,server,34,2,2,2,0
2,frontreco,100,0,320,paymentservice,payment,33,1,1,1,0
2,frontreco,100,0,320,productcatalogservice,server,65,1,1,1,0
2,frontreco,100,0,320,redis-cart,-,,1,1,1,0
2,frontreco,100,0,320,shippingservice,server,29,1,1,1,0
2,frontreco,100,0,335,adservice,server,13,1,1,1,0
2,frontreco,100,0,335,cartservice,server,35,2,2,2,0
2,frontreco,100,0,335,checkoutservice,checkout,26,1,1,1,0
2,frontreco,100,0,335,currencyservice,server,47,1,1,1,0
2,frontreco,100,0,335,emailservice,email,48,1,1,1,0
2,frontreco,100,0,335,frontend,recommendation,34,2,2,2,0
2,frontreco,100,0,335,frontend,server,36,2,2,2,0
2,frontreco,100,0,335,paymentservice,payment,34,1,1,1,0
2,frontreco,100,0,335,productcatalogservice,server,68,1,1,1,0
2,frontreco,100,0,335,redis-cart,-,,1,1,1,0
2,frontreco,100,0,335,shippingservice,server,29,1,1,1,0
2,frontreco,100,0,350,adservice,server,14,1,1,1,0
2,frontreco,100,0,350,cartservice,server,38,2,2,2,0
2,frontreco,100,0,350,checkoutservice,checkout,30,1,1,1,0
2,frontreco,100,0,350,currencyservice,server,50,1,1,1,0
2,frontreco,100,0,350,emailservice,email,47,1,1,1,0
2,frontreco,100,0,350,frontend,recommendation,33,2,2,2,0
2,frontreco,100,0,350,frontend,server,35,2,2,2,0
2,frontreco,100,0,350,paymentservice,payment,35,1,1,1,0
2,frontreco,100,0,350,productcatalogservice,server,67,1,1,1,0
2,frontreco,100,0,350,redis-cart,-,,1,1,1,0
2,frontreco,100,0,350,shippingservice,server,29,1,1,1,0
2,frontreco,100,0,365,adservice,server,13,1,1,1,0
2,frontreco,100,0,365,cartservice,server,40,2,2,2,0
2,frontreco,100,0,365,checkoutservice,checkout,28,1,1,1,0
2,frontreco,100,0,365,currencyservice,server,48,1,1,1,0
2,frontreco,100,0,365,emailservice,email,47,1,1,1,0
2,frontreco,100,0,365,frontend,recommendation,35,2,2,2,0
2,frontreco,100,0,365,frontend,server,38,2,2,2,0
2,frontreco,100,0,365,paymentservice,payment,33,1,1,1,0
2,frontreco,100,0,365,productcatalogservice,server,76,1,1,1,0
2,frontreco,100,0,365,redis-cart,-,,1,1,1,0
2,frontreco,100,0,365,shippingservice,server,29,1,1,1,0
2,frontreco,100,0,381,adservice,server,14,1,1,1,0
2,frontreco,100,0,381,cartservice,server,37,2,2,2,0
2,frontreco,100,0,381,checkoutservice,checkout,29,1,1,1,0
2,frontreco,100,0,381,currencyservice,server,50,1,1,1,0
2,frontreco,100,0,381,emailservice,email,46,1,1,1,0
2,frontreco,100,0,381,frontend,recommendation,33,2,2,2,0
2,frontreco,100,0,381,frontend,server,35,2,2,2,0
2,frontreco,100,0,381,paymentservice,payment,33,1,1,1,0
2,frontreco,100,0,381,productcatalogservice,server,66,1,1,1,0
2,frontreco,100,0,381,redis-cart,-,,1,1,1,0
2,frontreco,100,0,381,shippingservice,server,32,1,1,1,0
2,frontreco,100,0,396,adservice,server,12,1,1,1,0
2,frontreco,100,0,396,cartservice,server,37,2,2,2,0
2,frontreco,100,0,396,checkoutservice,checkout,27,1,1,1,0
2,frontreco,100,0,396,currencyservice,server,48,1,1,1,0
2,frontreco,100,0,396,emailservice,email,44,1,1,1,0
2,frontreco,100,0,396,frontend,recommendation,33,2,2,2,0
2,frontreco,100,0,396,frontend,server,34,2,2,2,0
2,frontreco,100,0,396,paymentservice,payment,34,1,1,1,0
2,frontreco,100,0,396,productcatalogservice,server,64,1,1,1,0
2,frontreco,100,0,396,redis-cart,-,,1,1,1,0
2,frontreco,100,0,396,shippingservice,server,29,1,1,1,0
2,frontreco,100,0,411,adservice,server,12,1,1,1,0
2,frontreco,100,0,411,cartservice,server,39,2,2,2,0
2,frontreco,100,0,411,checkoutservice,checkout,28,1,1,1,0
2,frontreco,100,0,411,currencyservice,server,48,1,1,1,0
2,frontreco,100,0,411,emailservice,email,47,1,1,1,0
2,frontreco,100,0,411,frontend,recommendation,32,2,2,2,0
2,frontreco,100,0,411,frontend,server,34,2,2,2,0
2,frontreco,100,0,411,paymentservice,payment,34,1,1,1,0
2,frontreco,100,0,411,productcatalogservice,server,66,1,1,1,0
2,frontreco,100,0,411,redis-cart,-,,1,1,1,0
2,frontreco,100,0,411,shippingservice,server,30,1,1,1,0
2,frontreco,100,0,426,adservice,server,12,1,1,1,0
2,frontreco,100,0,426,cartservice,server,35,2,2,2,0
2,frontreco,100,0,426,checkoutservice,checkout,28,1,1,1,0
2,frontreco,100,0,426,currencyservice,server,48,1,1,1,0
2,frontreco,100,0,426,emailservice,email,46,1,1,1,0
2,frontreco,100,0,426,frontend,recommendation,34,2,1,1,0
2,frontreco,100,0,426,frontend,server,35,2,1,1,0
2,frontreco,100,0,426,paymentservice,payment,34,1,1,1,0
2,frontreco,100,0,426,productcatalogservice,server,64,1,1,1,0
2,frontreco,100,0,426,redis-cart,-,,1,1,1,0
2,frontreco,100,0,426,shippingservice,server,30,1,1,1,0
2,frontreco,100,0,441,adservice,server,8,1,1,1,0
2,frontreco,100,0,441,cartservice,server,29,2,2,2,0
2,frontreco,100,0,441,checkoutservice,checkout,12,1,1,1,0
2,frontreco,100,0,441,currencyservice,server,29,1,1,1,0
2,frontreco,100,0,441,emailservice,email,8,1,1,1,0
2,frontreco,100,0,441,frontend,recommendation,8,1,1,1,0
2,frontreco,100,0,441,paymentservice,payment,33,1,1,1,0
2,frontreco,100,0,441,productcatalogservice,server,45,1,1,1,0
2,frontreco,100,0,441,redis-cart,-,,1,1,1,0
2,frontreco,100,0,441,shippingservice,server,29,1,1,1,0
2,frontreco,100,0,0,adservice,server,1,1,1,1,0
2,frontreco,100,0,0,cartservice,server,0,2,2,2,0
2,frontreco,100,0,0,checkoutservice,checkout,0,1,1,1,0
2,frontreco,100,0,0,currencyservice,server,0,1,1,1,0
2,frontreco,100,0,0,emailservice,email,1,1,1,1,0
2,frontreco,100,0,0,frontend,recommendation,8,1,1,1,0
2,frontreco,100,0,0,paymentservice,payment,3,1,1,1,0
2,frontreco,100,0,0,productcatalogservice,server,0,1,1,1,0
2,frontreco,100,0,0,redis-cart,-,,1,1,1,0
2,frontreco,100,0,0,shippingservice,server,0,1,1,1,0
2,frontreco,100,0,16,adservice,server,1,1,1,1,0
2,frontreco,100,0,16,cartservice,server,3,2,1,1,0
2,frontreco,100,0,16,checkoutservice,checkout,0,1,1,1,0
2,frontreco,100,0,16,currencyservice,server,0,1,1,1,0
2,frontreco,100,0,16,emailservice,email,3,1,1,1,0
2,frontreco,100,0,16,frontend,recommendation,0,1,1,1,0
2,frontreco,100,0,16,frontend,server,0,1,1,1,0
2,frontreco,100,0,16,paymentservice,payment,3,1,1,1,0
2,frontreco,100,0,16,productcatalogservice,server,0,1,1,1,0
2,frontreco,100,0,16,redis-cart,-,,1,1,1,0
2,frontreco,100,0,16,shippingservice,server,2,1,1,1,0
2,frontreco,100,0,31,adservice,server,21,1,1,1,0
2,frontreco,100,0,31,cartservice,server,26,1,1,1,0
2,frontreco,100,0,31,checkoutservice,checkout,15,1,1,1,0
2,frontreco,100,0,31,currencyservice,server,40,1,1,1,0
2,frontreco,100,0,31,emailservice,email,48,1,1,1,0
2,frontreco,100,0,31,frontend,recommendation,29,1,1,1,0
2,frontreco,100,0,31,frontend,server,95,1,1,1,0
2,frontreco,100,0,31,paymentservice,payment,20,1,1,1,0
2,frontreco,100,0,31,productcatalogservice,server,55,1,1,1,0
2,frontreco,100,0,31,redis-cart,-,,1,1,1,0
2,frontreco,100,0,31,shippingservice,server,2,1,1,1,0
2,frontreco,100,0,46,adservice,server,25,1,1,1,0
2,frontreco,100,0,46,cartservice,server,124,1,1,1,0
2,frontreco,100,0,46,checkoutservice,checkout,36,1,1,1,0
2,frontreco,100,0,46,currencyservice,server,61,1,1,1,0
2,frontreco,100,0,46,emailservice,email,50,1,1,1,0
2,frontreco,100,0,46,frontend,recommendation,109,1,2,1,0
2,frontreco,100,0,46,frontend,server,91,1,2,1,0
2,frontreco,100,0,46,paymentservice,payment,38,1,1,1,0
2,frontreco,100,0,46,productcatalogservice,server,91,1,1,1,0
2,frontreco,100,0,46,redis-cart,-,,1,1,1,0
2,frontreco,100,0,46,shippingservice,server,29,1,1,1,0
2,frontreco,100,0,61,adservice,server,22,1,1,1,0
2,frontreco,100,0,61,cartservice,server,81,1,2,1,0
2,frontreco,100,0,61,checkoutservice,checkout,30,1,1,1,0
2,frontreco,100,0,61,currencyservice,server,55,1,1,1,0
2,frontreco,100,0,61,emailservice,email,48,1,1,1,0
2,frontreco,100,0,61,frontend,recommendation,85,2,2,2,0
2,frontreco,100,0,61,frontend,server,86,2,2,2,0
2,frontreco,100,0,61,paymentservice,payment,35,1,1,1,0
2,frontreco,100,0,61,productcatalogservice,server,82,1,2,2,0
2,frontreco,100,0,61,redis-cart,-,,1,1,1,0
2,frontreco,100,0,61,shippingservice,server,31,1,1,1,0
2,frontreco,100,0,76,adservice,server,22,1,1,1,0
2,frontreco,100,0,76,cartservice,server,88,2,2,2,0
2,frontreco,100,0,76,checkoutservice,checkout,30,1,1,1,0
2,frontreco,100,0,76,currencyservice,server,55,1,1,1,0
2,frontreco,100,0,76,emailservice,email,48,1,1,1,0
2,frontreco,100,0,76,frontend,recommendation,85,2,2,2,0
2,frontreco,100,0,76,frontend,server,86,2,2,2,0
2,frontreco,100,0,76,paymentservice,payment,35,1,1,1,0
2,frontreco,100,0,76,productcatalogservice,server,82,2,2,2,0
2,frontreco,100,0,76,redis-cart,-,,1,1,1,0
2,frontreco,100,0,76,shippingservice,server,31,1,1,1,0
2,frontreco,100,0,92,adservice,server,23,1,1,1,0
2,frontreco,100,0,92,cartservice,server,85,2,2,2,0
2,frontreco,100,0,92,checkoutservice,checkout,32,1,1,1,0
2,frontreco,100,0,92,currencyservice,server,57,1,1,1,0
2,frontreco,100,0,92,emailservice,email,47,1,1,1,0
2,frontreco,100,0,92,frontend,recommendation,49,2,2,2,0
2,frontreco,100,0,92,frontend,server,43,2,2,2,0
2,frontreco,100,0,92,paymentservice,payment,34,1,1,1,0
2,frontreco,100,0,92,productcatalogservice,server,46,2,2,2,0
2,frontreco,100,0,92,redis-cart,-,,1,1,1,0
2,frontreco,100,0,92,shippingservice,server,32,1,1,1,0
2,frontreco,100,0,107,adservice,server,23,1,1,1,0
2,frontreco,100,0,107,cartservice,server,81,2,2,2,0
2,frontreco,100,0,107,checkoutservice,checkout,29,1,1,1,0
2,frontreco,100,0,107,currencyservice,server,55,1,1,1,0
2,frontreco,100,0,107,emailservice,email,54,1,1,1,0
2,frontreco,100,0,107,frontend,recommendation,49,2,2,2,0
2,frontreco,100,0,107,frontend,server,49,2,2,2,0
2,frontreco,100,0,107,paymentservice,payment,34,1,1,1,0
2,frontreco,100,0,107,productcatalogservice,server,40,2,2,2,0
2,frontreco,100,0,107,redis-cart,-,,1,1,1,0
2,frontreco,100,0,107,shippingservice,server,31,1,1,1,0
2,frontreco,100,0,122,adservice,server,20,1,1,1,0
2,frontreco,100,0,122,cartservice,server,41,2,2,2,0
2,frontreco,100,0,122,checkoutservice,checkout,30,1,1,1,0
2,frontreco,100,0,122,currencyservice,server,55,1,1,1,0
2,frontreco,100,0,122,emailservice,email,45,1,1,1,0
2,frontreco,100,0,122,frontend,recommendation,42,2,2,2,0
2,frontreco,100,0,122,frontend,server,44,2,2,2,0
2,frontreco,100,0,122,paymentservice,payment,35,1,1,1,0
2,frontreco,100,0,122,productcatalogservice,server,42,2,2,2,0
2,frontreco,100,0,122,redis-cart,-,,1,1,1,0
2,frontreco,100,0,122,shippingservice,server,31,1,1,1,0
2,frontreco,100,0,137,adservice,server,21,1,1,1,0
2,frontreco,100,0,137,cartservice,server,40,2,2,2,0
2,frontreco,100,0,137,checkoutservice,checkout,28,1,1,1,0
2,frontreco,100,0,137,currencyservice,server,54,1,1,1,0
2,frontreco,100,0,137,emailservice,email,49,1,1,1,0
2,frontreco,100,0,137,frontend,recommendation,42,2,2,2,0
2,frontreco,100,0,137,frontend,server,44,2,2,2,0
2,frontreco,100,0,137,paymentservice,payment,33,1,1,1,0
2,frontreco,100,0,137,productcatalogservice,server,42,2,2,2,0
2,frontreco,100,0,137,redis-cart,-,,1,1,1,0
2,frontreco,100,0,137,shippingservice,server,30,1,1,1,0
2,frontreco,100,0,153,adservice,server,24,1,1,1,0
2,frontreco,100,0,153,cartservice,server,45,2,2,2,0
2,frontreco,100,0,153,checkoutservice,checkout,31,1,1,1,0
2,frontreco,100,0,153,currencyservice,server,55,1,1,1,0
2,frontreco,100,0,153,emailservice,email,47,1,1,1,0
2,frontreco,100,0,153,frontend,recommendation,47,2,2,2,0
2,frontreco,100,0,153,frontend,server,44,2,2,2,0
2,frontreco,100,0,153,paymentservice,payment,31,1,1,1,0
2,frontreco,100,0,153,productcatalogservice,server,43,2,2,2,0
2,frontreco,100,0,153,redis-cart,-,,1,1,1,0
2,frontreco,100,0,153,shippingservice,server,30,1,1,1,0
2,frontreco,100,0,168,adservice,server,24,1,1,1,0
2,frontreco,100,0,168,cartservice,server,44,2,2,2,0
2,frontreco,100,0,168,checkoutservice,checkout,31,1,1,1,0
2,frontreco,100,0,168,currencyservice,server,57,1,1,1,0
2,frontreco,100,0,168,emailservice,email,49,1,1,1,0
2,frontreco,100,0,168,frontend,recommendation,45,2,2,2,0
2,frontreco,100,0,168,frontend,server,46,2,2,2,0
2,frontreco,100,0,168,paymentservice,payment,33,1,1,1,0
2,frontreco,100,0,168,productcatalogservice,server,43,2,2,2,0
2,frontreco,100,0,168,redis-cart,-,,1,1,1,0
2,frontreco,100,0,168,shippingservice,server,30,1,1,1,0
2,frontreco,100,0,183,adservice,server,23,1,1,1,0
2,frontreco,100,0,183,cartservice,server,46,2,2,2,0
2,frontreco,100,0,183,checkoutservice,checkout,30,1,1,1,0
2,frontreco,100,0,183,currencyservice,server,58,1,1,1,0
2,frontreco,100,0,183,emailservice,email,52,1,1,1,0
2,frontreco,100,0,183,frontend,recommendation,46,2,2,2,0
2,frontreco,100,0,183,frontend,server,46,2,2,2,0
2,frontreco,100,0,183,paymentservice,payment,34,1,1,1,0
2,frontreco,100,0,183,productcatalogservice,server,44,2,2,2,0
2,frontreco,100,0,183,redis-cart,-,,1,1,1,0
2,frontreco,100,0,183,shippingservice,server,30,1,1,1,0
2,frontreco,100,0,198,adservice,server,23,1,1,1,0
2,frontreco,100,0,198,cartservice,server,40,2,2,2,0
2,frontreco,100,0,198,checkoutservice,checkout,32,1,1,1,0
2,frontreco,100,0,198,currencyservice,server,58,1,1,1,0
2,frontreco,100,0,198,emailservice,email,50,1,1,1,0
2,frontreco,100,0,198,frontend,recommendation,47,2,2,2,0
2,frontreco,100,0,198,frontend,server,53,2,2,2,0
2,frontreco,100,0,198,paymentservice,payment,33,1,1,1,0
2,frontreco,100,0,198,productcatalogservice,server,46,2,2,2,0
2,frontreco,100,0,198,redis-cart,-,,1,1,1,0
2,frontreco,100,0,198,shippingservice,server,33,1,1,1,0
2,frontreco,100,0,213,adservice,server,20,1,1,1,0
2,frontreco,100,0,213,cartservice,server,45,2,2,2,0
2,frontreco,100,0,213,checkoutservice,checkout,29,1,1,1,0
2,frontreco,100,0,213,currencyservice,server,54,1,1,1,0
2,frontreco,100,0,213,emailservice,email,46,1,1,1,0
2,frontreco,100,0,213,frontend,recommendation,44,2,2,2,0
2,frontreco,100,0,213,frontend,server,47,2,2,2,0
2,frontreco,100,0,213,paymentservice,payment,31,1,1,1,0
2,frontreco,100,0,213,productcatalogservice,server,42,2,2,2,0
2,frontreco,100,0,213,redis-cart,-,,1,1,1,0
2,frontreco,100,0,213,shippingservice,server,33,1,1,1,0
2,frontreco,100,0,229,adservice,server,21,1,1,1,0
2,frontreco,100,0,229,cartservice,server,44,2,2,2,0
2,frontreco,100,0,229,checkoutservice,checkout,30,1,1,1,0
2,frontreco,100,0,229,currencyservice,server,56,1,1,1,0
2,frontreco,100,0,229,emailservice,email,48,1,1,1,0
2,frontreco,100,0,229,frontend,recommendation,42,2,2,2,0
2,frontreco,100,0,229,frontend,server,43,2,2,2,0
2,frontreco,100,0,229,paymentservice,payment,36,1,1,1,0
2,frontreco,100,0,229,productcatalogservice,server,41,2,2,2,0
2,frontreco,100,0,229,redis-cart,-,,1,1,1,0
2,frontreco,100,0,229,shippingservice,server,30,1,1,1,0
2,frontreco,100,0,244,adservice,server,23,1,1,1,0
2,frontreco,100,0,244,cartservice,server,52,2,2,2,0
2,frontreco,100,0,244,checkoutservice,checkout,32,1,1,1,0
2,frontreco,100,0,244,currencyservice,server,55,1,1,1,0
2,frontreco,100,0,244,emailservice,email,47,1,1,1,0
2,frontreco,100,0,244,frontend,recommendation,44,2,2,2,0
2,frontreco,100,0,244,frontend,server,42,2,2,2,0
2,frontreco,100,0,244,paymentservice,payment,32,1,1,1,0
2,frontreco,100,0,244,productcatalogservice,server,42,2,2,2,0
2,frontreco,100,0,244,redis-cart,-,,1,1,1,0
2,frontreco,100,0,244,shippingservice,server,31,1,1,1,0
2,frontreco,100,0,259,adservice,server,22,1,1,1,0
2,frontreco,100,0,259,cartservice,server,43,2,2,2,0
2,frontreco,100,0,259,checkoutservice,checkout,30,1,1,1,0
2,frontreco,100,0,259,currencyservice,server,53,1,1,1,0
2,frontreco,100,0,259,emailservice,email,51,1,1,1,0
2,frontreco,100,0,259,frontend,recommendation,46,2,2,2,0
2,frontreco,100,0,259,frontend,server,47,2,2,2,0
2,frontreco,100,0,259,paymentservice,payment,36,1,1,1,0
2,frontreco,100,0,259,productcatalogservice,server,44,2,2,2,0
2,frontreco,100,0,259,redis-cart,-,,1,1,1,0
2,frontreco,100,0,259,shippingservice,server,32,1,1,1,0
2,frontreco,100,0,274,adservice,server,22,1,1,1,0
2,frontreco,100,0,274,cartservice,server,50,2,2,2,0
2,frontreco,100,0,274,checkoutservice,checkout,31,1,1,1,0
2,frontreco,100,0,274,currencyservice,server,61,1,1,1,0
2,frontreco,100,0,274,emailservice,email,49,1,1,1,0
2,frontreco,100,0,274,frontend,recommendation,42,2,2,2,0
2,frontreco,100,0,274,frontend,server,43,2,2,2,0
2,frontreco,100,0,274,paymentservice,payment,35,1,1,1,0
2,frontreco,100,0,274,productcatalogservice,server,41,2,2,2,0
2,frontreco,100,0,274,redis-cart,-,,1,1,1,0
2,frontreco,100,0,274,shippingservice,server,29,1,1,1,0
2,frontreco,100,0,290,adservice,server,23,1,1,1,0
2,frontreco,100,0,290,cartservice,server,46,2,2,2,0
2,frontreco,100,0,290,checkoutservice,checkout,30,1,1,1,0
2,frontreco,100,0,290,currencyservice,server,54,1,1,1,0
2,frontreco,100,0,290,emailservice,email,48,1,1,1,0
2,frontreco,100,0,290,frontend,recommendation,47,2,2,2,0
2,frontreco,100,0,290,frontend,server,51,2,2,2,0
2,frontreco,100,0,290,paymentservice,payment,33,1,1,1,0
2,frontreco,100,0,290,productcatalogservice,server,46,2,2,2,0
2,frontreco,100,0,290,redis-cart,-,,1,1,1,0
2,frontreco,100,0,290,shippingservice,server,36,1,1,1,0
2,frontreco,100,0,305,adservice,server,23,1,1,1,0
2,frontreco,100,0,305,cartservice,server,42,2,2,2,0
2,frontreco,100,0,305,checkoutservice,checkout,31,1,1,1,0
2,frontreco,100,0,305,currencyservice,server,55,1,1,1,0
2,frontreco,100,0,305,emailservice,email,46,1,1,1,0
2,frontreco,100,0,305,frontend,recommendation,43,2,2,2,0
2,frontreco,100,0,305,frontend,server,45,2,2,2,0
2,frontreco,100,0,305,paymentservice,payment,35,1,1,1,0
2,frontreco,100,0,305,productcatalogservice,server,41,2,2,2,0
2,frontreco,100,0,305,redis-cart,-,,1,1,1,0
2,frontreco,100,0,305,shippingservice,server,31,1,1,1,0
2,frontreco,100,0,320,adservice,server,22,1,1,1,0
2,frontreco,100,0,320,cartservice,server,44,2,2,2,0
2,frontreco,100,0,320,checkoutservice,checkout,31,1,1,1,0
2,frontreco,100,0,320,currencyservice,server,57,1,1,1,0
2,frontreco,100,0,320,emailservice,email,51,1,1,1,0
2,frontreco,100,0,320,frontend,recommendation,46,2,2,2,0
2,frontreco,100,0,320,frontend,server,48,2,2,2,0
2,frontreco,100,0,320,paymentservice,payment,35,1,1,1,0
2,frontreco,100,0,320,productcatalogservice,server,45,2,2,2,0
2,frontreco,100,0,320,redis-cart,-,,1,1,1,0
2,frontreco,100,0,320,shippingservice,server,32,1,1,1,0
2,frontreco,100,0,335,adservice,server,23,1,1,1,0
2,frontreco,100,0,335,cartservice,server,43,2,2,2,0
2,frontreco,100,0,335,checkoutservice,checkout,30,1,1,1,0
2,frontreco,100,0,335,currencyservice,server,56,1,1,1,0
2,frontreco,100,0,335,emailservice,email,47,1,1,1,0
2,frontreco,100,0,335,frontend,recommendation,47,2,2,2,0
2,frontreco,100,0,335,frontend,server,48,2,2,2,0
2,frontreco,100,0,335,paymentservice,payment,32,1,1,1,0
2,frontreco,100,0,335,productcatalogservice,server,41,2,2,2,0
2,frontreco,100,0,335,redis-cart,-,,1,1,1,0
2,frontreco,100,0,335,shippingservice,server,29,1,1,1,0
2,frontreco,100,0,350,adservice,server,24,1,1,1,0
2,frontreco,100,0,350,cartservice,server,50,2,2,2,0
2,frontreco,100,0,350,checkoutservice,checkout,29,1,1,1,0
2,frontreco,100,0,350,currencyservice,server,55,1,1,1,0
2,frontreco,100,0,350,emailservice,email,47,1,1,1,0
2,frontreco,100,0,350,frontend,recommendation,42,2,2,2,0
2,frontreco,100,0,350,frontend,server,48,2,2,2,0
2,frontreco,100,0,350,paymentservice,payment,32,1,1,1,0
2,frontreco,100,0,350,productcatalogservice,server,43,2,2,2,0
2,frontreco,100,0,350,redis-cart,-,,1,1,1,0
2,frontreco,100,0,350,shippingservice,server,31,1,1,1,0
2,frontreco,100,0,366,adservice,server,20,1,1,1,0
2,frontreco,100,0,366,cartservice,server,45,2,2,2,0
2,frontreco,100,0,366,checkoutservice,checkout,30,1,1,1,0
2,frontreco,100,0,366,currencyservice,server,56,1,1,1,0
2,frontreco,100,0,366,emailservice,email,48,1,1,1,0
2,frontreco,100,0,366,frontend,recommendation,42,2,2,2,0
2,frontreco,100,0,366,frontend,server,42,2,2,2,0
2,frontreco,100,0,366,paymentservice,payment,36,1,1,1,0
2,frontreco,100,0,366,productcatalogservice,server,40,2,2,2,0
2,frontreco,100,0,366,redis-cart,-,,1,1,1,0
2,frontreco,100,0,366,shippingservice,server,31,1,1,1,0
2,frontreco,100,0,381,adservice,server,23,1,1,1,0
2,frontreco,100,0,381,cartservice,server,46,2,2,2,0
2,frontreco,100,0,381,checkoutservice,checkout,29,1,1,1,0
2,frontreco,100,0,381,currencyservice,server,55,1,1,1,0
2,frontreco,100,0,381,emailservice,email,48,1,1,1,0
2,frontreco,100,0,381,frontend,recommendation,45,2,2,2,0
2,frontreco,100,0,381,frontend,server,48,2,2,2,0
2,frontreco,100,0,381,paymentservice,payment,33,1,1,1,0
2,frontreco,100,0,381,productcatalogservice,server,43,2,2,2,0
2,frontreco,100,0,381,redis-cart,-,,1,1,1,0
2,frontreco,100,0,381,shippingservice,server,30,1,1,1,0
2,frontreco,100,0,396,adservice,server,20,1,1,1,0
2,frontreco,100,0,396,cartservice,server,43,2,2,2,0
2,frontreco,100,0,396,checkoutservice,checkout,28,1,1,1,0
2,frontreco,100,0,396,currencyservice,server,54,1,1,1,0
2,frontreco,100,0,396,emailservice,email,48,1,1,1,0
2,frontreco,100,0,396,frontend,recommendation,42,2,2,2,0
2,frontreco,100,0,396,frontend,server,44,2,2,2,0
2,frontreco,100,0,396,paymentservice,payment,37,1,1,1,0
2,frontreco,100,0,396,productcatalogservice,server,41,2,2,2,0
2,frontreco,100,0,396,redis-cart,-,,1,1,1,0
2,frontreco,100,0,396,shippingservice,server,31,1,1,1,0
2,frontreco,100,0,411,adservice,server,24,1,1,1,0
2,frontreco,100,0,411,cartservice,server,40,2,2,2,0
2,frontreco,100,0,411,checkoutservice,checkout,28,1,1,1,0
2,frontreco,100,0,411,currencyservice,server,55,1,1,1,0
2,frontreco,100,0,411,emailservice,email,46,1,1,1,0
2,frontreco,100,0,411,frontend,recommendation,45,2,2,2,0
2,frontreco,100,0,411,frontend,server,47,2,2,2,0
2,frontreco,100,0,411,paymentservice,payment,28,1,1,1,0
2,frontreco,100,0,411,productcatalogservice,server,43,2,2,2,0
2,frontreco,100,0,411,redis-cart,-,,1,1,1,0
2,frontreco,100,0,411,shippingservice,server,29,1,1,1,0
2,frontreco,100,0,427,adservice,server,22,1,1,1,0
2,frontreco,100,0,427,cartservice,server,42,2,2,2,0
2,frontreco,100,0,427,checkoutservice,checkout,27,1,1,1,0
2,frontreco,100,0,427,currencyservice,server,49,1,1,1,0
2,frontreco,100,0,427,emailservice,email,45,1,1,1,0
2,frontreco,100,0,427,frontend,recommendation,45,2,2,2,0
2,frontreco,100,0,427,frontend,server,41,2,2,2,0
2,frontreco,100,0,427,paymentservice,payment,31,1,1,1,0
2,frontreco,100,0,427,productcatalogservice,server,39,2,2,2,0
2,frontreco,100,0,427,redis-cart,-,,1,1,1,0
2,frontreco,100,0,427,shippingservice,server,30,1,1,1,0
2,frontreco,100,0,442,adservice,server,7,1,1,1,0
2,frontreco,100,0,442,cartservice,server,13,2,2,2,0
2,frontreco,100,0,442,checkoutservice,checkout,0,1,1,1,0
2,frontreco,100,0,442,currencyservice,server,0,1,1,1,0
2,frontreco,100,0,442,emailservice,email,1,1,1,1,0
2,frontreco,100,0,442,frontend,recommendation,19,2,2,2,0
2,frontreco,100,0,442,frontend,server,0,2,2,2,0
2,frontreco,100,0,442,paymentservice,payment,18,1,1,1,0
2,frontreco,100,0,442,productcatalogservice,server,0,2,2,2,0
2,frontreco,100,0,442,redis-cart,-,,1,1,1,0
2,frontreco,100,0,442,shippingservice,server,2,1,1,1,0
2,frontreco,100,0,0,adservice,server,1,1,1,1,0
2,frontreco,100,0,0,cartservice,server,0,2,2,2,0
2,frontreco,100,0,0,checkoutservice,checkout,0,1,1,1,0
2,frontreco,100,0,0,currencyservice,server,0,1,1,1,0
2,frontreco,100,0,0,emailservice,email,1,1,1,1,0
2,frontreco,100,0,0,frontend,recommendation,0,2,2,2,0
2,frontreco,100,0,0,frontend,server,0,2,2,2,0
2,frontreco,100,0,0,paymentservice,payment,0,1,1,1,0
2,frontreco,100,0,0,productcatalogservice,server,0,2,2,2,0
2,frontreco,100,0,0,redis-cart,-,,1,1,1,0
2,frontreco,100,0,0,shippingservice,server,0,1,1,1,0
2,frontreco,100,0,15,adservice,server,10,1,1,1,0
2,frontreco,100,0,15,cartservice,server,0,2,2,2,0
2,frontreco,100,0,15,checkoutservice,checkout,5,1,1,1,0
2,frontreco,100,0,15,currencyservice,server,16,1,1,1,0
2,frontreco,100,0,15,emailservice,email,1,1,1,1,0
2,frontreco,100,0,15,frontend,recommendation,6,2,2,2,0
2,frontreco,100,0,15,frontend,server,17,2,2,2,0
2,frontreco,100,0,15,paymentservice,payment,0,1,1,1,0
2,frontreco,100,0,15,productcatalogservice,server,14,2,2,2,0
2,frontreco,100,0,15,redis-cart,-,,1,1,1,0
2,frontreco,100,0,15,shippingservice,server,0,1,1,1,0
2,frontreco,100,0,30,adservice,server,10,1,1,1,0
2,frontreco,100,0,30,cartservice,server,32,2,1,1,0
2,frontreco,100,0,30,checkoutservice,checkout,27,1,1,1,0
2,frontreco,100,0,30,currencyservice,server,71,1,1,1,0
2,frontreco,100,0,30,emailservice,email,32,1,1,1,0
2,frontreco,100,0,30,frontend,recommendation,76,2,2,2,0
2,frontreco,100,0,30,frontend,server,50,2,2,2,0
2,frontreco,100,0,30,paymentservice,payment,20,1,1,1,0
2,frontreco,100,0,30,productcatalogservice,server,66,2,2,2,0
2,frontreco,100,0,30,redis-cart,-,,1,1,1,0
2,frontreco,100,0,30,shippingservice,server,27,1,1,1,0
2,frontreco,100,0,46,adservice,server,55,1,1,1,0
2,frontreco,100,0,46,cartservice,server,115,1,1,1,0
2,frontreco,100,0,46,checkoutservice,checkout,27,1,1,1,0
2,frontreco,100,0,46,currencyservice,server,74,1,1,1,0
2,frontreco,100,0,46,emailservice,email,44,1,1,1,0
2,frontreco,100,0,46,frontend,recommendation,95,2,2,0,0
2,frontreco,100,0,46,frontend,server,88,2,2,0,0
2,frontreco,100,0,46,paymentservice,payment,25,1,1,1,0
2,frontreco,100,0,46,productcatalogservice,server,75,2,2,2,0
2,frontreco,100,0,46,redis-cart,-,,1,1,1,0
2,frontreco,100,0,46,shippingservice,server,34,1,1,1,0
2,frontreco,100,0,61,adservice,server,55,1,1,1,0
2,frontreco,100,0,61,cartservice,server,70,1,1,1,0
2,frontreco,100,0,61,checkoutservice,checkout,25,1,1,1,0
2,frontreco,100,0,61,currencyservice,server,66,1,1,1,0
2,frontreco,100,0,61,emailservice,email,42,1,1,1,0
2,frontreco,100,0,61,frontend,recommendation,91,2,3,1,0
2,frontreco,100,0,61,frontend,server,86,2,3,1,0
2,frontreco,100,0,61,paymentservice,payment,20,1,1,1,0
2,frontreco,100,0,61,productcatalogservice,server,75,2,2,2,0
2,frontreco,100,0,61,redis-cart,-,,1,1,1,0
2,frontreco,100,0,61,shippingservice,server,30,1,1,1,0
2,frontreco,100,0,76,adservice,server,53,1,1,1,0
2,frontreco,100,0,76,cartservice,server,100,1,1,1,0
2,frontreco,100,0,76,checkoutservice,checkout,29,1,1,1,0
2,frontreco,100,0,76,currencyservice,server,73,1,1,1,0
2,frontreco,100,0,76,emailservice,email,46,1,1,1,0
2,frontreco,100,0,76,frontend,recommendation,95,3,3,1,0
2,frontreco,100,0,76,frontend,server,87,3,3,1,0
2,frontreco,100,0,76,paymentservice,payment,27,1,1,1,0
2,frontreco,100,0,76,productcatalogservice,server,75,2,2,2,0
2,frontreco,100,0,76,redis-cart,-,,1,1,1,0
2,frontreco,100,0,76,shippingservice,server,35,1,1,1,0
2,frontreco,100,0,91,adservice,server,54,1,1,1,0
2,frontreco,100,0,91,cartservice,server,89,1,2,1,0
2,frontreco,100,0,91,checkoutservice,checkout,28,1,1,1,0
2,frontreco,100,0,91,currencyservice,server,73,1,1,1,0
2,frontreco,100,0,91,emailservice,email,46,1,1,1,0
2,frontreco,100,0,91,frontend,recommendation,93,3,3,2,0
2,frontreco,100,0,91,frontend,server,86,3,3,2,0
2,frontreco,100,0,91,paymentservice,payment,41,1,1,1,0
2,frontreco,100,0,91,productcatalogservice,server,75,2,2,2,0
2,frontreco,100,0,91,redis-cart,-,,1,1,1,0
2,frontreco,100,0,91,shippingservice,server,35,1,1,1,0
2,frontreco,100,0,107,adservice,server,57,1,1,1,0
2,frontreco,100,0,107,cartservice,server,101,2,2,2,0
2,frontreco,100,0,107,checkoutservice,checkout,28,1,1,1,0
2,frontreco,100,0,107,currencyservice,server,73,1,1,1,0
2,frontreco,100,0,107,emailservice,email,57,1,1,1,0
2,frontreco,100,0,107,frontend,recommendation,93,3,3,2,0
2,frontreco,100,0,107,frontend,server,81,3,3,2,0
2,frontreco,100,0,107,paymentservice,payment,35,1,1,1,0
2,frontreco,100,0,107,productcatalogservice,server,77,2,2,2,0
2,frontreco,100,0,107,redis-cart,-,,1,1,1,0
2,frontreco,100,0,107,shippingservice,server,36,1,1,1,0
2,frontreco,100,0,122,adservice,server,57,1,1,1,0
2,frontreco,100,0,122,cartservice,server,101,2,2,2,0
2,frontreco,100,0,122,checkoutservice,checkout,30,1,1,1,0
2,frontreco,100,0,122,currencyservice,server,75,1,1,1,0
2,frontreco,100,0,122,emailservice,email,48,1,1,1,0
2,frontreco,100,0,122,frontend,recommendation,65,3,3,1,0
2,frontreco,100,0,122,frontend,server,60,3,3,1,0
2,frontreco,100,0,122,paymentservice,payment,35,1,1,1,0
2,frontreco,100,0,122,productcatalogservice,server,76,2,2,2,0
2,frontreco,100,0,122,redis-cart,-,,1,1,1,0
2,frontreco,100,0,122,shippingservice,server,34,1,1,1,0
2,frontreco,100,0,137,adservice,server,56,1,1,1,0
2,frontreco,100,0,137,cartservice,server,109,2,2,2,0
2,frontreco,100,0,137,checkoutservice,checkout,30,1,1,1,0
2,frontreco,100,0,137,currencyservice,server,72,1,1,1,0
2,frontreco,100,0,137,emailservice,email,46,1,1,1,0
2,frontreco,100,0,137,frontend,recommendation,64,3,3,1,0
2,frontreco,100,0,137,frontend,server,62,3,3,1,0
2,frontreco,100,0,137,paymentservice,payment,38,1,1,1,0
2,frontreco,100,0,137,productcatalogservice,server,78,2,2,2,0
2,frontreco,100,0,137,redis-cart,-,,1,1,1,0
2,frontreco,100,0,137,shippingservice,server,35,1,1,1,0
2,frontreco,100,0,152,adservice,server,58,1,1,1,0
2,frontreco,100,0,152,cartservice,server,51,2,2,2,0
2,frontreco,100,0,152,checkoutservice,checkout,28,1,1,1,0
2,frontreco,100,0,152,currencyservice,server,75,1,1,1,0
2,frontreco,100,0,152,emailservice,email,43,1,1,1,0
2,frontreco,100,0,152,frontend,recommendation,66,3,3,3,0
2,frontreco,100,0,152,frontend,server,62,3,3,3,0
2,frontreco,100,0,152,paymentservice,payment,38,1,1,1,0
2,frontreco,100,0,152,productcatalogservice,server,78,2,3,3,0
2,frontreco,100,0,152,redis-cart,-,,1,1,1,0
2,frontreco,100,0,152,shippingservice,server,38,1,1,1,0
2,frontreco,100,0,168,adservice,server,59,1,1,1,0
2,frontreco,100,0,168,cartservice,server,57,2,2,2,0
2,frontreco,100,0,168,checkoutservice,checkout,41,1,1,1,0
2,frontreco,100,0,168,currencyservice,server,77,1,1,1,0
2,frontreco,100,0,168,emailservice,email,70,1,1,1,0
2,frontreco,100,0,168,frontend,recommendation,61,3,3,3,0
2,frontreco,100,0,168,frontend,server,47,3,3,3,0
2,frontreco,100,0,168,paymentservice,payment,33,1,1,1,0
2,frontreco,100,0,168,productcatalogservice,server,67,3,3,3,0
2,frontreco,100,0,168,redis-cart,-,,1,1,1,0
2,frontreco,100,0,168,shippingservice,server,38,1,1,1,0
2,frontreco,100,0,183,adservice,server,39,1,1,1,0
2,frontreco,100,0,183,cartservice,server,58,2,2,2,0
2,frontreco,100,0,183,checkoutservice,checkout,32,1,1,1,0
2,frontreco,100,0,183,currencyservice,server,74,1,1,1,0
2,frontreco,100,0,183,emailservice,email,50,1,1,1,0
2,frontreco,100,0,183,frontend,recommendation,54,3,3,3,0
2,frontreco,100,0,183,frontend,server,43,3,3,3,0
2,frontreco,100,0,183,paymentservice,payment,38,1,1,1,0
2,frontreco,100,0,183,productcatalogservice,server,38,3,3,3,0
2,frontreco,100,0,183,redis-cart,-,,1,1,1,0
2,frontreco,100,0,183,shippingservice,server,36,1,1,1,0
2,frontreco,100,0,198,adservice,server,32,1,1,1,0
2,frontreco,100,0,198,cartservice,server,49,2,2,2,0
2,frontreco,100,0,198,checkoutservice,checkout,31,1,1,1,0
2,frontreco,100,0,198,currencyservice,server,75,1,1,1,0
2,frontreco,100,0,198,emailservice,email,48,1,1,1,0
2,frontreco,100,0,198,frontend,recommendation,46,3,3,2,0
2,frontreco,100,0,198,frontend,server,50,3,3,2,0
2,frontreco,100,0,198,paymentservice,payment,28,1,1,1,0
2,frontreco,100,0,198,productcatalogservice,server,42,3,3,3,0
2,frontreco,100,0,198,redis-cart,-,,1,1,1,0
2,frontreco,100,0,198,shippingservice,server,33,1,1,1,0
2,frontreco,100,0,213,adservice,server,51,1,1,1,0
2,frontreco,100,0,213,cartservice,server,49,2,2,2,0
2,frontreco,100,0,213,checkoutservice,checkout,29,1,1,1,0
2,frontreco,100,0,213,currencyservice,server,75,1,1,1,0
2,frontreco,100,0,213,emailservice,email,50,1,1,1,0
2,frontreco,100,0,213,frontend,recommendation,60,3,3,2,0
2,frontreco,100,0,213,frontend,server,53,3,3,2,0
2,frontreco,100,0,213,paymentservice,payment,28,1,1,1,0
2,frontreco,100,0,213,productcatalogservice,server,48,3,3,3,0
2,frontreco,100,0,213,redis-cart,-,,1,1,1,0
2,frontreco,100,0,213,shippingservice,server,33,1,1,1,0
2,frontreco,100,0,229,adservice,server,54,1,1,1,0
2,frontreco,100,0,229,cartservice,server,44,2,2,2,0
2,frontreco,100,0,229,checkoutservice,checkout,27,1,1,1,0
2,frontreco,100,0,229,currencyservice,server,73,1,1,1,0
2,frontreco,100,0,229,emailservice,email,40,1,1,1,0
2,frontreco,100,0,229,frontend,recommendation,62,3,3,1,0
2,frontreco,100,0,229,frontend,server,59,3,3,1,0
2,frontreco,100,0,229,paymentservice,payment,22,1,1,1,0
2,frontreco,100,0,229,productcatalogservice,server,50,3,3,3,0
2,frontreco,100,0,229,redis-cart,-,,1,1,1,0
2,frontreco,100,0,229,shippingservice,server,33,1,1,1,0
2,frontreco,100,0,244,adservice,server,56,1,1,1,0
2,frontreco,100,0,244,cartservice,server,48,2,2,2,0
2,frontreco,100,0,244,checkoutservice,checkout,27,1,1,1,0
2,frontreco,100,0,244,currencyservice,server,71,1,1,1,0
2,frontreco,100,0,244,emailservice,email,43,1,1,1,0
2,frontreco,100,0,244,frontend,recommendation,66,3,3,1,0
2,frontreco,100,0,244,frontend,server,62,3,3,1,0
2,frontreco,100,0,244,paymentservice,payment,22,1,1,1,0
2,frontreco,100,0,244,productcatalogservice,server,51,3,3,3,0
2,frontreco,100,0,244,redis-cart,-,,1,1,1,0
2,frontreco,100,0,244,shippingservice,server,35,1,1,1,0
2,frontreco,100,0,259,adservice,server,56,1,1,1,0
2,frontreco,100,0,259,cartservice,server,42,2,2,2,0
2,frontreco,100,0,259,checkoutservice,checkout,27,1,1,1,0
2,frontreco,100,0,259,currencyservice,server,71,1,1,1,0
2,frontreco,100,0,259,emailservice,email,43,1,1,1,0
2,frontreco,100,0,259,frontend,recommendation,65,3,3,1,0
2,frontreco,100,0,259,frontend,server,63,3,3,1,0
2,frontreco,100,0,259,paymentservice,payment,20,1,1,1,0
2,frontreco,100,0,259,productcatalogservice,server,51,3,3,3,0
2,frontreco,100,0,259,redis-cart,-,,1,1,1,0
2,frontreco,100,0,259,shippingservice,server,34,1,1,1,0
2,frontreco,100,0,274,adservice,server,57,1,1,1,0
2,frontreco,100,0,274,cartservice,server,37,2,2,2,0
2,frontreco,100,0,274,checkoutservice,checkout,27,1,1,1,0
2,frontreco,100,0,274,currencyservice,server,71,1,1,1,0
2,frontreco,100,0,274,emailservice,email,45,1,1,1,0
2,frontreco,100,0,274,frontend,recommendation,66,3,3,3,0
2,frontreco,100,0,274,frontend,server,63,3,3,3,0
2,frontreco,100,0,274,paymentservice,payment,20,1,1,1,0
2,frontreco,100,0,274,productcatalogservice,server,52,3,3,3,0
2,frontreco,100,0,274,redis-cart,-,,1,1,1,0
2,frontreco,100,0,274,shippingservice,server,34,1,1,1,0
2,frontreco,100,0,290,adservice,server,59,1,1,1,0
2,frontreco,100,0,290,cartservice,server,59,2,2,2,0
2,frontreco,100,0,290,checkoutservice,checkout,26,1,1,1,0
2,frontreco,100,0,290,currencyservice,server,72,1,1,1,0
2,frontreco,100,0,290,emailservice,email,42,1,1,1,0
2,frontreco,100,0,290,frontend,recommendation,60,3,3,3,0
2,frontreco,100,0,290,frontend,server,57,3,3,3,0
2,frontreco,100,0,290,paymentservice,payment,20,1,1,1,0
2,frontreco,100,0,290,productcatalogservice,server,52,3,3,3,0
2,frontreco,100,0,290,redis-cart,-,,1,1,1,0
2,frontreco,100,0,290,shippingservice,server,36,1,1,1,0
2,frontreco,100,0,305,adservice,server,36,1,1,1,0
2,frontreco,100,0,305,cartservice,server,54,2,2,2,0
2,frontreco,100,0,305,checkoutservice,checkout,36,1,1,1,0
2,frontreco,100,0,305,currencyservice,server,77,1,1,1,0
2,frontreco,100,0,305,emailservice,email,59,1,1,1,0
2,frontreco,100,0,305,frontend,recommendation,41,3,3,3,0
2,frontreco,100,0,305,frontend,server,50,3,3,3,0
2,frontreco,100,0,305,paymentservice,payment,39,1,1,1,0
2,frontreco,100,0,305,productcatalogservice,server,42,3,3,3,0
2,frontreco,100,0,305,redis-cart,-,,1,1,1,0
2,frontreco,100,0,305,shippingservice,server,31,1,1,1,0
2,frontreco,100,0,320,adservice,server,35,1,1,1,0
2,frontreco,100,0,320,cartservice,server,54,2,2,2,0
2,frontreco,100,0,320,checkoutservice,checkout,31,1,1,1,0
2,frontreco,100,0,320,currencyservice,server,74,1,1,1,0
2,frontreco,100,0,320,emailservice,email,49,1,1,1,0
2,frontreco,100,0,320,frontend,recommendation,38,3,3,3,0
2,frontreco,100,0,320,frontend,server,41,3,3,3,0
2,frontreco,100,0,320,paymentservice,payment,38,1,1,1,0
2,frontreco,100,0,320,productcatalogservice,server,37,3,3,3,0
2,frontreco,100,0,320,redis-cart,-,,1,1,1,0
2,frontreco,100,0,320,shippingservice,server,34,1,1,1,0
2,frontreco,100,0,335,adservice,server,35,1,1,1,0
2,frontreco,100,0,335,cartservice,server,56,2,2,2,0
2,frontreco,100,0,335,checkoutservice,checkout,31,1,1,1,0
2,frontreco,100,0,335,currencyservice,server,73,1,1,1,0
2,frontreco,100,0,335,emailservice,email,49,1,1,1,0
2,frontreco,100,0,335,frontend,recommendation,40,3,3,3,0
2,frontreco,100,0,335,frontend,server,39,3,3,3,0
2,frontreco,100,0,335,paymentservice,payment,34,1,1,1,0
2,frontreco,100,0,335,productcatalogservice,server,37,3,3,3,0
2,frontreco,100,0,335,redis-cart,-,,1,1,1,0
2,frontreco,100,0,335,shippingservice,server,33,1,1,1,0
2,frontreco,100,0,351,adservice,server,36,1,1,1,0
2,frontreco,100,0,351,cartservice,server,53,2,2,2,0
2,frontreco,100,0,351,checkoutservice,checkout,31,1,1,1,0
2,frontreco,100,0,351,currencyservice,server,75,1,1,1,0
2,frontreco,100,0,351,emailservice,email,50,1,1,1,0
2,frontreco,100,0,351,frontend,recommendation,40,3,3,3,0
2,frontreco,100,0,351,frontend,server,40,3,3,3,0
2,frontreco,100,0,351,paymentservice,payment,37,1,1,1,0
2,frontreco,100,0,351,productcatalogservice,server,37,3,2,2,0
2,frontreco,100,0,351,redis-cart,-,,1,1,1,0
2,frontreco,100,0,351,shippingservice,server,33,1,1,1,0
2,frontreco,100,0,366,adservice,server,35,1,1,1,0
2,frontreco,100,0,366,cartservice,server,60,2,2,2,0
2,frontreco,100,0,366,checkoutservice,checkout,32,1,1,1,0
2,frontreco,100,0,366,currencyservice,server,76,1,1,1,0
2,frontreco,100,0,366,emailservice,email,51,1,1,1,0
2,frontreco,100,0,366,frontend,recommendation,41,3,2,2,0
2,frontreco,100,0,366,frontend,server,41,3,2,2,0
2,frontreco,100,0,366,paymentservice,payment,36,1,1,1,0
2,frontreco,100,0,366,productcatalogservice,server,56,2,2,2,0
2,frontreco,100,0,366,redis-cart,-,,1,1,1,0
2,frontreco,100,0,366,shippingservice,server,33,1,1,1,0
2,frontreco,100,0,381,adservice,server,35,1,1,1,0
2,frontreco,100,0,381,cartservice,server,53,2,2,2,0
2,frontreco,100,0,381,checkoutservice,checkout,31,1,1,1,0
2,frontreco,100,0,381,currencyservice,server,75,1,1,1,0
2,frontreco,100,0,381,emailservice,email,49,1,1,1,0
2,frontreco,100,0,381,frontend,recommendation,42,2,2,2,0
2,frontreco,100,0,381,paymentservice,payment,37,1,1,1,0
2,frontreco,100,0,381,productcatalogservice,server,54,2,2,2,0
2,frontreco,100,0,381,redis-cart,-,,1,1,1,0
2,frontreco,100,0,381,shippingservice,server,32,1,1,1,0
2,frontreco,100,0,396,adservice,server,35,1,1,1,0
2,frontreco,100,0,396,cartservice,server,55,2,2,2,0
2,frontreco,100,0,396,checkoutservice,checkout,31,1,1,1,0
2,frontreco,100,0,396,currencyservice,server,75,1,1,1,0
2,frontreco,100,0,396,emailservice,email,50,1,1,1,0
2,frontreco,100,0,396,frontend,recommendation,56,2,2,2,0
2,frontreco,100,0,396,paymentservice,payment,37,1,1,1,0
2,frontreco,100,0,396,productcatalogservice,server,55,2,2,2,0
2,frontreco,100,0,396,redis-cart,-,,1,1,1,0
2,frontreco,100,0,396,shippingservice,server,32,1,1,1,0
2,frontreco,100,0,411,adservice,server,35,1,1,1,0
2,frontreco,100,0,411,cartservice,server,52,2,2,2,0
2,frontreco,100,0,411,checkoutservice,checkout,31,1,1,1,0
2,frontreco,100,0,411,currencyservice,server,74,1,1,1,0
2,frontreco,100,0,411,emailservice,email,50,1,1,1,0
2,frontreco,100,0,411,frontend,recommendation,59,2,2,2,0
2,frontreco,100,0,411,frontend,server,61,2,2,2,0
2,frontreco,100,0,411,paymentservice,payment,34,1,1,1,0
2,frontreco,100,0,411,productcatalogservice,server,57,2,2,2,0
2,frontreco,100,0,411,redis-cart,-,,1,1,1,0
2,frontreco,100,0,411,shippingservice,server,32,1,1,1,0
2,frontreco,100,0,427,adservice,server,35,1,1,1,0
2,frontreco,100,0,427,cartservice,server,59,2,2,2,0
2,frontreco,100,0,427,checkoutservice,checkout,31,1,1,1,0
2,frontreco,100,0,427,currencyservice,server,74,1,1,1,0
2,frontreco,100,0,427,emailservice,email,50,1,1,1,0
2,frontreco,100,0,427,frontend,recommendation,57,2,2,2,0
2,frontreco,100,0,427,frontend,server,59,2,2,2,0
2,frontreco,100,0,427,paymentservice,payment,36,1,1,1,0
2,frontreco,100,0,427,productcatalogservice,server,55,2,2,2,0
2,frontreco,100,0,427,redis-cart,-,,1,1,1,0
2,frontreco,100,0,427,shippingservice,server,33,1,1,1,0
2,frontreco,100,0,442,adservice,server,5,1,1,1,0
2,frontreco,100,0,442,cartservice,server,49,2,2,2,0
2,frontreco,100,0,442,checkoutservice,checkout,31,1,1,1,0
2,frontreco,100,0,442,currencyservice,server,74,1,1,1,0
2,frontreco,100,0,442,emailservice,email,47,1,1,1,0
2,frontreco,100,0,442,frontend,recommendation,56,2,2,2,0
2,frontreco,100,0,442,frontend,server,57,2,2,2,0
2,frontreco,100,0,442,paymentservice,payment,25,1,1,1,0
2,frontreco,100,0,442,productcatalogservice,server,56,2,2,2,0
2,frontreco,100,0,442,redis-cart,-,,1,1,1,0
2,frontreco,100,0,442,shippingservice,server,32,1,1,1,0
2,frontreco,100,0,0,adservice,server,1,1,1,1,0
2,frontreco,100,0,0,cartservice,server,0,2,2,2,0
2,frontreco,100,0,0,checkoutservice,checkout,0,1,1,1,0
2,frontreco,100,0,0,currencyservice,server,19,1,1,1,0
2,frontreco,100,0,0,emailservice,email,1,1,1,1,0
2,frontreco,100,0,0,frontend,recommendation,0,2,2,2,0
2,frontreco,100,0,0,frontend,server,0,2,2,2,0
2,frontreco,100,0,0,paymentservice,payment,0,1,1,1,0
2,frontreco,100,0,0,productcatalogservice,server,0,2,2,2,0
2,frontreco,100,0,0,redis-cart,-,,1,1,1,0
2,frontreco,100,0,0,shippingservice,server,0,1,1,1,0
2,frontreco,100,0,15,adservice,server,12,1,1,1,0
2,frontreco,100,0,15,cartservice,server,0,2,2,2,0
2,frontreco,100,0,15,checkoutservice,checkout,0,1,1,1,0
2,frontreco,100,0,15,currencyservice,server,0,1,1,1,0
2,frontreco,100,0,15,emailservice,email,19,1,1,1,0
2,frontreco,100,0,15,frontend,recommendation,12,2,2,2,0
2,frontreco,100,0,15,frontend,server,2,2,2,2,0
2,frontreco,100,0,15,paymentservice,payment,10,1,1,1,0
2,frontreco,100,0,15,productcatalogservice,server,0,2,2,2,0
2,frontreco,100,0,15,redis-cart,-,,1,1,1,0
2,frontreco,100,0,15,shippingservice,server,6,1,1,1,0
2,frontreco,100,0,30,adservice,server,46,1,1,1,0
2,frontreco,100,0,30,cartservice,server,40,2,2,2,0
2,frontreco,100,0,30,checkoutservice,checkout,27,1,1,1,0
2,frontreco,100,0,30,currencyservice,server,78,1,1,1,0
2,frontreco,100,0,30,emailservice,email,51,1,1,1,0
2,frontreco,100,0,30,frontend,recommendation,71,2,2,2,0
2,frontreco,100,0,30,frontend,server,71,2,2,2,0
2,frontreco,100,0,30,paymentservice,payment,36,1,1,1,0
2,frontreco,100,0,30,productcatalogservice,server,57,2,2,2,0
2,frontreco,100,0,30,redis-cart,-,,1,1,1,0
2,frontreco,100,0,30,shippingservice,server,32,1,1,1,0
2,frontreco,100,0,46,adservice,server,46,1,1,1,0
2,frontreco,100,0,46,cartservice,server,60,2,2,2,0
2,frontreco,100,0,46,checkoutservice,checkout,35,1,1,1,0
2,frontreco,100,0,46,currencyservice,server,85,1,2,2,0
2,frontreco,100,0,46,emailservice,email,52,1,1,1,0
2,frontreco,100,0,46,frontend,recommendation,73,2,2,2,0
2,frontreco,100,0,46,frontend,server,75,2,2,2,0
2,frontreco,100,0,46,paymentservice,payment,35,1,1,1,0
2,frontreco,100,0,46,productcatalogservice,server,68,2,2,2,0
2,frontreco,100,0,46,redis-cart,-,,1,1,1,0
2,frontreco,100,0,46,shippingservice,server,35,1,1,1,0
2,frontreco,100,0,61,adservice,server,46,1,1,1,0
2,frontreco,100,0,61,cartservice,server,62,2,2,2,0
2,frontreco,100,0,61,checkoutservice,checkout,34,1,1,1,0
2,frontreco,100,0,61,currencyservice,server,85,2,2,2,0
2,frontreco,100,0,61,emailservice,email,53,1,1,1,0
2,frontreco,100,0,61,frontend,recommendation,73,2,2,2,0
2,frontreco,100,0,61,frontend,server,76,2,2,2,0
2,frontreco,100,0,61,paymentservice,payment,37,1,1,1,0
2,frontreco,100,0,61,productcatalogservice,server,70,2,2,2,0
2,frontreco,100,0,61,redis-cart,-,,1,1,1,0
2,frontreco,100,0,61,shippingservice,server,35,1,1,1,0
2,frontreco,100,0,76,adservice,server,47,1,1,1,0
2,frontreco,100,0,76,cartservice,server,62,2,2,2,0
2,frontreco,100,0,76,checkoutservice,checkout,33,1,1,1,0
2,frontreco,100,0,76,currencyservice,server,86,2,2,2,0
2,frontreco,100,0,76,emailservice,email,54,1,1,1,0
2,frontreco,100,0,76,frontend,recommendation,74,2,2,2,0
2,frontreco,100,0,76,frontend,server,74,2,2,2,0
2,frontreco,100,0,76,paymentservice,payment,38,1,1,1,0
2,frontreco,100,0,76,productcatalogservice,server,67,2,2,2,0
2,frontreco,100,0,76,redis-cart,-,,1,1,1,0
2,frontreco,100,0,76,shippingservice,server,35,1,1,1,0
2,frontreco,100,0,91,adservice,server,46,1,1,1,0
2,frontreco,100,0,91,cartservice,server,58,2,2,2,0
2,frontreco,100,0,91,checkoutservice,checkout,32,1,1,1,0
2,frontreco,100,0,91,currencyservice,server,42,2,2,2,0
2,frontreco,100,0,91,emailservice,email,52,1,1,1,0
2,frontreco,100,0,91,frontend,recommendation,71,2,2,2,0
2,frontreco,100,0,91,frontend,server,74,2,2,2,0
2,frontreco,100,0,91,paymentservice,payment,37,1,1,1,0
2,frontreco,100,0,91,productcatalogservice,server,71,2,2,2,0
2,frontreco,100,0,91,redis-cart,-,,1,1,1,0
2,frontreco,100,0,91,shippingservice,server,32,1,1,1,0
2,frontreco,100,0,107,adservice,server,47,1,1,1,0
2,frontreco,100,0,107,cartservice,server,66,2,2,2,0
2,frontreco,100,0,107,checkoutservice,checkout,37,1,1,1,0
2,frontreco,100,0,107,currencyservice,server,42,2,2,2,0
2,frontreco,100,0,107,emailservice,email,53,1,1,1,0
2,frontreco,100,0,107,frontend,recommendation,75,2,2,2,0
2,frontreco,100,0,107,frontend,server,76,2,2,2,0
2,frontreco,100,0,107,paymentservice,payment,39,1,1,1,0
2,frontreco,100,0,107,productcatalogservice,server,69,2,2,2,0
2,frontreco,100,0,107,redis-cart,-,,1,1,1,0
2,frontreco,100,0,107,shippingservice,server,35,1,1,1,0
2,frontreco,100,0,122,adservice,server,47,1,1,1,0
2,frontreco,100,0,122,cartservice,server,73,2,2,2,0
2,frontreco,100,0,122,checkoutservice,checkout,34,1,1,1,0
2,frontreco,100,0,122,currencyservice,server,43,2,2,2,0
2,frontreco,100,0,122,emailservice,email,54,1,1,1,0
2,frontreco,100,0,122,frontend,recommendation,73,2,2,2,0
2,frontreco,100,0,122,frontend,server,75,2,2,2,0
2,frontreco,100,0,122,paymentservice,payment,39,1,1,1,0
2,frontreco,100,0,122,productcatalogservice,server,70,2,2,2,0
2,frontreco,100,0,122,redis-cart,-,,1,1,1,0
2,frontreco,100,0,122,shippingservice,server,36,1,1,1,0
2,frontreco,100,0,137,adservice,server,47,1,1,1,0
2,frontreco,100,0,137,cartservice,server,59,2,2,2,0
2,frontreco,100,0,137,checkoutservice,checkout,33,1,1,1,0
2,frontreco,100,0,137,currencyservice,server,42,2,2,2,0
2,frontreco,100,0,137,emailservice,email,53,1,1,1,0
2,frontreco,100,0,137,frontend,recommendation,74,2,2,2,0
2,frontreco,100,0,137,frontend,server,76,2,2,2,0
2,frontreco,100,0,137,paymentservice,payment,37,1,1,1,0
2,frontreco,100,0,137,productcatalogservice,server,69,2,2,2,0
2,frontreco,100,0,137,redis-cart,-,,1,1,1,0
2,frontreco,100,0,137,shippingservice,server,35,1,1,1,0
2,frontreco,100,0,152,adservice,server,47,1,1,1,0
2,frontreco,100,0,152,cartservice,server,61,2,2,2,0
2,frontreco,100,0,152,checkoutservice,checkout,35,1,1,1,0
2,frontreco,100,0,152,currencyservice,server,42,2,2,2,0
2,frontreco,100,0,152,emailservice,email,50,1,1,1,0
2,frontreco,100,0,152,frontend,recommendation,72,2,2,2,0
2,frontreco,100,0,152,frontend,server,75,2,2,2,0
2,frontreco,100,0,152,paymentservice,payment,37,1,1,1,0
2,frontreco,100,0,152,productcatalogservice,server,68,2,2,2,0
2,frontreco,100,0,152,redis-cart,-,,1,1,1,0
2,frontreco,100,0,152,shippingservice,server,34,1,1,1,0
2,frontreco,100,0,167,adservice,server,46,1,1,1,0
2,frontreco,100,0,167,cartservice,server,54,2,2,2,0
2,frontreco,100,0,167,checkoutservice,checkout,34,1,1,1,0
2,frontreco,100,0,167,currencyservice,server,42,2,2,2,0
2,frontreco,100,0,167,emailservice,email,57,1,1,1,0
2,frontreco,100,0,167,frontend,recommendation,73,2,2,2,0
2,frontreco,100,0,167,frontend,server,76,2,2,2,0
2,frontreco,100,0,167,paymentservice,payment,38,1,1,1,0
2,frontreco,100,0,167,productcatalogservice,server,70,2,2,2,0
2,frontreco,100,0,167,redis-cart,-,,1,1,1,0
2,frontreco,100,0,167,shippingservice,server,35,1,1,1,0
2,frontreco,100,0,183,adservice,server,46,1,1,1,0
2,frontreco,100,0,183,cartservice,server,61,2,2,2,0
2,frontreco,100,0,183,checkoutservice,checkout,34,1,1,1,0
2,frontreco,100,0,183,currencyservice,server,42,2,2,2,0
2,frontreco,100,0,183,emailservice,email,52,1,1,1,0
2,frontreco,100,0,183,frontend,recommendation,72,2,2,2,0
2,frontreco,100,0,183,frontend,server,74,2,2,2,0
2,frontreco,100,0,183,paymentservice,payment,37,1,1,1,0
2,frontreco,100,0,183,productcatalogservice,server,70,2,2,2,0
2,frontreco,100,0,183,redis-cart,-,,1,1,1,0
2,frontreco,100,0,183,shippingservice,server,34,1,1,1,0
2,frontreco,100,0,198,adservice,server,47,1,1,1,0
2,frontreco,100,0,198,cartservice,server,57,2,2,2,0
2,frontreco,100,0,198,checkoutservice,checkout,35,1,1,1,0
2,frontreco,100,0,198,currencyservice,server,42,2,2,2,0
2,frontreco,100,0,198,emailservice,email,53,1,1,1,0
2,frontreco,100,0,198,frontend,recommendation,73,2,2,2,0
2,frontreco,100,0,198,frontend,server,74,2,2,2,0
2,frontreco,100,0,198,paymentservice,payment,38,1,1,1,0
2,frontreco,100,0,198,productcatalogservice,server,68,2,2,2,0
2,frontreco,100,0,198,redis-cart,-,,1,1,1,0
2,frontreco,100,0,198,shippingservice,server,35,1,1,1,0
2,frontreco,100,0,213,adservice,server,46,1,1,1,0
2,frontreco,100,0,213,cartservice,server,59,2,2,2,0
2,frontreco,100,0,213,checkoutservice,checkout,33,1,1,1,0
2,frontreco,100,0,213,currencyservice,server,43,2,2,2,0
2,frontreco,100,0,213,emailservice,email,52,1,1,1,0
2,frontreco,100,0,213,frontend,recommendation,73,2,2,2,0
2,frontreco,100,0,213,frontend,server,75,2,2,2,0
2,frontreco,100,0,213,paymentservice,payment,38,1,1,1,0
2,frontreco,100,0,213,productcatalogservice,server,69,2,2,2,0
2,frontreco,100,0,213,redis-cart,-,,1,1,1,0
2,frontreco,100,0,213,shippingservice,server,35,1,1,1,0
2,frontreco,100,0,228,adservice,server,45,1,1,1,0
2,frontreco,100,0,228,cartservice,server,59,2,2,2,0
2,frontreco,100,0,228,checkoutservice,checkout,34,1,1,1,0
2,frontreco,100,0,228,currencyservice,server,42,2,2,2,0
2,frontreco,100,0,228,emailservice,email,52,1,1,1,0
2,frontreco,100,0,228,frontend,recommendation,73,2,2,2,0
2,frontreco,100,0,228,frontend,server,75,2,2,2,0
2,frontreco,100,0,228,paymentservice,payment,38,1,1,1,0
2,frontreco,100,0,228,productcatalogservice,server,69,2,2,2,0
2,frontreco,100,0,228,redis-cart,-,,1,1,1,0
2,frontreco,100,0,228,shippingservice,server,34,1,1,1,0
2,frontreco,100,0,244,adservice,server,45,1,1,1,0
2,frontreco,100,0,244,cartservice,server,58,2,2,2,0
2,frontreco,100,0,244,checkoutservice,checkout,34,1,1,1,0
2,frontreco,100,0,244,currencyservice,server,42,2,2,2,0
2,frontreco,100,0,244,emailservice,email,53,1,1,1,0
2,frontreco,100,0,244,frontend,recommendation,74,2,2,2,0
2,frontreco,100,0,244,frontend,server,76,2,2,2,0
2,frontreco,100,0,244,paymentservice,payment,37,1,1,1,0
2,frontreco,100,0,244,productcatalogservice,server,70,2,2,2,0
2,frontreco,100,0,244,redis-cart,-,,1,1,1,0
2,frontreco,100,0,244,shippingservice,server,35,1,1,1,0
2,frontreco,100,0,259,adservice,server,47,1,1,1,0
2,frontreco,100,0,259,cartservice,server,62,2,2,2,0
2,frontreco,100,0,259,checkoutservice,checkout,35,1,1,1,0
2,frontreco,100,0,259,currencyservice,server,43,2,2,2,0
2,frontreco,100,0,259,emailservice,email,53,1,1,1,0
2,frontreco,100,0,259,frontend,recommendation,73,2,2,2,0
2,frontreco,100,0,259,frontend,server,76,2,2,2,0
2,frontreco,100,0,259,paymentservice,payment,38,1,1,1,0
2,frontreco,100,0,259,productcatalogservice,server,70,2,2,2,0
2,frontreco,100,0,259,redis-cart,-,,1,1,1,0
2,frontreco,100,0,259,shippingservice,server,33,1,1,1,0
2,frontreco,100,0,274,adservice,server,48,1,1,1,0
2,frontreco,100,0,274,cartservice,server,61,2,2,2,0
2,frontreco,100,0,274,checkoutservice,checkout,33,1,1,1,0
2,frontreco,100,0,274,currencyservice,server,42,2,2,2,0
2,frontreco,100,0,274,emailservice,email,50,1,1,1,0
2,frontreco,100,0,274,frontend,recommendation,73,2,2,2,0
2,frontreco,100,0,274,frontend,server,74,2,2,2,0
2,frontreco,100,0,274,paymentservice,payment,37,1,1,1,0
2,frontreco,100,0,274,productcatalogservice,server,68,2,2,2,0
2,frontreco,100,0,274,redis-cart,-,,1,1,1,0
2,frontreco,100,0,274,shippingservice,server,33,1,1,1,0
2,frontreco,100,0,289,adservice,server,47,1,1,1,0
2,frontreco,100,0,289,cartservice,server,60,2,2,2,0
2,frontreco,100,0,289,checkoutservice,checkout,35,1,1,1,0
2,frontreco,100,0,289,currencyservice,server,43,2,2,2,0
2,frontreco,100,0,289,emailservice,email,53,1,1,1,0
2,frontreco,100,0,289,frontend,recommendation,73,2,2,2,0
2,frontreco,100,0,289,frontend,server,76,2,2,2,0
2,frontreco,100,0,289,paymentservice,payment,36,1,1,1,0
2,frontreco,100,0,289,productcatalogservice,server,69,2,2,2,0
2,frontreco,100,0,289,redis-cart,-,,1,1,1,0
2,frontreco,100,0,289,shippingservice,server,35,1,1,1,0
2,frontreco,100,0,304,adservice,server,46,1,1,1,0
2,frontreco,100,0,304,cartservice,server,57,2,2,2,0
2,frontreco,100,0,304,checkoutservice,checkout,34,1,1,1,0
2,frontreco,100,0,304,currencyservice,server,43,2,2,2,0
2,frontreco,100,0,304,emailservice,email,53,1,1,1,0
2,frontreco,100,0,304,frontend,recommendation,73,2,2,2,0
2,frontreco,100,0,304,frontend,server,76,2,2,2,0
2,frontreco,100,0,304,paymentservice,payment,38,1,1,1,0
2,frontreco,100,0,304,productcatalogservice,server,69,2,2,2,0
2,frontreco,100,0,304,redis-cart,-,,1,1,1,0
2,frontreco,100,0,304,shippingservice,server,35,1,1,1,0
2,frontreco,100,0,320,adservice,server,46,1,1,1,0
2,frontreco,100,0,320,cartservice,server,59,2,2,2,0
2,frontreco,100,0,320,checkoutservice,checkout,34,1,1,1,0
2,frontreco,100,0,320,currencyservice,server,43,2,2,2,0
2,frontreco,100,0,320,emailservice,email,52,1,1,1,0
2,frontreco,100,0,320,frontend,recommendation,72,2,2,2,0
2,frontreco,100,0,320,frontend,server,75,2,2,2,0
2,frontreco,100,0,320,paymentservice,payment,38,1,1,1,0
2,frontreco,100,0,320,productcatalogservice,server,68,2,2,2,0
2,frontreco,100,0,320,redis-cart,-,,1,1,1,0
2,frontreco,100,0,320,shippingservice,server,33,1,1,1,0
2,frontreco,100,0,335,adservice,server,46,1,1,1,0
2,frontreco,100,0,335,cartservice,server,59,2,2,2,0
2,frontreco,100,0,335,checkoutservice,checkout,32,1,1,1,0
2,frontreco,100,0,335,currencyservice,server,42,2,2,2,0
2,frontreco,100,0,335,emailservice,email,52,1,1,1,0
2,frontreco,100,0,335,frontend,recommendation,71,2,2,2,0
2,frontreco,100,0,335,frontend,server,74,2,2,2,0
2,frontreco,100,0,335,paymentservice,payment,37,1,1,1,0
2,frontreco,100,0,335,productcatalogservice,server,68,2,2,2,0
2,frontreco,100,0,335,redis-cart,-,,1,1,1,0
2,frontreco,100,0,335,shippingservice,server,34,1,1,1,0
2,frontreco,100,0,350,adservice,server,47,1,1,1,0
2,frontreco,100,0,350,cartservice,server,59,2,2,2,0
2,frontreco,100,0,350,checkoutservice,checkout,34,1,1,1,0
2,frontreco,100,0,350,currencyservice,server,42,2,2,2,0
2,frontreco,100,0,350,emailservice,email,52,1,1,1,0
2,frontreco,100,0,350,frontend,recommendation,74,2,2,2,0
2,frontreco,100,0,350,frontend,server,76,2,2,2,0
2,frontreco,100,0,350,paymentservice,payment,36,1,1,1,0
2,frontreco,100,0,350,productcatalogservice,server,71,2,2,2,0
2,frontreco,100,0,350,redis-cart,-,,1,1,1,0
2,frontreco,100,0,350,shippingservice,server,35,1,1,1,0
2,frontreco,100,0,365,adservice,server,47,1,1,1,0
2,frontreco,100,0,365,cartservice,server,61,2,2,2,0
2,frontreco,100,0,365,checkoutservice,checkout,34,1,1,1,0
2,frontreco,100,0,365,currencyservice,server,43,2,2,2,0
2,frontreco,100,0,365,emailservice,email,52,1,1,1,0
2,frontreco,100,0,365,frontend,recommendation,73,2,2,2,0
2,frontreco,100,0,365,frontend,server,76,2,2,2,0
2,frontreco,100,0,365,paymentservice,payment,38,1,1,1,0
2,frontreco,100,0,365,productcatalogservice,server,71,2,2,2,0
2,frontreco,100,0,365,redis-cart,-,,1,1,1,0
2,frontreco,100,0,365,shippingservice,server,34,1,1,1,0
2,frontreco,100,0,381,adservice,server,47,1,1,1,0
2,frontreco,100,0,381,cartservice,server,60,2,2,2,0
2,frontreco,100,0,381,checkoutservice,checkout,34,1,1,1,0
2,frontreco,100,0,381,currencyservice,server,42,2,2,2,0
2,frontreco,100,0,381,emailservice,email,53,1,1,1,0
2,frontreco,100,0,381,frontend,recommendation,73,2,2,2,0
2,frontreco,100,0,381,frontend,server,75,2,2,2,0
2,frontreco,100,0,381,paymentservice,payment,36,1,1,1,0
2,frontreco,100,0,381,productcatalogservice,server,69,2,2,2,0
2,frontreco,100,0,381,redis-cart,-,,1,1,1,0
2,frontreco,100,0,381,shippingservice,server,34,1,1,1,0
2,frontreco,100,0,396,adservice,server,47,1,1,1,0
2,frontreco,100,0,396,cartservice,server,57,2,2,2,0
2,frontreco,100,0,396,checkoutservice,checkout,34,1,1,1,0
2,frontreco,100,0,396,currencyservice,server,43,2,2,2,0
2,frontreco,100,0,396,emailservice,email,50,1,1,1,0
2,frontreco,100,0,396,frontend,recommendation,72,2,2,2,0
2,frontreco,100,0,396,frontend,server,75,2,2,2,0
2,frontreco,100,0,396,paymentservice,payment,37,1,1,1,0
2,frontreco,100,0,396,productcatalogservice,server,68,2,2,2,0
2,frontreco,100,0,396,redis-cart,-,,1,1,1,0
2,frontreco,100,0,396,shippingservice,server,34,1,1,1,0
2,frontreco,100,0,411,adservice,server,47,1,1,1,0
2,frontreco,100,0,411,cartservice,server,59,2,2,2,0
2,frontreco,100,0,411,checkoutservice,checkout,34,1,1,1,0
2,frontreco,100,0,411,currencyservice,server,43,2,2,2,0
2,frontreco,100,0,411,emailservice,email,54,1,1,1,0
2,frontreco,100,0,411,frontend,recommendation,73,2,2,2,0
2,frontreco,100,0,411,frontend,server,75,2,2,2,0
2,frontreco,100,0,411,paymentservice,payment,38,1,1,1,0
2,frontreco,100,0,411,productcatalogservice,server,69,2,2,2,0
2,frontreco,100,0,411,redis-cart,-,,1,1,1,0
2,frontreco,100,0,411,shippingservice,server,35,1,1,1,0
2,frontreco,100,0,426,adservice,server,46,1,1,1,0
2,frontreco,100,0,426,cartservice,server,59,2,2,2,0
2,frontreco,100,0,426,checkoutservice,checkout,34,1,1,1,0
2,frontreco,100,0,426,currencyservice,server,43,2,2,2,0
2,frontreco,100,0,426,emailservice,email,53,1,1,1,0
2,frontreco,100,0,426,frontend,recommendation,73,2,2,2,0
2,frontreco,100,0,426,frontend,server,74,2,2,2,0
2,frontreco,100,0,426,paymentservice,payment,39,1,1,1,0
2,frontreco,100,0,426,productcatalogservice,server,69,2,2,2,0
2,frontreco,100,0,426,redis-cart,-,,1,1,1,0
2,frontreco,100,0,426,shippingservice,server,35,1,1,1,0
2,frontreco,100,0,441,adservice,server,44,1,1,1,0
2,frontreco,100,0,441,cartservice,server,59,2,2,2,0
2,frontreco,100,0,441,checkoutservice,checkout,34,1,1,1,0
2,frontreco,100,0,441,currencyservice,server,39,2,2,2,0
2,frontreco,100,0,441,emailservice,email,43,1,1,1,0
2,frontreco,100,0,441,frontend,recommendation,43,2,2,2,0
2,frontreco,100,0,441,frontend,server,41,2,2,2,0
2,frontreco,100,0,441,paymentservice,payment,32,1,1,1,0
2,frontreco,100,0,441,productcatalogservice,server,68,2,2,2,0
2,frontreco,100,0,441,redis-cart,-,,1,1,1,0
2,frontreco,100,0,441,shippingservice,server,34,1,1,1,0
2,frontcart,100,0,1,adservice,-,,1,0,1,0
2,frontcart,100,0,1,checkoutservice,checkout,0,1,1,1,0
2,frontcart,100,0,1,currencyservice,server,0,1,1,1,0
2,frontcart,100,0,1,emailservice,email,1,1,1,1,0
2,frontcart,100,0,1,frontend,-,,1,0,1,0
2,frontcart,100,0,1,paymentservice,payment,4,1,1,1,0
2,frontcart,100,0,1,productcatalogservice,-,,,0,1,0
2,frontcart,100,0,1,recommendationservice,-,,,0,1,0
2,frontcart,100,0,1,redis-cart,-,,1,1,1,0
2,frontcart,100,0,1,shippingservice,-,,,0,1,0
2,frontcart,100,0,16,adservice,server,53,1,1,1,0
2,frontcart,100,0,16,checkoutservice,checkout,13,1,1,1,0
2,frontcart,100,0,16,currencyservice,server,0,1,1,1,0
2,frontcart,100,0,16,emailservice,email,9,1,1,1,0
2,frontcart,100,0,16,frontend,cartservice,14,1,1,1,0
2,frontcart,100,0,16,frontend,server,22,1,1,1,0
2,frontcart,100,0,16,paymentservice,payment,25,1,1,1,0
2,frontcart,100,0,16,productcatalogservice,server,0,1,1,1,0
2,frontcart,100,0,16,recommendationservice,server,0,1,1,1,0
2,frontcart,100,0,16,redis-cart,-,,1,1,1,0
2,frontcart,100,0,16,shippingservice,server,0,1,1,1,0
2,frontcart,100,0,31,adservice,server,82,1,1,1,0
2,frontcart,100,0,31,checkoutservice,checkout,13,1,1,1,0
2,frontcart,100,0,31,currencyservice,server,65,1,1,1,0
2,frontcart,100,0,31,emailservice,email,54,1,1,1,0
2,frontcart,100,0,31,frontend,cartservice,153,1,1,1,0
2,frontcart,100,0,31,frontend,server,84,1,1,1,0
2,frontcart,100,0,31,paymentservice,payment,64,1,1,1,0
2,frontcart,100,0,31,productcatalogservice,server,59,1,1,1,0
2,frontcart,100,0,31,recommendationservice,server,66,1,1,1,0
2,frontcart,100,0,31,redis-cart,-,,1,1,1,0
2,frontcart,100,0,31,shippingservice,server,10,1,1,1,0
2,frontcart,100,0,46,adservice,server,82,1,2,1,0
2,frontcart,100,0,46,checkoutservice,checkout,30,1,1,1,0
2,frontcart,100,0,46,currencyservice,server,49,1,1,1,0
2,frontcart,100,0,46,emailservice,email,46,1,1,1,0
2,frontcart,100,0,46,frontend,cartservice,79,1,2,1,0
2,frontcart,100,0,46,frontend,server,67,1,2,1,0
2,frontcart,100,0,46,paymentservice,payment,40,1,1,1,0
2,frontcart,100,0,46,productcatalogservice,server,70,1,1,1,0
2,frontcart,100,0,46,recommendationservice,server,69,1,1,1,0
2,frontcart,100,0,46,redis-cart,-,,1,1,1,0
2,frontcart,100,0,46,shippingservice,server,30,1,1,1,0
2,frontcart,100,0,61,adservice,server,44,2,2,1,0
2,frontcart,100,0,61,checkoutservice,checkout,28,1,1,1,0
2,frontcart,100,0,61,currencyservice,server,49,1,1,1,0
2,frontcart,100,0,61,emailservice,email,46,1,1,1,0
2,frontcart,100,0,61,frontend,cartservice,77,2,2,1,0
2,frontcart,100,0,61,frontend,server,77,2,2,1,0
2,frontcart,100,0,61,paymentservice,payment,34,1,1,1,0
2,frontcart,100,0,61,productcatalogservice,server,68,1,1,1,0
2,frontcart,100,0,61,recommendationservice,server,69,1,1,1,0
2,frontcart,100,0,61,redis-cart,-,,1,1,1,0
2,frontcart,100,0,61,shippingservice,server,30,1,1,1,0
2,frontcart,100,0,77,adservice,server,40,2,2,2,0
2,frontcart,100,0,77,checkoutservice,checkout,29,1,1,1,0
2,frontcart,100,0,77,currencyservice,server,49,1,1,1,0
2,frontcart,100,0,77,emailservice,email,47,1,1,1,0
2,frontcart,100,0,77,frontend,cartservice,77,2,2,2,0
2,frontcart,100,0,77,frontend,server,70,2,2,2,0
2,frontcart,100,0,77,paymentservice,payment,37,1,1,1,0
2,frontcart,100,0,77,productcatalogservice,server,67,1,1,1,0
2,frontcart,100,0,77,recommendationservice,server,66,1,1,1,0
2,frontcart,100,0,77,redis-cart,-,,1,1,1,0
2,frontcart,100,0,77,shippingservice,server,30,1,1,1,0
2,frontcart,100,0,92,adservice,server,27,2,2,2,0
2,frontcart,100,0,92,checkoutservice,checkout,28,1,1,1,0
2,frontcart,100,0,92,currencyservice,server,48,1,1,1,0
2,frontcart,100,0,92,emailservice,email,46,1,1,1,0
2,frontcart,100,0,92,frontend,cartservice,68,2,2,2,0
2,frontcart,100,0,92,frontend,server,75,2,2,2,0
2,frontcart,100,0,92,paymentservice,payment,33,1,1,1,0
2,frontcart,100,0,92,productcatalogservice,server,65,1,1,1,0
2,frontcart,100,0,92,recommendationservice,server,67,1,1,1,0
2,frontcart,100,0,92,redis-cart,-,,1,1,1,0
2,frontcart,100,0,92,shippingservice,server,29,1,1,1,0
2,frontcart,100,0,107,adservice,server,19,2,2,2,0
2,frontcart,100,0,107,checkoutservice,checkout,28,1,1,1,0
2,frontcart,100,0,107,currencyservice,server,48,1,1,1,0
2,frontcart,100,0,107,emailservice,email,48,1,1,1,0
2,frontcart,100,0,107,frontend,cartservice,70,2,2,2,0
2,frontcart,100,0,107,frontend,server,75,2,2,2,0
2,frontcart,100,0,107,paymentservice,payment,34,1,1,1,0
2,frontcart,100,0,107,productcatalogservice,server,74,1,1,1,0
2,frontcart,100,0,107,recommendationservice,server,68,1,1,1,0
2,frontcart,100,0,107,redis-cart,-,,1,1,1,0
2,frontcart,100,0,107,shippingservice,server,30,1,1,1,0
2,frontcart,100,0,122,adservice,server,10,2,1,1,0
2,frontcart,100,0,122,checkoutservice,checkout,29,1,1,1,0
2,frontcart,100,0,122,currencyservice,server,50,1,1,1,0
2,frontcart,100,0,122,emailservice,email,47,1,1,1,0
2,frontcart,100,0,122,frontend,cartservice,37,2,2,2,0
2,frontcart,100,0,122,frontend,server,38,2,2,2,0
2,frontcart,100,0,122,paymentservice,payment,32,1,1,1,0
2,frontcart,100,0,122,productcatalogservice,server,67,1,1,1,0
2,frontcart,100,0,122,recommendationservice,server,75,1,1,1,0
2,frontcart,100,0,122,redis-cart,-,,1,1,1,0
2,frontcart,100,0,122,shippingservice,server,30,1,1,1,0
2,frontcart,100,0,138,adservice,server,20,1,1,1,0
2,frontcart,100,0,138,checkoutservice,checkout,28,1,1,1,0
2,frontcart,100,0,138,currencyservice,server,48,1,1,1,0
2,frontcart,100,0,138,emailservice,email,46,1,1,1,0
2,frontcart,100,0,138,frontend,cartservice,37,2,2,2,0
2,frontcart,100,0,138,frontend,server,35,2,2,2,0
2,frontcart,100,0,138,paymentservice,payment,33,1,1,1,0
2,frontcart,100,0,138,productcatalogservice,server,66,1,1,1,0
2,frontcart,100,0,138,recommendationservice,server,66,1,1,1,0
2,frontcart,100,0,138,redis-cart,-,,1,1,1,0
2,frontcart,100,0,138,shippingservice,server,30,1,1,1,0
2,frontcart,100,0,153,adservice,server,20,1,1,1,0
2,frontcart,100,0,153,checkoutservice,checkout,29,1,1,1,0
2,frontcart,100,0,153,currencyservice,server,49,1,1,1,0
2,frontcart,100,0,153,emailservice,email,44,1,1,1,0
2,frontcart,100,0,153,frontend,cartservice,34,2,2,2,0
2,frontcart,100,0,153,frontend,server,38,2,2,2,0
2,frontcart,100,0,153,paymentservice,payment,35,1,1,1,0
2,frontcart,100,0,153,productcatalogservice,server,66,1,1,1,0
2,frontcart,100,0,153,recommendationservice,server,68,1,1,1,0
2,frontcart,100,0,153,redis-cart,-,,1,1,1,0
2,frontcart,100,0,153,shippingservice,server,30,1,1,1,0
2,frontcart,100,0,168,adservice,server,15,1,1,1,0
2,frontcart,100,0,168,checkoutservice,checkout,26,1,1,1,0
2,frontcart,100,0,168,currencyservice,server,47,1,1,1,0
2,frontcart,100,0,168,emailservice,email,49,1,1,1,0
2,frontcart,100,0,168,frontend,cartservice,37,2,2,2,0
2,frontcart,100,0,168,frontend,server,38,2,2,2,0
2,frontcart,100,0,168,paymentservice,payment,34,1,1,1,0
2,frontcart,100,0,168,productcatalogservice,server,68,1,1,1,0
2,frontcart,100,0,168,recommendationservice,server,69,1,1,1,0
2,frontcart,100,0,168,redis-cart,-,,1,1,1,0
2,frontcart,100,0,168,shippingservice,server,29,1,1,1,0
2,frontcart,100,0,183,adservice,server,16,1,1,1,0
2,frontcart,100,0,183,checkoutservice,checkout,29,1,1,1,0
2,frontcart,100,0,183,currencyservice,server,48,1,1,1,0
2,frontcart,100,0,183,emailservice,email,45,1,1,1,0
2,frontcart,100,0,183,frontend,cartservice,34,2,2,2,0
2,frontcart,100,0,183,frontend,server,35,2,2,2,0
2,frontcart,100,0,183,paymentservice,payment,32,1,1,1,0
2,frontcart,100,0,183,productcatalogservice,server,68,1,1,1,0
2,frontcart,100,0,183,recommendationservice,server,68,1,1,1,0
2,frontcart,100,0,183,redis-cart,-,,1,1,1,0
2,frontcart,100,0,183,shippingservice,server,29,1,1,1,0
2,frontcart,100,0,198,adservice,server,14,1,1,1,0
2,frontcart,100,0,198,checkoutservice,checkout,29,1,1,1,0
2,frontcart,100,0,198,currencyservice,server,48,1,1,1,0
2,frontcart,100,0,198,emailservice,email,45,1,1,1,0
2,frontcart,100,0,198,frontend,cartservice,34,2,2,2,0
2,frontcart,100,0,198,frontend,server,37,2,2,2,0
2,frontcart,100,0,198,paymentservice,payment,31,1,1,1,0
2,frontcart,100,0,198,productcatalogservice,server,67,1,1,1,0
2,frontcart,100,0,198,recommendationservice,server,67,1,1,1,0
2,frontcart,100,0,198,redis-cart,-,,1,1,1,0
2,frontcart,100,0,198,shippingservice,server,30,1,1,1,0
2,frontcart,100,0,214,adservice,server,13,1,1,1,0
2,frontcart,100,0,214,checkoutservice,checkout,27,1,1,1,0
2,frontcart,100,0,214,currencyservice,server,48,1,1,1,0
2,frontcart,100,0,214,emailservice,email,46,1,1,1,0
2,frontcart,100,0,214,frontend,cartservice,37,2,2,2,0
2,frontcart,100,0,214,frontend,server,34,2,2,2,0
2,frontcart,100,0,214,paymentservice,payment,34,1,1,1,0
2,frontcart,100,0,214,productcatalogservice,server,68,1,1,1,0
2,frontcart,100,0,214,recommendationservice,server,64,1,1,1,0
2,frontcart,100,0,214,redis-cart,-,,1,1,1,0
2,frontcart,100,0,214,shippingservice,server,30,1,1,1,0
2,frontcart,100,0,229,adservice,server,13,1,1,1,0
2,frontcart,100,0,229,checkoutservice,checkout,29,1,1,1,0
2,frontcart,100,0,229,currencyservice,server,48,1,1,1,0
2,frontcart,100,0,229,emailservice,email,46,1,1,1,0
2,frontcart,100,0,229,frontend,cartservice,35,2,2,2,0
2,frontcart,100,0,229,frontend,server,34,2,2,2,0
2,frontcart,100,0,229,paymentservice,payment,35,1,1,1,0
2,frontcart,100,0,229,productcatalogservice,server,66,1,1,1,0
2,frontcart,100,0,229,recommendationservice,server,66,1,1,1,0
2,frontcart,100,0,229,redis-cart,-,,1,1,1,0
2,frontcart,100,0,229,shippingservice,server,30,1,1,1,0
2,frontcart,100,0,244,adservice,server,12,1,1,1,0
2,frontcart,100,0,244,checkoutservice,checkout,29,1,1,1,0
2,frontcart,100,0,244,currencyservice,server,50,1,1,1,0
2,frontcart,100,0,244,emailservice,email,47,1,1,1,0
2,frontcart,100,0,244,frontend,cartservice,36,2,2,2,0
2,frontcart,100,0,244,frontend,server,37,2,2,2,0
2,frontcart,100,0,244,paymentservice,payment,34,1,1,1,0
2,frontcart,100,0,244,productcatalogservice,server,68,1,1,1,0
2,frontcart,100,0,244,recommendationservice,server,69,1,1,1,0
2,frontcart,100,0,244,redis-cart,-,,1,1,1,0
2,frontcart,100,0,244,shippingservice,server,30,1,1,1,0
2,frontcart,100,0,259,adservice,server,13,1,1,1,0
2,frontcart,100,0,259,checkoutservice,checkout,29,1,1,1,0
2,frontcart,100,0,259,currencyservice,server,48,1,1,1,0
2,frontcart,100,0,259,emailservice,email,48,1,1,1,0
2,frontcart,100,0,259,frontend,cartservice,35,2,2,2,0
2,frontcart,100,0,259,frontend,server,36,2,2,2,0
2,frontcart,100,0,259,paymentservice,payment,34,1,1,1,0
2,frontcart,100,0,259,productcatalogservice,server,67,1,1,1,0
2,frontcart,100,0,259,recommendationservice,server,66,1,1,1,0
2,frontcart,100,0,259,redis-cart,-,,1,1,1,0
2,frontcart,100,0,259,shippingservice,server,29,1,1,1,0
2,frontcart,100,0,274,adservice,server,13,1,1,1,0
2,frontcart,100,0,274,checkoutservice,checkout,29,1,1,1,0
2,frontcart,100,0,274,currencyservice,server,52,1,1,1,0
2,frontcart,100,0,274,emailservice,email,48,1,1,1,0
2,frontcart,100,0,274,frontend,cartservice,34,2,2,2,0
2,frontcart,100,0,274,frontend,server,37,2,2,2,0
2,frontcart,100,0,274,paymentservice,payment,33,1,1,1,0
2,frontcart,100,0,274,productcatalogservice,server,70,1,1,1,0
2,frontcart,100,0,274,recommendationservice,server,71,1,1,1,0
2,frontcart,100,0,274,redis-cart,-,,1,1,1,0
2,frontcart,100,0,274,shippingservice,server,30,1,1,1,0
2,frontcart,100,0,290,adservice,server,13,1,1,1,0
2,frontcart,100,0,290,checkoutservice,checkout,26,1,1,1,0
2,frontcart,100,0,290,currencyservice,server,48,1,1,1,0
2,frontcart,100,0,290,emailservice,email,45,1,1,1,0
2,frontcart,100,0,290,frontend,cartservice,37,2,2,2,0
2,frontcart,100,0,290,frontend,server,34,2,2,2,0
2,frontcart,100,0,290,paymentservice,payment,33,1,1,1,0
2,frontcart,100,0,290,productcatalogservice,server,70,1,1,1,0
2,frontcart,100,0,290,recommendationservice,server,66,1,1,1,0
2,frontcart,100,0,290,redis-cart,-,,1,1,1,0
2,frontcart,100,0,290,shippingservice,server,29,1,1,1,0
2,frontcart,100,0,305,adservice,server,14,1,1,1,0
2,frontcart,100,0,305,checkoutservice,checkout,28,1,1,1,0
2,frontcart,100,0,305,currencyservice,server,48,1,1,1,0
2,frontcart,100,0,305,emailservice,email,47,1,1,1,0
2,frontcart,100,0,305,frontend,cartservice,33,2,2,2,0
2,frontcart,100,0,305,frontend,server,34,2,2,2,0
2,frontcart,100,0,305,paymentservice,payment,33,1,1,1,0
2,frontcart,100,0,305,productcatalogservice,server,66,1,1,1,0
2,frontcart,100,0,305,recommendationservice,server,67,1,1,1,0
2,frontcart,100,0,305,redis-cart,-,,1,1,1,0
2,frontcart,100,0,305,shippingservice,server,30,1,1,1,0
2,frontcart,100,0,320,adservice,server,13,1,1,1,0
2,frontcart,100,0,320,checkoutservice,checkout,27,1,1,1,0
2,frontcart,100,0,320,currencyservice,server,48,1,1,1,0
2,frontcart,100,0,320,emailservice,email,44,1,1,1,0
2,frontcart,100,0,320,frontend,cartservice,37,2,2,2,0
2,frontcart,100,0,320,frontend,server,36,2,2,2,0
2,frontcart,100,0,320,paymentservice,payment,32,1,1,1,0
2,frontcart,100,0,320,productcatalogservice,server,66,1,1,1,0
2,frontcart,100,0,320,recommendationservice,server,66,1,1,1,0
2,frontcart,100,0,320,redis-cart,-,,1,1,1,0
2,frontcart,100,0,320,shippingservice,server,29,1,1,1,0
2,frontcart,100,0,335,adservice,server,15,1,1,1,0
2,frontcart,100,0,335,checkoutservice,checkout,27,1,1,1,0
2,frontcart,100,0,335,currencyservice,server,48,1,1,1,0
2,frontcart,100,0,335,emailservice,email,47,1,1,1,0
2,frontcart,100,0,335,frontend,cartservice,36,2,2,2,0
2,frontcart,100,0,335,frontend,server,36,2,2,2,0
2,frontcart,100,0,335,paymentservice,payment,34,1,1,1,0
2,frontcart,100,0,335,productcatalogservice,server,68,1,1,1,0
2,frontcart,100,0,335,recommendationservice,server,68,1,1,1,0
2,frontcart,100,0,335,redis-cart,-,,1,1,1,0
2,frontcart,100,0,335,shippingservice,server,30,1,1,1,0
2,frontcart,100,0,350,adservice,server,13,1,1,1,0
2,frontcart,100,0,350,checkoutservice,checkout,29,1,1,1,0
2,frontcart,100,0,350,currencyservice,server,49,1,1,1,0
2,frontcart,100,0,350,emailservice,email,46,1,1,1,0
2,frontcart,100,0,350,frontend,cartservice,35,2,2,2,0
2,frontcart,100,0,350,frontend,server,36,2,2,2,0
2,frontcart,100,0,350,paymentservice,payment,32,1,1,1,0
2,frontcart,100,0,350,productcatalogservice,server,67,1,1,1,0
2,frontcart,100,0,350,recommendationservice,server,68,1,1,1,0
2,frontcart,100,0,350,redis-cart,-,,1,1,1,0
2,frontcart,100,0,350,shippingservice,server,29,1,1,1,0
2,frontcart,100,0,366,adservice,server,14,1,1,1,0
2,frontcart,100,0,366,checkoutservice,checkout,29,1,1,1,0
2,frontcart,100,0,366,currencyservice,server,49,1,1,1,0
2,frontcart,100,0,366,emailservice,email,47,1,1,1,0
2,frontcart,100,0,366,frontend,cartservice,34,2,2,2,0
2,frontcart,100,0,366,frontend,server,39,2,2,2,0
2,frontcart,100,0,366,paymentservice,payment,32,1,1,1,0
2,frontcart,100,0,366,productcatalogservice,server,67,1,1,1,0
2,frontcart,100,0,366,recommendationservice,server,71,1,1,1,0
2,frontcart,100,0,366,redis-cart,-,,1,1,1,0
2,frontcart,100,0,366,shippingservice,server,29,1,1,1,0
2,frontcart,100,0,381,adservice,server,14,1,1,1,0
2,frontcart,100,0,381,checkoutservice,checkout,29,1,1,1,0
2,frontcart,100,0,381,currencyservice,server,49,1,1,1,0
2,frontcart,100,0,381,emailservice,email,48,1,1,1,0
2,frontcart,100,0,381,frontend,cartservice,38,2,2,2,0
2,frontcart,100,0,381,frontend,server,36,2,2,2,0
2,frontcart,100,0,381,paymentservice,payment,34,1,1,1,0
2,frontcart,100,0,381,productcatalogservice,server,69,1,1,1,0
2,frontcart,100,0,381,recommendationservice,server,68,1,1,1,0
2,frontcart,100,0,381,redis-cart,-,,1,1,1,0
2,frontcart,100,0,381,shippingservice,server,30,1,1,1,0
2,frontcart,100,0,396,adservice,server,12,1,1,1,0
2,frontcart,100,0,396,checkoutservice,checkout,28,1,1,1,0
2,frontcart,100,0,396,currencyservice,server,49,1,1,1,0
2,frontcart,100,0,396,emailservice,email,47,1,1,1,0
2,frontcart,100,0,396,frontend,cartservice,38,2,2,2,0
2,frontcart,100,0,396,frontend,server,35,2,2,2,0
2,frontcart,100,0,396,paymentservice,payment,34,1,1,1,0
2,frontcart,100,0,396,productcatalogservice,server,68,1,1,1,0
2,frontcart,100,0,396,recommendationservice,server,65,1,1,1,0
2,frontcart,100,0,396,redis-cart,-,,1,1,1,0
2,frontcart,100,0,396,shippingservice,server,30,1,1,1,0
2,frontcart,100,0,411,adservice,server,13,1,1,1,0
2,frontcart,100,0,411,checkoutservice,checkout,29,1,1,1,0
2,frontcart,100,0,411,currencyservice,server,48,1,1,1,0
2,frontcart,100,0,411,emailservice,email,46,1,1,1,0
2,frontcart,100,0,411,frontend,cartservice,38,2,2,2,0
2,frontcart,100,0,411,frontend,server,36,2,2,2,0
2,frontcart,100,0,411,paymentservice,payment,34,1,1,1,0
2,frontcart,100,0,411,productcatalogservice,server,68,1,1,1,0
2,frontcart,100,0,411,recommendationservice,server,67,1,1,1,0
2,frontcart,100,0,411,redis-cart,-,,1,1,1,0
2,frontcart,100,0,411,shippingservice,server,30,1,1,1,0
2,frontcart,100,0,427,adservice,server,13,1,1,1,0
2,frontcart,100,0,427,checkoutservice,checkout,28,1,1,1,0
2,frontcart,100,0,427,currencyservice,server,48,1,1,1,0
2,frontcart,100,0,427,emailservice,email,46,1,1,1,0
2,frontcart,100,0,427,frontend,cartservice,36,2,2,2,0
2,frontcart,100,0,427,frontend,server,35,2,2,2,0
2,frontcart,100,0,427,paymentservice,payment,35,1,1,1,0
2,frontcart,100,0,427,productcatalogservice,server,66,1,1,1,0
2,frontcart,100,0,427,recommendationservice,server,70,1,1,1,0
2,frontcart,100,0,427,redis-cart,-,,1,1,1,0
2,frontcart,100,0,427,shippingservice,server,30,1,1,1,0
2,frontcart,100,0,442,adservice,server,13,1,1,1,0
2,frontcart,100,0,442,checkoutservice,checkout,28,1,1,1,0
2,frontcart,100,0,442,currencyservice,server,36,1,1,1,0
2,frontcart,100,0,442,emailservice,email,46,1,1,1,0
2,frontcart,100,0,442,frontend,cartservice,24,2,2,2,0
2,frontcart,100,0,442,frontend,server,26,2,2,2,0
2,frontcart,100,0,442,paymentservice,payment,32,1,1,1,0
2,frontcart,100,0,442,productcatalogservice,server,64,1,1,1,0
2,frontcart,100,0,442,recommendationservice,server,57,1,1,1,0
2,frontcart,100,0,442,redis-cart,-,,1,1,1,0
2,frontcart,100,0,442,shippingservice,server,18,1,1,1,0
2,frontcart,100,0,0,adservice,server,2,1,1,1,0
2,frontcart,100,0,0,checkoutservice,checkout,0,1,1,1,0
2,frontcart,100,0,0,currencyservice,server,36,1,1,1,0
2,frontcart,100,0,0,emailservice,email,4,1,1,1,0
2,frontcart,100,0,0,frontend,cartservice,0,2,2,2,0
2,frontcart,100,0,0,frontend,server,0,2,2,2,0
2,frontcart,100,0,0,paymentservice,payment,3,1,1,1,0
2,frontcart,100,0,0,productcatalogservice,server,0,1,1,1,0
2,frontcart,100,0,0,recommendationservice,server,0,1,1,1,0
2,frontcart,100,0,0,redis-cart,-,,1,1,1,0
2,frontcart,100,0,0,shippingservice,server,0,1,1,1,0
2,frontcart,100,0,15,adservice,server,1,1,1,1,0
2,frontcart,100,0,15,checkoutservice,checkout,0,1,1,1,0
2,frontcart,100,0,15,currencyservice,server,0,1,1,1,0
2,frontcart,100,0,15,emailservice,email,1,1,1,1,0
2,frontcart,100,0,15,frontend,cartservice,0,2,2,2,0
2,frontcart,100,0,15,frontend,server,0,2,2,2,0
2,frontcart,100,0,15,paymentservice,payment,0,1,1,1,0
2,frontcart,100,0,15,productcatalogservice,server,0,1,1,1,0
2,frontcart,100,0,15,recommendationservice,server,0,1,1,1,0
2,frontcart,100,0,15,redis-cart,-,,1,1,1,0
2,frontcart,100,0,15,shippingservice,server,0,1,1,1,0
2,frontcart,100,0,30,adservice,server,1,1,1,1,0
2,frontcart,100,0,30,checkoutservice,checkout,18,1,1,1,0
2,frontcart,100,0,30,currencyservice,server,15,1,1,1,0
2,frontcart,100,0,30,emailservice,email,8,1,1,1,0
2,frontcart,100,0,30,frontend,cartservice,43,2,2,2,0
2,frontcart,100,0,30,frontend,server,25,2,2,2,0
2,frontcart,100,0,30,paymentservice,payment,7,1,1,1,0
2,frontcart,100,0,30,productcatalogservice,server,49,1,1,1,0
2,frontcart,100,0,30,recommendationservice,server,12,1,1,1,0
2,frontcart,100,0,30,redis-cart,-,,1,1,1,0
2,frontcart,100,0,30,shippingservice,server,11,1,1,1,0
2,frontcart,100,0,45,adservice,server,22,1,1,1,0
2,frontcart,100,0,45,checkoutservice,checkout,30,1,1,1,0
2,frontcart,100,0,45,currencyservice,server,62,1,1,1,0
2,frontcart,100,0,45,emailservice,email,50,1,1,1,0
2,frontcart,100,0,45,frontend,cartservice,43,2,2,2,0
2,frontcart,100,0,45,frontend,server,49,2,2,2,0
2,frontcart,100,0,45,paymentservice,payment,38,1,1,1,0
2,frontcart,100,0,45,productcatalogservice,server,87,1,1,1,0
2,frontcart,100,0,45,recommendationservice,server,90,1,1,1,0
2,frontcart,100,0,45,redis-cart,-,,1,1,1,0
2,frontcart,100,0,45,shippingservice,server,31,1,1,1,0
2,frontcart,100,0,61,adservice,server,27,1,1,1,0
2,frontcart,100,0,61,checkoutservice,checkout,30,1,1,1,0
2,frontcart,100,0,61,currencyservice,server,57,1,1,1,0
2,frontcart,100,0,61,emailservice,email,48,1,1,1,0
2,frontcart,100,0,61,frontend,cartservice,49,2,2,2,0
2,frontcart,100,0,61,frontend,server,47,2,2,2,0
2,frontcart,100,0,61,paymentservice,payment,35,1,1,1,0
2,frontcart,100,0,61,productcatalogservice,server,89,1,2,2,0
2,frontcart,100,0,61,recommendationservice,server,90,1,2,2,0
2,frontcart,100,0,61,redis-cart,-,,1,1,1,0
2,frontcart,100,0,61,shippingservice,server,31,1,1,1,0
2,frontcart,100,0,76,adservice,server,24,1,1,1,0
2,frontcart,100,0,76,checkoutservice,checkout,30,1,1,1,0
2,frontcart,100,0,76,currencyservice,server,58,1,1,1,0
2,frontcart,100,0,76,emailservice,email,50,1,1,1,0
2,frontcart,100,0,76,frontend,cartservice,48,2,2,2,0
2,frontcart,100,0,76,frontend,server,47,2,2,2,0
2,frontcart,100,0,76,paymentservice,payment,36,1,1,1,0
2,frontcart,100,0,76,productcatalogservice,server,84,2,2,2,0
2,frontcart,100,0,76,recommendationservice,server,87,2,2,2,0
2,frontcart,100,0,76,redis-cart,-,,1,1,1,0
2,frontcart,100,0,76,shippingservice,server,32,1,1,1,0
2,frontcart,100,0,91,adservice,server,23,1,1,1,0
2,frontcart,100,0,91,checkoutservice,checkout,31,1,1,1,0
2,frontcart,100,0,91,currencyservice,server,58,1,1,1,0
2,frontcart,100,0,91,emailservice,email,49,1,1,1,0
2,frontcart,100,0,91,frontend,cartservice,50,2,2,2,0
2,frontcart,100,0,91,frontend,server,51,2,2,2,0
2,frontcart,100,0,91,paymentservice,payment,35,1,1,1,0
2,frontcart,100,0,91,productcatalogservice,server,46,2,2,2,0
2,frontcart,100,0,91,recommendationservice,server,51,2,2,2,0
2,frontcart,100,0,91,redis-cart,-,,1,1,1,0
2,frontcart,100,0,91,shippingservice,server,33,1,1,1,0
2,frontcart,100,0,106,adservice,server,26,1,1,1,0
2,frontcart,100,0,106,checkoutservice,checkout,31,1,1,1,0
2,frontcart,100,0,106,currencyservice,server,61,1,1,1,0
2,frontcart,100,0,106,emailservice,email,53,1,1,1,0
2,frontcart,100,0,106,frontend,cartservice,44,2,2,2,0
2,frontcart,100,0,106,frontend,server,54,2,2,2,0
2,frontcart,100,0,106,paymentservice,payment,34,1,1,1,0
2,frontcart,100,0,106,productcatalogservice,server,48,2,2,2,0
2,frontcart,100,0,106,recommendationservice,server,46,2,2,2,0
2,frontcart,100,0,106,redis-cart,-,,1,1,1,0
2,frontcart,100,0,106,shippingservice,server,31,1,1,1,0
2,frontcart,100,0,122,adservice,server,22,1,1,1,0
2,frontcart,100,0,122,checkoutservice,checkout,31,1,1,1,0
2,frontcart,100,0,122,currencyservice,server,57,1,1,1,0
2,frontcart,100,0,122,emailservice,email,47,1,1,1,0
2,frontcart,100,0,122,frontend,cartservice,48,2,2,2,0
2,frontcart,100,0,122,frontend,server,46,2,2,2,0
2,frontcart,100,0,122,paymentservice,payment,34,1,1,1,0
2,frontcart,100,0,122,productcatalogservice,server,45,2,2,2,0
2,frontcart,100,0,122,recommendationservice,server,46,2,2,2,0
2,frontcart,100,0,122,redis-cart,-,,1,1,1,0
2,frontcart,100,0,122,shippingservice,server,31,1,1,1,0
2,frontcart,100,0,137,adservice,server,26,1,1,1,0
2,frontcart,100,0,137,checkoutservice,checkout,30,1,1,1,0
2,frontcart,100,0,137,currencyservice,server,62,1,1,1,0
2,frontcart,100,0,137,emailservice,email,51,1,1,1,0
2,frontcart,100,0,137,frontend,cartservice,50,2,2,2,0
2,frontcart,100,0,137,frontend,server,56,2,2,2,0
2,frontcart,100,0,137,paymentservice,payment,34,1,1,1,0
2,frontcart,100,0,137,productcatalogservice,server,48,2,2,2,0
2,frontcart,100,0,137,recommendationservice,server,46,2,2,2,0
2,frontcart,100,0,137,redis-cart,-,,1,1,1,0
2,frontcart,100,0,137,shippingservice,server,33,1,1,1,0
2,frontcart,100,0,152,adservice,server,26,1,1,1,0
2,frontcart,100,0,152,checkoutservice,checkout,33,1,1,1,0
2,frontcart,100,0,152,currencyservice,server,61,1,1,1,0
2,frontcart,100,0,152,emailservice,email,51,1,1,1,0
2,frontcart,100,0,152,frontend,cartservice,49,2,2,2,0
2,frontcart,100,0,152,frontend,server,51,2,2,2,0
2,frontcart,100,0,152,paymentservice,payment,35,1,1,1,0
2,frontcart,100,0,152,productcatalogservice,server,45,2,2,2,0
2,frontcart,100,0,152,recommendationservice,server,48,2,2,2,0
2,frontcart,100,0,152,redis-cart,-,,1,1,1,0
2,frontcart,100,0,152,shippingservice,server,33,1,1,1,0
2,frontcart,100,0,167,adservice,server,22,1,1,1,0
2,frontcart,100,0,167,checkoutservice,checkout,30,1,1,1,0
2,frontcart,100,0,167,currencyservice,server,56,1,1,1,0
2,frontcart,100,0,167,emailservice,email,51,1,1,1,0
2,frontcart,100,0,167,frontend,cartservice,45,2,2,2,0
2,frontcart,100,0,167,frontend,server,46,2,2,2,0
2,frontcart,100,0,167,paymentservice,payment,35,1,1,1,0
2,frontcart,100,0,167,productcatalogservice,server,41,2,2,2,0
2,frontcart,100,0,167,recommendationservice,server,44,2,2,2,0
2,frontcart,100,0,167,redis-cart,-,,1,1,1,0
2,frontcart,100,0,167,shippingservice,server,34,1,1,1,0
2,frontcart,100,0,182,adservice,server,22,1,1,1,0
2,frontcart,100,0,182,checkoutservice,checkout,30,1,1,1,0
2,frontcart,100,0,182,currencyservice,server,56,1,1,1,0
2,frontcart,100,0,182,emailservice,email,47,1,1,1,0
2,frontcart,100,0,182,frontend,cartservice,48,2,2,2,0
2,frontcart,100,0,182,frontend,server,45,2,2,2,0
2,frontcart,100,0,182,paymentservice,payment,34,1,1,1,0
2,frontcart,100,0,182,productcatalogservice,server,41,2,2,2,0
2,frontcart,100,0,182,recommendationservice,server,43,2,2,2,0
2,frontcart,100,0,182,redis-cart,-,,1,1,1,0
2,frontcart,100,0,182,shippingservice,server,31,1,1,1,0
2,frontcart,100,0,198,adservice,server,23,1,1,1,0
2,frontcart,100,0,198,checkoutservice,checkout,33,1,1,1,0
2,frontcart,100,0,198,currencyservice,server,58,1,1,1,0
2,frontcart,100,0,198,emailservice,email,49,1,1,1,0
2,frontcart,100,0,198,frontend,cartservice,42,2,2,2,0
2,frontcart,100,0,198,frontend,server,45,2,2,2,0
2,frontcart,100,0,198,paymentservice,payment,33,1,1,1,0
2,frontcart,100,0,198,productcatalogservice,server,43,2,2,2,0
2,frontcart,100,0,198,recommendationservice,server,42,2,2,2,0
2,frontcart,100,0,198,redis-cart,-,,1,1,1,0
2,frontcart,100,0,198,shippingservice,server,31,1,1,1,0
2,frontcart,100,0,213,adservice,server,21,1,1,1,0
2,frontcart,100,0,213,checkoutservice,checkout,28,1,1,1,0
2,frontcart,100,0,213,currencyservice,server,57,1,1,1,0
2,frontcart,100,0,213,emailservice,email,50,1,1,1,0
2,frontcart,100,0,213,frontend,cartservice,47,2,2,2,0
2,frontcart,100,0,213,frontend,server,49,2,2,2,0
2,frontcart,100,0,213,paymentservice,payment,37,1,1,1,0
2,frontcart,100,0,213,productcatalogservice,server,43,2,2,2,0
2,frontcart,100,0,213,recommendationservice,server,48,2,2,2,0
2,frontcart,100,0,213,redis-cart,-,,1,1,1,0
2,frontcart,100,0,213,shippingservice,server,32,1,1,1,0
2,frontcart,100,0,228,adservice,server,24,1,1,1,0
2,frontcart,100,0,228,checkoutservice,checkout,30,1,1,1,0
2,frontcart,100,0,228,currencyservice,server,56,1,1,1,0
2,frontcart,100,0,228,emailservice,email,48,1,1,1,0
2,frontcart,100,0,228,frontend,cartservice,41,2,2,2,0
2,frontcart,100,0,228,frontend,server,47,2,2,2,0
2,frontcart,100,0,228,paymentservice,payment,32,1,1,1,0
2,frontcart,100,0,228,productcatalogservice,server,43,2,2,2,0
2,frontcart,100,0,228,recommendationservice,server,41,2,2,2,0
2,frontcart,100,0,228,redis-cart,-,,1,1,1,0
2,frontcart,100,0,228,shippingservice,server,32,1,1,1,0
2,frontcart,100,0,243,adservice,server,21,1,1,1,0
2,frontcart,100,0,243,checkoutservice,checkout,30,1,1,1,0
2,frontcart,100,0,243,currencyservice,server,60,1,1,1,0
2,frontcart,100,0,243,emailservice,email,50,1,1,1,0
2,frontcart,100,0,243,frontend,cartservice,43,2,2,2,0
2,frontcart,100,0,243,frontend,server,49,2,2,2,0
2,frontcart,100,0,243,paymentservice,payment,32,1,1,1,0
2,frontcart,100,0,243,productcatalogservice,server,45,2,2,2,0
2,frontcart,100,0,243,recommendationservice,server,46,2,2,2,0
2,frontcart,100,0,243,redis-cart,-,,1,1,1,0
2,frontcart,100,0,243,shippingservice,server,30,1,1,1,0
2,frontcart,100,0,259,adservice,server,23,1,1,1,0
2,frontcart,100,0,259,checkoutservice,checkout,31,1,1,1,0
2,frontcart,100,0,259,currencyservice,server,56,1,1,1,0
2,frontcart,100,0,259,emailservice,email,49,1,1,1,0
2,frontcart,100,0,259,frontend,cartservice,44,2,2,2,0
2,frontcart,100,0,259,frontend,server,48,2,2,2,0
2,frontcart,100,0,259,paymentservice,payment,35,1,1,1,0
2,frontcart,100,0,259,productcatalogservice,server,47,2,2,2,0
2,frontcart,100,0,259,recommendationservice,server,47,2,2,2,0
2,frontcart,100,0,259,redis-cart,-,,1,1,1,0
2,frontcart,100,0,259,shippingservice,server,33,1,1,1,0
2,frontcart,100,0,274,adservice,server,23,1,1,1,0
2,frontcart,100,0,274,checkoutservice,checkout,30,1,1,1,0
2,frontcart,100,0,274,currencyservice,server,56,1,1,1,0
2,frontcart,100,0,274,emailservice,email,48,1,1,1,0
2,frontcart,100,0,274,frontend,cartservice,46,2,2,2,0
2,frontcart,100,0,274,frontend,server,48,2,2,2,0
2,frontcart,100,0,274,paymentservice,payment,34,1,1,1,0
2,frontcart,100,0,274,productcatalogservice,server,44,2,2,2,0
2,frontcart,100,0,274,recommendationservice,server,44,2,2,2,0
2,frontcart,100,0,274,redis-cart,-,,1,1,1,0
2,frontcart,100,0,274,shippingservice,server,31,1,1,1,0
2,frontcart,100,0,289,adservice,server,22,1,1,1,0
2,frontcart,100,0,289,checkoutservice,checkout,30,1,1,1,0
2,frontcart,100,0,289,currencyservice,server,58,1,1,1,0
2,frontcart,100,0,289,emailservice,email,49,1,1,1,0
2,frontcart,100,0,289,frontend,cartservice,47,2,2,2,0
2,frontcart,100,0,289,frontend,server,48,2,2,2,0
2,frontcart,100,0,289,paymentservice,payment,35,1,1,1,0
2,frontcart,100,0,289,productcatalogservice,server,44,2,2,2,0
2,frontcart,100,0,289,recommendationservice,server,44,2,2,2,0
2,frontcart,100,0,289,redis-cart,-,,1,1,1,0
2,frontcart,100,0,289,shippingservice,server,31,1,1,1,0
2,frontcart,100,0,304,adservice,server,21,1,1,1,0
2,frontcart,100,0,304,checkoutservice,checkout,30,1,1,1,0
2,frontcart,100,0,304,currencyservice,server,56,1,1,1,0
2,frontcart,100,0,304,emailservice,email,48,1,1,1,0
2,frontcart,100,0,304,frontend,cartservice,45,2,2,2,0
2,frontcart,100,0,304,frontend,server,45,2,2,2,0
2,frontcart,100,0,304,paymentservice,payment,35,1,1,1,0
2,frontcart,100,0,304,productcatalogservice,server,42,2,2,2,0
2,frontcart,100,0,304,recommendationservice,server,45,2,2,2,0
2,frontcart,100,0,304,redis-cart,-,,1,1,1,0
2,frontcart,100,0,304,shippingservice,server,33,1,1,1,0
2,frontcart,100,0,320,adservice,server,25,1,1,1,0
2,frontcart,100,0,320,checkoutservice,checkout,31,1,1,1,0
2,frontcart,100,0,320,currencyservice,server,57,1,1,1,0
2,frontcart,100,0,320,emailservice,email,49,1,1,1,0
2,frontcart,100,0,320,frontend,cartservice,45,2,2,2,0
2,frontcart,100,0,320,frontend,server,47,2,2,2,0
2,frontcart,100,0,320,paymentservice,payment,36,1,1,1,0
2,frontcart,100,0,320,productcatalogservice,server,44,2,2,2,0
2,frontcart,100,0,320,recommendationservice,server,44,2,2,2,0
2,frontcart,100,0,320,redis-cart,-,,1,1,1,0
2,frontcart,100,0,320,shippingservice,server,31,1,1,1,0
2,frontcart,100,0,335,adservice,server,21,1,1,1,0
2,frontcart,100,0,335,checkoutservice,checkout,30,1,1,1,0
2,frontcart,100,0,335,currencyservice,server,55,1,1,1,0
2,frontcart,100,0,335,emailservice,email,47,1,1,1,0
2,frontcart,100,0,335,frontend,cartservice,42,2,2,2,0
2,frontcart,100,0,335,frontend,server,46,2,2,2,0
2,frontcart,100,0,335,paymentservice,payment,35,1,1,1,0
2,frontcart,100,0,335,productcatalogservice,server,41,2,2,2,0
2,frontcart,100,0,335,recommendationservice,server,42,2,2,2,0
2,frontcart,100,0,335,redis-cart,-,,1,1,1,0
2,frontcart,100,0,335,shippingservice,server,31,1,1,1,0
2,frontcart,100,0,350,adservice,server,24,1,1,1,0
2,frontcart,100,0,350,checkoutservice,checkout,31,1,1,1,0
2,frontcart,100,0,350,currencyservice,server,58,1,1,1,0
2,frontcart,100,0,350,emailservice,email,52,1,1,1,0
2,frontcart,100,0,350,frontend,cartservice,45,2,2,2,0
2,frontcart,100,0,350,frontend,server,51,2,2,2,0
2,frontcart,100,0,350,paymentservice,payment,35,1,1,1,0
2,frontcart,100,0,350,productcatalogservice,server,47,2,2,2,0
2,frontcart,100,0,350,recommendationservice,server,48,2,2,2,0
2,frontcart,100,0,350,redis-cart,-,,1,1,1,0
2,frontcart,100,0,350,shippingservice,server,32,1,1,1,0
2,frontcart,100,0,365,adservice,server,23,1,1,1,0
2,frontcart,100,0,365,checkoutservice,checkout,31,1,1,1,0
2,frontcart,100,0,365,currencyservice,server,59,1,1,1,0
2,frontcart,100,0,365,emailservice,email,50,1,1,1,0
2,frontcart,100,0,365,frontend,cartservice,46,2,2,2,0
2,frontcart,100,0,365,frontend,server,48,2,2,2,0
2,frontcart,100,0,365,paymentservice,payment,35,1,1,1,0
2,frontcart,100,0,365,productcatalogservice,server,46,2,2,2,0
2,frontcart,100,0,365,recommendationservice,server,46,2,2,2,0
2,frontcart,100,0,365,redis-cart,-,,1,1,1,0
2,frontcart,100,0,365,shippingservice,server,32,1,1,1,0
2,frontcart,100,0,380,adservice,server,22,1,1,1,0
2,frontcart,100,0,380,checkoutservice,checkout,29,1,1,1,0
2,frontcart,100,0,380,currencyservice,server,56,1,1,1,0
2,frontcart,100,0,380,emailservice,email,50,1,1,1,0
2,frontcart,100,0,380,frontend,cartservice,49,2,2,2,0
2,frontcart,100,0,380,frontend,server,47,2,2,2,0
2,frontcart,100,0,380,paymentservice,payment,35,1,1,1,0
2,frontcart,100,0,380,productcatalogservice,server,42,2,2,2,0
2,frontcart,100,0,380,recommendationservice,server,43,2,2,2,0
2,frontcart,100,0,380,redis-cart,-,,1,1,1,0
2,frontcart,100,0,380,shippingservice,server,30,1,1,1,0
2,frontcart,100,0,396,adservice,server,22,1,1,1,0
2,frontcart,100,0,396,checkoutservice,checkout,29,1,1,1,0
2,frontcart,100,0,396,currencyservice,server,54,1,1,1,0
2,frontcart,100,0,396,emailservice,email,47,1,1,1,0
2,frontcart,100,0,396,frontend,cartservice,47,2,2,2,0
2,frontcart,100,0,396,frontend,server,45,2,2,2,0
2,frontcart,100,0,396,paymentservice,payment,32,1,1,1,0
2,frontcart,100,0,396,productcatalogservice,server,42,2,2,2,0
2,frontcart,100,0,396,recommendationservice,server,44,2,2,2,0
2,frontcart,100,0,396,redis-cart,-,,1,1,1,0
2,frontcart,100,0,396,shippingservice,server,29,1,1,1,0
2,frontcart,100,0,411,adservice,server,22,1,1,1,0
2,frontcart,100,0,411,checkoutservice,checkout,29,1,1,1,0
2,frontcart,100,0,411,currencyservice,server,57,1,1,1,0
2,frontcart,100,0,411,emailservice,email,47,1,1,1,0
2,frontcart,100,0,411,frontend,cartservice,45,2,2,2,0
2,frontcart,100,0,411,frontend,server,44,2,2,2,0
2,frontcart,100,0,411,paymentservice,payment,32,1,1,1,0
2,frontcart,100,0,411,productcatalogservice,server,44,2,2,2,0
2,frontcart,100,0,411,recommendationservice,server,39,2,2,2,0
2,frontcart,100,0,411,redis-cart,-,,1,1,1,0
2,frontcart,100,0,411,shippingservice,server,30,1,1,1,0
2,frontcart,100,0,426,adservice,server,24,1,1,1,0
2,frontcart,100,0,426,checkoutservice,checkout,30,1,1,1,0
2,frontcart,100,0,426,currencyservice,server,55,1,1,1,0
2,frontcart,100,0,426,emailservice,email,49,1,1,1,0
2,frontcart,100,0,426,frontend,cartservice,43,2,2,2,0
2,frontcart,100,0,426,frontend,server,52,2,2,2,0
2,frontcart,100,0,426,paymentservice,payment,34,1,1,1,0
2,frontcart,100,0,426,productcatalogservice,server,44,2,2,2,0
2,frontcart,100,0,426,recommendationservice,server,53,2,2,2,0
2,frontcart,100,0,426,redis-cart,-,,1,1,1,0
2,frontcart,100,0,426,shippingservice,server,33,1,1,1,0
2,frontcart,100,0,441,adservice,server,22,1,1,1,0
2,frontcart,100,0,441,checkoutservice,checkout,29,1,1,1,0
2,frontcart,100,0,441,currencyservice,server,46,1,1,1,0
2,frontcart,100,0,441,emailservice,email,27,1,1,1,0
2,frontcart,100,0,441,frontend,cartservice,15,2,2,2,0
2,frontcart,100,0,441,frontend,server,30,2,2,2,0
2,frontcart,100,0,441,paymentservice,payment,5,1,1,1,0
2,frontcart,100,0,441,productcatalogservice,server,44,2,2,2,0
2,frontcart,100,0,441,recommendationservice,server,25,2,2,2,0
2,frontcart,100,0,441,redis-cart,-,,1,1,1,0
2,frontcart,100,0,441,shippingservice,server,10,1,1,1,0
2,frontcart,100,0,0,adservice,server,1,1,1,1,0
2,frontcart,100,0,0,checkoutservice,checkout,1,1,1,1,0
2,frontcart,100,0,0,currencyservice,server,1,1,1,1,0
2,frontcart,100,0,0,emailservice,email,1,1,1,1,0
2,frontcart,100,0,0,frontend,cartservice,3,2,2,2,0
2,frontcart,100,0,0,frontend,server,0,2,2,2,0
2,frontcart,100,0,0,paymentservice,payment,1,1,1,1,0
2,frontcart,100,0,0,productcatalogservice,server,7,2,2,2,0
2,frontcart,100,0,0,recommendationservice,server,0,2,2,2,0
2,frontcart,100,0,0,redis-cart,-,,1,1,1,0
2,frontcart,100,0,0,shippingservice,server,10,1,1,1,0
2,frontcart,100,0,15,adservice,server,1,1,1,1,0
2,frontcart,100,0,15,checkoutservice,checkout,0,1,1,1,0
2,frontcart,100,0,15,currencyservice,server,0,1,1,1,0
2,frontcart,100,0,15,emailservice,email,3,1,1,1,0
2,frontcart,100,0,15,frontend,cartservice,0,2,2,2,0
2,frontcart,100,0,15,frontend,server,0,2,2,2,0
2,frontcart,100,0,15,paymentservice,payment,0,1,1,1,0
2,frontcart,100,0,15,productcatalogservice,server,0,2,2,2,0
2,frontcart,100,0,15,recommendationservice,server,0,2,2,2,0
2,frontcart,100,0,15,redis-cart,-,,1,1,1,0
2,frontcart,100,0,15,shippingservice,server,0,1,1,1,0
2,frontcart,100,0,31,adservice,server,34,1,1,1,0
2,frontcart,100,0,31,checkoutservice,checkout,23,1,1,1,0
2,frontcart,100,0,31,currencyservice,server,54,1,1,1,0
2,frontcart,100,0,31,emailservice,email,52,1,1,1,0
2,frontcart,100,0,31,frontend,cartservice,39,2,2,2,0
2,frontcart,100,0,31,frontend,server,35,2,2,2,0
2,frontcart,100,0,31,paymentservice,payment,29,1,1,1,0
2,frontcart,100,0,31,productcatalogservice,server,22,2,2,2,0
2,frontcart,100,0,31,recommendationservice,server,30,2,1,1,0
2,frontcart,100,0,31,redis-cart,-,,1,1,1,0
2,frontcart,100,0,31,shippingservice,server,9,1,1,1,0
2,frontcart,100,0,46,adservice,server,41,1,1,1,0
2,frontcart,100,0,46,checkoutservice,checkout,23,1,1,1,0
2,frontcart,100,0,46,currencyservice,server,84,1,1,1,0
2,frontcart,100,0,46,emailservice,email,57,1,1,1,0
2,frontcart,100,0,46,frontend,cartservice,76,2,2,2,0
2,frontcart,100,0,46,frontend,server,77,2,2,2,0
2,frontcart,100,0,46,paymentservice,payment,39,1,1,1,0
2,frontcart,100,0,46,productcatalogservice,server,65,2,2,2,0
2,frontcart,100,0,46,recommendationservice,server,131,1,1,1,0
2,frontcart,100,0,46,redis-cart,-,,1,1,1,0
2,frontcart,100,0,46,shippingservice,server,37,1,1,1,0
2,frontcart,100,0,61,adservice,server,39,1,1,1,0
2,frontcart,100,0,61,checkoutservice,checkout,35,1,1,1,0
2,frontcart,100,0,61,currencyservice,server,78,1,2,2,0
2,frontcart,100,0,61,emailservice,email,54,1,1,1,0
2,frontcart,100,0,61,frontend,cartservice,69,2,2,2,0
2,frontcart,100,0,61,frontend,server,67,2,2,2,0
2,frontcart,100,0,61,paymentservice,payment,37,1,1,1,0
2,frontcart,100,0,61,productcatalogservice,server,59,2,2,2,0
2,frontcart,100,0,61,recommendationservice,server,114,1,2,2,0
2,frontcart,100,0,61,redis-cart,-,,1,1,1,0
2,frontcart,100,0,61,shippingservice,server,35,1,1,1,0
2,frontcart,100,0,76,adservice,server,40,1,1,1,0
2,frontcart,100,0,76,checkoutservice,checkout,34,1,1,1,0
2,frontcart,100,0,76,currencyservice,server,77,2,2,2,0
2,frontcart,100,0,76,emailservice,email,52,1,1,1,0
2,frontcart,100,0,76,frontend,cartservice,66,2,2,2,0
2,frontcart,100,0,76,frontend,server,68,2,2,2,0
2,frontcart,100,0,76,paymentservice,payment,36,1,1,1,0
2,frontcart,100,0,76,productcatalogservice,server,60,2,2,2,0
2,frontcart,100,0,76,recommendationservice,server,128,2,2,2,0
2,frontcart,100,0,76,redis-cart,-,,1,1,1,0
2,frontcart,100,0,76,shippingservice,server,34,1,1,1,0
2,frontcart,100,0,92,adservice,server,39,1,1,1,0
2,frontcart,100,0,92,checkoutservice,checkout,34,1,1,1,0
2,frontcart,100,0,92,currencyservice,server,38,2,2,2,0
2,frontcart,100,0,92,emailservice,email,51,1,1,1,0
2,frontcart,100,0,92,frontend,cartservice,70,2,2,2,0
2,frontcart,100,0,92,frontend,server,64,2,2,2,0
2,frontcart,100,0,92,paymentservice,payment,38,1,1,1,0
2,frontcart,100,0,92,productcatalogservice,server,58,2,2,2,0
2,frontcart,100,0,92,recommendationservice,server,60,2,2,2,0
2,frontcart,100,0,92,redis-cart,-,,1,1,1,0
2,frontcart,100,0,92,shippingservice,server,35,1,1,1,0
2,frontcart,100,0,107,adservice,server,49,1,1,1,0
2,frontcart,100,0,107,checkoutservice,checkout,37,1,1,1,0
2,frontcart,100,0,107,currencyservice,server,44,2,2,2,0
2,frontcart,100,0,107,emailservice,email,61,1,1,1,0
2,frontcart,100,0,107,frontend,cartservice,76,2,2,2,0
2,frontcart,100,0,107,frontend,server,83,2,2,2,0
2,frontcart,100,0,107,paymentservice,payment,38,1,1,1,0
2,frontcart,100,0,107,productcatalogservice,server,74,2,2,2,0
2,frontcart,100,0,107,recommendationservice,server,71,2,2,2,0
2,frontcart,100,0,107,redis-cart,-,,1,1,1,0
2,frontcart,100,0,107,shippingservice,server,41,1,1,1,0
2,frontcart,100,0,122,adservice,server,35,1,1,1,0
2,frontcart,100,0,122,checkoutservice,checkout,37,1,1,1,0
2,frontcart,100,0,122,currencyservice,server,39,2,2,2,0
2,frontcart,100,0,122,emailservice,email,53,1,1,1,0
2,frontcart,100,0,122,frontend,cartservice,70,2,2,2,0
2,frontcart,100,0,122,frontend,server,66,2,2,2,0
2,frontcart,100,0,122,paymentservice,payment,38,1,1,1,0
2,frontcart,100,0,122,productcatalogservice,server,54,2,2,2,0
2,frontcart,100,0,122,recommendationservice,server,56,2,2,2,0
2,frontcart,100,0,122,redis-cart,-,,1,1,1,0
2,frontcart,100,0,122,shippingservice,server,33,1,1,1,0
2,frontcart,100,0,137,adservice,server,35,1,1,1,0
2,frontcart,100,0,137,checkoutservice,checkout,32,1,1,1,0
2,frontcart,100,0,137,currencyservice,server,36,2,2,2,0
2,frontcart,100,0,137,emailservice,email,50,1,1,1,0
2,frontcart,100,0,137,frontend,cartservice,62,2,2,2,0
2,frontcart,100,0,137,frontend,server,58,2,2,2,0
2,frontcart,100,0,137,paymentservice,payment,36,1,1,1,0
2,frontcart,100,0,137,productcatalogservice,server,53,2,2,2,0
2,frontcart,100,0,137,recommendationservice,server,56,2,2,2,0
2,frontcart,100,0,137,redis-cart,-,,1,1,1,0
2,frontcart,100,0,137,shippingservice,server,32,1,1,1,0
2,frontcart,100,0,153,adservice,server,35,1,1,1,0
2,frontcart,100,0,153,checkoutservice,checkout,31,1,1,1,0
2,frontcart,100,0,153,currencyservice,server,36,2,2,2,0
2,frontcart,100,0,153,emailservice,email,48,1,1,1,0
2,frontcart,100,0,153,frontend,cartservice,67,2,2,2,0
2,frontcart,100,0,153,frontend,server,57,2,2,2,0
2,frontcart,100,0,153,paymentservice,payment,36,1,1,1,0
2,frontcart,100,0,153,productcatalogservice,server,56,2,2,2,0
2,frontcart,100,0,153,recommendationservice,server,58,2,2,2,0
2,frontcart,100,0,153,redis-cart,-,,1,1,1,0
2,frontcart,100,0,153,shippingservice,server,34,1,1,1,0
2,frontcart,100,0,168,adservice,server,36,1,1,1,0
2,frontcart,100,0,168,checkoutservice,checkout,33,1,1,1,0
2,frontcart,100,0,168,currencyservice,server,39,2,2,2,0
2,frontcart,100,0,168,emailservice,email,52,1,1,1,0
2,frontcart,100,0,168,frontend,cartservice,63,2,2,2,0
2,frontcart,100,0,168,frontend,server,61,2,2,2,0
2,frontcart,100,0,168,paymentservice,payment,39,1,1,1,0
2,frontcart,100,0,168,productcatalogservice,server,56,2,2,2,0
2,frontcart,100,0,168,recommendationservice,server,58,2,2,2,0
2,frontcart,100,0,168,redis-cart,-,,1,1,1,0
2,frontcart,100,0,168,shippingservice,server,34,1,1,1,0
2,frontcart,100,0,183,adservice,server,37,1,1,1,0
2,frontcart,100,0,183,checkoutservice,checkout,32,1,1,1,0
2,frontcart,100,0,183,currencyservice,server,39,2,2,2,0
2,frontcart,100,0,183,emailservice,email,49,1,1,1,0
2,frontcart,100,0,183,frontend,cartservice,56,2,2,2,0
2,frontcart,100,0,183,frontend,server,57,2,2,2,0
2,frontcart,100,0,183,paymentservice,payment,35,1,1,1,0
2,frontcart,100,0,183,productcatalogservice,server,54,2,2,2,0
2,frontcart,100,0,183,recommendationservice,server,57,2,2,2,0
2,frontcart,100,0,183,redis-cart,-,,1,1,1,0
2,frontcart,100,0,183,shippingservice,server,32,1,1,1,0
2,frontcart,100,0,198,adservice,server,35,1,1,1,0
2,frontcart,100,0,198,checkoutservice,checkout,32,1,1,1,0
2,frontcart,100,0,198,currencyservice,server,37,2,2,2,0
2,frontcart,100,0,198,emailservice,email,49,1,1,1,0
2,frontcart,100,0,198,frontend,cartservice,57,2,2,2,0
2,frontcart,100,0,198,frontend,server,61,2,2,2,0
2,frontcart,100,0,198,paymentservice,payment,36,1,1,1,0
2,frontcart,100,0,198,productcatalogservice,server,53,2,2,2,0
2,frontcart,100,0,198,recommendationservice,server,58,2,2,2,0
2,frontcart,100,0,198,redis-cart,-,,1,1,1,0
2,frontcart,100,0,198,shippingservice,server,32,1,1,1,0
2,frontcart,100,0,214,adservice,server,37,1,1,1,0
2,frontcart,100,0,214,checkoutservice,checkout,30,1,1,1,0
2,frontcart,100,0,214,currencyservice,server,38,2,2,2,0
2,frontcart,100,0,214,emailservice,email,51,1,1,1,0
2,frontcart,100,0,214,frontend,cartservice,61,2,2,2,0
2,frontcart,100,0,214,frontend,server,68,2,2,2,0
2,frontcart,100,0,214,paymentservice,payment,29,1,1,1,0
2,frontcart,100,0,214,productcatalogservice,server,60,2,2,2,0
2,frontcart,100,0,214,recommendationservice,server,61,2,2,2,0
2,frontcart,100,0,214,redis-cart,-,,1,1,1,0
2,frontcart,100,0,214,shippingservice,server,31,1,1,1,0
2,frontcart,100,0,229,adservice,server,39,1,1,1,0
2,frontcart,100,0,229,checkoutservice,checkout,34,1,1,1,0
2,frontcart,100,0,229,currencyservice,server,38,2,2,2,0
2,frontcart,100,0,229,emailservice,email,53,1,1,1,0
2,frontcart,100,0,229,frontend,cartservice,59,2,2,2,0
2,frontcart,100,0,229,frontend,server,63,2,2,2,0
2,frontcart,100,0,229,paymentservice,payment,38,1,1,1,0
2,frontcart,100,0,229,productcatalogservice,server,57,2,2,2,0
2,frontcart,100,0,229,recommendationservice,server,60,2,2,2,0
2,frontcart,100,0,229,redis-cart,-,,1,1,1,0
2,frontcart,100,0,229,shippingservice,server,35,1,1,1,0
2,frontcart,100,0,244,adservice,server,35,1,1,1,0
2,frontcart,100,0,244,checkoutservice,checkout,32,1,1,1,0
2,frontcart,100,0,244,currencyservice,server,36,2,2,2,0
2,frontcart,100,0,244,emailservice,email,49,1,1,1,0
2,frontcart,100,0,244,frontend,cartservice,55,2,2,2,0
2,frontcart,100,0,244,frontend,server,58,2,2,2,0
2,frontcart,100,0,244,paymentservice,payment,34,1,1,1,0
2,frontcart,100,0,244,productcatalogservice,server,54,2,2,2,0
2,frontcart,100,0,244,recommendationservice,server,56,2,2,2,0
2,frontcart,100,0,244,redis-cart,-,,1,1,1,0
2,frontcart,100,0,244,shippingservice,server,32,1,1,1,0
2,frontcart,100,0,259,adservice,server,37,1,1,1,0
2,frontcart,100,0,259,checkoutservice,checkout,32,1,1,1,0
2,frontcart,100,0,259,currencyservice,server,37,2,2,2,0
2,frontcart,100,0,259,emailservice,email,53,1,1,1,0
2,frontcart,100,0,259,frontend,cartservice,57,2,2,2,0
2,frontcart,100,0,259,frontend,server,68,2,2,2,0
2,frontcart,100,0,259,paymentservice,payment,36,1,1,1,0
2,frontcart,100,0,259,productcatalogservice,server,54,2,2,2,0
2,frontcart,100,0,259,recommendationservice,server,58,2,2,2,0
2,frontcart,100,0,259,redis-cart,-,,1,1,1,0
2,frontcart,100,0,259,shippingservice,server,34,1,1,1,0
2,frontcart,100,0,274,adservice,server,40,1,1,1,0
2,frontcart,100,0,274,checkoutservice,checkout,37,1,1,1,0
2,frontcart,100,0,274,currencyservice,server,40,2,2,2,0
2,frontcart,100,0,274,emailservice,email,55,1,1,1,0
2,frontcart,100,0,274,frontend,cartservice,64,2,2,2,0
2,frontcart,100,0,274,frontend,server,68,2,2,2,0
2,frontcart,100,0,274,paymentservice,payment,38,1,1,1,0
2,frontcart,100,0,274,productcatalogservice,server,62,2,2,2,0
2,frontcart,100,0,274,recommendationservice,server,64,2,2,2,0
2,frontcart,100,0,274,redis-cart,-,,1,1,1,0
2,frontcart,100,0,274,shippingservice,server,36,1,1,1,0
2,frontcart,100,0,290,adservice,server,37,1,1,1,0
2,frontcart,100,0,290,checkoutservice,checkout,32,1,1,1,0
2,frontcart,100,0,290,currencyservice,server,38,2,2,2,0
2,frontcart,100,0,290,emailservice,email,51,1,1,1,0
2,frontcart,100,0,290,frontend,cartservice,59,2,2,2,0
2,frontcart,100,0,290,frontend,server,68,2,2,2,0
2,frontcart,100,0,290,paymentservice,payment,38,1,1,1,0
2,frontcart,100,0,290,productcatalogservice,server,62,2,2,2,0
2,frontcart,100,0,290,recommendationservice,server,61,2,2,2,0
2,frontcart,100,0,290,redis-cart,-,,1,1,1,0
2,frontcart,100,0,290,shippingservice,server,34,1,1,1,0
2,frontcart,100,0,305,adservice,server,41,1,1,1,0
2,frontcart,100,0,305,checkoutservice,checkout,32,1,1,1,0
2,frontcart,100,0,305,currencyservice,server,40,2,2,2,0
2,frontcart,100,0,305,emailservice,email,55,1,1,1,0
2,frontcart,100,0,305,frontend,cartservice,65,2,2,2,0
2,frontcart,100,0,305,frontend,server,71,2,2,2,0
2,frontcart,100,0,305,paymentservice,payment,36,1,1,1,0
2,frontcart,100,0,305,productcatalogservice,server,61,2,2,2,0
2,frontcart,100,0,305,recommendationservice,server,65,2,2,2,0
2,frontcart,100,0,305,redis-cart,-,,1,1,1,0
2,frontcart,100,0,305,shippingservice,server,38,1,1,1,0
2,frontcart,100,0,320,adservice,server,42,1,1,1,0
2,frontcart,100,0,320,checkoutservice,checkout,35,1,1,1,0
2,frontcart,100,0,320,currencyservice,server,40,2,2,2,0
2,frontcart,100,0,320,emailservice,email,52,1,1,1,0
2,frontcart,100,0,320,frontend,cartservice,55,2,2,2,0
2,frontcart,100,0,320,frontend,server,68,2,2,2,0
2,frontcart,100,0,320,paymentservice,payment,35,1,1,1,0
2,frontcart,100,0,320,productcatalogservice,server,59,2,2,2,0
2,frontcart,100,0,320,recommendationservice,server,59,2,2,2,0
2,frontcart,100,0,320,redis-cart,-,,1,1,1,0
2,frontcart,100,0,320,shippingservice,server,32,1,1,1,0
2,frontcart,100,0,335,adservice,server,42,1,1,1,0
2,frontcart,100,0,335,checkoutservice,checkout,38,1,1,1,0
2,frontcart,100,0,335,currencyservice,server,36,2,2,2,0
2,frontcart,100,0,335,emailservice,email,58,1,1,1,0
2,frontcart,100,0,335,frontend,cartservice,64,2,2,2,0
2,frontcart,100,0,335,frontend,server,67,2,2,2,0
2,frontcart,100,0,335,paymentservice,payment,37,1,1,1,0
2,frontcart,100,0,335,productcatalogservice,server,62,2,2,2,0
2,frontcart,100,0,335,recommendationservice,server,66,2,2,2,0
2,frontcart,100,0,335,redis-cart,-,,1,1,1,0
2,frontcart,100,0,335,shippingservice,server,37,1,1,1,0
2,frontcart,100,0,351,adservice,server,38,1,1,1,0
2,frontcart,100,0,351,checkoutservice,checkout,32,1,1,1,0
2,frontcart,100,0,351,currencyservice,server,37,2,2,2,0
2,frontcart,100,0,351,emailservice,email,49,1,1,1,0
2,frontcart,100,0,351,frontend,cartservice,55,2,2,2,0
2,frontcart,100,0,351,frontend,server,61,2,2,2,0
2,frontcart,100,0,351,paymentservice,payment,36,1,1,1,0
2,frontcart,100,0,351,productcatalogservice,server,55,2,2,2,0
2,frontcart,100,0,351,recommendationservice,server,59,2,2,2,0
2,frontcart,100,0,351,redis-cart,-,,1,1,1,0
2,frontcart,100,0,351,shippingservice,server,32,1,1,1,0
2,frontcart,100,0,366,adservice,server,39,1,1,1,0
2,frontcart,100,0,366,checkoutservice,checkout,33,1,1,1,0
2,frontcart,100,0,366,currencyservice,server,38,2,2,2,0
2,frontcart,100,0,366,emailservice,email,51,1,1,1,0
2,frontcart,100,0,366,frontend,cartservice,59,2,2,2,0
2,frontcart,100,0,366,frontend,server,67,2,2,2,0
2,frontcart,100,0,366,paymentservice,payment,39,1,1,1,0
2,frontcart,100,0,366,productcatalogservice,server,59,2,2,2,0
2,frontcart,100,0,366,recommendationservice,server,60,2,2,2,0
2,frontcart,100,0,366,redis-cart,-,,1,1,1,0
2,frontcart,100,0,366,shippingservice,server,34,1,1,1,0
2,frontcart,100,0,381,adservice,server,36,1,1,1,0
2,frontcart,100,0,381,checkoutservice,checkout,32,1,1,1,0
2,frontcart,100,0,381,currencyservice,server,37,2,2,2,0
2,frontcart,100,0,381,emailservice,email,51,1,1,1,0
2,frontcart,100,0,381,frontend,cartservice,60,2,2,2,0
2,frontcart,100,0,381,frontend,server,63,2,2,2,0
2,frontcart,100,0,381,paymentservice,payment,34,1,1,1,0
2,frontcart,100,0,381,productcatalogservice,server,59,2,2,2,0
2,frontcart,100,0,381,recommendationservice,server,57,2,2,2,0
2,frontcart,100,0,381,redis-cart,-,,1,1,1,0
2,frontcart,100,0,381,shippingservice,server,34,1,1,1,0
2,frontcart,100,0,396,adservice,server,40,1,1,1,0
2,frontcart,100,0,396,checkoutservice,checkout,35,1,1,1,0
2,frontcart,100,0,396,currencyservice,server,39,2,2,2,0
2,frontcart,100,0,396,emailservice,email,53,1,1,1,0
2,frontcart,100,0,396,frontend,cartservice,58,2,2,2,0
2,frontcart,100,0,396,frontend,server,63,2,2,2,0
2,frontcart,100,0,396,paymentservice,payment,35,1,1,1,0
2,frontcart,100,0,396,productcatalogservice,server,59,2,2,2,0
2,frontcart,100,0,396,recommendationservice,server,61,2,2,2,0
2,frontcart,100,0,396,redis-cart,-,,1,1,1,0
2,frontcart,100,0,396,shippingservice,server,34,1,1,1,0
2,frontcart,100,0,411,adservice,server,40,1,1,1,0
2,frontcart,100,0,411,checkoutservice,checkout,34,1,1,1,0
2,frontcart,100,0,411,currencyservice,server,39,2,2,2,0
2,frontcart,100,0,411,emailservice,email,49,1,1,1,0
2,frontcart,100,0,411,frontend,cartservice,58,2,2,2,0
2,frontcart,100,0,411,frontend,server,70,2,2,2,0
2,frontcart,100,0,411,paymentservice,payment,37,1,1,1,0
2,frontcart,100,0,411,productcatalogservice,server,58,2,2,2,0
2,frontcart,100,0,411,recommendationservice,server,63,2,2,2,0
2,frontcart,100,0,411,redis-cart,-,,1,1,1,0
2,frontcart,100,0,411,shippingservice,server,35,1,1,1,0
2,frontcart,100,0,427,adservice,server,39,1,1,1,0
2,frontcart,100,0,427,checkoutservice,checkout,32,1,1,1,0
2,frontcart,100,0,427,currencyservice,server,38,2,2,2,0
2,frontcart,100,0,427,emailservice,email,52,1,1,1,0
2,frontcart,100,0,427,frontend,cartservice,65,2,2,2,0
2,frontcart,100,0,427,frontend,server,60,2,2,2,0
2,frontcart,100,0,427,paymentservice,payment,36,1,1,1,0
2,frontcart,100,0,427,productcatalogservice,server,60,2,2,2,0
2,frontcart,100,0,427,recommendationservice,server,61,2,2,2,0
2,frontcart,100,0,427,redis-cart,-,,1,1,1,0
2,frontcart,100,0,427,shippingservice,server,32,1,1,1,0
2,frontcart,100,0,442,adservice,server,35,1,1,1,0
2,frontcart,100,0,442,checkoutservice,checkout,32,1,1,1,0
2,frontcart,100,0,442,currencyservice,server,38,2,2,2,0
2,frontcart,100,0,442,emailservice,email,50,1,1,1,0
2,frontcart,100,0,442,frontend,cartservice,60,2,2,2,0
2,frontcart,100,0,442,frontend,server,62,2,2,2,0
2,frontcart,100,0,442,paymentservice,payment,36,1,1,1,0
2,frontcart,100,0,442,productcatalogservice,server,53,2,2,2,0
2,frontcart,100,0,442,recommendationservice,server,57,2,2,2,0
2,frontcart,100,0,442,redis-cart,-,,1,1,1,0
2,frontcart,100,0,442,shippingservice,server,32,1,1,1,0
2,frontcart,100,0,0,adservice,server,1,1,1,1,0
2,frontcart,100,0,0,checkoutservice,checkout,0,1,1,1,0
2,frontcart,100,0,0,currencyservice,server,0,2,2,2,0
2,frontcart,100,0,0,emailservice,email,1,1,1,1,0
2,frontcart,100,0,0,frontend,cartservice,0,2,2,2,0
2,frontcart,100,0,0,frontend,server,2,2,2,2,0
2,frontcart,100,0,0,paymentservice,payment,0,1,1,1,0
2,frontcart,100,0,0,productcatalogservice,server,0,2,2,2,0
2,frontcart,100,0,0,recommendationservice,server,0,2,2,2,0
2,frontcart,100,0,0,redis-cart,-,,1,1,1,0
2,frontcart,100,0,0,shippingservice,server,0,1,1,1,0
2,frontcart,100,0,15,adservice,server,7,1,1,1,0
2,frontcart,100,0,15,checkoutservice,checkout,3,1,1,1,0
2,frontcart,100,0,15,currencyservice,server,3,2,2,2,0
2,frontcart,100,0,15,emailservice,email,1,1,1,1,0
2,frontcart,100,0,15,frontend,cartservice,2,2,2,2,0
2,frontcart,100,0,15,frontend,server,0,2,2,2,0
2,frontcart,100,0,15,paymentservice,payment,0,1,1,1,0
2,frontcart,100,0,15,productcatalogservice,server,3,2,2,2,0
2,frontcart,100,0,15,recommendationservice,server,6,2,2,2,0
2,frontcart,100,0,15,redis-cart,-,,1,1,1,0
2,frontcart,100,0,15,shippingservice,server,0,1,1,1,0
2,frontcart,100,0,30,adservice,server,53,1,1,1,0
2,frontcart,100,0,30,checkoutservice,checkout,31,1,1,1,0
2,frontcart,100,0,30,currencyservice,server,43,2,2,2,0
2,frontcart,100,0,30,emailservice,email,33,1,1,1,0
2,frontcart,100,0,30,frontend,cartservice,58,2,2,2,0
2,frontcart,100,0,30,frontend,server,62,2,2,2,0
2,frontcart,100,0,30,paymentservice,payment,25,1,1,1,0
2,frontcart,100,0,30,productcatalogservice,server,70,2,2,2,0
2,frontcart,100,0,30,recommendationservice,server,72,2,2,2,0
2,frontcart,100,0,30,redis-cart,-,,1,1,1,0
2,frontcart,100,0,30,shippingservice,server,32,1,1,1,0
2,frontcart,100,0,46,adservice,server,55,1,1,1,0
2,frontcart,100,0,46,checkoutservice,checkout,31,1,1,1,0
2,frontcart,100,0,46,currencyservice,server,43,2,2,2,0
2,frontcart,100,0,46,emailservice,email,46,1,1,1,0
2,frontcart,100,0,46,frontend,cartservice,72,2,2,2,0
2,frontcart,100,0,46,frontend,server,89,2,2,2,0
2,frontcart,100,0,46,paymentservice,payment,30,1,1,1,0
2,frontcart,100,0,46,productcatalogservice,server,75,2,2,2,0
2,frontcart,100,0,46,recommendationservice,server,76,2,2,2,0
2,frontcart,100,0,46,redis-cart,-,,1,1,1,0
2,frontcart,100,0,46,shippingservice,server,32,1,1,1,0
2,frontcart,100,0,61,adservice,server,55,1,1,1,0
2,frontcart,100,0,61,checkoutservice,checkout,33,1,1,1,0
2,frontcart,100,0,61,currencyservice,server,44,2,2,2,0
2,frontcart,100,0,61,emailservice,email,49,1,1,1,0
2,frontcart,100,0,61,frontend,cartservice,64,2,3,2,0
2,frontcart,100,0,61,frontend,server,92,2,3,2,0
2,frontcart,100,0,61,paymentservice,payment,33,1,1,1,0
2,frontcart,100,0,61,productcatalogservice,server,75,2,2,2,0
2,frontcart,100,0,61,recommendationservice,server,77,2,2,1,0
2,frontcart,100,0,61,redis-cart,-,,1,1,1,0
2,frontcart,100,0,61,shippingservice,server,32,1,1,1,0
2,frontcart,100,0,76,adservice,server,59,1,1,1,0
2,frontcart,100,0,76,checkoutservice,checkout,31,1,1,1,0
2,frontcart,100,0,76,currencyservice,server,44,2,2,2,0
2,frontcart,100,0,76,emailservice,email,49,1,1,1,0
2,frontcart,100,0,76,frontend,cartservice,67,3,3,2,0
2,frontcart,100,0,76,frontend,server,90,3,3,2,0
2,frontcart,100,0,76,paymentservice,payment,33,1,1,1,0
2,frontcart,100,0,76,productcatalogservice,server,75,2,2,2,0
2,frontcart,100,0,76,recommendationservice,server,78,2,3,2,0
2,frontcart,100,0,76,redis-cart,-,,1,1,1,0
2,frontcart,100,0,76,shippingservice,server,34,1,1,1,0
2,frontcart,100,0,91,adservice,server,54,1,1,1,0
2,frontcart,100,0,91,checkoutservice,checkout,36,1,1,1,0
2,frontcart,100,0,91,currencyservice,server,46,2,2,2,0
2,frontcart,100,0,91,emailservice,email,55,1,1,1,0
2,frontcart,100,0,91,frontend,cartservice,75,3,3,3,0
2,frontcart,100,0,91,frontend,server,88,3,3,3,0
2,frontcart,100,0,91,paymentservice,payment,35,1,1,1,0
2,frontcart,100,0,91,productcatalogservice,server,75,2,2,2,0
2,frontcart,100,0,91,recommendationservice,server,78,3,3,2,0
2,frontcart,100,0,91,redis-cart,-,,1,1,1,0
2,frontcart,100,0,91,shippingservice,server,37,1,1,1,0
2,frontcart,100,0,107,adservice,server,55,1,1,1,0
2,frontcart,100,0,107,checkoutservice,checkout,40,1,1,1,0
2,frontcart,100,0,107,currencyservice,server,45,2,2,2,0
2,frontcart,100,0,107,emailservice,email,58,1,1,1,0
2,frontcart,100,0,107,frontend,cartservice,84,3,3,3,0
2,frontcart,100,0,107,frontend,server,88,3,3,3,0
2,frontcart,100,0,107,paymentservice,payment,39,1,1,1,0
2,frontcart,100,0,107,productcatalogservice,server,75,2,2,2,0
2,frontcart,100,0,107,recommendationservice,server,78,3,3,3,0
2,frontcart,100,0,107,redis-cart,-,,1,1,1,0
2,frontcart,100,0,107,shippingservice,server,37,1,1,1,0
2,frontcart,100,0,122,adservice,server,55,1,1,1,0
2,frontcart,100,0,122,checkoutservice,checkout,35,1,1,1,0
2,frontcart,100,0,122,currencyservice,server,46,2,2,2,0
2,frontcart,100,0,122,emailservice,email,56,1,1,1,0
2,frontcart,100,0,122,frontend,cartservice,57,3,3,3,0
2,frontcart,100,0,122,frontend,server,60,3,3,3,0
2,frontcart,100,0,122,paymentservice,payment,34,1,1,1,0
2,frontcart,100,0,122,productcatalogservice,server,77,2,2,2,0
2,frontcart,100,0,122,recommendationservice,server,55,3,3,3,0
2,frontcart,100,0,122,redis-cart,-,,1,1,1,0
2,frontcart,100,0,122,shippingservice,server,38,1,1,1,0
2,frontcart,100,0,137,adservice,server,58,1,1,1,0
2,frontcart,100,0,137,checkoutservice,checkout,38,1,1,1,0
2,frontcart,100,0,137,currencyservice,server,46,2,2,2,0
2,frontcart,100,0,137,emailservice,email,62,1,1,1,0
2,frontcart,100,0,137,frontend,cartservice,61,3,3,3,0
2,frontcart,100,0,137,frontend,server,54,3,3,3,0
2,frontcart,100,0,137,paymentservice,payment,40,1,1,1,0
2,frontcart,100,0,137,productcatalogservice,server,75,2,2,2,0
2,frontcart,100,0,137,recommendationservice,server,23,3,3,3,0
2,frontcart,100,0,137,redis-cart,-,,1,1,1,0
2,frontcart,100,0,137,shippingservice,server,38,1,1,1,0
2,frontcart,100,0,152,adservice,server,50,1,1,1,0
2,frontcart,100,0,152,checkoutservice,checkout,32,1,1,1,0
2,frontcart,100,0,152,currencyservice,server,41,2,2,2,0
2,frontcart,100,0,152,emailservice,email,53,1,1,1,0
2,frontcart,100,0,152,frontend,cartservice,49,3,3,3,0
2,frontcart,100,0,152,frontend,server,51,3,3,3,0
2,frontcart,100,0,152,paymentservice,payment,36,1,1,1,0
2,frontcart,100,0,152,productcatalogservice,server,69,2,2,2,0
2,frontcart,100,0,152,recommendationservice,server,51,3,3,3,0
2,frontcart,100,0,152,redis-cart,-,,1,1,1,0
2,frontcart,100,0,152,shippingservice,server,32,1,1,1,0
2,frontcart,100,0,167,adservice,server,50,1,1,1,0
2,frontcart,100,0,167,checkoutservice,checkout,35,1,1,1,0
2,frontcart,100,0,167,currencyservice,server,43,2,2,2,0
2,frontcart,100,0,167,emailservice,email,52,1,1,1,0
2,frontcart,100,0,167,frontend,cartservice,48,3,3,3,0
2,frontcart,100,0,167,frontend,server,51,3,3,3,0
2,frontcart,100,0,167,paymentservice,payment,37,1,1,1,0
2,frontcart,100,0,167,productcatalogservice,server,69,2,2,2,0
2,frontcart,100,0,167,recommendationservice,server,48,3,3,3,0
2,frontcart,100,0,167,redis-cart,-,,1,1,1,0
2,frontcart,100,0,167,shippingservice,server,34,1,1,1,0
2,frontcart,100,0,183,adservice,server,49,1,1,1,0
2,frontcart,100,0,183,checkoutservice,checkout,33,1,1,1,0
2,frontcart,100,0,183,currencyservice,server,43,2,2,2,0
2,frontcart,100,0,183,emailservice,email,53,1,1,1,0
2,frontcart,100,0,183,frontend,cartservice,45,3,3,3,0
2,frontcart,100,0,183,frontend,server,51,3,3,3,0
2,frontcart,100,0,183,paymentservice,payment,37,1,1,1,0
2,frontcart,100,0,183,productcatalogservice,server,69,2,2,2,0
2,frontcart,100,0,183,recommendationservice,server,52,3,3,3,0
2,frontcart,100,0,183,redis-cart,-,,1,1,1,0
2,frontcart,100,0,183,shippingservice,server,36,1,1,1,0
2,frontcart,100,0,198,adservice,server,52,1,1,1,0
2,frontcart,100,0,198,checkoutservice,checkout,35,1,1,1,0
2,frontcart,100,0,198,currencyservice,server,41,2,2,2,0
2,frontcart,100,0,198,emailservice,email,52,1,1,1,0
2,frontcart,100,0,198,frontend,cartservice,46,3,3,3,0
2,frontcart,100,0,198,frontend,server,51,3,3,3,0
2,frontcart,100,0,198,paymentservice,payment,36,1,1,1,0
2,frontcart,100,0,198,productcatalogservice,server,70,2,2,2,0
2,frontcart,100,0,198,recommendationservice,server,49,3,3,3,0
2,frontcart,100,0,198,redis-cart,-,,1,1,1,0
2,frontcart,100,0,198,shippingservice,server,34,1,1,1,0
2,frontcart,100,0,213,adservice,server,48,1,1,1,0
2,frontcart,100,0,213,checkoutservice,checkout,32,1,1,1,0
2,frontcart,100,0,213,currencyservice,server,42,2,2,2,0
2,frontcart,100,0,213,emailservice,email,53,1,1,1,0
2,frontcart,100,0,213,frontend,cartservice,42,3,3,3,0
2,frontcart,100,0,213,frontend,server,50,3,3,3,0
2,frontcart,100,0,213,paymentservice,payment,36,1,1,1,0
2,frontcart,100,0,213,productcatalogservice,server,68,2,2,2,0
2,frontcart,100,0,213,recommendationservice,server,50,3,3,3,0
2,frontcart,100,0,213,redis-cart,-,,1,1,1,0
2,frontcart,100,0,213,shippingservice,server,34,1,1,1,0
2,frontcart,100,0,228,adservice,server,50,1,1,1,0
2,frontcart,100,0,228,checkoutservice,checkout,32,1,1,1,0
2,frontcart,100,0,228,currencyservice,server,41,2,2,2,0
2,frontcart,100,0,228,emailservice,email,52,1,1,1,0
2,frontcart,100,0,228,frontend,cartservice,42,3,3,3,0
2,frontcart,100,0,228,frontend,server,51,3,3,3,0
2,frontcart,100,0,228,paymentservice,payment,33,1,1,1,0
2,frontcart,100,0,228,productcatalogservice,server,68,2,2,2,0
2,frontcart,100,0,228,recommendationservice,server,51,3,3,3,0
2,frontcart,100,0,228,redis-cart,-,,1,1,1,0
2,frontcart,100,0,228,shippingservice,server,32,1,1,1,0
2,frontcart,100,0,244,adservice,server,51,1,1,1,0
2,frontcart,100,0,244,checkoutservice,checkout,32,1,1,1,0
2,frontcart,100,0,244,currencyservice,server,41,2,2,2,0
2,frontcart,100,0,244,emailservice,email,51,1,1,1,0
2,frontcart,100,0,244,frontend,cartservice,43,3,3,3,0
2,frontcart,100,0,244,frontend,server,53,3,3,3,0
2,frontcart,100,0,244,paymentservice,payment,33,1,1,1,0
2,frontcart,100,0,244,productcatalogservice,server,68,2,2,2,0
2,frontcart,100,0,244,recommendationservice,server,52,3,3,3,0
2,frontcart,100,0,244,redis-cart,-,,1,1,1,0
2,frontcart,100,0,244,shippingservice,server,35,1,1,1,0
2,frontcart,100,0,259,adservice,server,51,1,1,1,0
2,frontcart,100,0,259,checkoutservice,checkout,31,1,1,1,0
2,frontcart,100,0,259,currencyservice,server,41,2,2,2,0
2,frontcart,100,0,259,emailservice,email,54,1,1,1,0
2,frontcart,100,0,259,frontend,cartservice,40,3,3,3,0
2,frontcart,100,0,259,frontend,server,49,3,3,3,0
2,frontcart,100,0,259,paymentservice,payment,37,1,1,1,0
2,frontcart,100,0,259,productcatalogservice,server,68,2,2,2,0
2,frontcart,100,0,259,recommendationservice,server,51,3,3,3,0
2,frontcart,100,0,259,redis-cart,-,,1,1,1,0
2,frontcart,100,0,259,shippingservice,server,32,1,1,1,0
2,frontcart,100,0,274,adservice,server,48,1,1,1,0
2,frontcart,100,0,274,checkoutservice,checkout,31,1,1,1,0
2,frontcart,100,0,274,currencyservice,server,43,2,2,2,0
2,frontcart,100,0,274,emailservice,email,51,1,1,1,0
2,frontcart,100,0,274,frontend,cartservice,43,3,3,3,0
2,frontcart,100,0,274,frontend,server,50,3,3,3,0
2,frontcart,100,0,274,paymentservice,payment,35,1,1,1,0
2,frontcart,100,0,274,productcatalogservice,server,69,2,2,2,0
2,frontcart,100,0,274,recommendationservice,server,49,3,3,3,0
2,frontcart,100,0,274,redis-cart,-,,1,1,1,0
2,frontcart,100,0,274,shippingservice,server,36,1,1,1,0
2,frontcart,100,0,289,adservice,server,47,1,1,1,0
2,frontcart,100,0,289,checkoutservice,checkout,36,1,1,1,0
2,frontcart,100,0,289,currencyservice,server,43,2,2,2,0
2,frontcart,100,0,289,emailservice,email,52,1,1,1,0
2,frontcart,100,0,289,frontend,cartservice,45,3,3,3,0
2,frontcart,100,0,289,frontend,server,51,3,3,3,0
2,frontcart,100,0,289,paymentservice,payment,39,1,1,1,0
2,frontcart,100,0,289,productcatalogservice,server,69,2,2,2,0
2,frontcart,100,0,289,recommendationservice,server,49,3,3,3,0
2,frontcart,100,0,289,redis-cart,-,,1,1,1,0
2,frontcart,100,0,289,shippingservice,server,35,1,1,1,0
2,frontcart,100,0,305,adservice,server,49,1,1,1,0
2,frontcart,100,0,305,checkoutservice,checkout,34,1,1,1,0
2,frontcart,100,0,305,currencyservice,server,42,2,2,2,0
2,frontcart,100,0,305,emailservice,email,52,1,1,1,0
2,frontcart,100,0,305,frontend,cartservice,44,3,3,3,0
2,frontcart,100,0,305,frontend,server,50,3,3,3,0
2,frontcart,100,0,305,paymentservice,payment,34,1,1,1,0
2,frontcart,100,0,305,productcatalogservice,server,68,2,2,2,0
2,frontcart,100,0,305,recommendationservice,server,50,3,3,3,0
2,frontcart,100,0,305,redis-cart,-,,1,1,1,0
2,frontcart,100,0,305,shippingservice,server,33,1,1,1,0
2,frontcart,100,0,320,adservice,server,49,1,1,1,0
2,frontcart,100,0,320,checkoutservice,checkout,30,1,1,1,0
2,frontcart,100,0,320,currencyservice,server,40,2,2,2,0
2,frontcart,100,0,320,emailservice,email,53,1,1,1,0
2,frontcart,100,0,320,frontend,cartservice,39,3,3,3,0
2,frontcart,100,0,320,frontend,server,50,3,3,3,0
2,frontcart,100,0,320,paymentservice,payment,36,1,1,1,0
2,frontcart,100,0,320,productcatalogservice,server,67,2,2,2,0
2,frontcart,100,0,320,recommendationservice,server,49,3,3,3,0
2,frontcart,100,0,320,redis-cart,-,,1,1,1,0
2,frontcart,100,0,320,shippingservice,server,33,1,1,1,0
2,frontcart,100,0,335,adservice,server,51,1,1,1,0
2,frontcart,100,0,335,checkoutservice,checkout,35,1,1,1,0
2,frontcart,100,0,335,currencyservice,server,42,2,2,2,0
2,frontcart,100,0,335,emailservice,email,53,1,1,1,0
2,frontcart,100,0,335,frontend,cartservice,44,3,3,3,0
2,frontcart,100,0,335,frontend,server,51,3,3,3,0
2,frontcart,100,0,335,paymentservice,payment,36,1,1,1,0
2,frontcart,100,0,335,productcatalogservice,server,69,2,2,2,0
2,frontcart,100,0,335,recommendationservice,server,50,3,3,3,0
2,frontcart,100,0,335,redis-cart,-,,1,1,1,0
2,frontcart,100,0,335,shippingservice,server,32,1,1,1,0
2,frontcart,100,0,350,adservice,server,50,1,1,1,0
2,frontcart,100,0,350,checkoutservice,checkout,34,1,1,1,0
2,frontcart,100,0,350,currencyservice,server,43,2,2,2,0
2,frontcart,100,0,350,emailservice,email,53,1,1,1,0
2,frontcart,100,0,350,frontend,cartservice,48,3,3,3,0
2,frontcart,100,0,350,frontend,server,53,3,3,3,0
2,frontcart,100,0,350,paymentservice,payment,36,1,1,1,0
2,frontcart,100,0,350,productcatalogservice,server,69,2,2,2,0
2,frontcart,100,0,350,recommendationservice,server,51,3,3,3,0
2,frontcart,100,0,350,redis-cart,-,,1,1,1,0
2,frontcart,100,0,350,shippingservice,server,35,1,1,1,0
2,frontcart,100,0,366,adservice,server,49,1,1,1,0
2,frontcart,100,0,366,checkoutservice,checkout,34,1,1,1,0
2,frontcart,100,0,366,currencyservice,server,41,2,2,2,0
2,frontcart,100,0,366,emailservice,email,52,1,1,1,0
2,frontcart,100,0,366,frontend,cartservice,42,3,3,3,0
2,frontcart,100,0,366,frontend,server,49,3,3,3,0
2,frontcart,100,0,366,paymentservice,payment,38,1,1,1,0
2,frontcart,100,0,366,productcatalogservice,server,69,2,2,2,0
2,frontcart,100,0,366,recommendationservice,server,47,3,3,3,0
2,frontcart,100,0,366,redis-cart,-,,1,1,1,0
2,frontcart,100,0,366,shippingservice,server,34,1,1,1,0
2,frontcart,100,0,381,adservice,server,49,1,1,1,0
2,frontcart,100,0,381,checkoutservice,checkout,33,1,1,1,0
2,frontcart,100,0,381,currencyservice,server,43,2,2,2,0
2,frontcart,100,0,381,emailservice,email,53,1,1,1,0
2,frontcart,100,0,381,frontend,cartservice,46,3,3,3,0
2,frontcart,100,0,381,frontend,server,50,3,3,3,0
2,frontcart,100,0,381,paymentservice,payment,36,1,1,1,0
2,frontcart,100,0,381,productcatalogservice,server,68,2,2,2,0
2,frontcart,100,0,381,recommendationservice,server,49,3,3,3,0
2,frontcart,100,0,381,redis-cart,-,,1,1,1,0
2,frontcart,100,0,381,shippingservice,server,35,1,1,1,0
2,frontcart,100,0,396,adservice,server,48,1,1,1,0
2,frontcart,100,0,396,checkoutservice,checkout,35,1,1,1,0
2,frontcart,100,0,396,currencyservice,server,43,2,2,2,0
2,frontcart,100,0,396,emailservice,email,53,1,1,1,0
2,frontcart,100,0,396,frontend,cartservice,44,3,3,3,0
2,frontcart,100,0,396,frontend,server,49,3,3,3,0
2,frontcart,100,0,396,paymentservice,payment,37,1,1,1,0
2,frontcart,100,0,396,productcatalogservice,server,69,2,2,2,0
2,frontcart,100,0,396,recommendationservice,server,50,3,3,3,0
2,frontcart,100,0,396,redis-cart,-,,1,1,1,0
2,frontcart,100,0,396,shippingservice,server,35,1,1,1,0
2,frontcart,100,0,411,adservice,server,49,1,1,1,0
2,frontcart,100,0,411,checkoutservice,checkout,34,1,1,1,0
2,frontcart,100,0,411,currencyservice,server,42,2,2,2,0
2,frontcart,100,0,411,emailservice,email,53,1,1,1,0
2,frontcart,100,0,411,frontend,cartservice,46,3,3,3,0
2,frontcart,100,0,411,frontend,server,53,3,3,3,0
2,frontcart,100,0,411,paymentservice,payment,35,1,1,1,0
2,frontcart,100,0,411,productcatalogservice,server,69,2,2,2,0
2,frontcart,100,0,411,recommendationservice,server,50,3,3,3,0
2,frontcart,100,0,411,redis-cart,-,,1,1,1,0
2,frontcart,100,0,411,shippingservice,server,35,1,1,1,0
2,frontcart,100,0,427,adservice,server,49,1,1,1,0
2,frontcart,100,0,427,checkoutservice,checkout,32,1,1,1,0
2,frontcart,100,0,427,currencyservice,server,42,2,2,2,0
2,frontcart,100,0,427,emailservice,email,52,1,1,1,0
2,frontcart,100,0,427,frontend,cartservice,39,3,3,3,0
2,frontcart,100,0,427,frontend,server,53,3,3,3,0
2,frontcart,100,0,427,paymentservice,payment,35,1,1,1,0
2,frontcart,100,0,427,productcatalogservice,server,69,2,2,2,0
2,frontcart,100,0,427,recommendationservice,server,52,3,3,3,0
2,frontcart,100,0,427,redis-cart,-,,1,1,1,0
2,frontcart,100,0,427,shippingservice,server,35,1,1,1,0
2,frontcart,100,0,442,adservice,server,47,1,1,1,0
2,frontcart,100,0,442,checkoutservice,checkout,35,1,1,1,0
2,frontcart,100,0,442,currencyservice,server,42,2,2,2,0
2,frontcart,100,0,442,emailservice,email,42,1,1,1,0
2,frontcart,100,0,442,frontend,cartservice,40,3,3,3,0
2,frontcart,100,0,442,frontend,server,53,3,3,3,0
2,frontcart,100,0,442,paymentservice,payment,32,1,1,1,0
2,frontcart,100,0,442,productcatalogservice,server,71,2,2,2,0
2,frontcart,100,0,442,recommendationservice,server,58,3,3,3,0
2,frontcart,100,0,442,redis-cart,-,,1,1,1,0
2,frontcart,100,0,442,shippingservice,server,35,1,1,1,0
